solid OpenSCAD_Model
  facet normal -1 0 0
    outer loop
      vertex 35.45 -22.5 0
      vertex 35.45 -10 4.5
      vertex 35.45 -10 3
    endloop
  endfacet
  facet normal -1 0 0
    outer loop
      vertex 35.45 -22.5 0
      vertex 35.45 -10 3
      vertex 35.45 10 3
    endloop
  endfacet
  facet normal 0 0 -1
    outer loop
      vertex 35.45 -22.5 0
      vertex 63.51283367774274 -15.99737977432971 0
      vertex 63.5904470282235 -16.236249105369357 0
    endloop
  endfacet
  facet normal 0 0 -1
    outer loop
      vertex 35.45 -22.5 0
      vertex 63.46577059737105 -15.750666467128609 0
      vertex 63.51283367774274 -15.99737977432971 0
    endloop
  endfacet
  facet normal 0 0 -1
    outer loop
      vertex 35.45 -22.5 0
      vertex 63.45 -15.5 0
      vertex 63.46577059737105 -15.750666467128609 0
    endloop
  endfacet
  facet normal 0 0 -1
    outer loop
      vertex 35.45 -22.5 0
      vertex 63.46577059737105 -15.249333532871391 0
      vertex 63.45 -15.5 0
    endloop
  endfacet
  facet normal 0 0 -1
    outer loop
      vertex 35.45 -22.5 0
      vertex 63.51283367774274 -15.00262022567029 0
      vertex 63.46577059737105 -15.249333532871391 0
    endloop
  endfacet
  facet normal 0 0 -1
    outer loop
      vertex 35.45 -22.5 0
      vertex 63.5904470282235 -14.763750894630643 0
      vertex 63.51283367774274 -15.00262022567029 0
    endloop
  endfacet
  facet normal 0 0 -1
    outer loop
      vertex 35.45 -22.5 0
      vertex 64.37834641004201 -17.18865585100403 0
      vertex 64.59844141686986 -17.30965410493204 0
    endloop
  endfacet
  facet normal 0 0 -1
    outer loop
      vertex 35.45 -22.5 0
      vertex 64.59844141686986 -17.30965410493204 0
      vertex 64.8319660112501 -17.402113032590307 0
    endloop
  endfacet
  facet normal 0 0 -1
    outer loop
      vertex 35.45 -22.5 0
      vertex 64.8319660112501 -17.402113032590307 0
      vertex 65.07523737082855 -17.464574501457378 0
    endloop
  endfacet
  facet normal 0 0 -1
    outer loop
      vertex 35.45 -22.5 0
      vertex 63.83196601125011 -16.675570504584947 0
      vertex 63.992062745157185 -16.869094211857377 0
    endloop
  endfacet
  facet normal 0 0 -1
    outer loop
      vertex 35.45 -22.5 0
      vertex 64.17515202050262 -17.04102648555158 0
      vertex 64.37834641004201 -17.18865585100403 0
    endloop
  endfacet
  facet normal 0 0 -1
    outer loop
      vertex 35.45 -22.5 0
      vertex 63.992062745157185 -16.869094211857377 0
      vertex 64.17515202050262 -17.04102648555158 0
    endloop
  endfacet
  facet normal 0 0 -1
    outer loop
      vertex 35.45 -22.5 0
      vertex 63.697386639912274 -16.46350734820343 0
      vertex 63.83196601125011 -16.675570504584947 0
    endloop
  endfacet
  facet normal 0 0 -1
    outer loop
      vertex 35.45 -22.5 0
      vertex 63.5904470282235 -16.236249105369357 0
      vertex 63.697386639912274 -16.46350734820343 0
    endloop
  endfacet
  facet normal 0 0 -1
    outer loop
      vertex 35.45 -22.5 0
      vertex 63.697386639912274 -14.53649265179657 0
      vertex 63.5904470282235 -14.763750894630643 0
    endloop
  endfacet
  facet normal 0 0 -1
    outer loop
      vertex 35.45 -22.5 0
      vertex 63.83196601125011 -14.324429495415053 0
      vertex 63.697386639912274 -14.53649265179657 0
    endloop
  endfacet
  facet normal 0 0 -1
    outer loop
      vertex 35.45 -22.5 0
      vertex 63.992062745157185 -14.130905788142623 0
      vertex 63.83196601125011 -14.324429495415053 0
    endloop
  endfacet
  facet normal 0 0 -1
    outer loop
      vertex 35.45 -22.5 0
      vertex 65.07523737082855 -17.464574501457378 0
      vertex 95.45 -22.5 0
    endloop
  endfacet
  facet normal 0.4817536741017234 0.876306680043859 0
    outer loop
      vertex 64.37834641004201 -17.18865585100403 3
      vertex 64.59844141686986 -17.30965410493204 0
      vertex 64.37834641004201 -17.18865585100403 0
    endloop
  endfacet
  facet normal 0.5877852522924571 0.8090169943749589 0
    outer loop
      vertex 64.17515202050262 -17.04102648555158 3
      vertex 64.37834641004201 -17.18865585100403 0
      vertex 64.17515202050262 -17.04102648555158 0
    endloop
  endfacet
  facet normal 0.6845471059287047 0.7289686274213965 0
    outer loop
      vertex 63.992062745157185 -16.869094211857377 3
      vertex 64.17515202050262 -17.04102648555158 0
      vertex 63.992062745157185 -16.869094211857377 0
    endloop
  endfacet
  facet normal 0.3681245526846866 0.9297764858882479 0
    outer loop
      vertex 64.59844141686986 -17.30965410493204 3
      vertex 64.8319660112501 -17.402113032590307 0
      vertex 64.59844141686986 -17.30965410493204 0
    endloop
  endfacet
  facet normal 0.2486898871648574 0.9685831611286304 0
    outer loop
      vertex 64.8319660112501 -17.402113032590307 3
      vertex 65.07523737082855 -17.464574501457378 0
      vertex 64.8319660112501 -17.402113032590307 0
    endloop
  endfacet
  facet normal 0.12533323356430293 0.992114701314478 0
    outer loop
      vertex 65.07523737082855 -17.464574501457378 3
      vertex 65.32441896094137 -17.496053456856544 0
      vertex 65.07523737082855 -17.464574501457378 0
    endloop
  endfacet
  facet normal 0 1 0
    outer loop
      vertex 65.32441896094137 -17.496053456856544 3
      vertex 65.57558103905863 -17.496053456856544 0
      vertex 65.32441896094137 -17.496053456856544 0
    endloop
  endfacet
  facet normal 0.6845471059287047 0.7289686274213965 -6.616653427238602e-19
    outer loop
      vertex 63.992062745157185 -16.869094211857377 3
      vertex 64.17515202050262 -17.04102648555158 3
      vertex 64.17515202050262 -17.04102648555158 0
    endloop
  endfacet
  facet normal 0.5877852522924571 0.8090169943749589 0
    outer loop
      vertex 64.37834641004201 -17.18865585100403 3
      vertex 64.37834641004201 -17.18865585100403 0
      vertex 64.17515202050262 -17.04102648555158 3
    endloop
  endfacet
  facet normal 0.4817536741017234 0.876306680043859 -9.049037513086723e-19
    outer loop
      vertex 64.37834641004201 -17.18865585100403 3
      vertex 64.59844141686986 -17.30965410493204 3
      vertex 64.59844141686986 -17.30965410493204 0
    endloop
  endfacet
  facet normal 0.3681245526846866 0.9297764858882479 0
    outer loop
      vertex 64.8319660112501 -17.402113032590307 3
      vertex 64.8319660112501 -17.402113032590307 0
      vertex 64.59844141686986 -17.30965410493204 3
    endloop
  endfacet
  facet normal 0.2486898871648574 0.9685831611286304 -5.336412025807985e-19
    outer loop
      vertex 64.8319660112501 -17.402113032590307 3
      vertex 65.07523737082855 -17.464574501457378 3
      vertex 65.07523737082855 -17.464574501457378 0
    endloop
  endfacet
  facet normal 0.12533323356430293 0.992114701314478 -5.338953121706765e-19
    outer loop
      vertex 65.07523737082855 -17.464574501457378 3
      vertex 65.32441896094137 -17.496053456856544 3
      vertex 65.32441896094137 -17.496053456856544 0
    endloop
  endfacet
  facet normal 0.9510565162951525 0.3090169943749504 0
    outer loop
      vertex 63.51283367774274 -15.99737977432971 3
      vertex 63.5904470282235 -16.236249105369357 0
      vertex 63.51283367774274 -15.99737977432971 0
    endloop
  endfacet
  facet normal 0.982287250728689 0.18738131458572235 0
    outer loop
      vertex 63.46577059737105 -15.750666467128609 3
      vertex 63.51283367774274 -15.99737977432971 0
      vertex 63.46577059737105 -15.750666467128609 0
    endloop
  endfacet
  facet normal 0.9980267284282713 0.06279051952931565 0
    outer loop
      vertex 63.45 -15.5 3
      vertex 63.46577059737105 -15.750666467128609 0
      vertex 63.45 -15.5 0
    endloop
  endfacet
  facet normal 0.9980267284282713 -0.06279051952931565 0
    outer loop
      vertex 63.46577059737105 -15.249333532871391 3
      vertex 63.45 -15.5 0
      vertex 63.46577059737105 -15.249333532871391 0
    endloop
  endfacet
  facet normal 0.982287250728689 -0.18738131458572235 0
    outer loop
      vertex 63.51283367774274 -15.00262022567029 3
      vertex 63.46577059737105 -15.249333532871391 0
      vertex 63.51283367774274 -15.00262022567029 0
    endloop
  endfacet
  facet normal 0.9510565162951525 -0.3090169943749504 0
    outer loop
      vertex 63.5904470282235 -14.763750894630643 3
      vertex 63.51283367774274 -15.00262022567029 0
      vertex 63.5904470282235 -14.763750894630643 0
    endloop
  endfacet
  facet normal 0.8443279255020119 0.5358267949790017 0
    outer loop
      vertex 63.697386639912274 -16.46350734820343 3
      vertex 63.83196601125011 -16.675570504584947 0
      vertex 63.697386639912274 -16.46350734820343 0
    endloop
  endfacet
  facet normal 0.770513242775781 0.6374239897486994 0
    outer loop
      vertex 63.83196601125011 -16.675570504584947 3
      vertex 63.992062745157185 -16.869094211857377 0
      vertex 63.83196601125011 -16.675570504584947 0
    endloop
  endfacet
  facet normal 0.9048270524660215 0.4257792915650685 0
    outer loop
      vertex 63.5904470282235 -16.236249105369357 3
      vertex 63.697386639912274 -16.46350734820343 0
      vertex 63.5904470282235 -16.236249105369357 0
    endloop
  endfacet
  facet normal 0.9048270524660228 -0.42577929156506583 0
    outer loop
      vertex 63.697386639912274 -14.53649265179657 3
      vertex 63.5904470282235 -14.763750894630643 0
      vertex 63.697386639912274 -14.53649265179657 0
    endloop
  endfacet
  facet normal 0.8443279255020097 -0.5358267949790048 0
    outer loop
      vertex 63.83196601125011 -14.324429495415053 3
      vertex 63.697386639912274 -14.53649265179657 0
      vertex 63.83196601125011 -14.324429495415053 0
    endloop
  endfacet
  facet normal 0.770513242775781 -0.6374239897486994 0
    outer loop
      vertex 63.992062745157185 -14.130905788142623 3
      vertex 63.83196601125011 -14.324429495415053 0
      vertex 63.992062745157185 -14.130905788142623 0
    endloop
  endfacet
  facet normal 0.6845471059287009 -0.7289686274214 0
    outer loop
      vertex 64.17515202050262 -13.958973514448422 3
      vertex 63.992062745157185 -14.130905788142623 0
      vertex 64.17515202050262 -13.958973514448422 0
    endloop
  endfacet
  facet normal 0.5877852522924666 -0.8090169943749523 0
    outer loop
      vertex 64.37834641004201 -13.81134414899597 3
      vertex 64.17515202050262 -13.958973514448422 0
      vertex 64.37834641004201 -13.81134414899597 0
    endloop
  endfacet
  facet normal 0.4817536741017125 -0.876306680043865 0
    outer loop
      vertex 64.59844141686986 -13.690345895067962 3
      vertex 64.37834641004201 -13.81134414899597 0
      vertex 64.59844141686986 -13.690345895067962 0
    endloop
  endfacet
  facet normal 0.36812455268469274 -0.9297764858882456 0
    outer loop
      vertex 64.8319660112501 -13.597886967409693 3
      vertex 64.59844141686986 -13.690345895067962 0
      vertex 64.8319660112501 -13.597886967409693 0
    endloop
  endfacet
  facet normal 0.2486898871648574 -0.9685831611286304 0
    outer loop
      vertex 65.07523737082855 -13.535425498542622 3
      vertex 64.8319660112501 -13.597886967409693 0
      vertex 65.07523737082855 -13.535425498542622 0
    endloop
  endfacet
  facet normal 0.12533323356430293 -0.992114701314478 0
    outer loop
      vertex 65.32441896094137 -13.503946543143456 3
      vertex 65.07523737082855 -13.535425498542622 0
      vertex 65.32441896094137 -13.503946543143456 0
    endloop
  endfacet
  facet normal 0.9510565162951525 0.3090169943749504 0
    outer loop
      vertex 63.5904470282235 -16.236249105369357 3
      vertex 63.5904470282235 -16.236249105369357 0
      vertex 63.51283367774274 -15.99737977432971 3
    endloop
  endfacet
  facet normal 0.982287250728689 0.18738131458572235 0
    outer loop
      vertex 63.51283367774274 -15.99737977432971 3
      vertex 63.51283367774274 -15.99737977432971 0
      vertex 63.46577059737105 -15.750666467128609 3
    endloop
  endfacet
  facet normal 0.9980267284282713 0.06279051952931565 0
    outer loop
      vertex 63.46577059737105 -15.750666467128609 3
      vertex 63.46577059737105 -15.750666467128609 0
      vertex 63.45 -15.5 3
    endloop
  endfacet
  facet normal 0.9980267284282713 -0.06279051952931565 0
    outer loop
      vertex 63.45 -15.5 3
      vertex 63.45 -15.5 0
      vertex 63.46577059737105 -15.249333532871391 3
    endloop
  endfacet
  facet normal 0.982287250728689 -0.18738131458572235 0
    outer loop
      vertex 63.46577059737105 -15.249333532871391 3
      vertex 63.46577059737105 -15.249333532871391 0
      vertex 63.51283367774274 -15.00262022567029 3
    endloop
  endfacet
  facet normal 0.9510565162951525 -0.3090169943749504 0
    outer loop
      vertex 63.51283367774274 -15.00262022567029 3
      vertex 63.51283367774274 -15.00262022567029 0
      vertex 63.5904470282235 -14.763750894630643 3
    endloop
  endfacet
  facet normal 0.8443279255020119 0.5358267949790017 -1.6620200395348722e-18
    outer loop
      vertex 63.697386639912274 -16.46350734820343 3
      vertex 63.83196601125011 -16.675570504584947 3
      vertex 63.83196601125011 -16.675570504584947 0
    endloop
  endfacet
  facet normal 0.770513242775781 0.6374239897486994 -1.2772693812998203e-18
    outer loop
      vertex 63.83196601125011 -16.675570504584947 3
      vertex 63.992062745157185 -16.869094211857377 3
      vertex 63.992062745157185 -16.869094211857377 0
    endloop
  endfacet
  facet normal 0.9048270524660215 0.4257792915650685 0
    outer loop
      vertex 63.697386639912274 -16.46350734820343 3
      vertex 63.697386639912274 -16.46350734820343 0
      vertex 63.5904470282235 -16.236249105369357 3
    endloop
  endfacet
  facet normal 0.9048270524660228 -0.42577929156506583 0
    outer loop
      vertex 63.5904470282235 -14.763750894630643 3
      vertex 63.5904470282235 -14.763750894630643 0
      vertex 63.697386639912274 -14.53649265179657 3
    endloop
  endfacet
  facet normal 0.8443279255020097 -0.5358267949790048 0
    outer loop
      vertex 63.697386639912274 -14.53649265179657 3
      vertex 63.697386639912274 -14.53649265179657 0
      vertex 63.83196601125011 -14.324429495415053 3
    endloop
  endfacet
  facet normal 0.770513242775781 -0.6374239897486994 0
    outer loop
      vertex 63.83196601125011 -14.324429495415053 3
      vertex 63.83196601125011 -14.324429495415053 0
      vertex 63.992062745157185 -14.130905788142623 3
    endloop
  endfacet
  facet normal 0.6845471059287009 -0.7289686274214 0
    outer loop
      vertex 63.992062745157185 -14.130905788142623 3
      vertex 63.992062745157185 -14.130905788142623 0
      vertex 64.17515202050262 -13.958973514448422 3
    endloop
  endfacet
  facet normal 0.5877852522924666 -0.8090169943749523 0
    outer loop
      vertex 64.17515202050262 -13.958973514448422 3
      vertex 64.17515202050262 -13.958973514448422 0
      vertex 64.37834641004201 -13.81134414899597 3
    endloop
  endfacet
  facet normal 0.4817536741017125 -0.876306680043865 0
    outer loop
      vertex 64.37834641004201 -13.81134414899597 3
      vertex 64.37834641004201 -13.81134414899597 0
      vertex 64.59844141686986 -13.690345895067962 3
    endloop
  endfacet
  facet normal 0.36812455268469274 -0.9297764858882456 0
    outer loop
      vertex 64.59844141686986 -13.690345895067962 3
      vertex 64.59844141686986 -13.690345895067962 0
      vertex 64.8319660112501 -13.597886967409693 3
    endloop
  endfacet
  facet normal 0.2486898871648574 -0.9685831611286304 0
    outer loop
      vertex 64.8319660112501 -13.597886967409693 3
      vertex 64.8319660112501 -13.597886967409693 0
      vertex 65.07523737082855 -13.535425498542622 3
    endloop
  endfacet
  facet normal 0.12533323356430293 -0.992114701314478 0
    outer loop
      vertex 65.07523737082855 -13.535425498542622 3
      vertex 65.07523737082855 -13.535425498542622 0
      vertex 65.32441896094137 -13.503946543143456 3
    endloop
  endfacet
  facet normal 0 -1 0
    outer loop
      vertex 65.32441896094137 -13.503946543143456 3
      vertex 65.32441896094137 -13.503946543143456 0
      vertex 65.57558103905863 -13.503946543143456 3
    endloop
  endfacet
  facet normal 0.6414949946488202 0.530690812554746 0.5539417237494333
    outer loop
      vertex 63.83196601125011 -16.675570504584947 3
      vertex 62.21393202250022 -17.851141009169893 6
      vertex 63.992062745157185 -16.869094211857377 3
    endloop
  endfacet
  facet normal 0.48936381147147834 0.6735515026422345 0.5539417237494351
    outer loop
      vertex 63.30669282008402 -18.87731170200806 6
      vertex 64.37834641004201 -17.18865585100403 3
      vertex 64.17515202050262 -17.04102648555158 3
    endloop
  endfacet
  facet normal 0.4010866438539143 0.72957389674488 0.5539417237494342
    outer loop
      vertex 63.74688283373971 -19.11930820986408 6
      vertex 64.59844141686986 -17.30965410493204 3
      vertex 64.37834641004201 -17.18865585100403 3
    endloop
  endfacet
  facet normal 0.5699234194504136 0.6069067989827224 0.5539417237494333
    outer loop
      vertex 62.90030404100524 -18.582052971103156 6
      vertex 64.17515202050262 -17.04102648555158 3
      vertex 63.992062745157185 -16.869094211857377 3
    endloop
  endfacet
  facet normal 0.30648410026520717 0.7740904746695526 0.5539417237494331
    outer loop
      vertex 64.8319660112501 -17.402113032590307 3
      vertex 64.59844141686986 -17.30965410493204 3
      vertex 64.21393202250022 -19.304226065180615 6
    endloop
  endfacet
  facet normal 0.20704811933058492 0.8063991833894514 0.5539417237494335
    outer loop
      vertex 64.8319660112501 -17.402113032590307 3
      vertex 64.7004747416571 -19.429149002914755 6
      vertex 65.07523737082855 -17.464574501457378 3
    endloop
  endfacet
  facet normal 0.10434686586956994 0.8259904952677749 0.5539417237494337
    outer loop
      vertex 65.07523737082855 -17.464574501457378 3
      vertex 65.19883792188276 -19.492106913713087 6
      vertex 65.32441896094137 -17.496053456856544 3
    endloop
  endfacet
  facet normal 0.7533186880588193 0.35448486697015036 0.5539417237494338
    outer loop
      vertex 63.697386639912274 -16.46350734820343 3
      vertex 63.5904470282235 -16.236249105369357 3
      vertex 61.730894056447 -16.972498210738713 6
    endloop
  endfacet
  facet normal 0.791807279825069 0.2572737808357681 0.5539417237494338
    outer loop
      vertex 63.5904470282235 -16.236249105369357 3
      vertex 63.51283367774274 -15.99737977432971 3
      vertex 61.57566735548548 -16.49475954865942 6
    endloop
  endfacet
  facet normal 0.7029498105711037 0.44610551499343165 0.5539417237494341
    outer loop
      vertex 63.697386639912274 -16.46350734820343 3
      vertex 61.944773279824545 -17.42701469640686 6
      vertex 63.83196601125011 -16.675570504584947 3
    endloop
  endfacet
  facet normal 0.8178085977857393 0.15600533348968817 0.5539417237494338
    outer loop
      vertex 63.51283367774274 -15.99737977432971 3
      vertex 63.46577059737105 -15.750666467128609 3
      vertex 61.48154119474209 -16.001332934257217 6
    endloop
  endfacet
  facet normal 0.8309125856241507 0.05227658884141511 0.5539417237494337
    outer loop
      vertex 63.46577059737105 -15.750666467128609 3
      vertex 63.45 -15.5 3
      vertex 61.45 -15.5 6
    endloop
  endfacet
  facet normal 0.8309125856241507 -0.05227658884141511 0.5539417237494337
    outer loop
      vertex 63.45 -15.5 3
      vertex 63.46577059737105 -15.249333532871391 3
      vertex 61.45 -15.5 6
    endloop
  endfacet
  facet normal 0.8178085977857393 -0.15600533348968817 0.5539417237494338
    outer loop
      vertex 63.46577059737105 -15.249333532871391 3
      vertex 63.51283367774274 -15.00262022567029 3
      vertex 61.48154119474209 -14.998667065742783 6
    endloop
  endfacet
  facet normal 0.791807279825069 -0.2572737808357681 0.5539417237494338
    outer loop
      vertex 63.51283367774274 -15.00262022567029 3
      vertex 63.5904470282235 -14.763750894630643 3
      vertex 61.57566735548548 -14.50524045134058 6
    endloop
  endfacet
  facet normal 0.7533186880588205 -0.35448486697014814 0.5539417237494338
    outer loop
      vertex 63.5904470282235 -14.763750894630643 3
      vertex 63.697386639912274 -14.53649265179657 3
      vertex 61.730894056447 -14.027501789261288 6
    endloop
  endfacet
  facet normal 0.7029498105711022 -0.4461055149934345 0.5539417237494338
    outer loop
      vertex 63.697386639912274 -14.53649265179657 3
      vertex 63.83196601125011 -14.324429495415053 3
      vertex 61.944773279824545 -13.57298530359314 6
    endloop
  endfacet
  facet normal 0.6414949946488202 -0.530690812554746 0.5539417237494333
    outer loop
      vertex 63.83196601125011 -14.324429495415053 3
      vertex 63.992062745157185 -14.130905788142623 3
      vertex 62.21393202250022 -13.148858990830107 6
    endloop
  endfacet
  facet normal 0.5699234194504103 -0.6069067989827251 0.5539417237494336
    outer loop
      vertex 62.90030404100524 -12.417947028896842 6
      vertex 63.992062745157185 -14.130905788142623 3
      vertex 64.17515202050262 -13.958973514448422 3
    endloop
  endfacet
  facet normal 0.4893638114714864 -0.6735515026422294 0.5539417237494342
    outer loop
      vertex 63.30669282008402 -12.12268829799194 6
      vertex 64.17515202050262 -13.958973514448422 3
      vertex 64.37834641004201 -13.81134414899597 3
    endloop
  endfacet
  facet normal 0.40108664385390513 -0.7295738967448847 0.5539417237494344
    outer loop
      vertex 63.74688283373971 -11.880691790135922 6
      vertex 64.37834641004201 -13.81134414899597 3
      vertex 64.59844141686986 -13.690345895067962 3
    endloop
  endfacet
  facet normal 0.3064841002652123 -0.7740904746695507 0.553941723749433
    outer loop
      vertex 64.59844141686986 -13.690345895067962 3
      vertex 64.8319660112501 -13.597886967409693 3
      vertex 64.21393202250022 -11.695773934819385 6
    endloop
  endfacet
  facet normal 0.20704811933058492 -0.8063991833894514 0.5539417237494335
    outer loop
      vertex 64.8319660112501 -13.597886967409693 3
      vertex 65.07523737082855 -13.535425498542622 3
      vertex 64.7004747416571 -11.570850997085245 6
    endloop
  endfacet
  facet normal 0.10434686586956994 -0.8259904952677749 0.5539417237494337
    outer loop
      vertex 65.07523737082855 -13.535425498542622 3
      vertex 65.32441896094137 -13.503946543143456 3
      vertex 65.19883792188276 -11.507893086286913 6
    endloop
  endfacet
  facet normal 0 -0.8325554436129199 0.553941723749434
    outer loop
      vertex 65.32441896094137 -13.503946543143456 3
      vertex 65.57558103905863 -13.503946543143456 3
      vertex 65.19883792188276 -11.507893086286913 6
    endloop
  endfacet
  facet normal 0 0 -1
    outer loop
      vertex 35.45 -22.5 0
      vertex 95.45 22.5 0
      vertex 63.992062745157185 -14.130905788142623 0
    endloop
  endfacet
  facet normal 0 1 0
    outer loop
      vertex 92.45 -10 3
      vertex 35.45 -10 3
      vertex 35.45 -10 4.5
    endloop
  endfacet
  facet normal -1 0 0
    outer loop
      vertex 35.45 -22.5 0
      vertex 35.45 -22.5 8.25
      vertex 35.45 -10 4.5
    endloop
  endfacet
  facet normal -1 0 0
    outer loop
      vertex 35.45 -22.5 8.25
      vertex 35.45 -4.75 8.25
      vertex 35.45 -10 4.5
    endloop
  endfacet
  facet normal 0 0 1
    outer loop
      vertex 35.45 -22.5 8.25
      vertex 61.566232730295795 -14.542737342849769 8.25
      vertex 35.45 -4.75 8.25
    endloop
  endfacet
  facet normal 0 -1 0
    outer loop
      vertex 35.45 -22.5 0
      vertex 95.45 -22.5 8.25
      vertex 35.45 -22.5 8.25
    endloop
  endfacet
  facet normal 0.7533186880588202 0.354484866970148 0.5539417237494342
    outer loop
      vertex 63.697386639912274 -16.46350734820343 3
      vertex 61.730894056447 -16.972498210738713 6
      vertex 61.944773279824545 -17.42701469640686 6
    endloop
  endfacet
  facet normal 0.6414949946488455 0.5306908125547144 0.5539417237494343
    outer loop
      vertex 62.47291160375237 -18.164193545899785 6
      vertex 62.53412549031435 -18.238188423714753 6
      vertex 63.992062745157185 -16.869094211857377 3
    endloop
  endfacet
  facet normal 0.6414949946488182 0.5306908125547473 0.5539417237494346
    outer loop
      vertex 62.44333523864616 -18.12844186200648 6
      vertex 62.47291160375237 -18.164193545899785 6
      vertex 63.992062745157185 -16.869094211857377 3
    endloop
  endfacet
  facet normal 0.641494994648829 0.5306908125547342 0.5539417237494347
    outer loop
      vertex 62.44333523864616 -18.12844186200648 6
      vertex 63.992062745157185 -16.869094211857377 3
      vertex 62.21393202250022 -17.851141009169893 6
    endloop
  endfacet
  facet normal 0.48936381147149216 0.6735515026422255 0.5539417237494336
    outer loop
      vertex 62.90030404100524 -18.582052971103156 6
      vertex 63.30669282008402 -18.87731170200806 6
      vertex 64.17515202050262 -17.04102648555158 3
    endloop
  endfacet
  facet normal 0.5699234194503979 0.6069067989827356 0.553941723749435
    outer loop
      vertex 62.90030404100524 -18.582052971103156 6
      vertex 63.992062745157185 -16.869094211857377 3
      vertex 62.53412549031435 -18.238188423714753 6
    endloop
  endfacet
  facet normal 0.7029498105711022 0.4461055149934345 0.5539417237494338
    outer loop
      vertex 63.83196601125011 -16.675570504584947 3
      vertex 61.944773279824545 -17.42701469640686 6
      vertex 62.21393202250022 -17.851141009169893 6
    endloop
  endfacet
  facet normal 0.4010866438539096 0.7295738967448822 0.5539417237494346
    outer loop
      vertex 63.74688283373971 -19.11930820986408 6
      vertex 64.37834641004201 -17.18865585100403 3
      vertex 63.30669282008402 -18.87731170200806 6
    endloop
  endfacet
  facet normal 0.3064841002651888 0.7740904746695593 0.5539417237494341
    outer loop
      vertex 63.74688283373971 -19.11930820986408 6
      vertex 64.00427363937592 -19.221216439022463 6
      vertex 64.59844141686986 -17.30965410493204 3
    endloop
  endfacet
  facet normal 0.30648410026524764 0.7740904746695374 0.5539417237494318
    outer loop
      vertex 64.59844141686986 -17.30965410493204 3
      vertex 64.00427363937592 -19.221216439022463 6
      vertex 64.06085849707803 -19.243619969060564 6
    endloop
  endfacet
  facet normal 0.3064841002651855 0.7740904746695598 0.5539417237494351
    outer loop
      vertex 64.59844141686986 -17.30965410493204 3
      vertex 64.06085849707803 -19.243619969060564 6
      vertex 64.21393202250022 -19.304226065180615 6
    endloop
  endfacet
  facet normal 0.20704811933058492 0.8063991833894514 0.5539417237494335
    outer loop
      vertex 64.8319660112501 -17.402113032590307 3
      vertex 64.21393202250022 -19.304226065180615 6
      vertex 64.7004747416571 -19.429149002914755 6
    endloop
  endfacet
  facet normal 0.10434686586956994 0.8259904952677749 0.5539417237494337
    outer loop
      vertex 65.07523737082855 -17.464574501457378 3
      vertex 64.7004747416571 -19.429149002914755 6
      vertex 65.19883792188276 -19.492106913713087 6
    endloop
  endfacet
  facet normal 0 0.8325554436129199 0.553941723749434
    outer loop
      vertex 65.32441896094137 -17.496053456856544 3
      vertex 65.19883792188276 -19.492106913713087 6
      vertex 65.70116207811725 -19.492106913713087 6
    endloop
  endfacet
  facet normal 0 0 -1
    outer loop
      vertex 62.90030404100524 -18.582052971103156 6
      vertex 62.53412549031435 -18.238188423714753 6
      vertex 62.47291160375237 -18.164193545899785 6
    endloop
  endfacet
  facet normal 0 0 -1
    outer loop
      vertex 62.90030404100524 -18.582052971103156 6
      vertex 62.47291160375237 -18.164193545899785 6
      vertex 63.30669282008402 -18.87731170200806 6
    endloop
  endfacet
  facet normal 0 0 -1
    outer loop
      vertex 63.74688283373971 -19.11930820986408 6
      vertex 63.30669282008402 -18.87731170200806 6
      vertex 62.47291160375237 -18.164193545899785 6
    endloop
  endfacet
  facet normal 0 0 -1
    outer loop
      vertex 63.74688283373971 -19.11930820986408 6
      vertex 62.47291160375237 -18.164193545899785 6
      vertex 64.00427363937592 -19.221216439022463 6
    endloop
  endfacet
  facet normal 0 0 1
    outer loop
      vertex 62.44333523864616 -18.12844186200648 6
      vertex 62.455957007315604 -18.15249063296318 6
      vertex 62.47291160375237 -18.164193545899785 6
    endloop
  endfacet
  facet normal 0 0 -1
    outer loop
      vertex 61.944773279824545 -17.42701469640686 6
      vertex 61.56981730007605 -16.464092484243515 6
      vertex 62.21393202250022 -17.851141009169893 6
    endloop
  endfacet
  facet normal 0 0 -1
    outer loop
      vertex 62.44333523864616 -18.12844186200648 6
      vertex 62.21393202250022 -17.851141009169893 6
      vertex 61.56981730007605 -16.464092484243515 6
    endloop
  endfacet
  facet normal 0 0 -1
    outer loop
      vertex 61.944773279824545 -17.42701469640686 6
      vertex 61.730894056447 -16.972498210738713 6
      vertex 61.56981730007605 -16.464092484243515 6
    endloop
  endfacet
  facet normal 0 0 1
    outer loop
      vertex 64.00427363937592 -19.221216439022463 6
      vertex 64.03158045182985 -19.24006497074166 6
      vertex 64.06085849707803 -19.243619969060564 6
    endloop
  endfacet
  facet normal 0 0 -1
    outer loop
      vertex 64.06085849707803 -19.243619969060564 6
      vertex 64.7004747416571 -19.429149002914755 6
      vertex 64.21393202250022 -19.304226065180615 6
    endloop
  endfacet
  facet normal 0 0 -1
    outer loop
      vertex 64.06085849707803 -19.243619969060564 6
      vertex 65.19883792188276 -19.492106913713087 6
      vertex 64.7004747416571 -19.429149002914755 6
    endloop
  endfacet
  facet normal 0 0 -1
    outer loop
      vertex 64.06085849707803 -19.243619969060564 6
      vertex 65.70116207811725 -19.492106913713087 6
      vertex 65.19883792188276 -19.492106913713087 6
    endloop
  endfacet
  facet normal 0 0 -1
    outer loop
      vertex 64.06085849707803 -19.243619969060564 6
      vertex 65.90022468033285 -19.466959458903325 6
      vertex 65.70116207811725 -19.492106913713087 6
    endloop
  endfacet
  facet normal 0.791807279825069 0.2572737808357681 0.5539417237494338
    outer loop
      vertex 63.5904470282235 -16.236249105369357 3
      vertex 61.57566735548548 -16.49475954865942 6
      vertex 61.730894056447 -16.972498210738713 6
    endloop
  endfacet
  facet normal 0.8178085977857532 0.15600533348962248 0.5539417237494318
    outer loop
      vertex 63.51283367774274 -15.99737977432971 3
      vertex 61.56981730007605 -16.464092484243515 6
      vertex 61.57566735548548 -16.49475954865942 6
    endloop
  endfacet
  facet normal 0.8178085977857172 0.15600533348979728 0.5539417237494355
    outer loop
      vertex 63.51283367774274 -15.99737977432971 3
      vertex 61.566232730295795 -16.445301511396103 6
      vertex 61.56981730007605 -16.464092484243515 6
    endloop
  endfacet
  facet normal 0.8309125856241507 0.05227658884141511 0.5539417237494337
    outer loop
      vertex 63.46577059737105 -15.750666467128609 3
      vertex 61.45 -15.5 6
      vertex 61.48154119474209 -16.001332934257217 6
    endloop
  endfacet
  facet normal 0.8178085977857393 0.15600533348968812 0.5539417237494338
    outer loop
      vertex 63.51283367774274 -15.99737977432971 3
      vertex 61.48154119474209 -16.001332934257217 6
      vertex 61.566232730295795 -16.445301511396103 6
    endloop
  endfacet
  facet normal 0.8309125856241507 -0.05227658884141511 0.5539417237494337
    outer loop
      vertex 63.46577059737105 -15.249333532871391 3
      vertex 61.48154119474209 -14.998667065742783 6
      vertex 61.45 -15.5 6
    endloop
  endfacet
  facet normal 0.8178085977857393 -0.15600533348968812 0.5539417237494338
    outer loop
      vertex 63.51283367774274 -15.00262022567029 3
      vertex 61.566232730295795 -14.554698488603897 6
      vertex 61.48154119474209 -14.998667065742783 6
    endloop
  endfacet
  facet normal 0.8178085977857172 -0.15600533348979728 0.5539417237494355
    outer loop
      vertex 63.51283367774274 -15.00262022567029 3
      vertex 61.56981730007605 -14.535907515756485 6
      vertex 61.566232730295795 -14.554698488603897 6
    endloop
  endfacet
  facet normal 0.8178085977857533 -0.15600533348962248 0.5539417237494317
    outer loop
      vertex 63.51283367774274 -15.00262022567029 3
      vertex 61.57566735548548 -14.50524045134058 6
      vertex 61.56981730007605 -14.535907515756485 6
    endloop
  endfacet
  facet normal 0.7918072798250687 -0.2572737808357689 0.5539417237494336
    outer loop
      vertex 63.5904470282235 -14.763750894630643 3
      vertex 61.730894056447 -14.027501789261288 6
      vertex 61.57566735548548 -14.50524045134058 6
    endloop
  endfacet
  facet normal 0.753318688058821 -0.354484866970147 0.553941723749434
    outer loop
      vertex 63.697386639912274 -14.53649265179657 3
      vertex 61.944773279824545 -13.57298530359314 6
      vertex 61.730894056447 -14.027501789261288 6
    endloop
  endfacet
  facet normal 0.7029498105711022 -0.4461055149934345 0.5539417237494337
    outer loop
      vertex 63.83196601125011 -14.324429495415053 3
      vertex 62.21393202250022 -13.148858990830107 6
      vertex 61.944773279824545 -13.57298530359314 6
    endloop
  endfacet
  facet normal 0.641494994648829 -0.5306908125547342 0.5539417237494347
    outer loop
      vertex 62.21393202250022 -13.148858990830107 6
      vertex 63.992062745157185 -14.130905788142623 3
      vertex 62.44333523864616 -12.87155813799352 6
    endloop
  endfacet
  facet normal 0.6414949946488311 -0.5306908125547316 0.5539417237494347
    outer loop
      vertex 62.44333523864616 -12.87155813799352 6
      vertex 63.992062745157185 -14.130905788142623 3
      vertex 62.47291160375237 -12.835806454100213 6
    endloop
  endfacet
  facet normal 0.6414949946488391 -0.5306908125547218 0.5539417237494345
    outer loop
      vertex 62.47291160375237 -12.835806454100213 6
      vertex 63.992062745157185 -14.130905788142623 3
      vertex 62.53412549031435 -12.761811576285247 6
    endloop
  endfacet
  facet normal 0.5699234194503994 -0.606906798982734 0.553941723749435
    outer loop
      vertex 62.53412549031435 -12.761811576285247 6
      vertex 63.992062745157185 -14.130905788142623 3
      vertex 62.90030404100524 -12.417947028896842 6
    endloop
  endfacet
  facet normal 0.48936381147148816 -0.6735515026422282 0.5539417237494341
    outer loop
      vertex 62.90030404100524 -12.417947028896842 6
      vertex 64.17515202050262 -13.958973514448422 3
      vertex 63.30669282008402 -12.12268829799194 6
    endloop
  endfacet
  facet normal 0.4010866438539098 -0.7295738967448826 0.5539417237494341
    outer loop
      vertex 63.30669282008402 -12.12268829799194 6
      vertex 64.37834641004201 -13.81134414899597 3
      vertex 63.74688283373971 -11.880691790135922 6
    endloop
  endfacet
  facet normal 0.30648410026519335 -0.7740904746695573 0.5539417237494342
    outer loop
      vertex 63.74688283373971 -11.880691790135922 6
      vertex 64.59844141686986 -13.690345895067962 3
      vertex 64.00427363937592 -11.778783560977537 6
    endloop
  endfacet
  facet normal 0.3064841002652476 -0.7740904746695373 0.5539417237494322
    outer loop
      vertex 64.59844141686986 -13.690345895067962 3
      vertex 64.06085849707803 -11.756380030939436 6
      vertex 64.00427363937592 -11.778783560977537 6
    endloop
  endfacet
  facet normal 0.3064841002651854 -0.7740904746695596 0.5539417237494354
    outer loop
      vertex 64.59844141686986 -13.690345895067962 3
      vertex 64.21393202250022 -11.695773934819385 6
      vertex 64.06085849707803 -11.756380030939436 6
    endloop
  endfacet
  facet normal 0.20704811933058492 -0.8063991833894514 0.5539417237494335
    outer loop
      vertex 64.8319660112501 -13.597886967409693 3
      vertex 64.7004747416571 -11.570850997085245 6
      vertex 64.21393202250022 -11.695773934819385 6
    endloop
  endfacet
  facet normal 0.10434686586956994 -0.8259904952677749 0.5539417237494337
    outer loop
      vertex 65.07523737082855 -13.535425498542622 3
      vertex 65.19883792188276 -11.507893086286913 6
      vertex 64.7004747416571 -11.570850997085245 6
    endloop
  endfacet
  facet normal 0 0 -1
    outer loop
      vertex 61.57566735548548 -16.49475954865942 6
      vertex 61.56981730007605 -16.464092484243515 6
      vertex 61.730894056447 -16.972498210738713 6
    endloop
  endfacet
  facet normal 0 0 1
    outer loop
      vertex 61.566232730295795 -16.45726265715023 6
      vertex 61.56981730007605 -16.464092484243515 6
      vertex 61.566232730295795 -16.445301511396103 6
    endloop
  endfacet
  facet normal 0 0 -1
    outer loop
      vertex 61.566232730295795 -16.445301511396103 6
      vertex 61.48154119474209 -16.001332934257217 6
      vertex 61.566232730295795 -14.554698488603897 6
    endloop
  endfacet
  facet normal 0 0 -1
    outer loop
      vertex 61.48154119474209 -16.001332934257217 6
      vertex 61.45 -15.5 6
      vertex 61.48154119474209 -14.998667065742783 6
    endloop
  endfacet
  facet normal 0 0 -1
    outer loop
      vertex 61.48154119474209 -16.001332934257217 6
      vertex 61.48154119474209 -14.998667065742783 6
      vertex 61.566232730295795 -14.554698488603897 6
    endloop
  endfacet
  facet normal 0 0 1
    outer loop
      vertex 61.566232730295795 -14.554698488603897 6
      vertex 61.56981730007605 -14.535907515756485 6
      vertex 61.566232730295795 -14.542737342849769 6
    endloop
  endfacet
  facet normal 0 0 -1
    outer loop
      vertex 61.56981730007605 -14.535907515756485 6
      vertex 61.57566735548548 -14.50524045134058 6
      vertex 62.44333523864616 -12.87155813799352 6
    endloop
  endfacet
  facet normal 0 0 -1
    outer loop
      vertex 61.57566735548548 -14.50524045134058 6
      vertex 61.730894056447 -14.027501789261288 6
      vertex 62.44333523864616 -12.87155813799352 6
    endloop
  endfacet
  facet normal 0 0 -1
    outer loop
      vertex 61.730894056447 -14.027501789261288 6
      vertex 61.944773279824545 -13.57298530359314 6
      vertex 62.44333523864616 -12.87155813799352 6
    endloop
  endfacet
  facet normal 0 0 -1
    outer loop
      vertex 61.944773279824545 -13.57298530359314 6
      vertex 62.21393202250022 -13.148858990830107 6
      vertex 62.44333523864616 -12.87155813799352 6
    endloop
  endfacet
  facet normal 0 0 1
    outer loop
      vertex 62.44333523864616 -12.87155813799352 6
      vertex 62.47291160375237 -12.835806454100213 6
      vertex 62.455957007315604 -12.84750936703682 6
    endloop
  endfacet
  facet normal 0 0 -1
    outer loop
      vertex 62.47291160375237 -12.835806454100213 6
      vertex 62.53412549031435 -12.761811576285247 6
      vertex 64.00427363937592 -11.778783560977537 6
    endloop
  endfacet
  facet normal 0 0 -1
    outer loop
      vertex 62.53412549031435 -12.761811576285247 6
      vertex 62.90030404100524 -12.417947028896842 6
      vertex 64.00427363937592 -11.778783560977537 6
    endloop
  endfacet
  facet normal 0 0 -1
    outer loop
      vertex 62.90030404100524 -12.417947028896842 6
      vertex 63.30669282008402 -12.12268829799194 6
      vertex 64.00427363937592 -11.778783560977537 6
    endloop
  endfacet
  facet normal 0 0 -1
    outer loop
      vertex 63.30669282008402 -12.12268829799194 6
      vertex 63.74688283373971 -11.880691790135922 6
      vertex 64.00427363937592 -11.778783560977537 6
    endloop
  endfacet
  facet normal 0 0 1
    outer loop
      vertex 64.00427363937592 -11.778783560977537 6
      vertex 64.06085849707803 -11.756380030939436 6
      vertex 64.03158045182985 -11.75993502925834 6
    endloop
  endfacet
  facet normal 0 0 -1
    outer loop
      vertex 64.06085849707803 -11.756380030939436 6
      vertex 64.21393202250022 -11.695773934819385 6
      vertex 65.90022468033285 -11.533040541096675 6
    endloop
  endfacet
  facet normal 0 0 -1
    outer loop
      vertex 64.21393202250022 -11.695773934819385 6
      vertex 64.7004747416571 -11.570850997085245 6
      vertex 65.90022468033285 -11.533040541096675 6
    endloop
  endfacet
  facet normal 0 0 -1
    outer loop
      vertex 64.7004747416571 -11.570850997085245 6
      vertex 65.19883792188276 -11.507893086286913 6
      vertex 65.90022468033285 -11.533040541096675 6
    endloop
  endfacet
  facet normal 0 0 1
    outer loop
      vertex 35.45 -22.5 8.25
      vertex 64.03158045182985 -19.24006497074166 8.25
      vertex 62.455957007315604 -18.15249063296318 8.25
    endloop
  endfacet
  facet normal 0 0 1
    outer loop
      vertex 35.45 -22.5 8.25
      vertex 62.455957007315604 -18.15249063296318 8.25
      vertex 61.566232730295795 -16.45726265715023 8.25
    endloop
  endfacet
  facet normal 0 0 1
    outer loop
      vertex 35.45 -22.5 8.25
      vertex 61.566232730295795 -16.45726265715023 8.25
      vertex 61.566232730295795 -14.542737342849769 8.25
    endloop
  endfacet
  facet normal 0 0 1
    outer loop
      vertex 35.45 -22.5 8.25
      vertex 65.9321467210213 -19.470835496392215 8.25
      vertex 64.03158045182985 -19.24006497074166 8.25
    endloop
  endfacet
  facet normal 0.5680647467311553 0.8229838658936569 -1.3310995954254376e-15
    outer loop
      vertex 62.47291160375237 -18.164193545899785 6
      vertex 62.455957007315604 -18.15249063296318 8.25
      vertex 64.00427363937592 -19.221216439022463 6
    endloop
  endfacet
  facet normal 0.5680647467313377 0.822983865893531 1.8403353382122577e-13
    outer loop
      vertex 64.00427363937592 -19.221216439022463 6
      vertex 62.455957007315604 -18.15249063296318 8.25
      vertex 64.03158045182985 -19.24006497074166 6
    endloop
  endfacet
  facet normal 0.8854560256531209 0.46472317204393804 -1.6037890057179896e-13
    outer loop
      vertex 62.44333523864616 -18.12844186200648 6
      vertex 61.566232730295795 -16.45726265715023 8.25
      vertex 62.455957007315604 -18.15249063296318 6
    endloop
  endfacet
  facet normal 0.5680647467312747 0.8229838658935743 1.2831856294598352e-19
    outer loop
      vertex 62.47291160375237 -18.164193545899785 6
      vertex 62.455957007315604 -18.15249063296318 6
      vertex 62.455957007315604 -18.15249063296318 8.25
    endloop
  endfacet
  facet normal 0.8854560256532106 0.46472317204376745 1.268839404989671e-15
    outer loop
      vertex 62.44333523864616 -18.12844186200648 6
      vertex 61.56981730007605 -16.464092484243515 6
      vertex 61.566232730295795 -16.45726265715023 8.25
    endloop
  endfacet
  facet normal 0.12053668025530974 0.9927088740980556 0
    outer loop
      vertex 64.03158045182985 -19.24006497074166 6
      vertex 64.03158045182985 -19.24006497074166 8.25
      vertex 64.06085849707803 -19.243619969060564 6
    endloop
  endfacet
  facet normal 0.12053668025532333 0.9927088740980541 1.7920764877143196e-16
    outer loop
      vertex 64.06085849707803 -19.243619969060564 6
      vertex 64.03158045182985 -19.24006497074166 8.25
      vertex 65.90022468033285 -19.466959458903325 6
    endloop
  endfacet
  facet normal 0.12053668025525584 0.9927088740980621 -5.668026063650448e-14
    outer loop
      vertex 65.90022468033285 -19.466959458903325 6
      vertex 64.03158045182985 -19.24006497074166 8.25
      vertex 65.9321467210213 -19.470835496392215 6
    endloop
  endfacet
  facet normal 0.5680647467311596 0.8229838658936538 0
    outer loop
      vertex 64.03158045182985 -19.24006497074166 6
      vertex 62.455957007315604 -18.15249063296318 8.25
      vertex 64.03158045182985 -19.24006497074166 8.25
    endloop
  endfacet
  facet normal 0.8854560256532085 0.4647231720437711 0
    outer loop
      vertex 62.455957007315604 -18.15249063296318 6
      vertex 61.566232730295795 -16.45726265715023 8.25
      vertex 62.455957007315604 -18.15249063296318 8.25
    endloop
  endfacet
  facet normal 0.12053668025532197 0.9927088740980541 0
    outer loop
      vertex 65.9321467210213 -19.470835496392215 6
      vertex 64.03158045182985 -19.24006497074166 8.25
      vertex 65.9321467210213 -19.470835496392215 8.25
    endloop
  endfacet
  facet normal 0.8854560256530409 0.4647231720440904 0
    outer loop
      vertex 61.566232730295795 -16.45726265715023 6
      vertex 61.566232730295795 -16.45726265715023 8.25
      vertex 61.56981730007605 -16.464092484243515 6
    endloop
  endfacet
  facet normal 1 0 0
    outer loop
      vertex 61.566232730295795 -16.45726265715023 6
      vertex 61.566232730295795 -16.445301511396103 6
      vertex 61.566232730295795 -14.542737342849769 8.25
    endloop
  endfacet
  facet normal 1 0 0
    outer loop
      vertex 61.566232730295795 -16.445301511396103 6
      vertex 61.566232730295795 -14.554698488603897 6
      vertex 61.566232730295795 -14.542737342849769 8.25
    endloop
  endfacet
  facet normal 1 0 0
    outer loop
      vertex 61.566232730295795 -14.554698488603897 6
      vertex 61.566232730295795 -14.542737342849769 6
      vertex 61.566232730295795 -14.542737342849769 8.25
    endloop
  endfacet
  facet normal 0.8854560256530409 -0.4647231720440904 3.0720110482377157e-13
    outer loop
      vertex 61.566232730295795 -14.542737342849769 6
      vertex 61.56981730007605 -14.535907515756485 6
      vertex 62.455957007315604 -12.84750936703682 8.25
    endloop
  endfacet
  facet normal 0.8854560256532106 -0.46472317204376745 -1.9638655877083608e-15
    outer loop
      vertex 61.56981730007605 -14.535907515756485 6
      vertex 62.44333523864616 -12.87155813799352 6
      vertex 62.455957007315604 -12.84750936703682 8.25
    endloop
  endfacet
  facet normal 0.8854560256531351 -0.46472317204391117 -6.605011268349891e-20
    outer loop
      vertex 62.44333523864616 -12.87155813799352 6
      vertex 62.455957007315604 -12.84750936703682 6
      vertex 62.455957007315604 -12.84750936703682 8.25
    endloop
  endfacet
  facet normal 0.5680647467312747 -0.8229838658935743 -1.1970580274705874e-13
    outer loop
      vertex 62.455957007315604 -12.84750936703682 6
      vertex 62.47291160375237 -12.835806454100213 6
      vertex 64.03158045182985 -11.75993502925834 8.25
    endloop
  endfacet
  facet normal 0.5680647467311545 -0.8229838658936572 3.2904505457991097e-15
    outer loop
      vertex 62.47291160375237 -12.835806454100213 6
      vertex 64.00427363937592 -11.778783560977537 6
      vertex 64.03158045182985 -11.75993502925834 8.25
    endloop
  endfacet
  facet normal 0.5680647467313377 -0.822983865893531 -6.272786284715574e-19
    outer loop
      vertex 64.00427363937592 -11.778783560977537 6
      vertex 64.03158045182985 -11.75993502925834 6
      vertex 64.03158045182985 -11.75993502925834 8.25
    endloop
  endfacet
  facet normal 0.12053668025530974 -0.9927088740980556 1.0482743494534254e-14
    outer loop
      vertex 64.03158045182985 -11.75993502925834 6
      vertex 64.06085849707803 -11.756380030939436 6
      vertex 65.9321467210213 -11.529164503607785 8.25
    endloop
  endfacet
  facet normal 0.12053668025532333 -0.9927088740980541 -9.708014627128174e-16
    outer loop
      vertex 64.06085849707803 -11.756380030939436 6
      vertex 65.90022468033285 -11.533040541096675 6
      vertex 65.9321467210213 -11.529164503607785 8.25
    endloop
  endfacet
  facet normal 1 0 0
    outer loop
      vertex 61.566232730295795 -16.45726265715023 6
      vertex 61.566232730295795 -14.542737342849769 8.25
      vertex 61.566232730295795 -16.45726265715023 8.25
    endloop
  endfacet
  facet normal 0.8854560256532088 -0.4647231720437708 0
    outer loop
      vertex 61.566232730295795 -14.542737342849769 6
      vertex 62.455957007315604 -12.84750936703682 8.25
      vertex 61.566232730295795 -14.542737342849769 8.25
    endloop
  endfacet
  facet normal 0.5680647467311589 -0.8229838658936541 0
    outer loop
      vertex 62.455957007315604 -12.84750936703682 6
      vertex 64.03158045182985 -11.75993502925834 8.25
      vertex 62.455957007315604 -12.84750936703682 8.25
    endloop
  endfacet
  facet normal 0.12053668025532197 -0.9927088740980541 0
    outer loop
      vertex 64.03158045182985 -11.75993502925834 6
      vertex 65.9321467210213 -11.529164503607785 8.25
      vertex 64.03158045182985 -11.75993502925834 8.25
    endloop
  endfacet
  facet normal 0 0.5812381937190965 -0.813733471206735
    outer loop
      vertex 92.45 -10 4.5
      vertex 35.45 -10 4.5
      vertex 35.45 -4.75 8.25
    endloop
  endfacet
  facet normal 0 0 1
    outer loop
      vertex 35.45 -4.75 8.25
      vertex 61.566232730295795 -14.542737342849769 8.25
      vertex 62.455957007315604 -12.84750936703682 8.25
    endloop
  endfacet
  facet normal 0 0 1
    outer loop
      vertex 35.45 -4.75 8.25
      vertex 62.455957007315604 -12.84750936703682 8.25
      vertex 64.03158045182985 -11.75993502925834 8.25
    endloop
  endfacet
  facet normal 0 0 1
    outer loop
      vertex 35.45 -4.75 8.25
      vertex 64.03158045182985 -11.75993502925834 8.25
      vertex 65.9321467210213 -11.529164503607785 8.25
    endloop
  endfacet
  facet normal 0 0 1
    outer loop
      vertex 35.45 -4.75 8.25
      vertex 65.9321467210213 -11.529164503607785 8.25
      vertex 92.45 -4.75 8.25
    endloop
  endfacet
  facet normal -1 0 0
    outer loop
      vertex 35.45 -22.5 0
      vertex 35.45 10 3
      vertex 35.45 22.5 0
    endloop
  endfacet
  facet normal 0 0 -1
    outer loop
      vertex 35.45 -22.5 0
      vertex 35.45 22.5 0
      vertex 63.45 15.5 0
    endloop
  endfacet
  facet normal -1 0 0
    outer loop
      vertex 35.45 22.5 0
      vertex 35.45 10 3
      vertex 35.45 10 4.5
    endloop
  endfacet
  facet normal 0 0 -1
    outer loop
      vertex 35.45 -22.5 0
      vertex 63.51283367774274 15.002620225670292 0
      vertex 63.5904470282235 14.763750894630647 0
    endloop
  endfacet
  facet normal 0 0 -1
    outer loop
      vertex 35.45 -22.5 0
      vertex 63.46577059737105 15.24933353287139 0
      vertex 63.51283367774274 15.002620225670292 0
    endloop
  endfacet
  facet normal 0 0 -1
    outer loop
      vertex 35.45 -22.5 0
      vertex 63.45 15.5 0
      vertex 63.46577059737105 15.24933353287139 0
    endloop
  endfacet
  facet normal 0 0 -1
    outer loop
      vertex 35.45 -22.5 0
      vertex 64.17515202050262 13.958973514448424 0
      vertex 64.37834641004201 13.811344148995971 0
    endloop
  endfacet
  facet normal 0 0 -1
    outer loop
      vertex 35.45 -22.5 0
      vertex 63.83196601125011 14.324429495415053 0
      vertex 63.992062745157185 14.13090578814262 0
    endloop
  endfacet
  facet normal 0 0 -1
    outer loop
      vertex 35.45 -22.5 0
      vertex 63.992062745157185 14.13090578814262 0
      vertex 64.17515202050262 13.958973514448424 0
    endloop
  endfacet
  facet normal 0 0 -1
    outer loop
      vertex 35.45 -22.5 0
      vertex 64.37834641004201 13.811344148995971 0
      vertex 64.59844141686986 13.690345895067964 0
    endloop
  endfacet
  facet normal 0 0 -1
    outer loop
      vertex 35.45 -22.5 0
      vertex 64.8319660112501 13.597886967409693 0
      vertex 65.07523737082855 13.535425498542622 0
    endloop
  endfacet
  facet normal 0 0 -1
    outer loop
      vertex 35.45 -22.5 0
      vertex 64.59844141686986 13.690345895067964 0
      vertex 64.8319660112501 13.597886967409693 0
    endloop
  endfacet
  facet normal 0 0 -1
    outer loop
      vertex 35.45 -22.5 0
      vertex 63.5904470282235 14.763750894630647 0
      vertex 63.697386639912274 14.536492651796571 0
    endloop
  endfacet
  facet normal 0 0 -1
    outer loop
      vertex 35.45 -22.5 0
      vertex 63.697386639912274 14.536492651796571 0
      vertex 63.83196601125011 14.324429495415053 0
    endloop
  endfacet
  facet normal 0 0 -1
    outer loop
      vertex 35.45 -22.5 0
      vertex 65.07523737082855 13.535425498542622 0
      vertex 65.32441896094137 13.503946543143456 0
    endloop
  endfacet
  facet normal 0 0 -1
    outer loop
      vertex 35.45 -22.5 0
      vertex 65.32441896094137 13.503946543143456 0
      vertex 65.57558103905863 13.503946543143456 0
    endloop
  endfacet
  facet normal 0 0 -1
    outer loop
      vertex 35.45 -22.5 0
      vertex 65.57558103905863 13.503946543143456 0
      vertex 65.82476262917146 13.535425498542622 0
    endloop
  endfacet
  facet normal 0 0 -1
    outer loop
      vertex 35.45 -22.5 0
      vertex 65.82476262917146 13.535425498542622 0
      vertex 66.0680339887499 13.597886967409693 0
    endloop
  endfacet
  facet normal 0 0 1
    outer loop
      vertex 92.45 10 3
      vertex 35.45 10 3
      vertex 35.45 -10 3
    endloop
  endfacet
  facet normal 0 -1 0
    outer loop
      vertex 92.45 10 4.5
      vertex 35.45 10 4.5
      vertex 35.45 10 3
    endloop
  endfacet
  facet normal 0 0 -1
    outer loop
      vertex 35.45 22.5 0
      vertex 63.46577059737105 15.75066646712861 0
      vertex 63.45 15.5 0
    endloop
  endfacet
  facet normal 0 0 -1
    outer loop
      vertex 35.45 22.5 0
      vertex 63.51283367774274 15.997379774329708 0
      vertex 63.46577059737105 15.75066646712861 0
    endloop
  endfacet
  facet normal 0 0 -1
    outer loop
      vertex 35.45 22.5 0
      vertex 63.5904470282235 16.236249105369353 0
      vertex 63.51283367774274 15.997379774329708 0
    endloop
  endfacet
  facet normal 0 0 -1
    outer loop
      vertex 35.45 22.5 0
      vertex 63.697386639912274 16.46350734820343 0
      vertex 63.5904470282235 16.236249105369353 0
    endloop
  endfacet
  facet normal 0 0 -1
    outer loop
      vertex 35.45 22.5 0
      vertex 63.83196601125011 16.675570504584947 0
      vertex 63.697386639912274 16.46350734820343 0
    endloop
  endfacet
  facet normal 0 0 -1
    outer loop
      vertex 35.45 22.5 0
      vertex 63.992062745157185 16.86909421185738 0
      vertex 63.83196601125011 16.675570504584947 0
    endloop
  endfacet
  facet normal 0 0 -1
    outer loop
      vertex 35.45 22.5 0
      vertex 64.17515202050262 17.041026485551576 0
      vertex 63.992062745157185 16.86909421185738 0
    endloop
  endfacet
  facet normal 0 0 -1
    outer loop
      vertex 35.45 22.5 0
      vertex 64.37834641004201 17.18865585100403 0
      vertex 64.17515202050262 17.041026485551576 0
    endloop
  endfacet
  facet normal 0 0 -1
    outer loop
      vertex 35.45 22.5 0
      vertex 64.59844141686986 17.309654104932036 0
      vertex 64.37834641004201 17.18865585100403 0
    endloop
  endfacet
  facet normal 0 0 -1
    outer loop
      vertex 35.45 22.5 0
      vertex 64.8319660112501 17.402113032590307 0
      vertex 64.59844141686986 17.309654104932036 0
    endloop
  endfacet
  facet normal 0 0 -1
    outer loop
      vertex 35.45 22.5 0
      vertex 65.07523737082855 17.464574501457378 0
      vertex 64.8319660112501 17.402113032590307 0
    endloop
  endfacet
  facet normal 0.5877852522924666 0.8090169943749523 0
    outer loop
      vertex 64.17515202050262 13.958973514448424 3
      vertex 64.37834641004201 13.811344148995971 0
      vertex 64.17515202050262 13.958973514448424 0
    endloop
  endfacet
  facet normal 0.4817536741017125 0.876306680043865 0
    outer loop
      vertex 64.37834641004201 13.811344148995971 3
      vertex 64.59844141686986 13.690345895067964 0
      vertex 64.37834641004201 13.811344148995971 0
    endloop
  endfacet
  facet normal 0.3681245526846988 0.9297764858882431 0
    outer loop
      vertex 64.59844141686986 13.690345895067964 3
      vertex 64.8319660112501 13.597886967409693 0
      vertex 64.59844141686986 13.690345895067964 0
    endloop
  endfacet
  facet normal 0.2486898871648574 0.9685831611286304 0
    outer loop
      vertex 64.8319660112501 13.597886967409693 3
      vertex 65.07523737082855 13.535425498542622 0
      vertex 64.8319660112501 13.597886967409693 0
    endloop
  endfacet
  facet normal 0.12533323356430293 0.992114701314478 0
    outer loop
      vertex 65.07523737082855 13.535425498542622 3
      vertex 65.32441896094137 13.503946543143456 0
      vertex 65.07523737082855 13.535425498542622 0
    endloop
  endfacet
  facet normal 0 1 0
    outer loop
      vertex 65.32441896094137 13.503946543143456 3
      vertex 65.57558103905863 13.503946543143456 0
      vertex 65.32441896094137 13.503946543143456 0
    endloop
  endfacet
  facet normal 0.9510565162951519 0.3090169943749525 0
    outer loop
      vertex 63.51283367774274 15.002620225670292 3
      vertex 63.5904470282235 14.763750894630647 0
      vertex 63.51283367774274 15.002620225670292 0
    endloop
  endfacet
  facet normal 0.9822872507286887 0.18738131458572496 0
    outer loop
      vertex 63.46577059737105 15.24933353287139 3
      vertex 63.51283367774274 15.002620225670292 0
      vertex 63.46577059737105 15.24933353287139 0
    endloop
  endfacet
  facet normal 0.9980267284282714 0.06279051952931522 0
    outer loop
      vertex 63.45 15.5 3
      vertex 63.46577059737105 15.24933353287139 0
      vertex 63.45 15.5 0
    endloop
  endfacet
  facet normal 0.9980267284282714 -0.06279051952931522 0
    outer loop
      vertex 63.46577059737105 15.75066646712861 3
      vertex 63.45 15.5 0
      vertex 63.46577059737105 15.75066646712861 0
    endloop
  endfacet
  facet normal 0.9822872507286887 -0.18738131458572496 0
    outer loop
      vertex 63.51283367774274 15.997379774329708 3
      vertex 63.46577059737105 15.75066646712861 0
      vertex 63.51283367774274 15.997379774329708 0
    endloop
  endfacet
  facet normal 0.9510565162951519 -0.3090169943749525 0
    outer loop
      vertex 63.5904470282235 16.236249105369353 3
      vertex 63.51283367774274 15.997379774329708 0
      vertex 63.5904470282235 16.236249105369353 0
    endloop
  endfacet
  facet normal 0.7705132427757869 0.6374239897486925 0
    outer loop
      vertex 63.83196601125011 14.324429495415053 3
      vertex 63.992062745157185 14.13090578814262 0
      vertex 63.83196601125011 14.324429495415053 0
    endloop
  endfacet
  facet normal 0.8443279255020119 0.5358267949790017 0
    outer loop
      vertex 63.697386639912274 14.536492651796571 3
      vertex 63.83196601125011 14.324429495415053 0
      vertex 63.697386639912274 14.536492651796571 0
    endloop
  endfacet
  facet normal 0.904827052466024 0.42577929156506306 0
    outer loop
      vertex 63.5904470282235 14.763750894630647 3
      vertex 63.697386639912274 14.536492651796571 0
      vertex 63.5904470282235 14.763750894630647 0
    endloop
  endfacet
  facet normal 0.6845471059286896 0.7289686274214104 0
    outer loop
      vertex 63.992062745157185 14.13090578814262 3
      vertex 64.17515202050262 13.958973514448424 0
      vertex 63.992062745157185 14.13090578814262 0
    endloop
  endfacet
  facet normal 0.904827052466024 -0.42577929156506306 0
    outer loop
      vertex 63.697386639912274 16.46350734820343 3
      vertex 63.5904470282235 16.236249105369353 0
      vertex 63.697386639912274 16.46350734820343 0
    endloop
  endfacet
  facet normal 0.8443279255020119 -0.5358267949790017 0
    outer loop
      vertex 63.83196601125011 16.675570504584947 3
      vertex 63.697386639912274 16.46350734820343 0
      vertex 63.83196601125011 16.675570504584947 0
    endloop
  endfacet
  facet normal 0.7705132427757869 -0.6374239897486925 0
    outer loop
      vertex 63.992062745157185 16.86909421185738 3
      vertex 63.83196601125011 16.675570504584947 0
      vertex 63.992062745157185 16.86909421185738 0
    endloop
  endfacet
  facet normal 0.6845471059286896 0.7289686274214104 0
    outer loop
      vertex 64.17515202050262 13.958973514448424 3
      vertex 64.17515202050262 13.958973514448424 0
      vertex 63.992062745157185 14.13090578814262 3
    endloop
  endfacet
  facet normal 0.5877852522924666 0.8090169943749523 0
    outer loop
      vertex 64.37834641004201 13.811344148995971 3
      vertex 64.37834641004201 13.811344148995971 0
      vertex 64.17515202050262 13.958973514448424 3
    endloop
  endfacet
  facet normal 0.3681245526846988 0.9297764858882431 1.9411054994733957e-18
    outer loop
      vertex 64.59844141686986 13.690345895067964 3
      vertex 64.8319660112501 13.597886967409693 3
      vertex 64.8319660112501 13.597886967409693 0
    endloop
  endfacet
  facet normal 0.4817536741017125 0.876306680043865 8.323240091238721e-19
    outer loop
      vertex 64.37834641004201 13.811344148995971 3
      vertex 64.59844141686986 13.690345895067964 3
      vertex 64.59844141686986 13.690345895067964 0
    endloop
  endfacet
  facet normal 0.2486898871648574 0.9685831611286304 -5.336412025807985e-19
    outer loop
      vertex 64.8319660112501 13.597886967409693 3
      vertex 65.07523737082855 13.535425498542622 3
      vertex 65.07523737082855 13.535425498542622 0
    endloop
  endfacet
  facet normal 0.12533323356430293 0.992114701314478 -5.338953121706765e-19
    outer loop
      vertex 65.07523737082855 13.535425498542622 3
      vertex 65.32441896094137 13.503946543143456 3
      vertex 65.32441896094137 13.503946543143456 0
    endloop
  endfacet
  facet normal 0.9510565162951519 0.3090169943749525 0
    outer loop
      vertex 63.5904470282235 14.763750894630647 3
      vertex 63.5904470282235 14.763750894630647 0
      vertex 63.51283367774274 15.002620225670292 3
    endloop
  endfacet
  facet normal 0.9822872507286887 0.18738131458572496 0
    outer loop
      vertex 63.51283367774274 15.002620225670292 3
      vertex 63.51283367774274 15.002620225670292 0
      vertex 63.46577059737105 15.24933353287139 3
    endloop
  endfacet
  facet normal 0.9980267284282714 0.06279051952931522 0
    outer loop
      vertex 63.46577059737105 15.24933353287139 3
      vertex 63.46577059737105 15.24933353287139 0
      vertex 63.45 15.5 3
    endloop
  endfacet
  facet normal 0.9980267284282714 -0.06279051952931522 0
    outer loop
      vertex 63.45 15.5 3
      vertex 63.45 15.5 0
      vertex 63.46577059737105 15.75066646712861 3
    endloop
  endfacet
  facet normal 0.9822872507286887 -0.18738131458572496 0
    outer loop
      vertex 63.46577059737105 15.75066646712861 3
      vertex 63.46577059737105 15.75066646712861 0
      vertex 63.51283367774274 15.997379774329708 3
    endloop
  endfacet
  facet normal 0.9510565162951519 -0.3090169943749525 0
    outer loop
      vertex 63.51283367774274 15.997379774329708 3
      vertex 63.51283367774274 15.997379774329708 0
      vertex 63.5904470282235 16.236249105369353 3
    endloop
  endfacet
  facet normal 0.8443279255020119 0.5358267949790017 -1.6620200395348722e-18
    outer loop
      vertex 63.697386639912274 14.536492651796571 3
      vertex 63.83196601125011 14.324429495415053 3
      vertex 63.83196601125011 14.324429495415053 0
    endloop
  endfacet
  facet normal 0.7705132427757869 0.6374239897486925 -9.966489428578907e-19
    outer loop
      vertex 63.83196601125011 14.324429495415053 3
      vertex 63.992062745157185 14.13090578814262 3
      vertex 63.992062745157185 14.13090578814262 0
    endloop
  endfacet
  facet normal 0.904827052466024 0.42577929156506306 0
    outer loop
      vertex 63.697386639912274 14.536492651796571 3
      vertex 63.697386639912274 14.536492651796571 0
      vertex 63.5904470282235 14.763750894630647 3
    endloop
  endfacet
  facet normal 0.904827052466024 -0.42577929156506306 0
    outer loop
      vertex 63.5904470282235 16.236249105369353 3
      vertex 63.5904470282235 16.236249105369353 0
      vertex 63.697386639912274 16.46350734820343 3
    endloop
  endfacet
  facet normal 0.8443279255020119 -0.5358267949790017 0
    outer loop
      vertex 63.697386639912274 16.46350734820343 3
      vertex 63.697386639912274 16.46350734820343 0
      vertex 63.83196601125011 16.675570504584947 3
    endloop
  endfacet
  facet normal 0.7705132427757869 -0.6374239897486925 0
    outer loop
      vertex 63.83196601125011 16.675570504584947 3
      vertex 63.83196601125011 16.675570504584947 0
      vertex 63.992062745157185 16.86909421185738 3
    endloop
  endfacet
  facet normal 0.6845471059286896 -0.7289686274214104 0
    outer loop
      vertex 64.17515202050262 17.041026485551576 3
      vertex 63.992062745157185 16.86909421185738 0
      vertex 64.17515202050262 17.041026485551576 0
    endloop
  endfacet
  facet normal 0.5877852522924666 -0.8090169943749523 0
    outer loop
      vertex 64.37834641004201 17.18865585100403 3
      vertex 64.17515202050262 17.041026485551576 0
      vertex 64.37834641004201 17.18865585100403 0
    endloop
  endfacet
  facet normal 0.4817536741017125 -0.876306680043865 0
    outer loop
      vertex 64.59844141686986 17.309654104932036 3
      vertex 64.37834641004201 17.18865585100403 0
      vertex 64.59844141686986 17.309654104932036 0
    endloop
  endfacet
  facet normal 0.3681245526846988 -0.9297764858882431 0
    outer loop
      vertex 64.8319660112501 17.402113032590307 3
      vertex 64.59844141686986 17.309654104932036 0
      vertex 64.8319660112501 17.402113032590307 0
    endloop
  endfacet
  facet normal 0.2486898871648574 -0.9685831611286304 0
    outer loop
      vertex 65.07523737082855 17.464574501457378 3
      vertex 64.8319660112501 17.402113032590307 0
      vertex 65.07523737082855 17.464574501457378 0
    endloop
  endfacet
  facet normal 0.12533323356430293 -0.992114701314478 0
    outer loop
      vertex 65.32441896094137 17.496053456856544 3
      vertex 65.07523737082855 17.464574501457378 0
      vertex 65.32441896094137 17.496053456856544 0
    endloop
  endfacet
  facet normal 0 0 -1
    outer loop
      vertex 35.45 22.5 0
      vertex 95.45 22.5 0
      vertex 65.07523737082855 17.464574501457378 0
    endloop
  endfacet
  facet normal 0.6845471059286896 -0.7289686274214104 0
    outer loop
      vertex 63.992062745157185 16.86909421185738 3
      vertex 63.992062745157185 16.86909421185738 0
      vertex 64.17515202050262 17.041026485551576 3
    endloop
  endfacet
  facet normal 0.5877852522924666 -0.8090169943749523 0
    outer loop
      vertex 64.17515202050262 17.041026485551576 3
      vertex 64.17515202050262 17.041026485551576 0
      vertex 64.37834641004201 17.18865585100403 3
    endloop
  endfacet
  facet normal 0.4817536741017125 -0.876306680043865 0
    outer loop
      vertex 64.37834641004201 17.18865585100403 3
      vertex 64.37834641004201 17.18865585100403 0
      vertex 64.59844141686986 17.309654104932036 3
    endloop
  endfacet
  facet normal 0.3681245526846988 -0.9297764858882431 0
    outer loop
      vertex 64.59844141686986 17.309654104932036 3
      vertex 64.59844141686986 17.309654104932036 0
      vertex 64.8319660112501 17.402113032590307 3
    endloop
  endfacet
  facet normal 0.2486898871648574 -0.9685831611286304 0
    outer loop
      vertex 64.8319660112501 17.402113032590307 3
      vertex 64.8319660112501 17.402113032590307 0
      vertex 65.07523737082855 17.464574501457378 3
    endloop
  endfacet
  facet normal 0.12533323356430293 -0.992114701314478 0
    outer loop
      vertex 65.07523737082855 17.464574501457378 3
      vertex 65.07523737082855 17.464574501457378 0
      vertex 65.32441896094137 17.496053456856544 3
    endloop
  endfacet
  facet normal 0 -1 0
    outer loop
      vertex 65.32441896094137 17.496053456856544 3
      vertex 65.32441896094137 17.496053456856544 0
      vertex 65.57558103905863 17.496053456856544 3
    endloop
  endfacet
  facet normal 0 1 0
    outer loop
      vertex 35.45 22.5 0
      vertex 35.45 22.5 8.25
      vertex 95.45 22.5 0
    endloop
  endfacet
  facet normal 0.6414949946488249 0.5306908125547402 0.5539417237494336
    outer loop
      vertex 63.83196601125011 14.324429495415053 3
      vertex 62.21393202250022 13.148858990830107 6
      vertex 63.992062745157185 14.13090578814262 3
    endloop
  endfacet
  facet normal 0.4893638114714864 0.6735515026422294 0.5539417237494343
    outer loop
      vertex 63.30669282008402 12.122688297991942 6
      vertex 64.37834641004201 13.811344148995971 3
      vertex 64.17515202050262 13.958973514448424 3
    endloop
  endfacet
  facet normal 0.4010866438539049 0.7295738967448844 0.5539417237494351
    outer loop
      vertex 63.74688283373971 11.88069179013592 6
      vertex 64.59844141686986 13.690345895067964 3
      vertex 64.37834641004201 13.811344148995971 3
    endloop
  endfacet
  facet normal 0.5699234194504004 0.6069067989827334 0.5539417237494347
    outer loop
      vertex 62.90030404100524 12.41794702889684 6
      vertex 64.17515202050262 13.958973514448424 3
      vertex 63.992062745157185 14.13090578814262 3
    endloop
  endfacet
  facet normal 0.30648410026521744 0.7740904746695487 0.5539417237494326
    outer loop
      vertex 64.59844141686986 13.690345895067964 3
      vertex 64.21393202250022 11.695773934819385 6
      vertex 64.8319660112501 13.597886967409693 3
    endloop
  endfacet
  facet normal 0.20704811933058492 0.8063991833894514 0.5539417237494335
    outer loop
      vertex 64.8319660112501 13.597886967409693 3
      vertex 64.7004747416571 11.570850997085245 6
      vertex 65.07523737082855 13.535425498542622 3
    endloop
  endfacet
  facet normal 0.10434686586956994 0.8259904952677749 0.5539417237494337
    outer loop
      vertex 65.07523737082855 13.535425498542622 3
      vertex 65.19883792188276 11.507893086286913 6
      vertex 65.32441896094137 13.503946543143456 3
    endloop
  endfacet
  facet normal 0.7533186880588212 0.35448486697014575 0.5539417237494343
    outer loop
      vertex 63.697386639912274 14.536492651796571 3
      vertex 63.5904470282235 14.763750894630647 3
      vertex 61.730894056447 14.027501789261287 6
    endloop
  endfacet
  facet normal 0.7918072798250686 0.25727378083576985 0.5539417237494337
    outer loop
      vertex 63.5904470282235 14.763750894630647 3
      vertex 63.51283367774274 15.002620225670292 3
      vertex 61.57566735548548 14.505240451340583 6
    endloop
  endfacet
  facet normal 0.7029498105711035 0.44610551499343154 0.5539417237494345
    outer loop
      vertex 63.697386639912274 14.536492651796571 3
      vertex 61.944773279824545 13.572985303593136 6
      vertex 63.83196601125011 14.324429495415053 3
    endloop
  endfacet
  facet normal 0.817808597785739 0.15600533348969037 0.5539417237494336
    outer loop
      vertex 63.51283367774274 15.002620225670292 3
      vertex 63.46577059737105 15.24933353287139 3
      vertex 61.48154119474209 14.998667065742787 6
    endloop
  endfacet
  facet normal 0.8309125856241507 0.05227658884141474 0.5539417237494338
    outer loop
      vertex 63.46577059737105 15.24933353287139 3
      vertex 63.45 15.5 3
      vertex 61.45 15.5 6
    endloop
  endfacet
  facet normal 0.8309125856241507 -0.05227658884141474 0.5539417237494338
    outer loop
      vertex 63.45 15.5 3
      vertex 63.46577059737105 15.75066646712861 3
      vertex 61.45 15.5 6
    endloop
  endfacet
  facet normal 0.817808597785739 -0.15600533348969037 0.5539417237494335
    outer loop
      vertex 63.46577059737105 15.75066646712861 3
      vertex 63.51283367774274 15.997379774329708 3
      vertex 61.48154119474209 16.001332934257213 6
    endloop
  endfacet
  facet normal 0.7918072798250686 -0.25727378083576985 0.5539417237494337
    outer loop
      vertex 63.51283367774274 15.997379774329708 3
      vertex 63.5904470282235 16.236249105369353 3
      vertex 61.57566735548548 16.494759548659417 6
    endloop
  endfacet
  facet normal 0.7533186880588212 -0.35448486697014575 0.5539417237494343
    outer loop
      vertex 63.5904470282235 16.236249105369353 3
      vertex 63.697386639912274 16.46350734820343 3
      vertex 61.730894056447 16.972498210738713 6
    endloop
  endfacet
  facet normal 0.7029498105711035 -0.44610551499343154 0.5539417237494344
    outer loop
      vertex 63.697386639912274 16.46350734820343 3
      vertex 63.83196601125011 16.675570504584947 3
      vertex 61.944773279824545 17.427014696406864 6
    endloop
  endfacet
  facet normal 0.6414949946488249 -0.5306908125547402 0.5539417237494336
    outer loop
      vertex 63.83196601125011 16.675570504584947 3
      vertex 63.992062745157185 16.86909421185738 3
      vertex 62.21393202250022 17.851141009169893 6
    endloop
  endfacet
  facet normal 0.5699234194504004 -0.6069067989827335 0.5539417237494345
    outer loop
      vertex 62.90030404100524 18.58205297110316 6
      vertex 63.992062745157185 16.86909421185738 3
      vertex 64.17515202050262 17.041026485551576 3
    endloop
  endfacet
  facet normal 0.4893638114714864 -0.6735515026422294 0.5539417237494342
    outer loop
      vertex 63.30669282008402 18.877311702008058 6
      vertex 64.17515202050262 17.041026485551576 3
      vertex 64.37834641004201 17.18865585100403 3
    endloop
  endfacet
  facet normal 0.40108664385390497 -0.7295738967448845 0.5539417237494351
    outer loop
      vertex 63.74688283373971 19.11930820986408 6
      vertex 64.37834641004201 17.18865585100403 3
      vertex 64.59844141686986 17.309654104932036 3
    endloop
  endfacet
  facet normal 0.30648410026521744 -0.7740904746695487 0.5539417237494326
    outer loop
      vertex 64.59844141686986 17.309654104932036 3
      vertex 64.8319660112501 17.402113032590307 3
      vertex 64.21393202250022 19.304226065180615 6
    endloop
  endfacet
  facet normal 0.20704811933058492 -0.8063991833894514 0.5539417237494335
    outer loop
      vertex 64.8319660112501 17.402113032590307 3
      vertex 65.07523737082855 17.464574501457378 3
      vertex 64.7004747416571 19.429149002914755 6
    endloop
  endfacet
  facet normal 0.10434686586956994 -0.8259904952677749 0.5539417237494337
    outer loop
      vertex 65.07523737082855 17.464574501457378 3
      vertex 65.32441896094137 17.496053456856544 3
      vertex 65.19883792188276 19.492106913713087 6
    endloop
  endfacet
  facet normal 0 -0.8325554436129199 0.553941723749434
    outer loop
      vertex 65.32441896094137 17.496053456856544 3
      vertex 65.57558103905863 17.496053456856544 3
      vertex 65.19883792188276 19.492106913713087 6
    endloop
  endfacet
  facet normal -1 0 0
    outer loop
      vertex 35.45 22.5 0
      vertex 35.45 10 4.5
      vertex 35.45 22.5 8.25
    endloop
  endfacet
  facet normal -1 0 0
    outer loop
      vertex 35.45 22.5 8.25
      vertex 35.45 10 4.5
      vertex 35.45 4.75 8.25
    endloop
  endfacet
  facet normal 0 0 1
    outer loop
      vertex 35.45 22.5 8.25
      vertex 35.45 4.75 8.25
      vertex 61.566232730295795 14.542737342849769 8.25
    endloop
  endfacet
  facet normal 0 -0.5812381937190965 -0.813733471206735
    outer loop
      vertex 35.45 4.75 8.25
      vertex 35.45 10 4.5
      vertex 92.45 4.75 8.25
    endloop
  endfacet
  facet normal 0 0 1
    outer loop
      vertex 35.45 4.75 8.25
      vertex 64.03158045182985 11.759935029258344 8.25
      vertex 62.455957007315604 12.847509367036821 8.25
    endloop
  endfacet
  facet normal 0 0 1
    outer loop
      vertex 35.45 4.75 8.25
      vertex 62.455957007315604 12.847509367036821 8.25
      vertex 61.566232730295795 14.542737342849769 8.25
    endloop
  endfacet
  facet normal 0 0 1
    outer loop
      vertex 35.45 4.75 8.25
      vertex 92.45 4.75 8.25
      vertex 64.03158045182985 11.759935029258344 8.25
    endloop
  endfacet
  facet normal 0.7533186880588212 0.35448486697014575 0.5539417237494343
    outer loop
      vertex 63.697386639912274 14.536492651796571 3
      vertex 61.730894056447 14.027501789261287 6
      vertex 61.944773279824545 13.572985303593136 6
    endloop
  endfacet
  facet normal 0.6414949946487923 0.5306908125547786 0.5539417237494344
    outer loop
      vertex 62.47291160375237 12.835806454100215 6
      vertex 63.992062745157185 14.13090578814262 3
      vertex 62.44333523864616 12.871558137993517 6
    endloop
  endfacet
  facet normal 0.6414949946488457 0.5306908125547146 0.5539417237494338
    outer loop
      vertex 62.53412549031435 12.761811576285247 6
      vertex 63.992062745157185 14.13090578814262 3
      vertex 62.47291160375237 12.835806454100215 6
    endloop
  endfacet
  facet normal 0.48936381147148417 0.6735515026422307 0.5539417237494345
    outer loop
      vertex 63.30669282008402 12.122688297991942 6
      vertex 64.17515202050262 13.958973514448424 3
      vertex 62.90030404100524 12.41794702889684 6
    endloop
  endfacet
  facet normal 0.5699234194504013 0.6069067989827328 0.5539417237494345
    outer loop
      vertex 62.53412549031435 12.761811576285247 6
      vertex 62.90030404100524 12.41794702889684 6
      vertex 63.992062745157185 14.13090578814262 3
    endloop
  endfacet
  facet normal 0.7029498105711004 0.4461055149934371 0.553941723749434
    outer loop
      vertex 63.83196601125011 14.324429495415053 3
      vertex 61.944773279824545 13.572985303593136 6
      vertex 62.21393202250022 13.148858990830107 6
    endloop
  endfacet
  facet normal 0.6414949946488323 0.53069081255473 0.5539417237494346
    outer loop
      vertex 62.44333523864616 12.871558137993517 6
      vertex 63.992062745157185 14.13090578814262 3
      vertex 62.21393202250022 13.148858990830107 6
    endloop
  endfacet
  facet normal 0.4010866438539143 0.72957389674488 0.5539417237494342
    outer loop
      vertex 63.30669282008402 12.122688297991942 6
      vertex 63.74688283373971 11.88069179013592 6
      vertex 64.37834641004201 13.811344148995971 3
    endloop
  endfacet
  facet normal 0.30648410026518863 0.7740904746695589 0.5539417237494346
    outer loop
      vertex 63.74688283373971 11.88069179013592 6
      vertex 64.00427363937592 11.778783560977537 6
      vertex 64.59844141686986 13.690345895067964 3
    endloop
  endfacet
  facet normal 0.3064841002652052 0.7740904746695528 0.5539417237494337
    outer loop
      vertex 64.59844141686986 13.690345895067964 3
      vertex 64.00427363937592 11.778783560977537 6
      vertex 64.06085849707803 11.75638003093944 6
    endloop
  endfacet
  facet normal 0.30648410026520123 0.7740904746695542 0.5539417237494342
    outer loop
      vertex 64.59844141686986 13.690345895067964 3
      vertex 64.06085849707803 11.75638003093944 6
      vertex 64.21393202250022 11.695773934819385 6
    endloop
  endfacet
  facet normal 0.20704811933058492 0.8063991833894514 0.5539417237494335
    outer loop
      vertex 64.8319660112501 13.597886967409693 3
      vertex 64.21393202250022 11.695773934819385 6
      vertex 64.7004747416571 11.570850997085245 6
    endloop
  endfacet
  facet normal 0.10434686586956994 0.8259904952677749 0.5539417237494337
    outer loop
      vertex 65.07523737082855 13.535425498542622 3
      vertex 64.7004747416571 11.570850997085245 6
      vertex 65.19883792188276 11.507893086286913 6
    endloop
  endfacet
  facet normal 0 0.8325554436129199 0.553941723749434
    outer loop
      vertex 65.32441896094137 13.503946543143456 3
      vertex 65.19883792188276 11.507893086286913 6
      vertex 65.70116207811725 11.507893086286913 6
    endloop
  endfacet
  facet normal 0.7918072798250695 0.2572737808357663 0.553941723749434
    outer loop
      vertex 63.5904470282235 14.763750894630647 3
      vertex 61.57566735548548 14.505240451340583 6
      vertex 61.730894056447 14.027501789261287 6
    endloop
  endfacet
  facet normal 0.8178085977857495 0.15600533348963985 0.5539417237494323
    outer loop
      vertex 63.51283367774274 15.002620225670292 3
      vertex 61.56981730007605 14.535907515756485 6
      vertex 61.57566735548548 14.505240451340583 6
    endloop
  endfacet
  facet normal 0.817808597785717 0.15600533348979725 0.5539417237494357
    outer loop
      vertex 63.51283367774274 15.002620225670292 3
      vertex 61.566232730295795 14.554698488603897 6
      vertex 61.56981730007605 14.535907515756485 6
    endloop
  endfacet
  facet normal 0.8309125856241506 0.05227658884141547 0.5539417237494337
    outer loop
      vertex 63.46577059737105 15.24933353287139 3
      vertex 61.45 15.5 6
      vertex 61.48154119474209 14.998667065742787 6
    endloop
  endfacet
  facet normal 0.8178085977857394 0.1560053334896869 0.5539417237494338
    outer loop
      vertex 63.51283367774274 15.002620225670292 3
      vertex 61.48154119474209 14.998667065742787 6
      vertex 61.566232730295795 14.554698488603897 6
    endloop
  endfacet
  facet normal 0.8309125856241508 -0.052276588841415485 0.5539417237494337
    outer loop
      vertex 63.46577059737105 15.75066646712861 3
      vertex 61.48154119474209 16.001332934257213 6
      vertex 61.45 15.5 6
    endloop
  endfacet
  facet normal 0.8178085977857394 -0.1560053334896869 0.5539417237494338
    outer loop
      vertex 63.51283367774274 15.997379774329708 3
      vertex 61.566232730295795 16.445301511396103 6
      vertex 61.48154119474209 16.001332934257213 6
    endloop
  endfacet
  facet normal 0.8178085977857174 -0.1560053334897973 0.5539417237494354
    outer loop
      vertex 63.51283367774274 15.997379774329708 3
      vertex 61.56981730007605 16.464092484243515 6
      vertex 61.566232730295795 16.445301511396103 6
    endloop
  endfacet
  facet normal 0.8178085977857495 -0.15600533348963985 0.5539417237494322
    outer loop
      vertex 63.51283367774274 15.997379774329708 3
      vertex 61.57566735548548 16.494759548659417 6
      vertex 61.56981730007605 16.464092484243515 6
    endloop
  endfacet
  facet normal 0.7918072798250695 -0.2572737808357663 0.553941723749434
    outer loop
      vertex 63.5904470282235 16.236249105369353 3
      vertex 61.730894056447 16.972498210738713 6
      vertex 61.57566735548548 16.494759548659417 6
    endloop
  endfacet
  facet normal 0 0 -1
    outer loop
      vertex 61.56981730007605 14.535907515756485 6
      vertex 61.730894056447 14.027501789261287 6
      vertex 61.57566735548548 14.505240451340583 6
    endloop
  endfacet
  facet normal 0 0 1
    outer loop
      vertex 61.566232730295795 14.542737342849769 6
      vertex 61.56981730007605 14.535907515756485 6
      vertex 61.566232730295795 14.554698488603897 6
    endloop
  endfacet
  facet normal 0 0 -1
    outer loop
      vertex 61.566232730295795 14.554698488603897 6
      vertex 61.48154119474209 14.998667065742787 6
      vertex 61.566232730295795 16.445301511396103 6
    endloop
  endfacet
  facet normal 0 0 -1
    outer loop
      vertex 61.48154119474209 14.998667065742787 6
      vertex 61.45 15.5 6
      vertex 61.48154119474209 16.001332934257213 6
    endloop
  endfacet
  facet normal 0 0 -1
    outer loop
      vertex 61.48154119474209 14.998667065742787 6
      vertex 61.48154119474209 16.001332934257213 6
      vertex 61.566232730295795 16.445301511396103 6
    endloop
  endfacet
  facet normal 0 0 1
    outer loop
      vertex 61.566232730295795 16.445301511396103 6
      vertex 61.56981730007605 16.464092484243515 6
      vertex 61.566232730295795 16.45726265715023 6
    endloop
  endfacet
  facet normal 0 0 -1
    outer loop
      vertex 63.30669282008402 12.122688297991942 6
      vertex 62.90030404100524 12.41794702889684 6
      vertex 62.47291160375237 12.835806454100215 6
    endloop
  endfacet
  facet normal 0 0 -1
    outer loop
      vertex 63.30669282008402 12.122688297991942 6
      vertex 62.47291160375237 12.835806454100215 6
      vertex 63.74688283373971 11.88069179013592 6
    endloop
  endfacet
  facet normal 0 0 -1
    outer loop
      vertex 63.74688283373971 11.88069179013592 6
      vertex 62.47291160375237 12.835806454100215 6
      vertex 64.00427363937592 11.778783560977537 6
    endloop
  endfacet
  facet normal 0 0 -1
    outer loop
      vertex 62.53412549031435 12.761811576285247 6
      vertex 62.47291160375237 12.835806454100215 6
      vertex 62.90030404100524 12.41794702889684 6
    endloop
  endfacet
  facet normal 0 0 1
    outer loop
      vertex 62.455957007315604 12.847509367036821 6
      vertex 62.47291160375237 12.835806454100215 6
      vertex 62.44333523864616 12.871558137993517 6
    endloop
  endfacet
  facet normal 0 0 -1
    outer loop
      vertex 61.56981730007605 14.535907515756485 6
      vertex 62.44333523864616 12.871558137993517 6
      vertex 62.21393202250022 13.148858990830107 6
    endloop
  endfacet
  facet normal 0 0 -1
    outer loop
      vertex 61.944773279824545 13.572985303593136 6
      vertex 61.56981730007605 14.535907515756485 6
      vertex 62.21393202250022 13.148858990830107 6
    endloop
  endfacet
  facet normal 0 0 -1
    outer loop
      vertex 61.944773279824545 13.572985303593136 6
      vertex 61.730894056447 14.027501789261287 6
      vertex 61.56981730007605 14.535907515756485 6
    endloop
  endfacet
  facet normal 0 0 1
    outer loop
      vertex 64.00427363937592 11.778783560977537 6
      vertex 64.03158045182985 11.759935029258344 6
      vertex 64.06085849707803 11.75638003093944 6
    endloop
  endfacet
  facet normal 0 0 -1
    outer loop
      vertex 64.7004747416571 11.570850997085245 6
      vertex 64.21393202250022 11.695773934819385 6
      vertex 64.06085849707803 11.75638003093944 6
    endloop
  endfacet
  facet normal 0 0 -1
    outer loop
      vertex 64.7004747416571 11.570850997085245 6
      vertex 64.06085849707803 11.75638003093944 6
      vertex 65.19883792188276 11.507893086286913 6
    endloop
  endfacet
  facet normal 0 0 -1
    outer loop
      vertex 64.06085849707803 11.75638003093944 6
      vertex 65.70116207811725 11.507893086286913 6
      vertex 65.19883792188276 11.507893086286913 6
    endloop
  endfacet
  facet normal 0 0 -1
    outer loop
      vertex 64.06085849707803 11.75638003093944 6
      vertex 65.90022468033285 11.533040541096675 6
      vertex 65.70116207811725 11.507893086286913 6
    endloop
  endfacet
  facet normal 0.7533186880588212 -0.35448486697014575 0.5539417237494343
    outer loop
      vertex 63.697386639912274 16.46350734820343 3
      vertex 61.944773279824545 17.427014696406864 6
      vertex 61.730894056447 16.972498210738713 6
    endloop
  endfacet
  facet normal 0.7029498105711005 -0.44610551499343715 0.5539417237494338
    outer loop
      vertex 63.83196601125011 16.675570504584947 3
      vertex 62.21393202250022 17.851141009169893 6
      vertex 61.944773279824545 17.427014696406864 6
    endloop
  endfacet
  facet normal 0.6414949946488323 -0.53069081255473 0.5539417237494346
    outer loop
      vertex 62.21393202250022 17.851141009169893 6
      vertex 63.992062745157185 16.86909421185738 3
      vertex 62.44333523864616 18.128441862006483 6
    endloop
  endfacet
  facet normal 0.6414949946487923 -0.5306908125547786 0.5539417237494344
    outer loop
      vertex 62.44333523864616 18.128441862006483 6
      vertex 63.992062745157185 16.86909421185738 3
      vertex 62.47291160375237 18.164193545899785 6
    endloop
  endfacet
  facet normal 0.6414949946488457 -0.5306908125547146 0.5539417237494338
    outer loop
      vertex 62.47291160375237 18.164193545899785 6
      vertex 63.992062745157185 16.86909421185738 3
      vertex 62.53412549031435 18.238188423714753 6
    endloop
  endfacet
  facet normal 0.5699234194504011 -0.6069067989827327 0.5539417237494346
    outer loop
      vertex 62.53412549031435 18.238188423714753 6
      vertex 63.992062745157185 16.86909421185738 3
      vertex 62.90030404100524 18.58205297110316 6
    endloop
  endfacet
  facet normal 0.48936381147148417 -0.6735515026422307 0.5539417237494345
    outer loop
      vertex 62.90030404100524 18.58205297110316 6
      vertex 64.17515202050262 17.041026485551576 3
      vertex 63.30669282008402 18.877311702008058 6
    endloop
  endfacet
  facet normal 0.4010866438539143 -0.72957389674488 0.5539417237494342
    outer loop
      vertex 63.30669282008402 18.877311702008058 6
      vertex 64.37834641004201 17.18865585100403 3
      vertex 63.74688283373971 19.11930820986408 6
    endloop
  endfacet
  facet normal 0.30648410026518863 -0.7740904746695589 0.5539417237494346
    outer loop
      vertex 63.74688283373971 19.11930820986408 6
      vertex 64.59844141686986 17.309654104932036 3
      vertex 64.00427363937592 19.221216439022463 6
    endloop
  endfacet
  facet normal 0.3064841002652051 -0.7740904746695528 0.5539417237494338
    outer loop
      vertex 64.59844141686986 17.309654104932036 3
      vertex 64.06085849707803 19.24361996906056 6
      vertex 64.00427363937592 19.221216439022463 6
    endloop
  endfacet
  facet normal 0.3064841002652012 -0.774090474669554 0.5539417237494342
    outer loop
      vertex 64.59844141686986 17.309654104932036 3
      vertex 64.21393202250022 19.304226065180615 6
      vertex 64.06085849707803 19.24361996906056 6
    endloop
  endfacet
  facet normal 0.20704811933058492 -0.8063991833894514 0.5539417237494335
    outer loop
      vertex 64.8319660112501 17.402113032590307 3
      vertex 64.7004747416571 19.429149002914755 6
      vertex 64.21393202250022 19.304226065180615 6
    endloop
  endfacet
  facet normal 0.10434686586956994 -0.8259904952677749 0.5539417237494337
    outer loop
      vertex 65.07523737082855 17.464574501457378 3
      vertex 65.19883792188276 19.492106913713087 6
      vertex 64.7004747416571 19.429149002914755 6
    endloop
  endfacet
  facet normal 0 0 -1
    outer loop
      vertex 61.56981730007605 16.464092484243515 6
      vertex 61.57566735548548 16.494759548659417 6
      vertex 62.44333523864616 18.128441862006483 6
    endloop
  endfacet
  facet normal 0 0 -1
    outer loop
      vertex 61.57566735548548 16.494759548659417 6
      vertex 61.730894056447 16.972498210738713 6
      vertex 62.44333523864616 18.128441862006483 6
    endloop
  endfacet
  facet normal 0 0 -1
    outer loop
      vertex 61.730894056447 16.972498210738713 6
      vertex 61.944773279824545 17.427014696406864 6
      vertex 62.44333523864616 18.128441862006483 6
    endloop
  endfacet
  facet normal 0 0 -1
    outer loop
      vertex 61.944773279824545 17.427014696406864 6
      vertex 62.21393202250022 17.851141009169893 6
      vertex 62.44333523864616 18.128441862006483 6
    endloop
  endfacet
  facet normal 0 0 1
    outer loop
      vertex 62.44333523864616 18.128441862006483 6
      vertex 62.47291160375237 18.164193545899785 6
      vertex 62.455957007315604 18.15249063296318 6
    endloop
  endfacet
  facet normal 0 0 -1
    outer loop
      vertex 62.47291160375237 18.164193545899785 6
      vertex 62.53412549031435 18.238188423714753 6
      vertex 64.00427363937592 19.221216439022463 6
    endloop
  endfacet
  facet normal 0 0 -1
    outer loop
      vertex 62.53412549031435 18.238188423714753 6
      vertex 62.90030404100524 18.58205297110316 6
      vertex 64.00427363937592 19.221216439022463 6
    endloop
  endfacet
  facet normal 0 0 -1
    outer loop
      vertex 62.90030404100524 18.58205297110316 6
      vertex 63.30669282008402 18.877311702008058 6
      vertex 64.00427363937592 19.221216439022463 6
    endloop
  endfacet
  facet normal 0 0 -1
    outer loop
      vertex 63.30669282008402 18.877311702008058 6
      vertex 63.74688283373971 19.11930820986408 6
      vertex 64.00427363937592 19.221216439022463 6
    endloop
  endfacet
  facet normal 0 0 1
    outer loop
      vertex 64.00427363937592 19.221216439022463 6
      vertex 64.06085849707803 19.24361996906056 6
      vertex 64.03158045182985 19.240064970741656 6
    endloop
  endfacet
  facet normal 0 0 -1
    outer loop
      vertex 64.06085849707803 19.24361996906056 6
      vertex 64.21393202250022 19.304226065180615 6
      vertex 65.90022468033285 19.466959458903325 6
    endloop
  endfacet
  facet normal 0 0 -1
    outer loop
      vertex 64.21393202250022 19.304226065180615 6
      vertex 64.7004747416571 19.429149002914755 6
      vertex 65.90022468033285 19.466959458903325 6
    endloop
  endfacet
  facet normal 0 0 -1
    outer loop
      vertex 64.7004747416571 19.429149002914755 6
      vertex 65.19883792188276 19.492106913713087 6
      vertex 65.90022468033285 19.466959458903325 6
    endloop
  endfacet
  facet normal 0 0 1
    outer loop
      vertex 35.45 22.5 8.25
      vertex 61.566232730295795 14.542737342849769 8.25
      vertex 61.566232730295795 16.45726265715023 8.25
    endloop
  endfacet
  facet normal 0 0 1
    outer loop
      vertex 35.45 22.5 8.25
      vertex 61.566232730295795 16.45726265715023 8.25
      vertex 62.455957007315604 18.15249063296318 8.25
    endloop
  endfacet
  facet normal 0 0 1
    outer loop
      vertex 35.45 22.5 8.25
      vertex 62.455957007315604 18.15249063296318 8.25
      vertex 64.03158045182985 19.240064970741656 8.25
    endloop
  endfacet
  facet normal 0 0 1
    outer loop
      vertex 35.45 22.5 8.25
      vertex 64.03158045182985 19.240064970741656 8.25
      vertex 65.9321467210213 19.47083549639222 8.25
    endloop
  endfacet
  facet normal 0.8854560256530409 0.4647231720440904 0
    outer loop
      vertex 61.566232730295795 14.542737342849769 6
      vertex 61.566232730295795 14.542737342849769 8.25
      vertex 61.56981730007605 14.535907515756485 6
    endloop
  endfacet
  facet normal 1 0 0
    outer loop
      vertex 61.566232730295795 14.542737342849769 6
      vertex 61.566232730295795 14.554698488603897 6
      vertex 61.566232730295795 16.45726265715023 8.25
    endloop
  endfacet
  facet normal 1 0 0
    outer loop
      vertex 61.566232730295795 14.554698488603897 6
      vertex 61.566232730295795 16.445301511396103 6
      vertex 61.566232730295795 16.45726265715023 8.25
    endloop
  endfacet
  facet normal 1 0 0
    outer loop
      vertex 61.566232730295795 16.445301511396103 6
      vertex 61.566232730295795 16.45726265715023 6
      vertex 61.566232730295795 16.45726265715023 8.25
    endloop
  endfacet
  facet normal 0.5680647467311553 0.8229838658936569 -1.3310995954254376e-15
    outer loop
      vertex 62.47291160375237 12.835806454100215 6
      vertex 62.455957007315604 12.847509367036821 8.25
      vertex 64.00427363937592 11.778783560977537 6
    endloop
  endfacet
  facet normal 0.5680647467312651 0.822983865893581 1.1035214849412205e-13
    outer loop
      vertex 64.00427363937592 11.778783560977537 6
      vertex 62.455957007315604 12.847509367036821 8.25
      vertex 64.03158045182985 11.759935029258344 6
    endloop
  endfacet
  facet normal 0.5680647467312747 0.8229838658935743 0
    outer loop
      vertex 62.455957007315604 12.847509367036821 6
      vertex 62.455957007315604 12.847509367036821 8.25
      vertex 62.47291160375237 12.835806454100215 6
    endloop
  endfacet
  facet normal 0.8854560256530927 0.4647231720439919 -2.1211213330405323e-13
    outer loop
      vertex 62.455957007315604 12.847509367036821 6
      vertex 62.44333523864616 12.871558137993517 6
      vertex 61.566232730295795 14.542737342849769 8.25
    endloop
  endfacet
  facet normal 0.8854560256532109 0.4647231720437667 1.2535824370000552e-15
    outer loop
      vertex 61.56981730007605 14.535907515756485 6
      vertex 61.566232730295795 14.542737342849769 8.25
      vertex 62.44333523864616 12.871558137993517 6
    endloop
  endfacet
  facet normal 0.12053668025530974 0.9927088740980556 0
    outer loop
      vertex 64.03158045182985 11.759935029258344 6
      vertex 64.03158045182985 11.759935029258344 8.25
      vertex 64.06085849707803 11.75638003093944 6
    endloop
  endfacet
  facet normal 0.12053668025532518 0.9927088740980536 2.0415781676300677e-16
    outer loop
      vertex 64.06085849707803 11.75638003093944 6
      vertex 64.03158045182985 11.759935029258344 8.25
      vertex 65.90022468033285 11.533040541096675 6
    endloop
  endfacet
  facet normal 0.12053668025536472 0.992708874098049 3.3517523321155956e-14
    outer loop
      vertex 65.90022468033285 11.533040541096675 6
      vertex 64.03158045182985 11.759935029258344 8.25
      vertex 65.9321467210213 11.529164503607781 6
    endloop
  endfacet
  facet normal 1 0 0
    outer loop
      vertex 61.566232730295795 14.542737342849769 6
      vertex 61.566232730295795 16.45726265715023 8.25
      vertex 61.566232730295795 14.542737342849769 8.25
    endloop
  endfacet
  facet normal 0.5680647467311584 0.8229838658936547 0
    outer loop
      vertex 64.03158045182985 11.759935029258344 6
      vertex 62.455957007315604 12.847509367036821 8.25
      vertex 64.03158045182985 11.759935029258344 8.25
    endloop
  endfacet
  facet normal 0.8854560256532085 0.4647231720437711 0
    outer loop
      vertex 62.455957007315604 12.847509367036821 6
      vertex 61.566232730295795 14.542737342849769 8.25
      vertex 62.455957007315604 12.847509367036821 8.25
    endloop
  endfacet
  facet normal 0.12053668025532563 0.9927088740980538 0
    outer loop
      vertex 65.9321467210213 11.529164503607781 6
      vertex 64.03158045182985 11.759935029258344 8.25
      vertex 65.9321467210213 11.529164503607781 8.25
    endloop
  endfacet
  facet normal 0.8854560256530409 -0.4647231720440904 3.06834209630399e-13
    outer loop
      vertex 61.566232730295795 16.45726265715023 6
      vertex 61.56981730007605 16.464092484243515 6
      vertex 62.455957007315604 18.15249063296318 8.25
    endloop
  endfacet
  facet normal 0.8854560256532109 -0.4647231720437667 -3.0657961593495938e-15
    outer loop
      vertex 61.56981730007605 16.464092484243515 6
      vertex 62.44333523864616 18.128441862006483 6
      vertex 62.455957007315604 18.15249063296318 8.25
    endloop
  endfacet
  facet normal 0.8854560256530927 -0.4647231720439919 1.3767448241629707e-19
    outer loop
      vertex 62.44333523864616 18.128441862006483 6
      vertex 62.455957007315604 18.15249063296318 6
      vertex 62.455957007315604 18.15249063296318 8.25
    endloop
  endfacet
  facet normal 0.5680647467312747 -0.8229838658935743 -1.2035554186656811e-13
    outer loop
      vertex 62.455957007315604 18.15249063296318 6
      vertex 62.47291160375237 18.164193545899785 6
      vertex 64.03158045182985 19.240064970741656 8.25
    endloop
  endfacet
  facet normal 0.5680647467311553 -0.8229838658936569 1.951242806432612e-15
    outer loop
      vertex 62.47291160375237 18.164193545899785 6
      vertex 64.00427363937592 19.221216439022463 6
      vertex 64.03158045182985 19.240064970741656 8.25
    endloop
  endfacet
  facet normal 0.5680647467312651 -0.822983865893581 -3.2176480642756295e-19
    outer loop
      vertex 64.00427363937592 19.221216439022463 6
      vertex 64.03158045182985 19.240064970741656 6
      vertex 64.03158045182985 19.240064970741656 8.25
    endloop
  endfacet
  facet normal 0.12053668025530974 -0.9927088740980556 1.3617686068822972e-14
    outer loop
      vertex 64.03158045182985 19.240064970741656 6
      vertex 64.06085849707803 19.24361996906056 6
      vertex 65.9321467210213 19.47083549639222 8.25
    endloop
  endfacet
  facet normal 0.12053668025532518 -0.9927088740980536 5.663033943493084e-16
    outer loop
      vertex 64.06085849707803 19.24361996906056 6
      vertex 65.90022468033285 19.466959458903325 6
      vertex 65.9321467210213 19.47083549639222 8.25
    endloop
  endfacet
  facet normal 0.8854560256532085 -0.4647231720437711 0
    outer loop
      vertex 61.566232730295795 16.45726265715023 6
      vertex 62.455957007315604 18.15249063296318 8.25
      vertex 61.566232730295795 16.45726265715023 8.25
    endloop
  endfacet
  facet normal 0.5680647467311584 -0.8229838658936547 0
    outer loop
      vertex 62.455957007315604 18.15249063296318 6
      vertex 64.03158045182985 19.240064970741656 8.25
      vertex 62.455957007315604 18.15249063296318 8.25
    endloop
  endfacet
  facet normal 0.12053668025532563 -0.9927088740980538 0
    outer loop
      vertex 64.03158045182985 19.240064970741656 6
      vertex 65.9321467210213 19.47083549639222 8.25
      vertex 64.03158045182985 19.240064970741656 8.25
    endloop
  endfacet
  facet normal -0.12533323356430293 0.992114701314478 0
    outer loop
      vertex 65.57558103905863 -17.496053456856544 3
      vertex 65.82476262917146 -17.464574501457378 0
      vertex 65.57558103905863 -17.496053456856544 0
    endloop
  endfacet
  facet normal -0.2486898871648574 0.9685831611286304 0
    outer loop
      vertex 65.82476262917146 -17.464574501457378 3
      vertex 66.0680339887499 -17.402113032590307 0
      vertex 65.82476262917146 -17.464574501457378 0
    endloop
  endfacet
  facet normal -0.3681245526846866 0.9297764858882479 0
    outer loop
      vertex 66.0680339887499 -17.402113032590307 3
      vertex 66.30155858313015 -17.30965410493204 0
      vertex 66.0680339887499 -17.402113032590307 0
    endloop
  endfacet
  facet normal -0.4817536741017234 0.876306680043859 0
    outer loop
      vertex 66.30155858313015 -17.30965410493204 3
      vertex 66.52165358995799 -17.18865585100403 0
      vertex 66.30155858313015 -17.30965410493204 0
    endloop
  endfacet
  facet normal -0.5877852522924666 0.8090169943749523 0
    outer loop
      vertex 66.52165358995799 -17.18865585100403 3
      vertex 66.72484797949738 -17.041026485551576 0
      vertex 66.52165358995799 -17.18865585100403 0
    endloop
  endfacet
  facet normal -0.6845471059286973 0.7289686274214034 0
    outer loop
      vertex 66.72484797949738 -17.041026485551576 3
      vertex 66.90793725484282 -16.869094211857377 0
      vertex 66.72484797949738 -17.041026485551576 0
    endloop
  endfacet
  facet normal 0 1 0
    outer loop
      vertex 65.32441896094137 -17.496053456856544 3
      vertex 65.57558103905863 -17.496053456856544 3
      vertex 65.57558103905863 -17.496053456856544 0
    endloop
  endfacet
  facet normal -0.12533323356430293 0.992114701314478 5.338953121706765e-19
    outer loop
      vertex 65.57558103905863 -17.496053456856544 3
      vertex 65.82476262917146 -17.464574501457378 3
      vertex 65.82476262917146 -17.464574501457378 0
    endloop
  endfacet
  facet normal -0.2486898871648574 0.9685831611286304 5.336412025807985e-19
    outer loop
      vertex 65.82476262917146 -17.464574501457378 3
      vertex 66.0680339887499 -17.402113032590307 3
      vertex 66.0680339887499 -17.402113032590307 0
    endloop
  endfacet
  facet normal -0.3681245526846866 0.9297764858882479 2.068586436627429e-18
    outer loop
      vertex 66.0680339887499 -17.402113032590307 3
      vertex 66.30155858313015 -17.30965410493204 3
      vertex 66.30155858313015 -17.30965410493204 0
    endloop
  endfacet
  facet normal -0.4817536741017234 0.876306680043859 9.049037513086723e-19
    outer loop
      vertex 66.30155858313015 -17.30965410493204 3
      vertex 66.52165358995799 -17.18865585100403 3
      vertex 66.52165358995799 -17.18865585100403 0
    endloop
  endfacet
  facet normal -0.5877852522924666 0.8090169943749523 -1.1103276684493262e-18
    outer loop
      vertex 66.52165358995799 -17.18865585100403 3
      vertex 66.72484797949738 -17.041026485551576 3
      vertex 66.72484797949738 -17.041026485551576 0
    endloop
  endfacet
  facet normal -0.6845471059286973 0.7289686274214034 3.040280802650736e-18
    outer loop
      vertex 66.72484797949738 -17.041026485551576 3
      vertex 66.90793725484282 -16.869094211857377 3
      vertex 66.90793725484282 -16.869094211857377 0
    endloop
  endfacet
  facet normal -0.7705132427757673 0.6374239897487163 0
    outer loop
      vertex 66.90793725484282 -16.869094211857377 3
      vertex 67.0680339887499 -16.675570504584947 0
      vertex 66.90793725484282 -16.869094211857377 0
    endloop
  endfacet
  facet normal -0.8443279255020375 0.5358267949789614 0
    outer loop
      vertex 67.0680339887499 -16.675570504584947 3
      vertex 67.20261336008772 -16.46350734820343 0
      vertex 67.0680339887499 -16.675570504584947 0
    endloop
  endfacet
  facet normal -0.9048270524660215 0.4257792915650685 0
    outer loop
      vertex 67.20261336008772 -16.46350734820343 3
      vertex 67.3095529717765 -16.236249105369357 0
      vertex 67.20261336008772 -16.46350734820343 0
    endloop
  endfacet
  facet normal -0.6845471059287009 -0.7289686274214 0
    outer loop
      vertex 66.90793725484282 -14.130905788142623 3
      vertex 66.72484797949738 -13.958973514448422 0
      vertex 66.90793725484282 -14.130905788142623 0
    endloop
  endfacet
  facet normal -0.9048270524660228 -0.42577929156506583 0
    outer loop
      vertex 67.3095529717765 -14.763750894630643 3
      vertex 67.20261336008772 -14.53649265179657 0
      vertex 67.3095529717765 -14.763750894630643 0
    endloop
  endfacet
  facet normal -0.8443279255020354 -0.5358267949789645 0
    outer loop
      vertex 67.20261336008772 -14.53649265179657 3
      vertex 67.0680339887499 -14.324429495415053 0
      vertex 67.20261336008772 -14.53649265179657 0
    endloop
  endfacet
  facet normal -0.7705132427757673 -0.6374239897487163 0
    outer loop
      vertex 67.0680339887499 -14.324429495415053 3
      vertex 66.90793725484282 -14.130905788142623 0
      vertex 67.0680339887499 -14.324429495415053 0
    endloop
  endfacet
  facet normal -0.9510565162951533 0.30901699437494834 0
    outer loop
      vertex 67.3095529717765 -16.236249105369357 3
      vertex 67.38716632225726 -15.997379774329708 0
      vertex 67.3095529717765 -16.236249105369357 0
    endloop
  endfacet
  facet normal -0.9822872507286837 0.18738131458575097 0
    outer loop
      vertex 67.38716632225726 -15.997379774329708 3
      vertex 67.43422940262896 -15.750666467128609 0
      vertex 67.38716632225726 -15.997379774329708 0
    endloop
  endfacet
  facet normal -0.9980267284282713 0.06279051952931565 0
    outer loop
      vertex 67.43422940262896 -15.750666467128609 3
      vertex 67.45 -15.5 0
      vertex 67.43422940262896 -15.750666467128609 0
    endloop
  endfacet
  facet normal -0.9980267284282713 -0.06279051952931565 0
    outer loop
      vertex 67.45 -15.5 3
      vertex 67.43422940262896 -15.249333532871391 0
      vertex 67.45 -15.5 0
    endloop
  endfacet
  facet normal -0.9822872507286837 -0.18738131458575097 0
    outer loop
      vertex 67.43422940262896 -15.249333532871391 3
      vertex 67.38716632225726 -15.002620225670292 0
      vertex 67.43422940262896 -15.249333532871391 0
    endloop
  endfacet
  facet normal -0.9510565162951533 -0.30901699437494834 0
    outer loop
      vertex 67.38716632225726 -15.002620225670292 3
      vertex 67.3095529717765 -14.763750894630643 0
      vertex 67.38716632225726 -15.002620225670292 0
    endloop
  endfacet
  facet normal 0 -1 0
    outer loop
      vertex 65.57558103905863 -13.503946543143456 3
      vertex 65.32441896094137 -13.503946543143456 0
      vertex 65.57558103905863 -13.503946543143456 0
    endloop
  endfacet
  facet normal -0.12533323356430293 -0.992114701314478 0
    outer loop
      vertex 65.82476262917146 -13.535425498542622 3
      vertex 65.57558103905863 -13.503946543143456 0
      vertex 65.82476262917146 -13.535425498542622 0
    endloop
  endfacet
  facet normal -0.2486898871648574 -0.9685831611286304 0
    outer loop
      vertex 66.0680339887499 -13.597886967409693 3
      vertex 65.82476262917146 -13.535425498542622 0
      vertex 66.0680339887499 -13.597886967409693 0
    endloop
  endfacet
  facet normal -0.36812455268469274 -0.9297764858882456 0
    outer loop
      vertex 66.30155858313015 -13.690345895067962 3
      vertex 66.0680339887499 -13.597886967409693 0
      vertex 66.30155858313015 -13.690345895067962 0
    endloop
  endfacet
  facet normal -0.4817536741017125 -0.876306680043865 0
    outer loop
      vertex 66.52165358995799 -13.81134414899597 3
      vertex 66.30155858313015 -13.690345895067962 0
      vertex 66.52165358995799 -13.81134414899597 0
    endloop
  endfacet
  facet normal -0.5877852522924666 -0.8090169943749523 0
    outer loop
      vertex 66.72484797949738 -13.958973514448422 3
      vertex 66.52165358995799 -13.81134414899597 0
      vertex 66.72484797949738 -13.958973514448422 0
    endloop
  endfacet
  facet normal -0.7705132427757673 0.6374239897487163 -1.777591905813269e-18
    outer loop
      vertex 66.90793725484282 -16.869094211857377 3
      vertex 67.0680339887499 -16.675570504584947 3
      vertex 67.0680339887499 -16.675570504584947 0
    endloop
  endfacet
  facet normal -0.8443279255020375 0.5358267949789614 -1.1499112109432875e-18
    outer loop
      vertex 67.0680339887499 -16.675570504584947 3
      vertex 67.20261336008772 -16.46350734820343 3
      vertex 67.20261336008772 -16.46350734820343 0
    endloop
  endfacet
  facet normal -0.9048270524660215 0.4257792915650685 -1.7244357678559002e-19
    outer loop
      vertex 67.20261336008772 -16.46350734820343 3
      vertex 67.3095529717765 -16.236249105369357 3
      vertex 67.3095529717765 -16.236249105369357 0
    endloop
  endfacet
  facet normal -0.9048270524660228 -0.42577929156506583 1.3093876803852551e-18
    outer loop
      vertex 67.3095529717765 -14.763750894630643 3
      vertex 67.20261336008772 -14.53649265179657 3
      vertex 67.20261336008772 -14.53649265179657 0
    endloop
  endfacet
  facet normal -0.7705132427757673 -0.6374239897487163 0
    outer loop
      vertex 66.90793725484282 -14.130905788142623 3
      vertex 66.90793725484282 -14.130905788142623 0
      vertex 67.0680339887499 -14.324429495415053 3
    endloop
  endfacet
  facet normal -0.8443279255020354 -0.5358267949789645 7.108149785363773e-19
    outer loop
      vertex 67.20261336008772 -14.53649265179657 3
      vertex 67.0680339887499 -14.324429495415053 3
      vertex 67.0680339887499 -14.324429495415053 0
    endloop
  endfacet
  facet normal -0.9510565162951533 0.30901699437494834 1.0366053185097588e-19
    outer loop
      vertex 67.3095529717765 -16.236249105369357 3
      vertex 67.38716632225726 -15.997379774329708 3
      vertex 67.38716632225726 -15.997379774329708 0
    endloop
  endfacet
  facet normal -0.9822872507286837 0.18738131458575097 -1.0772828346904343e-19
    outer loop
      vertex 67.38716632225726 -15.997379774329708 3
      vertex 67.43422940262896 -15.750666467128609 3
      vertex 67.43422940262896 -15.750666467128609 0
    endloop
  endfacet
  facet normal -0.9980267284282713 0.06279051952931565 -5.093261107635422e-19
    outer loop
      vertex 67.43422940262896 -15.750666467128609 3
      vertex 67.45 -15.5 3
      vertex 67.45 -15.5 0
    endloop
  endfacet
  facet normal -0.9980267284282713 -0.06279051952931565 5.093261107635422e-19
    outer loop
      vertex 67.45 -15.5 3
      vertex 67.43422940262896 -15.249333532871391 3
      vertex 67.43422940262896 -15.249333532871391 0
    endloop
  endfacet
  facet normal -0.9822872507286837 -0.18738131458575097 1.0772828346904343e-19
    outer loop
      vertex 67.43422940262896 -15.249333532871391 3
      vertex 67.38716632225726 -15.002620225670292 3
      vertex 67.38716632225726 -15.002620225670292 0
    endloop
  endfacet
  facet normal -0.9510565162951533 -0.30901699437494834 -1.0366053185097588e-19
    outer loop
      vertex 67.38716632225726 -15.002620225670292 3
      vertex 67.3095529717765 -14.763750894630643 3
      vertex 67.3095529717765 -14.763750894630643 0
    endloop
  endfacet
  facet normal -0.12533323356430293 -0.992114701314478 0
    outer loop
      vertex 65.57558103905863 -13.503946543143456 3
      vertex 65.57558103905863 -13.503946543143456 0
      vertex 65.82476262917146 -13.535425498542622 3
    endloop
  endfacet
  facet normal -0.2486898871648574 -0.9685831611286304 0
    outer loop
      vertex 65.82476262917146 -13.535425498542622 3
      vertex 65.82476262917146 -13.535425498542622 0
      vertex 66.0680339887499 -13.597886967409693 3
    endloop
  endfacet
  facet normal -0.4817536741017125 -0.876306680043865 8.323240091238721e-19
    outer loop
      vertex 66.52165358995799 -13.81134414899597 3
      vertex 66.30155858313015 -13.690345895067962 3
      vertex 66.30155858313015 -13.690345895067962 0
    endloop
  endfacet
  facet normal -0.36812455268469274 -0.9297764858882456 0
    outer loop
      vertex 66.0680339887499 -13.597886967409693 3
      vertex 66.0680339887499 -13.597886967409693 0
      vertex 66.30155858313015 -13.690345895067962 3
    endloop
  endfacet
  facet normal -0.5877852522924666 -0.8090169943749523 0
    outer loop
      vertex 66.52165358995799 -13.81134414899597 3
      vertex 66.52165358995799 -13.81134414899597 0
      vertex 66.72484797949738 -13.958973514448422 3
    endloop
  endfacet
  facet normal -0.6845471059287009 -0.7289686274214 -1.850973072687292e-18
    outer loop
      vertex 66.90793725484282 -14.130905788142623 3
      vertex 66.72484797949738 -13.958973514448422 3
      vertex 66.72484797949738 -13.958973514448422 0
    endloop
  endfacet
  facet normal 0 0 -1
    outer loop
      vertex 95.45 -22.5 0
      vertex 65.07523737082855 -17.464574501457378 0
      vertex 65.32441896094137 -17.496053456856544 0
    endloop
  endfacet
  facet normal 0 0 -1
    outer loop
      vertex 95.45 -22.5 0
      vertex 65.32441896094137 -17.496053456856544 0
      vertex 65.57558103905863 -17.496053456856544 0
    endloop
  endfacet
  facet normal 0 0 -1
    outer loop
      vertex 95.45 -22.5 0
      vertex 65.57558103905863 -17.496053456856544 0
      vertex 65.82476262917146 -17.464574501457378 0
    endloop
  endfacet
  facet normal 0 0 -1
    outer loop
      vertex 95.45 -22.5 0
      vertex 65.82476262917146 -17.464574501457378 0
      vertex 66.0680339887499 -17.402113032590307 0
    endloop
  endfacet
  facet normal 0 0 -1
    outer loop
      vertex 95.45 -22.5 0
      vertex 66.0680339887499 -17.402113032590307 0
      vertex 66.30155858313015 -17.30965410493204 0
    endloop
  endfacet
  facet normal 0 0 -1
    outer loop
      vertex 95.45 -22.5 0
      vertex 66.30155858313015 -17.30965410493204 0
      vertex 66.52165358995799 -17.18865585100403 0
    endloop
  endfacet
  facet normal 0 0 -1
    outer loop
      vertex 95.45 -22.5 0
      vertex 66.52165358995799 -17.18865585100403 0
      vertex 66.72484797949738 -17.041026485551576 0
    endloop
  endfacet
  facet normal 0 0 -1
    outer loop
      vertex 95.45 -22.5 0
      vertex 66.72484797949738 -17.041026485551576 0
      vertex 66.90793725484282 -16.869094211857377 0
    endloop
  endfacet
  facet normal 0 0 -1
    outer loop
      vertex 95.45 -22.5 0
      vertex 66.90793725484282 -16.869094211857377 0
      vertex 67.0680339887499 -16.675570504584947 0
    endloop
  endfacet
  facet normal 0 0 -1
    outer loop
      vertex 95.45 -22.5 0
      vertex 67.0680339887499 -16.675570504584947 0
      vertex 67.20261336008772 -16.46350734820343 0
    endloop
  endfacet
  facet normal 0 0 -1
    outer loop
      vertex 95.45 -22.5 0
      vertex 67.20261336008772 -16.46350734820343 0
      vertex 67.3095529717765 -16.236249105369357 0
    endloop
  endfacet
  facet normal 0 0 -1
    outer loop
      vertex 95.45 -22.5 0
      vertex 67.3095529717765 -14.763750894630643 0
      vertex 67.20261336008772 -14.53649265179657 0
    endloop
  endfacet
  facet normal 0 0 -1
    outer loop
      vertex 95.45 -22.5 0
      vertex 67.20261336008772 -14.53649265179657 0
      vertex 67.0680339887499 -14.324429495415053 0
    endloop
  endfacet
  facet normal 0 0 -1
    outer loop
      vertex 95.45 -22.5 0
      vertex 67.0680339887499 -14.324429495415053 0
      vertex 66.90793725484282 -14.130905788142623 0
    endloop
  endfacet
  facet normal 0 0 -1
    outer loop
      vertex 95.45 -22.5 0
      vertex 67.3095529717765 -16.236249105369357 0
      vertex 67.38716632225726 -15.997379774329708 0
    endloop
  endfacet
  facet normal 0 0 -1
    outer loop
      vertex 95.45 -22.5 0
      vertex 67.38716632225726 -15.997379774329708 0
      vertex 67.43422940262896 -15.750666467128609 0
    endloop
  endfacet
  facet normal 0 0 -1
    outer loop
      vertex 95.45 -22.5 0
      vertex 67.43422940262896 -15.750666467128609 0
      vertex 67.45 -15.5 0
    endloop
  endfacet
  facet normal 0 0 -1
    outer loop
      vertex 95.45 -22.5 0
      vertex 67.45 -15.5 0
      vertex 67.43422940262896 -15.249333532871391 0
    endloop
  endfacet
  facet normal 0 0 -1
    outer loop
      vertex 95.45 -22.5 0
      vertex 67.43422940262896 -15.249333532871391 0
      vertex 67.38716632225726 -15.002620225670292 0
    endloop
  endfacet
  facet normal 0 0 -1
    outer loop
      vertex 95.45 -22.5 0
      vertex 67.38716632225726 -15.002620225670292 0
      vertex 67.3095529717765 -14.763750894630643 0
    endloop
  endfacet
  facet normal 0 0.8325554436129199 0.553941723749434
    outer loop
      vertex 65.32441896094137 -17.496053456856544 3
      vertex 65.70116207811725 -19.492106913713087 6
      vertex 65.57558103905863 -17.496053456856544 3
    endloop
  endfacet
  facet normal -0.10434686586956994 0.8259904952677749 0.5539417237494337
    outer loop
      vertex 65.57558103905863 -17.496053456856544 3
      vertex 65.70116207811725 -19.492106913713087 6
      vertex 65.82476262917146 -17.464574501457378 3
    endloop
  endfacet
  facet normal -0.20704811933058492 0.8063991833894514 0.5539417237494335
    outer loop
      vertex 65.82476262917146 -17.464574501457378 3
      vertex 66.1995252583429 -19.429149002914755 6
      vertex 66.0680339887499 -17.402113032590307 3
    endloop
  endfacet
  facet normal -0.30648410026520717 0.7740904746695526 0.5539417237494331
    outer loop
      vertex 66.0680339887499 -17.402113032590307 3
      vertex 66.68606797749979 -19.304226065180615 6
      vertex 66.30155858313015 -17.30965410493204 3
    endloop
  endfacet
  facet normal -0.40108664385391407 0.7295738967448797 0.5539417237494347
    outer loop
      vertex 66.30155858313015 -17.30965410493204 3
      vertex 67.1531171662603 -19.11930820986408 6
      vertex 66.52165358995799 -17.18865585100403 3
    endloop
  endfacet
  facet normal -0.48936381147148583 0.6735515026422286 0.5539417237494357
    outer loop
      vertex 66.52165358995799 -17.18865585100403 3
      vertex 67.593307179916 -18.87731170200806 6
      vertex 66.72484797949738 -17.041026485551576 3
    endloop
  endfacet
  facet normal -0.569923419450407 0.6069067989827279 0.553941723749434
    outer loop
      vertex 66.72484797949738 -17.041026485551576 3
      vertex 67.99969595899476 -18.582052971103156 6
      vertex 66.90793725484282 -16.869094211857377 3
    endloop
  endfacet
  facet normal -0.6414949946488094 0.5306908125547607 0.5539417237494317
    outer loop
      vertex 66.90793725484282 -16.869094211857377 3
      vertex 68.68606797749979 -17.851141009169893 6
      vertex 67.0680339887499 -16.675570504584947 3
    endloop
  endfacet
  facet normal -0.7029498105711238 0.4461055149933973 0.5539417237494364
    outer loop
      vertex 67.0680339887499 -16.675570504584947 3
      vertex 68.95522672017546 -17.42701469640686 6
      vertex 67.20261336008772 -16.46350734820343 3
    endloop
  endfacet
  facet normal -0.7533186880588185 0.35448486697015 0.5539417237494352
    outer loop
      vertex 67.20261336008772 -16.46350734820343 3
      vertex 69.169105943553 -16.972498210738713 6
      vertex 67.3095529717765 -16.236249105369357 3
    endloop
  endfacet
  facet normal -0.7918072798250688 0.2572737808357661 0.5539417237494351
    outer loop
      vertex 67.3095529717765 -16.236249105369357 3
      vertex 69.32433264451453 -16.494759548659417 6
      vertex 67.38716632225726 -15.997379774329708 3
    endloop
  endfacet
  facet normal -0.8178085977857353 0.1560053334897121 0.5539417237494332
    outer loop
      vertex 67.38716632225726 -15.997379774329708 3
      vertex 69.41845880525791 -16.001332934257217 6
      vertex 67.43422940262896 -15.750666467128609 3
    endloop
  endfacet
  facet normal -0.8309125856241507 0.05227658884141511 0.5539417237494337
    outer loop
      vertex 67.43422940262896 -15.750666467128609 3
      vertex 69.45 -15.5 6
      vertex 67.45 -15.5 3
    endloop
  endfacet
  facet normal -0.8309125856241507 -0.05227658884141511 0.5539417237494337
    outer loop
      vertex 67.45 -15.5 3
      vertex 69.45 -15.5 6
      vertex 67.43422940262896 -15.249333532871391 3
    endloop
  endfacet
  facet normal -0.8178085977857353 -0.1560053334897121 0.5539417237494332
    outer loop
      vertex 67.43422940262896 -15.249333532871391 3
      vertex 69.41845880525791 -14.998667065742783 6
      vertex 67.38716632225726 -15.002620225670292 3
    endloop
  endfacet
  facet normal -0.7029498105711222 -0.44610551499340007 0.5539417237494362
    outer loop
      vertex 67.20261336008772 -14.53649265179657 3
      vertex 68.95522672017546 -13.57298530359314 6
      vertex 67.0680339887499 -14.324429495415053 3
    endloop
  endfacet
  facet normal -0.7918072798250687 -0.257273780835766 0.5539417237494353
    outer loop
      vertex 67.38716632225726 -15.002620225670292 3
      vertex 69.32433264451453 -14.50524045134058 6
      vertex 67.3095529717765 -14.763750894630643 3
    endloop
  endfacet
  facet normal -0.7533186880588196 -0.35448486697014775 0.5539417237494351
    outer loop
      vertex 67.3095529717765 -14.763750894630643 3
      vertex 69.169105943553 -14.027501789261288 6
      vertex 67.20261336008772 -14.53649265179657 3
    endloop
  endfacet
  facet normal -0.10434686586956994 -0.8259904952677749 0.5539417237494337
    outer loop
      vertex 65.57558103905863 -13.503946543143456 3
      vertex 65.82476262917146 -13.535425498542622 3
      vertex 65.70116207811725 -11.507893086286913 6
    endloop
  endfacet
  facet normal -0.20704811933058492 -0.8063991833894514 0.5539417237494335
    outer loop
      vertex 65.82476262917146 -13.535425498542622 3
      vertex 66.0680339887499 -13.597886967409693 3
      vertex 66.1995252583429 -11.570850997085245 6
    endloop
  endfacet
  facet normal -0.3064841002652123 -0.7740904746695507 0.553941723749433
    outer loop
      vertex 66.0680339887499 -13.597886967409693 3
      vertex 66.30155858313015 -13.690345895067962 3
      vertex 66.68606797749979 -11.695773934819385 6
    endloop
  endfacet
  facet normal -0.5699234194504104 -0.6069067989827251 0.5539417237494335
    outer loop
      vertex 66.90793725484282 -14.130905788142623 3
      vertex 67.99969595899476 -12.417947028896844 6
      vertex 66.72484797949738 -13.958973514448422 3
    endloop
  endfacet
  facet normal -0.4010866438539049 -0.7295738967448844 0.5539417237494351
    outer loop
      vertex 66.52165358995799 -13.81134414899597 3
      vertex 67.1531171662603 -11.880691790135922 6
      vertex 66.30155858313015 -13.690345895067962 3
    endloop
  endfacet
  facet normal -0.48936381147148594 -0.6735515026422287 0.5539417237494353
    outer loop
      vertex 66.52165358995799 -13.81134414899597 3
      vertex 66.72484797949738 -13.958973514448422 3
      vertex 67.593307179916 -12.122688297991939 6
    endloop
  endfacet
  facet normal -0.6414949946488094 -0.5306908125547607 0.5539417237494317
    outer loop
      vertex 66.90793725484282 -14.130905788142623 3
      vertex 67.0680339887499 -14.324429495415053 3
      vertex 68.68606797749979 -13.148858990830107 6
    endloop
  endfacet
  facet normal 0 -1 0
    outer loop
      vertex 35.45 -22.5 0
      vertex 95.45 -22.5 0
      vertex 95.45 -22.5 8.25
    endloop
  endfacet
  facet normal 0 0 -1
    outer loop
      vertex 95.45 22.5 0
      vertex 64.17515202050262 -13.958973514448422 0
      vertex 63.992062745157185 -14.130905788142623 0
    endloop
  endfacet
  facet normal 0 0 -1
    outer loop
      vertex 95.45 22.5 0
      vertex 64.37834641004201 -13.81134414899597 0
      vertex 64.17515202050262 -13.958973514448422 0
    endloop
  endfacet
  facet normal 0 0 -1
    outer loop
      vertex 95.45 22.5 0
      vertex 64.59844141686986 -13.690345895067962 0
      vertex 64.37834641004201 -13.81134414899597 0
    endloop
  endfacet
  facet normal 0 0 -1
    outer loop
      vertex 95.45 22.5 0
      vertex 64.8319660112501 -13.597886967409693 0
      vertex 64.59844141686986 -13.690345895067962 0
    endloop
  endfacet
  facet normal 0 0 -1
    outer loop
      vertex 95.45 22.5 0
      vertex 65.07523737082855 -13.535425498542622 0
      vertex 64.8319660112501 -13.597886967409693 0
    endloop
  endfacet
  facet normal 0 0 -1
    outer loop
      vertex 95.45 22.5 0
      vertex 65.32441896094137 -13.503946543143456 0
      vertex 65.07523737082855 -13.535425498542622 0
    endloop
  endfacet
  facet normal 0 0 -1
    outer loop
      vertex 95.45 22.5 0
      vertex 65.57558103905863 -13.503946543143456 0
      vertex 65.32441896094137 -13.503946543143456 0
    endloop
  endfacet
  facet normal 0 0 -1
    outer loop
      vertex 95.45 22.5 0
      vertex 65.82476262917146 -13.535425498542622 0
      vertex 65.57558103905863 -13.503946543143456 0
    endloop
  endfacet
  facet normal 0 0 -1
    outer loop
      vertex 95.45 22.5 0
      vertex 66.30155858313015 -13.690345895067962 0
      vertex 66.0680339887499 -13.597886967409693 0
    endloop
  endfacet
  facet normal 0 0 -1
    outer loop
      vertex 95.45 22.5 0
      vertex 66.0680339887499 -13.597886967409693 0
      vertex 65.82476262917146 -13.535425498542622 0
    endloop
  endfacet
  facet normal 0 0 -1
    outer loop
      vertex 95.45 22.5 0
      vertex 66.52165358995799 -13.81134414899597 0
      vertex 66.30155858313015 -13.690345895067962 0
    endloop
  endfacet
  facet normal 0 0 -1
    outer loop
      vertex 95.45 22.5 0
      vertex 66.90793725484282 -14.130905788142623 0
      vertex 66.72484797949738 -13.958973514448422 0
    endloop
  endfacet
  facet normal 0 0 -1
    outer loop
      vertex 95.45 22.5 0
      vertex 66.72484797949738 -13.958973514448422 0
      vertex 66.52165358995799 -13.81134414899597 0
    endloop
  endfacet
  facet normal 0 1 0
    outer loop
      vertex 92.45 -10 3
      vertex 35.45 -10 4.5
      vertex 92.45 -10 4.5
    endloop
  endfacet
  facet normal 0 0 1
    outer loop
      vertex 92.45 -10 3
      vertex 92.45 10 3
      vertex 35.45 -10 3
    endloop
  endfacet
  facet normal 0 0 -1
    outer loop
      vertex 95.45 -22.5 0
      vertex 66.90793725484282 -14.130905788142623 0
      vertex 95.45 22.5 0
    endloop
  endfacet
  facet normal 1 0 0
    outer loop
      vertex 95.45 -22.5 0
      vertex 95.45 22.5 0
      vertex 95.45 -22.5 8.25
    endloop
  endfacet
  facet normal -0.1043468658695695 0.8259904952677748 0.5539417237494337
    outer loop
      vertex 65.82476262917146 -17.464574501457378 3
      vertex 65.70116207811725 -19.492106913713087 6
      vertex 65.90022468033285 -19.466959458903325 6
    endloop
  endfacet
  facet normal -0.10434686586956679 0.8259904952677751 0.5539417237494338
    outer loop
      vertex 65.82476262917146 -17.464574501457378 3
      vertex 65.90022468033285 -19.466959458903325 6
      vertex 65.96341633347224 -19.458976496639245 6
    endloop
  endfacet
  facet normal -0.10434686586957112 0.8259904952677747 0.5539417237494337
    outer loop
      vertex 65.82476262917146 -17.464574501457378 3
      vertex 65.96341633347224 -19.458976496639245 6
      vertex 66.1995252583429 -19.429149002914755 6
    endloop
  endfacet
  facet normal -0.20704811933058492 0.8063991833894514 0.5539417237494335
    outer loop
      vertex 66.0680339887499 -17.402113032590307 3
      vertex 66.1995252583429 -19.429149002914755 6
      vertex 66.68606797749979 -19.304226065180615 6
    endloop
  endfacet
  facet normal -0.30648410026519063 0.7740904746695579 0.5539417237494345
    outer loop
      vertex 66.30155858313015 -17.30965410493204 3
      vertex 66.68606797749979 -19.304226065180615 6
      vertex 67.1531171662603 -19.11930820986408 6
    endloop
  endfacet
  facet normal -0.40108664385390935 0.7295738967448818 0.5539417237494353
    outer loop
      vertex 66.52165358995799 -17.18865585100403 3
      vertex 67.1531171662603 -19.11930820986408 6
      vertex 67.593307179916 -18.87731170200806 6
    endloop
  endfacet
  facet normal -0.48936381147152846 0.673551502642201 0.5539417237494313
    outer loop
      vertex 66.72484797949738 -17.041026485551576 3
      vertex 67.593307179916 -18.87731170200806 6
      vertex 67.6983231629075 -18.801013124244438 6
    endloop
  endfacet
  facet normal -0.4893638114714554 0.6735515026422502 0.5539417237494362
    outer loop
      vertex 66.72484797949738 -17.041026485551576 3
      vertex 67.6983231629075 -18.801013124244438 6
      vertex 67.74292590558622 -18.768607334822672 6
    endloop
  endfacet
  facet normal -0.4893638114714925 0.6735515026422247 0.5539417237494344
    outer loop
      vertex 66.72484797949738 -17.041026485551576 3
      vertex 67.74292590558622 -18.768607334822672 6
      vertex 67.99969595899476 -18.582052971103156 6
    endloop
  endfacet
  facet normal -0.5699234194503979 0.6069067989827356 0.553941723749435
    outer loop
      vertex 66.90793725484282 -16.869094211857377 3
      vertex 67.99969595899476 -18.582052971103156 6
      vertex 68.36587450968565 -18.238188423714753 6
    endloop
  endfacet
  facet normal -0.641494994648831 0.5306908125547314 0.5539417237494351
    outer loop
      vertex 66.90793725484282 -16.869094211857377 3
      vertex 68.36587450968565 -18.238188423714753 6
      vertex 68.68606797749979 -17.851141009169893 6
    endloop
  endfacet
  facet normal -0.7029498105711028 0.4461055149934348 0.5539417237494327
    outer loop
      vertex 67.0680339887499 -16.675570504584947 3
      vertex 68.68606797749979 -17.851141009169893 6
      vertex 68.95522672017546 -17.42701469640686 6
    endloop
  endfacet
  facet normal -0.7533186880588532 0.35448486697007964 0.5539417237494331
    outer loop
      vertex 67.20261336008772 -16.46350734820343 3
      vertex 68.95522672017546 -17.42701469640686 6
      vertex 68.98213727517921 -17.369826856024176 6
    endloop
  endfacet
  facet normal -0.7533186880588183 0.3544848669701515 0.5539417237494344
    outer loop
      vertex 67.20261336008772 -16.46350734820343 3
      vertex 68.98213727517921 -17.369826856024176 6
      vertex 68.99681951253788 -17.33862551341303 6
    endloop
  endfacet
  facet normal -0.7533186880588152 0.3544848669701584 0.5539417237494344
    outer loop
      vertex 67.20261336008772 -16.46350734820343 3
      vertex 68.99681951253788 -17.33862551341303 6
      vertex 69.169105943553 -16.972498210738713 6
    endloop
  endfacet
  facet normal 0 0 1
    outer loop
      vertex 65.90022468033285 -19.466959458903325 6
      vertex 65.9321467210213 -19.470835496392215 6
      vertex 65.96341633347224 -19.458976496639245 6
    endloop
  endfacet
  facet normal 0 0 -1
    outer loop
      vertex 65.96341633347224 -19.458976496639245 6
      vertex 66.68606797749979 -19.304226065180615 6
      vertex 66.1995252583429 -19.429149002914755 6
    endloop
  endfacet
  facet normal 0 0 -1
    outer loop
      vertex 65.96341633347224 -19.458976496639245 6
      vertex 67.1531171662603 -19.11930820986408 6
      vertex 66.68606797749979 -19.304226065180615 6
    endloop
  endfacet
  facet normal 0 0 -1
    outer loop
      vertex 65.96341633347224 -19.458976496639245 6
      vertex 67.593307179916 -18.87731170200806 6
      vertex 67.1531171662603 -19.11930820986408 6
    endloop
  endfacet
  facet normal 0 0 -1
    outer loop
      vertex 65.96341633347224 -19.458976496639245 6
      vertex 67.6983231629075 -18.801013124244438 6
      vertex 67.593307179916 -18.87731170200806 6
    endloop
  endfacet
  facet normal 0 0 1
    outer loop
      vertex 67.6983231629075 -18.801013124244438 6
      vertex 67.72225898692463 -18.791935463574625 6
      vertex 67.74292590558622 -18.768607334822672 6
    endloop
  endfacet
  facet normal 0 0 -1
    outer loop
      vertex 67.74292590558622 -18.768607334822672 6
      vertex 68.36587450968565 -18.238188423714753 6
      vertex 67.99969595899476 -18.582052971103156 6
    endloop
  endfacet
  facet normal 0 0 -1
    outer loop
      vertex 67.74292590558622 -18.768607334822672 6
      vertex 68.68606797749979 -17.851141009169893 6
      vertex 68.36587450968565 -18.238188423714753 6
    endloop
  endfacet
  facet normal 0 0 -1
    outer loop
      vertex 67.74292590558622 -18.768607334822672 6
      vertex 68.95522672017546 -17.42701469640686 6
      vertex 68.68606797749979 -17.851141009169893 6
    endloop
  endfacet
  facet normal 0 0 -1
    outer loop
      vertex 67.74292590558622 -18.768607334822672 6
      vertex 68.98213727517921 -17.369826856024176 6
      vertex 68.95522672017546 -17.42701469640686 6
    endloop
  endfacet
  facet normal 0 0 1
    outer loop
      vertex 68.98213727517921 -17.369826856024176 6
      vertex 68.99182410261284 -17.358892688175075 6
      vertex 68.99681951253788 -17.33862551341303 6
    endloop
  endfacet
  facet normal 0 0 -1
    outer loop
      vertex 68.99681951253788 -17.33862551341303 6
      vertex 69.32433264451453 -16.494759548659417 6
      vertex 69.169105943553 -16.972498210738713 6
    endloop
  endfacet
  facet normal -0.7918072798250688 0.2572737808357661 0.5539417237494351
    outer loop
      vertex 67.3095529717765 -16.236249105369357 3
      vertex 69.169105943553 -16.972498210738713 6
      vertex 69.32433264451453 -16.494759548659417 6
    endloop
  endfacet
  facet normal -0.8178085977857382 0.1560053334896891 0.553941723749435
    outer loop
      vertex 67.38716632225726 -15.997379774329708 3
      vertex 69.32433264451453 -16.494759548659417 6
      vertex 69.41845880525791 -16.001332934257217 6
    endloop
  endfacet
  facet normal -0.8309125856241507 0.05227658884141511 0.5539417237494337
    outer loop
      vertex 67.43422940262896 -15.750666467128609 3
      vertex 69.41845880525791 -16.001332934257217 6
      vertex 69.45 -15.5 6
    endloop
  endfacet
  facet normal -0.8178085977857383 -0.156005333489688 0.5539417237494352
    outer loop
      vertex 67.38716632225726 -15.002620225670292 3
      vertex 69.41845880525791 -14.998667065742783 6
      vertex 69.32433264451453 -14.50524045134058 6
    endloop
  endfacet
  facet normal -0.8309125856241507 -0.05227658884141511 0.5539417237494337
    outer loop
      vertex 67.43422940262896 -15.249333532871391 3
      vertex 69.45 -15.5 6
      vertex 69.41845880525791 -14.998667065742783 6
    endloop
  endfacet
  facet normal -0.7918072798250679 -0.25727378083576863 0.553941723749435
    outer loop
      vertex 67.3095529717765 -14.763750894630643 3
      vertex 69.32433264451453 -14.50524045134058 6
      vertex 69.169105943553 -14.027501789261288 6
    endloop
  endfacet
  facet normal -0.7533186880588165 -0.35448486697015563 0.5539417237494344
    outer loop
      vertex 67.20261336008772 -14.53649265179657 3
      vertex 69.169105943553 -14.027501789261288 6
      vertex 68.99681951253788 -13.661374486586967 6
    endloop
  endfacet
  facet normal 0 -0.8325554436129199 0.553941723749434
    outer loop
      vertex 65.57558103905863 -13.503946543143456 3
      vertex 65.70116207811725 -11.507893086286913 6
      vertex 65.19883792188276 -11.507893086286913 6
    endloop
  endfacet
  facet normal -0.1043468658695695 -0.8259904952677748 0.5539417237494336
    outer loop
      vertex 65.82476262917146 -13.535425498542622 3
      vertex 65.90022468033285 -11.533040541096675 6
      vertex 65.70116207811725 -11.507893086286913 6
    endloop
  endfacet
  facet normal -0.1043468658695668 -0.8259904952677752 0.5539417237494338
    outer loop
      vertex 65.82476262917146 -13.535425498542622 3
      vertex 65.96341633347224 -11.541023503360755 6
      vertex 65.90022468033285 -11.533040541096675 6
    endloop
  endfacet
  facet normal -0.10434686586957112 -0.8259904952677747 0.5539417237494337
    outer loop
      vertex 65.82476262917146 -13.535425498542622 3
      vertex 66.1995252583429 -11.570850997085245 6
      vertex 65.96341633347224 -11.541023503360755 6
    endloop
  endfacet
  facet normal -0.20704811933058492 -0.8063991833894514 0.5539417237494335
    outer loop
      vertex 66.0680339887499 -13.597886967409693 3
      vertex 66.68606797749979 -11.695773934819385 6
      vertex 66.1995252583429 -11.570850997085245 6
    endloop
  endfacet
  facet normal -0.3064841002651932 -0.7740904746695569 0.5539417237494346
    outer loop
      vertex 66.30155858313015 -13.690345895067962 3
      vertex 67.1531171662603 -11.880691790135922 6
      vertex 66.68606797749979 -11.695773934819385 6
    endloop
  endfacet
  facet normal -0.40108664385390724 -0.7295738967448834 0.553941723749435
    outer loop
      vertex 66.52165358995799 -13.81134414899597 3
      vertex 67.593307179916 -12.122688297991939 6
      vertex 67.1531171662603 -11.880691790135922 6
    endloop
  endfacet
  facet normal -0.7029498105711028 -0.44610551499343487 0.5539417237494327
    outer loop
      vertex 67.0680339887499 -14.324429495415053 3
      vertex 68.95522672017546 -13.57298530359314 6
      vertex 68.68606797749979 -13.148858990830107 6
    endloop
  endfacet
  facet normal -0.5699234194503963 -0.6069067989827369 0.5539417237494352
    outer loop
      vertex 66.90793725484282 -14.130905788142623 3
      vertex 68.36587450968565 -12.761811576285245 6
      vertex 67.99969595899476 -12.417947028896844 6
    endloop
  endfacet
  facet normal -0.4893638114714927 -0.673551502642225 0.5539417237494338
    outer loop
      vertex 66.72484797949738 -13.958973514448422 3
      vertex 67.99969595899476 -12.417947028896844 6
      vertex 67.74292590558622 -12.231392665177328 6
    endloop
  endfacet
  facet normal -0.48936381147152097 -0.6735515026422064 0.5539417237494316
    outer loop
      vertex 66.72484797949738 -13.958973514448422 3
      vertex 67.6983231629075 -12.19898687575556 6
      vertex 67.593307179916 -12.122688297991939 6
    endloop
  endfacet
  facet normal -0.4893638114714733 -0.6735515026422378 0.5539417237494352
    outer loop
      vertex 66.72484797949738 -13.958973514448422 3
      vertex 67.74292590558622 -12.231392665177328 6
      vertex 67.6983231629075 -12.19898687575556 6
    endloop
  endfacet
  facet normal -0.6414949946488321 -0.5306908125547298 0.5539417237494351
    outer loop
      vertex 66.90793725484282 -14.130905788142623 3
      vertex 68.68606797749979 -13.148858990830107 6
      vertex 68.36587450968565 -12.761811576285245 6
    endloop
  endfacet
  facet normal -0.7533186880588189 -0.3544848669701518 0.5539417237494336
    outer loop
      vertex 67.20261336008772 -14.53649265179657 3
      vertex 68.99681951253788 -13.661374486586967 6
      vertex 68.98213727517921 -13.630173143975822 6
    endloop
  endfacet
  facet normal -0.7533186880588488 -0.3544848669700886 0.5539417237494332
    outer loop
      vertex 67.20261336008772 -14.53649265179657 3
      vertex 68.98213727517921 -13.630173143975822 6
      vertex 68.95522672017546 -13.57298530359314 6
    endloop
  endfacet
  facet normal 0 0 -1
    outer loop
      vertex 65.19883792188276 -11.507893086286913 6
      vertex 65.70116207811725 -11.507893086286913 6
      vertex 65.90022468033285 -11.533040541096675 6
    endloop
  endfacet
  facet normal 0 0 1
    outer loop
      vertex 65.90022468033285 -11.533040541096675 6
      vertex 65.96341633347224 -11.541023503360755 6
      vertex 65.9321467210213 -11.529164503607785 6
    endloop
  endfacet
  facet normal 0 0 -1
    outer loop
      vertex 65.96341633347224 -11.541023503360755 6
      vertex 66.1995252583429 -11.570850997085245 6
      vertex 67.6983231629075 -12.19898687575556 6
    endloop
  endfacet
  facet normal 0 0 -1
    outer loop
      vertex 66.1995252583429 -11.570850997085245 6
      vertex 66.68606797749979 -11.695773934819385 6
      vertex 67.6983231629075 -12.19898687575556 6
    endloop
  endfacet
  facet normal 0 0 -1
    outer loop
      vertex 66.68606797749979 -11.695773934819385 6
      vertex 67.1531171662603 -11.880691790135922 6
      vertex 67.6983231629075 -12.19898687575556 6
    endloop
  endfacet
  facet normal 0 0 -1
    outer loop
      vertex 68.98213727517921 -13.630173143975822 6
      vertex 67.74292590558622 -12.231392665177328 6
      vertex 67.99969595899476 -12.417947028896844 6
    endloop
  endfacet
  facet normal 0 0 -1
    outer loop
      vertex 68.95522672017546 -13.57298530359314 6
      vertex 68.98213727517921 -13.630173143975822 6
      vertex 68.68606797749979 -13.148858990830107 6
    endloop
  endfacet
  facet normal 0 0 1
    outer loop
      vertex 68.98213727517921 -13.630173143975822 6
      vertex 68.99681951253788 -13.661374486586967 6
      vertex 68.99182410261284 -13.641107311824925 6
    endloop
  endfacet
  facet normal 0 0 -1
    outer loop
      vertex 68.98213727517921 -13.630173143975822 6
      vertex 68.36587450968565 -12.761811576285245 6
      vertex 68.68606797749979 -13.148858990830107 6
    endloop
  endfacet
  facet normal 0 0 -1
    outer loop
      vertex 68.98213727517921 -13.630173143975822 6
      vertex 67.99969595899476 -12.417947028896844 6
      vertex 68.36587450968565 -12.761811576285245 6
    endloop
  endfacet
  facet normal 0 0 -1
    outer loop
      vertex 67.1531171662603 -11.880691790135922 6
      vertex 67.593307179916 -12.122688297991939 6
      vertex 67.6983231629075 -12.19898687575556 6
    endloop
  endfacet
  facet normal 0 0 1
    outer loop
      vertex 67.6983231629075 -12.19898687575556 6
      vertex 67.74292590558622 -12.231392665177328 6
      vertex 67.72225898692463 -12.208064536425374 6
    endloop
  endfacet
  facet normal 0 0 -1
    outer loop
      vertex 68.99681951253788 -17.33862551341303 6
      vertex 69.41845880525791 -16.001332934257217 6
      vertex 69.32433264451453 -16.494759548659417 6
    endloop
  endfacet
  facet normal 0 0 -1
    outer loop
      vertex 68.99681951253788 -17.33862551341303 6
      vertex 69.45 -15.5 6
      vertex 69.41845880525791 -16.001332934257217 6
    endloop
  endfacet
  facet normal 0 0 -1
    outer loop
      vertex 69.45 -15.5 6
      vertex 69.32433264451453 -14.50524045134058 6
      vertex 69.41845880525791 -14.998667065742783 6
    endloop
  endfacet
  facet normal 0 0 -1
    outer loop
      vertex 69.45 -15.5 6
      vertex 69.169105943553 -14.027501789261288 6
      vertex 69.32433264451453 -14.50524045134058 6
    endloop
  endfacet
  facet normal 0 0 -1
    outer loop
      vertex 69.45 -15.5 6
      vertex 68.99681951253788 -13.661374486586967 6
      vertex 69.169105943553 -14.027501789261288 6
    endloop
  endfacet
  facet normal -0.3546048870425245 0.9350162426854189 0
    outer loop
      vertex 65.9321467210213 -19.470835496392215 6
      vertex 65.9321467210213 -19.470835496392215 8.25
      vertex 65.96341633347224 -19.458976496639245 6
    endloop
  endfacet
  facet normal -0.35460488704253695 0.9350162426854143 -1.9713167431745992e-16
    outer loop
      vertex 65.96341633347224 -19.458976496639245 6
      vertex 65.9321467210213 -19.470835496392215 8.25
      vertex 67.6983231629075 -18.801013124244438 6
    endloop
  endfacet
  facet normal -0.354604887042457 0.9350162426854446 7.15809828755215e-14
    outer loop
      vertex 67.6983231629075 -18.801013124244438 6
      vertex 65.9321467210213 -19.470835496392215 8.25
      vertex 67.72225898692463 -18.791935463574625 6
    endloop
  endfacet
  facet normal -0.7485107481711093 0.6631226582407859 0
    outer loop
      vertex 67.72225898692463 -18.791935463574625 6
      vertex 67.72225898692463 -18.791935463574625 8.25
      vertex 67.74292590558622 -18.768607334822672 6
    endloop
  endfacet
  facet normal -0.7485107481711026 0.6631226582407933 1.3792549892150682e-16
    outer loop
      vertex 67.74292590558622 -18.768607334822672 6
      vertex 67.72225898692463 -18.791935463574625 8.25
      vertex 68.98213727517921 -17.369826856024176 6
    endloop
  endfacet
  facet normal -0.7485107481710537 0.6631226582408489 6.272014233956713e-14
    outer loop
      vertex 68.98213727517921 -17.369826856024176 6
      vertex 67.72225898692463 -18.791935463574625 8.25
      vertex 68.99182410261284 -17.358892688175075 6
    endloop
  endfacet
  facet normal -0.970941817426051 0.23931566428756207 0
    outer loop
      vertex 68.99182410261284 -17.358892688175075 6
      vertex 68.99182410261284 -17.358892688175075 8.25
      vertex 68.99681951253788 -17.33862551341303 6
    endloop
  endfacet
  facet normal 0 0 1
    outer loop
      vertex 35.45 -22.5 8.25
      vertex 95.45 -22.5 8.25
      vertex 65.9321467210213 -19.470835496392215 8.25
    endloop
  endfacet
  facet normal -0.35460488704253573 0.9350162426854148 0
    outer loop
      vertex 67.72225898692463 -18.791935463574625 6
      vertex 65.9321467210213 -19.470835496392215 8.25
      vertex 67.72225898692463 -18.791935463574625 8.25
    endloop
  endfacet
  facet normal -0.7485107481711024 0.6631226582407936 0
    outer loop
      vertex 68.99182410261284 -17.358892688175075 6
      vertex 67.72225898692463 -18.791935463574625 8.25
      vertex 68.99182410261284 -17.358892688175075 8.25
    endloop
  endfacet
  facet normal -0.9709418174260517 0.23931566428755957 -2.3837524964389896e-17
    outer loop
      vertex 68.99681951253788 -17.33862551341303 6
      vertex 68.99182410261284 -17.358892688175075 8.25
      vertex 69.45 -15.5 6
    endloop
  endfacet
  facet normal -0.970941817426046 -0.23931566428758183 -1.9522000899211393e-14
    outer loop
      vertex 68.99681951253788 -13.661374486586967 6
      vertex 69.45 -15.5 8.25
      vertex 68.99182410261284 -13.641107311824925 6
    endloop
  endfacet
  facet normal 0.12053668025525584 -0.9927088740980621 -2.3464846083510378e-20
    outer loop
      vertex 65.90022468033285 -11.533040541096675 6
      vertex 65.9321467210213 -11.529164503607785 6
      vertex 65.9321467210213 -11.529164503607785 8.25
    endloop
  endfacet
  facet normal -0.3546048870425362 -0.9350162426854146 9.607854341608265e-16
    outer loop
      vertex 65.96341633347224 -11.541023503360755 6
      vertex 67.6983231629075 -12.19898687575556 6
      vertex 67.72225898692463 -12.208064536425374 8.25
    endloop
  endfacet
  facet normal -0.3546048870425245 -0.9350162426854189 -9.377581842998552e-15
    outer loop
      vertex 65.9321467210213 -11.529164503607785 6
      vertex 65.96341633347224 -11.541023503360755 6
      vertex 67.72225898692463 -12.208064536425374 8.25
    endloop
  endfacet
  facet normal -0.7485107481711344 -0.6631226582407576 4.047962663830774e-14
    outer loop
      vertex 67.72225898692463 -12.208064536425374 6
      vertex 67.74292590558622 -12.231392665177328 6
      vertex 68.99182410261284 -13.641107311824925 8.25
    endloop
  endfacet
  facet normal -0.7485107481711072 -0.6631226582407885 -1.0263414508815923e-19
    outer loop
      vertex 68.98213727517921 -13.630173143975822 6
      vertex 68.99182410261284 -13.641107311824925 6
      vertex 68.99182410261284 -13.641107311824925 8.25
    endloop
  endfacet
  facet normal -0.7485107481711024 -0.6631226582407939 -4.63849519278592e-17
    outer loop
      vertex 68.98213727517921 -13.630173143975822 6
      vertex 68.99182410261284 -13.641107311824925 8.25
      vertex 67.74292590558622 -12.231392665177328 6
    endloop
  endfacet
  facet normal -0.354604887042457 -0.9350162426854446 -5.268183430404081e-20
    outer loop
      vertex 67.6983231629075 -12.19898687575556 6
      vertex 67.72225898692463 -12.208064536425374 6
      vertex 67.72225898692463 -12.208064536425374 8.25
    endloop
  endfacet
  facet normal -0.9709418174260517 -0.23931566428755932 0
    outer loop
      vertex 69.45 -15.5 6
      vertex 69.45 -15.5 8.25
      vertex 68.99681951253788 -13.661374486586967 6
    endloop
  endfacet
  facet normal -0.9709418174260515 -0.23931566428755954 0
    outer loop
      vertex 68.99182410261284 -13.641107311824925 6
      vertex 69.45 -15.5 8.25
      vertex 68.99182410261284 -13.641107311824925 8.25
    endloop
  endfacet
  facet normal -0.35460488704253484 -0.935016242685415 0
    outer loop
      vertex 65.9321467210213 -11.529164503607785 6
      vertex 67.72225898692463 -12.208064536425374 8.25
      vertex 65.9321467210213 -11.529164503607785 8.25
    endloop
  endfacet
  facet normal -0.7485107481711029 -0.6631226582407932 0
    outer loop
      vertex 67.72225898692463 -12.208064536425374 6
      vertex 68.99182410261284 -13.641107311824925 8.25
      vertex 67.72225898692463 -12.208064536425374 8.25
    endloop
  endfacet
  facet normal -0.9709418174260515 0.23931566428755954 0
    outer loop
      vertex 69.45 -15.5 6
      vertex 68.99182410261284 -17.358892688175075 8.25
      vertex 69.45 -15.5 8.25
    endloop
  endfacet
  facet normal 0 0 1
    outer loop
      vertex 95.45 -22.5 8.25
      vertex 67.72225898692463 -18.791935463574625 8.25
      vertex 65.9321467210213 -19.470835496392215 8.25
    endloop
  endfacet
  facet normal 0 0 1
    outer loop
      vertex 95.45 -22.5 8.25
      vertex 68.99182410261284 -17.358892688175075 8.25
      vertex 67.72225898692463 -18.791935463574625 8.25
    endloop
  endfacet
  facet normal 0 0 1
    outer loop
      vertex 95.45 -22.5 8.25
      vertex 69.45 -15.5 8.25
      vertex 68.99182410261284 -17.358892688175075 8.25
    endloop
  endfacet
  facet normal 0 0 1
    outer loop
      vertex 92.45 -4.75 8.25
      vertex 68.99182410261284 -13.641107311824925 8.25
      vertex 69.45 -15.5 8.25
    endloop
  endfacet
  facet normal 0 0.5812381937190965 -0.813733471206735
    outer loop
      vertex 92.45 -10 4.5
      vertex 35.45 -4.75 8.25
      vertex 92.45 -4.75 8.25
    endloop
  endfacet
  facet normal 0 0 1
    outer loop
      vertex 92.45 -4.75 8.25
      vertex 67.72225898692463 -12.208064536425374 8.25
      vertex 68.99182410261284 -13.641107311824925 8.25
    endloop
  endfacet
  facet normal 0 0 1
    outer loop
      vertex 92.45 -4.75 8.25
      vertex 65.9321467210213 -11.529164503607785 8.25
      vertex 67.72225898692463 -12.208064536425374 8.25
    endloop
  endfacet
  facet normal 0 0 1
    outer loop
      vertex 95.45 -22.5 8.25
      vertex 92.45 -4.75 8.25
      vertex 69.45 -15.5 8.25
    endloop
  endfacet
  facet normal -1 0 0
    outer loop
      vertex 92.45 -10 3
      vertex 92.45 -10 4.5
      vertex 92.45 4.75 8.25
    endloop
  endfacet
  facet normal -1 0 0
    outer loop
      vertex 92.45 -10 4.5
      vertex 92.45 -4.75 8.25
      vertex 92.45 4.75 8.25
    endloop
  endfacet
  facet normal 0 0 1
    outer loop
      vertex 95.45 -22.5 8.25
      vertex 95.45 22.5 8.25
      vertex 92.45 -4.75 8.25
    endloop
  endfacet
  facet normal 0 0 -1
    outer loop
      vertex 35.45 -22.5 0
      vertex 66.0680339887499 13.597886967409693 0
      vertex 95.45 22.5 0
    endloop
  endfacet
  facet normal 0 -1 0
    outer loop
      vertex 92.45 10 3
      vertex 92.45 10 4.5
      vertex 35.45 10 3
    endloop
  endfacet
  facet normal -0.12533323356430293 0.992114701314478 0
    outer loop
      vertex 65.57558103905863 13.503946543143456 3
      vertex 65.82476262917146 13.535425498542622 0
      vertex 65.57558103905863 13.503946543143456 0
    endloop
  endfacet
  facet normal -0.2486898871648574 0.9685831611286304 0
    outer loop
      vertex 65.82476262917146 13.535425498542622 3
      vertex 66.0680339887499 13.597886967409693 0
      vertex 65.82476262917146 13.535425498542622 0
    endloop
  endfacet
  facet normal -0.3681245526846988 0.9297764858882431 0
    outer loop
      vertex 66.0680339887499 13.597886967409693 3
      vertex 66.30155858313015 13.690345895067964 0
      vertex 66.0680339887499 13.597886967409693 0
    endloop
  endfacet
  facet normal -0.4817536741017125 0.876306680043865 0
    outer loop
      vertex 66.30155858313015 13.690345895067964 3
      vertex 66.52165358995799 13.811344148995971 0
      vertex 66.30155858313015 13.690345895067964 0
    endloop
  endfacet
  facet normal -0.5877852522924666 0.8090169943749523 0
    outer loop
      vertex 66.52165358995799 13.811344148995971 3
      vertex 66.72484797949738 13.958973514448424 0
      vertex 66.52165358995799 13.811344148995971 0
    endloop
  endfacet
  facet normal -0.6845471059286896 0.7289686274214104 0
    outer loop
      vertex 66.72484797949738 13.958973514448424 3
      vertex 66.90793725484282 14.13090578814262 0
      vertex 66.72484797949738 13.958973514448424 0
    endloop
  endfacet
  facet normal -0.7705132427757729 0.6374239897487093 0
    outer loop
      vertex 66.90793725484282 14.13090578814262 3
      vertex 67.0680339887499 14.324429495415053 0
      vertex 66.90793725484282 14.13090578814262 0
    endloop
  endfacet
  facet normal -0.8443279255020375 0.5358267949789614 0
    outer loop
      vertex 67.0680339887499 14.324429495415053 3
      vertex 67.20261336008772 14.536492651796571 0
      vertex 67.0680339887499 14.324429495415053 0
    endloop
  endfacet
  facet normal -0.904827052466024 0.42577929156506306 0
    outer loop
      vertex 67.20261336008772 14.536492651796571 3
      vertex 67.3095529717765 14.763750894630647 0
      vertex 67.20261336008772 14.536492651796571 0
    endloop
  endfacet
  facet normal -0.904827052466024 -0.42577929156506306 0
    outer loop
      vertex 67.3095529717765 16.236249105369353 3
      vertex 67.20261336008772 16.46350734820343 0
      vertex 67.3095529717765 16.236249105369353 0
    endloop
  endfacet
  facet normal -0.7705132427757729 -0.6374239897487093 0
    outer loop
      vertex 67.0680339887499 16.675570504584947 3
      vertex 66.90793725484282 16.86909421185738 0
      vertex 67.0680339887499 16.675570504584947 0
    endloop
  endfacet
  facet normal -0.8443279255020375 -0.5358267949789614 0
    outer loop
      vertex 67.20261336008772 16.46350734820343 3
      vertex 67.0680339887499 16.675570504584947 0
      vertex 67.20261336008772 16.46350734820343 0
    endloop
  endfacet
  facet normal -0.9510565162951519 0.3090169943749525 0
    outer loop
      vertex 67.3095529717765 14.763750894630647 3
      vertex 67.38716632225726 15.002620225670292 0
      vertex 67.3095529717765 14.763750894630647 0
    endloop
  endfacet
  facet normal -0.9822872507286835 0.18738131458575227 0
    outer loop
      vertex 67.38716632225726 15.002620225670292 3
      vertex 67.43422940262896 15.24933353287139 0
      vertex 67.38716632225726 15.002620225670292 0
    endloop
  endfacet
  facet normal -0.9980267284282714 0.06279051952931522 0
    outer loop
      vertex 67.43422940262896 15.24933353287139 3
      vertex 67.45 15.5 0
      vertex 67.43422940262896 15.24933353287139 0
    endloop
  endfacet
  facet normal -0.9980267284282714 -0.06279051952931522 0
    outer loop
      vertex 67.45 15.5 3
      vertex 67.43422940262896 15.75066646712861 0
      vertex 67.45 15.5 0
    endloop
  endfacet
  facet normal -0.9822872507286835 -0.18738131458575227 0
    outer loop
      vertex 67.43422940262896 15.75066646712861 3
      vertex 67.38716632225726 15.997379774329708 0
      vertex 67.43422940262896 15.75066646712861 0
    endloop
  endfacet
  facet normal -0.9510565162951519 -0.3090169943749525 0
    outer loop
      vertex 67.38716632225726 15.997379774329708 3
      vertex 67.3095529717765 16.236249105369353 0
      vertex 67.38716632225726 15.997379774329708 0
    endloop
  endfacet
  facet normal 0 1 0
    outer loop
      vertex 65.32441896094137 13.503946543143456 3
      vertex 65.57558103905863 13.503946543143456 3
      vertex 65.57558103905863 13.503946543143456 0
    endloop
  endfacet
  facet normal -0.12533323356430293 0.992114701314478 5.338953121706765e-19
    outer loop
      vertex 65.57558103905863 13.503946543143456 3
      vertex 65.82476262917146 13.535425498542622 3
      vertex 65.82476262917146 13.535425498542622 0
    endloop
  endfacet
  facet normal -0.2486898871648574 0.9685831611286304 5.336412025807985e-19
    outer loop
      vertex 65.82476262917146 13.535425498542622 3
      vertex 66.0680339887499 13.597886967409693 3
      vertex 66.0680339887499 13.597886967409693 0
    endloop
  endfacet
  facet normal -0.3681245526846988 0.9297764858882431 -1.9411054994733957e-18
    outer loop
      vertex 66.0680339887499 13.597886967409693 3
      vertex 66.30155858313015 13.690345895067964 3
      vertex 66.30155858313015 13.690345895067964 0
    endloop
  endfacet
  facet normal -0.4817536741017125 0.876306680043865 -8.323240091238721e-19
    outer loop
      vertex 66.30155858313015 13.690345895067964 3
      vertex 66.52165358995799 13.811344148995971 3
      vertex 66.52165358995799 13.811344148995971 0
    endloop
  endfacet
  facet normal -0.5877852522924666 0.8090169943749523 -1.1103276684493262e-18
    outer loop
      vertex 66.52165358995799 13.811344148995971 3
      vertex 66.72484797949738 13.958973514448424 3
      vertex 66.72484797949738 13.958973514448424 0
    endloop
  endfacet
  facet normal -0.6845471059286896 0.7289686274214104 -3.7901557247849376e-18
    outer loop
      vertex 66.72484797949738 13.958973514448424 3
      vertex 66.90793725484282 14.13090578814262 3
      vertex 66.90793725484282 14.13090578814262 0
    endloop
  endfacet
  facet normal -0.7705132427757729 0.6374239897487093 -2.058212344221658e-18
    outer loop
      vertex 66.90793725484282 14.13090578814262 3
      vertex 67.0680339887499 14.324429495415053 3
      vertex 67.0680339887499 14.324429495415053 0
    endloop
  endfacet
  facet normal -0.8443279255020375 0.5358267949789614 -1.1499112109432875e-18
    outer loop
      vertex 67.0680339887499 14.324429495415053 3
      vertex 67.20261336008772 14.536492651796571 3
      vertex 67.20261336008772 14.536492651796571 0
    endloop
  endfacet
  facet normal -0.904827052466024 0.42577929156506306 2.158194209696259e-18
    outer loop
      vertex 67.20261336008772 14.536492651796571 3
      vertex 67.3095529717765 14.763750894630647 3
      vertex 67.3095529717765 14.763750894630647 0
    endloop
  endfacet
  facet normal -0.904827052466024 -0.42577929156506306 -2.158194209696259e-18
    outer loop
      vertex 67.3095529717765 16.236249105369353 3
      vertex 67.20261336008772 16.46350734820343 3
      vertex 67.20261336008772 16.46350734820343 0
    endloop
  endfacet
  facet normal -0.7705132427757729 -0.6374239897487093 0
    outer loop
      vertex 66.90793725484282 16.86909421185738 3
      vertex 66.90793725484282 16.86909421185738 0
      vertex 67.0680339887499 16.675570504584947 3
    endloop
  endfacet
  facet normal -0.8443279255020375 -0.5358267949789614 1.1499112109432875e-18
    outer loop
      vertex 67.20261336008772 16.46350734820343 3
      vertex 67.0680339887499 16.675570504584947 3
      vertex 67.0680339887499 16.675570504584947 0
    endloop
  endfacet
  facet normal -0.9510565162951519 0.3090169943749525 -2.0884202665728927e-18
    outer loop
      vertex 67.3095529717765 14.763750894630647 3
      vertex 67.38716632225726 15.002620225670292 3
      vertex 67.38716632225726 15.002620225670292 0
    endloop
  endfacet
  facet normal -0.9822872507286835 0.18738131458575227 -5.511310151907976e-19
    outer loop
      vertex 67.38716632225726 15.002620225670292 3
      vertex 67.43422940262896 15.24933353287139 3
      vertex 67.43422940262896 15.24933353287139 0
    endloop
  endfacet
  facet normal -0.9980267284282714 0.06279051952931522 -1.6607778841451165e-19
    outer loop
      vertex 67.43422940262896 15.24933353287139 3
      vertex 67.45 15.5 3
      vertex 67.45 15.5 0
    endloop
  endfacet
  facet normal -0.9980267284282714 -0.06279051952931522 1.6607778841451165e-19
    outer loop
      vertex 67.45 15.5 3
      vertex 67.43422940262896 15.75066646712861 3
      vertex 67.43422940262896 15.75066646712861 0
    endloop
  endfacet
  facet normal -0.9822872507286835 -0.18738131458575227 5.511310151907976e-19
    outer loop
      vertex 67.43422940262896 15.75066646712861 3
      vertex 67.38716632225726 15.997379774329708 3
      vertex 67.38716632225726 15.997379774329708 0
    endloop
  endfacet
  facet normal -0.9510565162951519 -0.3090169943749525 2.0884202665728927e-18
    outer loop
      vertex 67.38716632225726 15.997379774329708 3
      vertex 67.3095529717765 16.236249105369353 3
      vertex 67.3095529717765 16.236249105369353 0
    endloop
  endfacet
  facet normal 0 -1 0
    outer loop
      vertex 65.57558103905863 17.496053456856544 3
      vertex 65.32441896094137 17.496053456856544 0
      vertex 65.57558103905863 17.496053456856544 0
    endloop
  endfacet
  facet normal -0.12533323356430293 -0.992114701314478 0
    outer loop
      vertex 65.82476262917146 17.464574501457378 3
      vertex 65.57558103905863 17.496053456856544 0
      vertex 65.82476262917146 17.464574501457378 0
    endloop
  endfacet
  facet normal -0.2486898871648574 -0.9685831611286304 0
    outer loop
      vertex 66.0680339887499 17.402113032590307 3
      vertex 65.82476262917146 17.464574501457378 0
      vertex 66.0680339887499 17.402113032590307 0
    endloop
  endfacet
  facet normal -0.3681245526846988 -0.9297764858882431 0
    outer loop
      vertex 66.30155858313015 17.309654104932036 3
      vertex 66.0680339887499 17.402113032590307 0
      vertex 66.30155858313015 17.309654104932036 0
    endloop
  endfacet
  facet normal -0.6845471059286896 -0.7289686274214104 0
    outer loop
      vertex 66.90793725484282 16.86909421185738 3
      vertex 66.72484797949738 17.041026485551576 0
      vertex 66.90793725484282 16.86909421185738 0
    endloop
  endfacet
  facet normal -0.5877852522924666 -0.8090169943749523 0
    outer loop
      vertex 66.72484797949738 17.041026485551576 3
      vertex 66.52165358995799 17.18865585100403 0
      vertex 66.72484797949738 17.041026485551576 0
    endloop
  endfacet
  facet normal -0.4817536741017125 -0.876306680043865 0
    outer loop
      vertex 66.52165358995799 17.18865585100403 3
      vertex 66.30155858313015 17.309654104932036 0
      vertex 66.52165358995799 17.18865585100403 0
    endloop
  endfacet
  facet normal -0.12533323356430293 -0.992114701314478 0
    outer loop
      vertex 65.57558103905863 17.496053456856544 3
      vertex 65.57558103905863 17.496053456856544 0
      vertex 65.82476262917146 17.464574501457378 3
    endloop
  endfacet
  facet normal -0.2486898871648574 -0.9685831611286304 0
    outer loop
      vertex 65.82476262917146 17.464574501457378 3
      vertex 65.82476262917146 17.464574501457378 0
      vertex 66.0680339887499 17.402113032590307 3
    endloop
  endfacet
  facet normal -0.3681245526846988 -0.9297764858882431 0
    outer loop
      vertex 66.0680339887499 17.402113032590307 3
      vertex 66.0680339887499 17.402113032590307 0
      vertex 66.30155858313015 17.309654104932036 3
    endloop
  endfacet
  facet normal -0.4817536741017125 -0.876306680043865 0
    outer loop
      vertex 66.30155858313015 17.309654104932036 3
      vertex 66.30155858313015 17.309654104932036 0
      vertex 66.52165358995799 17.18865585100403 3
    endloop
  endfacet
  facet normal -0.5877852522924666 -0.8090169943749523 1.1103276684493262e-18
    outer loop
      vertex 66.72484797949738 17.041026485551576 3
      vertex 66.52165358995799 17.18865585100403 3
      vertex 66.52165358995799 17.18865585100403 0
    endloop
  endfacet
  facet normal -0.6845471059286896 -0.7289686274214104 0
    outer loop
      vertex 66.72484797949738 17.041026485551576 3
      vertex 66.72484797949738 17.041026485551576 0
      vertex 66.90793725484282 16.86909421185738 3
    endloop
  endfacet
  facet normal 0 0 -1
    outer loop
      vertex 95.45 22.5 0
      vertex 66.0680339887499 13.597886967409693 0
      vertex 66.30155858313015 13.690345895067964 0
    endloop
  endfacet
  facet normal 0 0 -1
    outer loop
      vertex 95.45 22.5 0
      vertex 66.30155858313015 13.690345895067964 0
      vertex 66.52165358995799 13.811344148995971 0
    endloop
  endfacet
  facet normal 0 0 -1
    outer loop
      vertex 95.45 22.5 0
      vertex 66.52165358995799 13.811344148995971 0
      vertex 66.72484797949738 13.958973514448424 0
    endloop
  endfacet
  facet normal 0 0 -1
    outer loop
      vertex 95.45 22.5 0
      vertex 66.72484797949738 13.958973514448424 0
      vertex 66.90793725484282 14.13090578814262 0
    endloop
  endfacet
  facet normal 0 0 -1
    outer loop
      vertex 95.45 22.5 0
      vertex 66.90793725484282 14.13090578814262 0
      vertex 67.0680339887499 14.324429495415053 0
    endloop
  endfacet
  facet normal 0 0 -1
    outer loop
      vertex 95.45 22.5 0
      vertex 67.0680339887499 14.324429495415053 0
      vertex 67.20261336008772 14.536492651796571 0
    endloop
  endfacet
  facet normal 0 0 -1
    outer loop
      vertex 95.45 22.5 0
      vertex 67.20261336008772 14.536492651796571 0
      vertex 67.3095529717765 14.763750894630647 0
    endloop
  endfacet
  facet normal 0 0 -1
    outer loop
      vertex 95.45 22.5 0
      vertex 65.32441896094137 17.496053456856544 0
      vertex 65.07523737082855 17.464574501457378 0
    endloop
  endfacet
  facet normal 0 0 -1
    outer loop
      vertex 95.45 22.5 0
      vertex 65.57558103905863 17.496053456856544 0
      vertex 65.32441896094137 17.496053456856544 0
    endloop
  endfacet
  facet normal 0 0 -1
    outer loop
      vertex 95.45 22.5 0
      vertex 65.82476262917146 17.464574501457378 0
      vertex 65.57558103905863 17.496053456856544 0
    endloop
  endfacet
  facet normal 0 0 -1
    outer loop
      vertex 95.45 22.5 0
      vertex 67.3095529717765 16.236249105369353 0
      vertex 67.20261336008772 16.46350734820343 0
    endloop
  endfacet
  facet normal 0 0 -1
    outer loop
      vertex 95.45 22.5 0
      vertex 67.20261336008772 16.46350734820343 0
      vertex 67.0680339887499 16.675570504584947 0
    endloop
  endfacet
  facet normal 0 0 -1
    outer loop
      vertex 95.45 22.5 0
      vertex 66.90793725484282 16.86909421185738 0
      vertex 66.72484797949738 17.041026485551576 0
    endloop
  endfacet
  facet normal 0 0 -1
    outer loop
      vertex 95.45 22.5 0
      vertex 66.72484797949738 17.041026485551576 0
      vertex 66.52165358995799 17.18865585100403 0
    endloop
  endfacet
  facet normal 0 0 -1
    outer loop
      vertex 95.45 22.5 0
      vertex 67.0680339887499 16.675570504584947 0
      vertex 66.90793725484282 16.86909421185738 0
    endloop
  endfacet
  facet normal 0 0 -1
    outer loop
      vertex 95.45 22.5 0
      vertex 66.0680339887499 17.402113032590307 0
      vertex 65.82476262917146 17.464574501457378 0
    endloop
  endfacet
  facet normal 0 0 -1
    outer loop
      vertex 95.45 22.5 0
      vertex 66.30155858313015 17.309654104932036 0
      vertex 66.0680339887499 17.402113032590307 0
    endloop
  endfacet
  facet normal 0 0 -1
    outer loop
      vertex 95.45 22.5 0
      vertex 66.52165358995799 17.18865585100403 0
      vertex 66.30155858313015 17.309654104932036 0
    endloop
  endfacet
  facet normal 0 0 -1
    outer loop
      vertex 95.45 22.5 0
      vertex 67.3095529717765 14.763750894630647 0
      vertex 67.38716632225726 15.002620225670292 0
    endloop
  endfacet
  facet normal 0 0 -1
    outer loop
      vertex 95.45 22.5 0
      vertex 67.38716632225726 15.002620225670292 0
      vertex 67.43422940262896 15.24933353287139 0
    endloop
  endfacet
  facet normal 0 0 -1
    outer loop
      vertex 95.45 22.5 0
      vertex 67.43422940262896 15.24933353287139 0
      vertex 67.45 15.5 0
    endloop
  endfacet
  facet normal 0 0 -1
    outer loop
      vertex 95.45 22.5 0
      vertex 67.45 15.5 0
      vertex 67.43422940262896 15.75066646712861 0
    endloop
  endfacet
  facet normal 0 0 -1
    outer loop
      vertex 95.45 22.5 0
      vertex 67.43422940262896 15.75066646712861 0
      vertex 67.38716632225726 15.997379774329708 0
    endloop
  endfacet
  facet normal 0 0 -1
    outer loop
      vertex 95.45 22.5 0
      vertex 67.38716632225726 15.997379774329708 0
      vertex 67.3095529717765 16.236249105369353 0
    endloop
  endfacet
  facet normal 0 0.8325554436129199 0.553941723749434
    outer loop
      vertex 65.32441896094137 13.503946543143456 3
      vertex 65.70116207811725 11.507893086286913 6
      vertex 65.57558103905863 13.503946543143456 3
    endloop
  endfacet
  facet normal -0.10434686586956994 0.8259904952677749 0.5539417237494337
    outer loop
      vertex 65.57558103905863 13.503946543143456 3
      vertex 65.70116207811725 11.507893086286913 6
      vertex 65.82476262917146 13.535425498542622 3
    endloop
  endfacet
  facet normal -0.20704811933058492 0.8063991833894514 0.5539417237494335
    outer loop
      vertex 65.82476262917146 13.535425498542622 3
      vertex 66.1995252583429 11.570850997085245 6
      vertex 66.0680339887499 13.597886967409693 3
    endloop
  endfacet
  facet normal -0.30648410026521744 0.7740904746695487 0.5539417237494326
    outer loop
      vertex 66.0680339887499 13.597886967409693 3
      vertex 66.68606797749979 11.695773934819385 6
      vertex 66.30155858313015 13.690345895067964 3
    endloop
  endfacet
  facet normal -0.4010866438539047 0.7295738967448839 0.5539417237494357
    outer loop
      vertex 66.30155858313015 13.690345895067964 3
      vertex 67.1531171662603 11.88069179013592 6
      vertex 66.52165358995799 13.811344148995971 3
    endloop
  endfacet
  facet normal -0.489363811471486 0.6735515026422288 0.5539417237494351
    outer loop
      vertex 66.52165358995799 13.811344148995971 3
      vertex 67.593307179916 12.122688297991942 6
      vertex 66.72484797949738 13.958973514448424 3
    endloop
  endfacet
  facet normal -0.5699234194504008 0.6069067989827339 0.5539417237494336
    outer loop
      vertex 66.72484797949738 13.958973514448424 3
      vertex 67.99969595899476 12.417947028896847 6
      vertex 66.90793725484282 14.13090578814262 3
    endloop
  endfacet
  facet normal -0.6414949946488142 0.5306908125547548 0.553941723749432
    outer loop
      vertex 66.90793725484282 14.13090578814262 3
      vertex 68.68606797749979 13.148858990830107 6
      vertex 67.0680339887499 14.324429495415053 3
    endloop
  endfacet
  facet normal -0.7029498105711235 0.4461055149933971 0.5539417237494368
    outer loop
      vertex 67.0680339887499 14.324429495415053 3
      vertex 68.95522672017546 13.572985303593136 6
      vertex 67.20261336008772 14.536492651796571 3
    endloop
  endfacet
  facet normal -0.7533186880588204 0.35448486697014536 0.5539417237494355
    outer loop
      vertex 67.20261336008772 14.536492651796571 3
      vertex 69.169105943553 14.027501789261287 6
      vertex 67.3095529717765 14.763750894630647 3
    endloop
  endfacet
  facet normal -0.7918072798250677 0.2572737808357695 0.553941723749435
    outer loop
      vertex 67.3095529717765 14.763750894630647 3
      vertex 69.32433264451453 14.505240451340583 6
      vertex 67.38716632225726 15.002620225670292 3
    endloop
  endfacet
  facet normal -0.8178085977857352 0.1560053334897132 0.553941723749433
    outer loop
      vertex 67.38716632225726 15.002620225670292 3
      vertex 69.41845880525791 14.998667065742787 6
      vertex 67.43422940262896 15.24933353287139 3
    endloop
  endfacet
  facet normal -0.8309125856241507 0.05227658884141474 0.5539417237494338
    outer loop
      vertex 67.43422940262896 15.24933353287139 3
      vertex 69.45 15.5 6
      vertex 67.45 15.5 3
    endloop
  endfacet
  facet normal -0.8309125856241507 -0.05227658884141474 0.5539417237494338
    outer loop
      vertex 67.45 15.5 3
      vertex 69.45 15.5 6
      vertex 67.43422940262896 15.75066646712861 3
    endloop
  endfacet
  facet normal -0.817808597785735 -0.15600533348971315 0.5539417237494332
    outer loop
      vertex 67.43422940262896 15.75066646712861 3
      vertex 69.41845880525791 16.00133293425722 6
      vertex 67.38716632225726 15.997379774329708 3
    endloop
  endfacet
  facet normal -0.7029498105711235 -0.4461055149933971 0.5539417237494368
    outer loop
      vertex 67.20261336008772 16.46350734820343 3
      vertex 68.95522672017546 17.427014696406864 6
      vertex 67.0680339887499 16.675570504584947 3
    endloop
  endfacet
  facet normal -0.7918072798250677 -0.2572737808357695 0.553941723749435
    outer loop
      vertex 67.38716632225726 15.997379774329708 3
      vertex 69.32433264451453 16.494759548659417 6
      vertex 67.3095529717765 16.236249105369353 3
    endloop
  endfacet
  facet normal -0.7533186880588204 -0.35448486697014536 0.5539417237494355
    outer loop
      vertex 67.3095529717765 16.236249105369353 3
      vertex 69.169105943553 16.972498210738713 6
      vertex 67.20261336008772 16.46350734820343 3
    endloop
  endfacet
  facet normal -0.10434686586956994 -0.8259904952677749 0.5539417237494337
    outer loop
      vertex 65.57558103905863 17.496053456856544 3
      vertex 65.82476262917146 17.464574501457378 3
      vertex 65.70116207811725 19.492106913713087 6
    endloop
  endfacet
  facet normal -0.20704811933058492 -0.8063991833894514 0.5539417237494335
    outer loop
      vertex 65.82476262917146 17.464574501457378 3
      vertex 66.0680339887499 17.402113032590307 3
      vertex 66.1995252583429 19.429149002914755 6
    endloop
  endfacet
  facet normal -0.30648410026521744 -0.7740904746695487 0.5539417237494326
    outer loop
      vertex 66.0680339887499 17.402113032590307 3
      vertex 66.30155858313015 17.309654104932036 3
      vertex 66.68606797749979 19.304226065180615 6
    endloop
  endfacet
  facet normal -0.5699234194504004 -0.6069067989827335 0.5539417237494346
    outer loop
      vertex 66.72484797949738 17.041026485551576 3
      vertex 66.90793725484282 16.86909421185738 3
      vertex 67.99969595899476 18.58205297110316 6
    endloop
  endfacet
  facet normal -0.40108664385390475 -0.729573896744884 0.5539417237494356
    outer loop
      vertex 66.30155858313015 17.309654104932036 3
      vertex 66.52165358995799 17.18865585100403 3
      vertex 67.1531171662603 19.11930820986408 6
    endloop
  endfacet
  facet normal -0.489363811471486 -0.6735515026422288 0.5539417237494351
    outer loop
      vertex 66.72484797949738 17.041026485551576 3
      vertex 67.593307179916 18.877311702008058 6
      vertex 66.52165358995799 17.18865585100403 3
    endloop
  endfacet
  facet normal -0.6414949946488141 -0.5306908125547548 0.5539417237494321
    outer loop
      vertex 66.90793725484282 16.86909421185738 3
      vertex 67.0680339887499 16.675570504584947 3
      vertex 68.68606797749979 17.851141009169893 6
    endloop
  endfacet
  facet normal -1 0 0
    outer loop
      vertex 92.45 -10 3
      vertex 92.45 10 4.5
      vertex 92.45 10 3
    endloop
  endfacet
  facet normal 0 -0.5812381937190965 -0.813733471206735
    outer loop
      vertex 92.45 10 4.5
      vertex 92.45 4.75 8.25
      vertex 35.45 10 4.5
    endloop
  endfacet
  facet normal 0 0 1
    outer loop
      vertex 92.45 4.75 8.25
      vertex 65.9321467210213 11.529164503607781 8.25
      vertex 64.03158045182985 11.759935029258344 8.25
    endloop
  endfacet
  facet normal 0 0 1
    outer loop
      vertex 92.45 4.75 8.25
      vertex 67.72225898692463 12.208064536425375 8.25
      vertex 65.9321467210213 11.529164503607781 8.25
    endloop
  endfacet
  facet normal -0.1043468658695695 0.8259904952677748 0.5539417237494337
    outer loop
      vertex 65.82476262917146 13.535425498542622 3
      vertex 65.70116207811725 11.507893086286913 6
      vertex 65.90022468033285 11.533040541096675 6
    endloop
  endfacet
  facet normal -0.10434686586956679 0.8259904952677751 0.5539417237494338
    outer loop
      vertex 65.82476262917146 13.535425498542622 3
      vertex 65.90022468033285 11.533040541096675 6
      vertex 65.96341633347224 11.541023503360755 6
    endloop
  endfacet
  facet normal -0.10434686586957112 0.8259904952677747 0.5539417237494337
    outer loop
      vertex 65.82476262917146 13.535425498542622 3
      vertex 65.96341633347224 11.541023503360755 6
      vertex 66.1995252583429 11.570850997085245 6
    endloop
  endfacet
  facet normal -0.20704811933058492 0.8063991833894514 0.5539417237494335
    outer loop
      vertex 66.0680339887499 13.597886967409693 3
      vertex 66.1995252583429 11.570850997085245 6
      vertex 66.68606797749979 11.695773934819385 6
    endloop
  endfacet
  facet normal -0.3064841002651905 0.7740904746695576 0.5539417237494352
    outer loop
      vertex 66.30155858313015 13.690345895067964 3
      vertex 66.68606797749979 11.695773934819385 6
      vertex 67.1531171662603 11.88069179013592 6
    endloop
  endfacet
  facet normal -0.40108664385391407 0.7295738967448797 0.553941723749435
    outer loop
      vertex 66.52165358995799 13.811344148995971 3
      vertex 67.1531171662603 11.88069179013592 6
      vertex 67.593307179916 12.122688297991942 6
    endloop
  endfacet
  facet normal -0.48936381147149766 0.6735515026422213 0.5539417237494338
    outer loop
      vertex 66.72484797949738 13.958973514448424 3
      vertex 67.593307179916 12.122688297991942 6
      vertex 67.6983231629075 12.198986875755558 6
    endloop
  endfacet
  facet normal -0.48936381147152747 0.6735515026422016 0.5539417237494315
    outer loop
      vertex 66.72484797949738 13.958973514448424 3
      vertex 67.6983231629075 12.198986875755558 6
      vertex 67.74292590558622 12.231392665177331 6
    endloop
  endfacet
  facet normal -0.4893638114714929 0.6735515026422253 0.5539417237494336
    outer loop
      vertex 66.72484797949738 13.958973514448424 3
      vertex 67.74292590558622 12.231392665177331 6
      vertex 67.99969595899476 12.417947028896847 6
    endloop
  endfacet
  facet normal -0.569923419450395 0.6069067989827388 0.5539417237494343
    outer loop
      vertex 66.90793725484282 14.13090578814262 3
      vertex 67.99969595899476 12.417947028896847 6
      vertex 68.36587450968565 12.761811576285247 6
    endloop
  endfacet
  facet normal -0.6414949946488313 0.5306908125547316 0.5539417237494345
    outer loop
      vertex 66.90793725484282 14.13090578814262 3
      vertex 68.36587450968565 12.761811576285247 6
      vertex 68.68606797749979 13.148858990830107 6
    endloop
  endfacet
  facet normal -0.7029498105711011 0.4461055149934375 0.5539417237494328
    outer loop
      vertex 67.0680339887499 14.324429495415053 3
      vertex 68.68606797749979 13.148858990830107 6
      vertex 68.95522672017546 13.572985303593136 6
    endloop
  endfacet
  facet normal -0.7533186880588617 0.3544848669700616 0.5539417237494332
    outer loop
      vertex 67.20261336008772 14.536492651796571 3
      vertex 68.95522672017546 13.572985303593136 6
      vertex 68.98213727517921 13.630173143975824 6
    endloop
  endfacet
  facet normal -0.7533186880588342 0.35448486697011866 0.5539417237494338
    outer loop
      vertex 67.20261336008772 14.536492651796571 3
      vertex 68.98213727517921 13.630173143975824 6
      vertex 68.99681951253788 13.661374486586972 6
    endloop
  endfacet
  facet normal -0.7533186880588141 0.35448486697016135 0.5539417237494341
    outer loop
      vertex 67.20261336008772 14.536492651796571 3
      vertex 68.99681951253788 13.661374486586972 6
      vertex 69.169105943553 14.027501789261287 6
    endloop
  endfacet
  facet normal -0.7918072798250687 0.257273780835766 0.5539417237494353
    outer loop
      vertex 67.3095529717765 14.763750894630647 3
      vertex 69.169105943553 14.027501789261287 6
      vertex 69.32433264451453 14.505240451340583 6
    endloop
  endfacet
  facet normal -0.8178085977857384 0.15600533348968804 0.553941723749435
    outer loop
      vertex 67.38716632225726 15.002620225670292 3
      vertex 69.32433264451453 14.505240451340583 6
      vertex 69.41845880525791 14.998667065742787 6
    endloop
  endfacet
  facet normal -0.8309125856241508 0.052276588841415485 0.5539417237494337
    outer loop
      vertex 67.43422940262896 15.24933353287139 3
      vertex 69.41845880525791 14.998667065742787 6
      vertex 69.45 15.5 6
    endloop
  endfacet
  facet normal -0.817808597785738 -0.1560053334896902 0.5539417237494352
    outer loop
      vertex 67.38716632225726 15.997379774329708 3
      vertex 69.41845880525791 16.00133293425722 6
      vertex 69.32433264451453 16.494759548659417 6
    endloop
  endfacet
  facet normal -0.8309125856241507 -0.05227658884141474 0.5539417237494338
    outer loop
      vertex 67.43422940262896 15.75066646712861 3
      vertex 69.45 15.5 6
      vertex 69.41845880525791 16.00133293425722 6
    endloop
  endfacet
  facet normal -0.7918072798250687 -0.257273780835766 0.5539417237494352
    outer loop
      vertex 67.3095529717765 16.236249105369353 3
      vertex 69.32433264451453 16.494759548659417 6
      vertex 69.169105943553 16.972498210738713 6
    endloop
  endfacet
  facet normal 0 0 1
    outer loop
      vertex 65.90022468033285 11.533040541096675 6
      vertex 65.9321467210213 11.529164503607781 6
      vertex 65.96341633347224 11.541023503360755 6
    endloop
  endfacet
  facet normal 0 0 -1
    outer loop
      vertex 65.96341633347224 11.541023503360755 6
      vertex 66.68606797749979 11.695773934819385 6
      vertex 66.1995252583429 11.570850997085245 6
    endloop
  endfacet
  facet normal 0 0 -1
    outer loop
      vertex 65.96341633347224 11.541023503360755 6
      vertex 67.1531171662603 11.88069179013592 6
      vertex 66.68606797749979 11.695773934819385 6
    endloop
  endfacet
  facet normal 0 0 -1
    outer loop
      vertex 65.96341633347224 11.541023503360755 6
      vertex 67.593307179916 12.122688297991942 6
      vertex 67.1531171662603 11.88069179013592 6
    endloop
  endfacet
  facet normal 0 0 -1
    outer loop
      vertex 65.96341633347224 11.541023503360755 6
      vertex 67.6983231629075 12.198986875755558 6
      vertex 67.593307179916 12.122688297991942 6
    endloop
  endfacet
  facet normal 0 0 1
    outer loop
      vertex 67.6983231629075 12.198986875755558 6
      vertex 67.72225898692463 12.208064536425375 6
      vertex 67.74292590558622 12.231392665177331 6
    endloop
  endfacet
  facet normal 0 0 -1
    outer loop
      vertex 67.74292590558622 12.231392665177331 6
      vertex 68.36587450968565 12.761811576285247 6
      vertex 67.99969595899476 12.417947028896847 6
    endloop
  endfacet
  facet normal 0 0 -1
    outer loop
      vertex 67.74292590558622 12.231392665177331 6
      vertex 68.68606797749979 13.148858990830107 6
      vertex 68.36587450968565 12.761811576285247 6
    endloop
  endfacet
  facet normal 0 0 -1
    outer loop
      vertex 67.74292590558622 12.231392665177331 6
      vertex 68.95522672017546 13.572985303593136 6
      vertex 68.68606797749979 13.148858990830107 6
    endloop
  endfacet
  facet normal 0 0 -1
    outer loop
      vertex 67.74292590558622 12.231392665177331 6
      vertex 68.98213727517921 13.630173143975824 6
      vertex 68.95522672017546 13.572985303593136 6
    endloop
  endfacet
  facet normal 0 0 1
    outer loop
      vertex 68.98213727517921 13.630173143975824 6
      vertex 68.99182410261284 13.641107311824925 6
      vertex 68.99681951253788 13.661374486586972 6
    endloop
  endfacet
  facet normal 0 0 -1
    outer loop
      vertex 68.99681951253788 13.661374486586972 6
      vertex 69.32433264451453 14.505240451340583 6
      vertex 69.169105943553 14.027501789261287 6
    endloop
  endfacet
  facet normal 0 0 -1
    outer loop
      vertex 68.99681951253788 13.661374486586972 6
      vertex 69.41845880525791 14.998667065742787 6
      vertex 69.32433264451453 14.505240451340583 6
    endloop
  endfacet
  facet normal 0 0 -1
    outer loop
      vertex 68.99681951253788 13.661374486586972 6
      vertex 69.45 15.5 6
      vertex 69.41845880525791 14.998667065742787 6
    endloop
  endfacet
  facet normal 0 0 -1
    outer loop
      vertex 69.45 15.5 6
      vertex 69.32433264451453 16.494759548659417 6
      vertex 69.41845880525791 16.00133293425722 6
    endloop
  endfacet
  facet normal 0 0 -1
    outer loop
      vertex 69.169105943553 16.972498210738713 6
      vertex 69.32433264451453 16.494759548659417 6
      vertex 69.45 15.5 6
    endloop
  endfacet
  facet normal 0 0 -1
    outer loop
      vertex 69.169105943553 16.972498210738713 6
      vertex 69.45 15.5 6
      vertex 68.99681951253788 17.338625513413035 6
    endloop
  endfacet
  facet normal 0 -0.8325554436129199 0.553941723749434
    outer loop
      vertex 65.57558103905863 17.496053456856544 3
      vertex 65.70116207811725 19.492106913713087 6
      vertex 65.19883792188276 19.492106913713087 6
    endloop
  endfacet
  facet normal -0.1043468658695695 -0.8259904952677748 0.5539417237494336
    outer loop
      vertex 65.82476262917146 17.464574501457378 3
      vertex 65.90022468033285 19.466959458903325 6
      vertex 65.70116207811725 19.492106913713087 6
    endloop
  endfacet
  facet normal -0.1043468658695668 -0.8259904952677752 0.5539417237494338
    outer loop
      vertex 65.82476262917146 17.464574501457378 3
      vertex 65.96341633347224 19.458976496639245 6
      vertex 65.90022468033285 19.466959458903325 6
    endloop
  endfacet
  facet normal -0.10434686586957112 -0.8259904952677747 0.5539417237494337
    outer loop
      vertex 65.82476262917146 17.464574501457378 3
      vertex 66.1995252583429 19.429149002914755 6
      vertex 65.96341633347224 19.458976496639245 6
    endloop
  endfacet
  facet normal -0.20704811933058492 -0.8063991833894514 0.5539417237494335
    outer loop
      vertex 66.0680339887499 17.402113032590307 3
      vertex 66.68606797749979 19.304226065180615 6
      vertex 66.1995252583429 19.429149002914755 6
    endloop
  endfacet
  facet normal -0.3064841002651905 -0.7740904746695577 0.5539417237494352
    outer loop
      vertex 66.30155858313015 17.309654104932036 3
      vertex 67.1531171662603 19.11930820986408 6
      vertex 66.68606797749979 19.304226065180615 6
    endloop
  endfacet
  facet normal -0.40108664385391407 -0.7295738967448797 0.553941723749435
    outer loop
      vertex 66.52165358995799 17.18865585100403 3
      vertex 67.593307179916 18.877311702008058 6
      vertex 67.1531171662603 19.11930820986408 6
    endloop
  endfacet
  facet normal -0.7029498105711011 -0.4461055149934375 0.5539417237494327
    outer loop
      vertex 67.0680339887499 16.675570504584947 3
      vertex 68.95522672017546 17.427014696406864 6
      vertex 68.68606797749979 17.851141009169893 6
    endloop
  endfacet
  facet normal -0.5699234194504013 -0.6069067989827328 0.5539417237494345
    outer loop
      vertex 66.90793725484282 16.86909421185738 3
      vertex 68.36587450968565 18.238188423714753 6
      vertex 67.99969595899476 18.58205297110316 6
    endloop
  endfacet
  facet normal -0.4893638114714977 -0.6735515026422214 0.5539417237494337
    outer loop
      vertex 66.72484797949738 17.041026485551576 3
      vertex 67.6983231629075 18.80101312424444 6
      vertex 67.593307179916 18.877311702008058 6
    endloop
  endfacet
  facet normal -0.4893638114714553 -0.67355150264225 0.5539417237494365
    outer loop
      vertex 66.72484797949738 17.041026485551576 3
      vertex 67.74292590558622 18.768607334822676 6
      vertex 67.6983231629075 18.80101312424444 6
    endloop
  endfacet
  facet normal -0.48936381147149244 -0.6735515026422246 0.5539417237494348
    outer loop
      vertex 66.72484797949738 17.041026485551576 3
      vertex 67.99969595899476 18.58205297110316 6
      vertex 67.74292590558622 18.768607334822676 6
    endloop
  endfacet
  facet normal -0.6414949946488312 -0.5306908125547316 0.5539417237494345
    outer loop
      vertex 66.90793725484282 16.86909421185738 3
      vertex 68.68606797749979 17.851141009169893 6
      vertex 68.36587450968565 18.238188423714753 6
    endloop
  endfacet
  facet normal -0.7533186880588163 -0.3544848669701555 0.5539417237494346
    outer loop
      vertex 67.20261336008772 16.46350734820343 3
      vertex 69.169105943553 16.972498210738713 6
      vertex 68.99681951253788 17.338625513413035 6
    endloop
  endfacet
  facet normal -0.7533186880588619 -0.3544848669700617 0.5539417237494328
    outer loop
      vertex 67.20261336008772 16.46350734820343 3
      vertex 68.98213727517921 17.369826856024176 6
      vertex 68.95522672017546 17.427014696406864 6
    endloop
  endfacet
  facet normal -0.7533186880588025 -0.3544848669701845 0.5539417237494347
    outer loop
      vertex 67.20261336008772 16.46350734820343 3
      vertex 68.99681951253788 17.338625513413035 6
      vertex 68.98213727517921 17.369826856024176 6
    endloop
  endfacet
  facet normal 0 0 -1
    outer loop
      vertex 65.19883792188276 19.492106913713087 6
      vertex 65.70116207811725 19.492106913713087 6
      vertex 65.90022468033285 19.466959458903325 6
    endloop
  endfacet
  facet normal 0 0 1
    outer loop
      vertex 65.90022468033285 19.466959458903325 6
      vertex 65.96341633347224 19.458976496639245 6
      vertex 65.9321467210213 19.47083549639222 6
    endloop
  endfacet
  facet normal 0 0 -1
    outer loop
      vertex 65.96341633347224 19.458976496639245 6
      vertex 66.1995252583429 19.429149002914755 6
      vertex 67.6983231629075 18.80101312424444 6
    endloop
  endfacet
  facet normal 0 0 -1
    outer loop
      vertex 66.1995252583429 19.429149002914755 6
      vertex 66.68606797749979 19.304226065180615 6
      vertex 67.6983231629075 18.80101312424444 6
    endloop
  endfacet
  facet normal 0 0 -1
    outer loop
      vertex 66.68606797749979 19.304226065180615 6
      vertex 67.1531171662603 19.11930820986408 6
      vertex 67.6983231629075 18.80101312424444 6
    endloop
  endfacet
  facet normal 0 0 -1
    outer loop
      vertex 68.98213727517921 17.369826856024176 6
      vertex 67.74292590558622 18.768607334822676 6
      vertex 67.99969595899476 18.58205297110316 6
    endloop
  endfacet
  facet normal 0 0 -1
    outer loop
      vertex 68.95522672017546 17.427014696406864 6
      vertex 68.98213727517921 17.369826856024176 6
      vertex 68.68606797749979 17.851141009169893 6
    endloop
  endfacet
  facet normal 0 0 1
    outer loop
      vertex 68.99681951253788 17.338625513413035 6
      vertex 68.99182410261284 17.358892688175075 6
      vertex 68.98213727517921 17.369826856024176 6
    endloop
  endfacet
  facet normal 0 0 -1
    outer loop
      vertex 68.36587450968565 18.238188423714753 6
      vertex 68.68606797749979 17.851141009169893 6
      vertex 68.98213727517921 17.369826856024176 6
    endloop
  endfacet
  facet normal 0 0 -1
    outer loop
      vertex 68.36587450968565 18.238188423714753 6
      vertex 68.98213727517921 17.369826856024176 6
      vertex 67.99969595899476 18.58205297110316 6
    endloop
  endfacet
  facet normal 0 0 -1
    outer loop
      vertex 67.1531171662603 19.11930820986408 6
      vertex 67.593307179916 18.877311702008058 6
      vertex 67.6983231629075 18.80101312424444 6
    endloop
  endfacet
  facet normal 0 0 1
    outer loop
      vertex 67.6983231629075 18.80101312424444 6
      vertex 67.74292590558622 18.768607334822676 6
      vertex 67.72225898692463 18.791935463574625 6
    endloop
  endfacet
  facet normal 0 1 0
    outer loop
      vertex 35.45 22.5 8.25
      vertex 95.45 22.5 8.25
      vertex 95.45 22.5 0
    endloop
  endfacet
  facet normal -0.35460488704261744 0.9350162426853837 0
    outer loop
      vertex 65.9321467210213 11.529164503607781 6
      vertex 65.9321467210213 11.529164503607781 8.25
      vertex 65.96341633347224 11.541023503360755 6
    endloop
  endfacet
  facet normal -0.35460488704253534 0.935016242685415 1.3054011981669378e-15
    outer loop
      vertex 65.96341633347224 11.541023503360755 6
      vertex 65.9321467210213 11.529164503607781 8.25
      vertex 67.6983231629075 12.198986875755558 6
    endloop
  endfacet
  facet normal -0.3546048870425783 0.9350162426853985 -3.7357807785494345e-14
    outer loop
      vertex 67.6983231629075 12.198986875755558 6
      vertex 65.9321467210213 11.529164503607781 8.25
      vertex 67.72225898692463 12.208064536425375 6
    endloop
  endfacet
  facet normal -0.7485107481711595 0.6631226582407292 0
    outer loop
      vertex 67.72225898692463 12.208064536425375 6
      vertex 67.72225898692463 12.208064536425375 8.25
      vertex 67.74292590558622 12.231392665177331 6
    endloop
  endfacet
  facet normal -0.7485107481711019 0.6631226582407943 1.2024870313838639e-15
    outer loop
      vertex 67.74292590558622 12.231392665177331 6
      vertex 67.72225898692463 12.208064536425375 8.25
      vertex 68.98213727517921 13.630173143975824 6
    endloop
  endfacet
  facet normal -0.7485107481710537 0.6631226582408489 6.272014233956713e-14
    outer loop
      vertex 68.98213727517921 13.630173143975824 6
      vertex 67.72225898692463 12.208064536425375 8.25
      vertex 68.99182410261284 13.641107311824925 6
    endloop
  endfacet
  facet normal -0.9709418174260607 0.23931566428752252 0
    outer loop
      vertex 68.99182410261284 13.641107311824925 6
      vertex 68.99182410261284 13.641107311824925 8.25
      vertex 68.99681951253788 13.661374486586972 6
    endloop
  endfacet
  facet normal -0.9709418174260515 0.23931566428756 3.581571022034639e-16
    outer loop
      vertex 68.99681951253788 13.661374486586972 6
      vertex 68.99182410261284 13.641107311824925 8.25
      vertex 69.45 15.5 6
    endloop
  endfacet
  facet normal -0.9709418174260411 -0.23931566428760162 -3.6846998595623734e-14
    outer loop
      vertex 68.99681951253788 17.338625513413035 6
      vertex 69.45 15.5 8.25
      vertex 68.99182410261284 17.358892688175075 6
    endloop
  endfacet
  facet normal -0.9709418174260517 -0.23931566428755913 0
    outer loop
      vertex 69.45 15.5 6
      vertex 69.45 15.5 8.25
      vertex 68.99681951253788 17.338625513413035 6
    endloop
  endfacet
  facet normal -0.35460488704253734 0.9350162426854143 0
    outer loop
      vertex 67.72225898692463 12.208064536425375 6
      vertex 65.9321467210213 11.529164503607781 8.25
      vertex 67.72225898692463 12.208064536425375 8.25
    endloop
  endfacet
  facet normal -0.7485107481711024 0.6631226582407936 0
    outer loop
      vertex 68.99182410261284 13.641107311824925 6
      vertex 67.72225898692463 12.208064536425375 8.25
      vertex 68.99182410261284 13.641107311824925 8.25
    endloop
  endfacet
  facet normal -0.9709418174260515 -0.23931566428755954 0
    outer loop
      vertex 68.99182410261284 17.358892688175075 6
      vertex 69.45 15.5 8.25
      vertex 68.99182410261284 17.358892688175075 8.25
    endloop
  endfacet
  facet normal -0.9709418174260515 0.23931566428755954 0
    outer loop
      vertex 69.45 15.5 6
      vertex 68.99182410261284 13.641107311824925 8.25
      vertex 69.45 15.5 8.25
    endloop
  endfacet
  facet normal 0.12053668025536472 -0.992708874098049 8.647095814281096e-21
    outer loop
      vertex 65.90022468033285 19.466959458903325 6
      vertex 65.9321467210213 19.47083549639222 6
      vertex 65.9321467210213 19.47083549639222 8.25
    endloop
  endfacet
  facet normal -0.35460488704261744 -0.9350162426853837 7.292345014359971e-14
    outer loop
      vertex 65.9321467210213 19.47083549639222 6
      vertex 65.96341633347224 19.458976496639245 6
      vertex 67.72225898692463 18.791935463574625 8.25
    endloop
  endfacet
  facet normal -0.35460488704253534 -0.935016242685415 -5.220121321918259e-16
    outer loop
      vertex 65.96341633347224 19.458976496639245 6
      vertex 67.6983231629075 18.80101312424444 6
      vertex 67.72225898692463 18.791935463574625 8.25
    endloop
  endfacet
  facet normal -0.7485107481710537 -0.6631226582408489 0
    outer loop
      vertex 68.99182410261284 17.358892688175075 6
      vertex 68.99182410261284 17.358892688175075 8.25
      vertex 68.98213727517921 17.369826856024176 6
    endloop
  endfacet
  facet normal -0.7485107481711036 -0.6631226582407924 4.894418455660039e-16
    outer loop
      vertex 68.98213727517921 17.369826856024176 6
      vertex 68.99182410261284 17.358892688175075 8.25
      vertex 67.74292590558622 18.768607334822676 6
    endloop
  endfacet
  facet normal -0.3546048870425783 -0.9350162426853985 -2.0154006051325558e-19
    outer loop
      vertex 67.6983231629075 18.80101312424444 6
      vertex 67.72225898692463 18.791935463574625 6
      vertex 67.72225898692463 18.791935463574625 8.25
    endloop
  endfacet
  facet normal -0.7485107481710593 -0.6631226582408425 -5.5475329920267546e-14
    outer loop
      vertex 67.72225898692463 18.791935463574625 6
      vertex 67.74292590558622 18.768607334822676 6
      vertex 68.99182410261284 17.358892688175075 8.25
    endloop
  endfacet
  facet normal -0.35460488704253734 -0.9350162426854143 0
    outer loop
      vertex 65.9321467210213 19.47083549639222 6
      vertex 67.72225898692463 18.791935463574625 8.25
      vertex 65.9321467210213 19.47083549639222 8.25
    endloop
  endfacet
  facet normal -0.7485107481711024 -0.6631226582407936 0
    outer loop
      vertex 67.72225898692463 18.791935463574625 6
      vertex 68.99182410261284 17.358892688175075 8.25
      vertex 67.72225898692463 18.791935463574625 8.25
    endloop
  endfacet
  facet normal 0 0 1
    outer loop
      vertex 35.45 22.5 8.25
      vertex 65.9321467210213 19.47083549639222 8.25
      vertex 95.45 22.5 8.25
    endloop
  endfacet
  facet normal 0 0 1
    outer loop
      vertex 95.45 22.5 8.25
      vertex 68.99182410261284 13.641107311824925 8.25
      vertex 67.72225898692463 12.208064536425375 8.25
    endloop
  endfacet
  facet normal 0 0 1
    outer loop
      vertex 95.45 22.5 8.25
      vertex 65.9321467210213 19.47083549639222 8.25
      vertex 67.72225898692463 18.791935463574625 8.25
    endloop
  endfacet
  facet normal 0 0 1
    outer loop
      vertex 95.45 22.5 8.25
      vertex 69.45 15.5 8.25
      vertex 68.99182410261284 13.641107311824925 8.25
    endloop
  endfacet
  facet normal 0 0 1
    outer loop
      vertex 95.45 22.5 8.25
      vertex 67.72225898692463 18.791935463574625 8.25
      vertex 68.99182410261284 17.358892688175075 8.25
    endloop
  endfacet
  facet normal 0 0 1
    outer loop
      vertex 95.45 22.5 8.25
      vertex 68.99182410261284 17.358892688175075 8.25
      vertex 69.45 15.5 8.25
    endloop
  endfacet
  facet normal -1 0 0
    outer loop
      vertex 92.45 -10 3
      vertex 92.45 4.75 8.25
      vertex 92.45 10 4.5
    endloop
  endfacet
  facet normal 1 0 0
    outer loop
      vertex 95.45 -22.5 8.25
      vertex 95.45 22.5 0
      vertex 95.45 22.5 8.25
    endloop
  endfacet
  facet normal 0 0 1
    outer loop
      vertex 95.45 22.5 8.25
      vertex 92.45 4.75 8.25
      vertex 92.45 -4.75 8.25
    endloop
  endfacet
  facet normal 0 0 1
    outer loop
      vertex 95.45 22.5 8.25
      vertex 67.72225898692463 12.208064536425375 8.25
      vertex 92.45 4.75 8.25
    endloop
  endfacet
endsolid OpenSCAD_Model
