solid OpenSCAD_Model
  facet normal 0 0 -1
    outer loop
      vertex 3 -20 18.35
      vertex 60 -11.288806331997286 18.35
      vertex 61 -20 18.35
    endloop
  endfacet
  facet normal 0 -1 0
    outer loop
      vertex 3 -20 18.35
      vertex 61 -20 18.35
      vertex 61 -20 53.35
    endloop
  endfacet
  facet normal 0 0 -1
    outer loop
      vertex 3 -20 18.35
      vertex 60 11.288806331997286 18.35
      vertex 60 -11.288806331997286 18.35
    endloop
  endfacet
  facet normal 0 -1 0
    outer loop
      vertex 3 -20 18.35
      vertex 61 -20 53.35
      vertex 3 -20 53.35
    endloop
  endfacet
  facet normal 0 0 1
    outer loop
      vertex 3 -20 53.35
      vertex 61 -20 53.35
      vertex 24.453952545506603 -3.183711983740814 53.35
    endloop
  endfacet
  facet normal -0.39714789063478045 -0.9177546256839813 0
    outer loop
      vertex 16.00563349899112 -17.665753231876778 58.35
      vertex 16.00563349899112 -17.665753231876778 60.85
      vertex 14.910193460263619 -17.19171399685437 58.35
    endloop
  endfacet
  facet normal -0.3387379202452896 -0.9408807689542262 -5.798523871605455e-18
    outer loop
      vertex 16.00563349899112 -17.665753231876778 58.35
      vertex 17.128677106875998 -18.070073809607916 58.35
      vertex 17.128677106875998 -18.070073809607916 60.85
    endloop
  endfacet
  facet normal -0.3387379202452896 -0.9408807689542262 0
    outer loop
      vertex 16.00563349899112 -17.665753231876778 58.35
      vertex 17.128677106875998 -18.070073809607916 60.85
      vertex 16.00563349899112 -17.665753231876778 60.85
    endloop
  endfacet
  facet normal -0.5090414157503726 -0.8607420270039428 0
    outer loop
      vertex 13.84668019206741 -16.64982692083341 58.35
      vertex 13.84668019206741 -16.64982692083341 60.85
      vertex 12.819290895399064 -16.042230584538284 58.35
    endloop
  endfacet
  facet normal 0 0 1
    outer loop
      vertex 13.84668019206741 -16.64982692083341 60.85
      vertex 13.104384223234678 -16.172099072125217 60.85
      vertex 12.819290895399064 -16.042230584538284 60.85
    endloop
  endfacet
  facet normal -0.6129070536529769 -0.79015501237569 0
    outer loop
      vertex 11.83208020644301 -15.371322893124002 58.35
      vertex 11.83208020644301 -15.371322893124002 60.85
      vertex 10.888944194774897 -14.639751612739998 58.35
    endloop
  endfacet
  facet normal -0.5620833778521285 -0.8270805742745633 -4.687525478351429e-19
    outer loop
      vertex 11.83208020644301 -15.371322893124002 58.35
      vertex 12.819290895399064 -16.042230584538284 58.35
      vertex 12.819290895399064 -16.042230584538284 60.85
    endloop
  endfacet
  facet normal -0.5090414157503726 -0.8607420270039428 0
    outer loop
      vertex 12.819290895399064 -16.042230584538284 58.35
      vertex 13.84668019206741 -16.64982692083341 60.85
      vertex 12.819290895399064 -16.042230584538284 60.85
    endloop
  endfacet
  facet normal 0 0 1
    outer loop
      vertex 11.83208020644301 -15.371322893124002 60.85
      vertex 12.819290895399064 -16.042230584538284 60.85
      vertex 13.104384223234678 -16.172099072125217 60.85
    endloop
  endfacet
  facet normal -0.5620833778521285 -0.8270805742745633 0
    outer loop
      vertex 11.83208020644301 -15.371322893124002 58.35
      vertex 12.819290895399064 -16.042230584538284 60.85
      vertex 11.83208020644301 -15.371322893124002 60.85
    endloop
  endfacet
  facet normal 0 0 1
    outer loop
      vertex 11.83208020644301 -15.371322893124002 60.85
      vertex 13.104384223234678 -16.172099072125217 60.85
      vertex 11.890858731672257 -15.290421193686507 60.85
    endloop
  endfacet
  facet normal -0.4539904997395472 -0.8910065241883677 -7.51796426596885e-18
    outer loop
      vertex 13.84668019206741 -16.64982692083341 58.35
      vertex 14.910193460263619 -17.19171399685437 58.35
      vertex 14.910193460263619 -17.19171399685437 60.85
    endloop
  endfacet
  facet normal -0.39714789063478045 -0.9177546256839813 1.0680283457152687e-17
    outer loop
      vertex 16.00563349899112 -17.665753231876778 60.85
      vertex 14.910193460263619 -17.19171399685437 60.85
      vertex 14.910193460263619 -17.19171399685437 58.35
    endloop
  endfacet
  facet normal -0.4539904997395472 -0.8910065241883677 0
    outer loop
      vertex 13.84668019206741 -16.64982692083341 58.35
      vertex 14.910193460263619 -17.19171399685437 60.85
      vertex 13.84668019206741 -16.64982692083341 60.85
    endloop
  endfacet
  facet normal 0 0 1
    outer loop
      vertex 16.00563349899112 -17.665753231876778 60.85
      vertex 17.128677106875998 -18.070073809607916 60.85
      vertex 16.61331062652391 -13.572405786990291 60.85
    endloop
  endfacet
  facet normal 0 0 1
    outer loop
      vertex 17.128677106875998 -18.070073809607916 60.85
      vertex 17.159578806313494 -17.974968157978402 60.85
      vertex 16.61331062652391 -13.572405786990291 60.85
    endloop
  endfacet
  facet normal 0 0 1
    outer loop
      vertex 16.00563349899112 -17.665753231876778 60.85
      vertex 15.44515613974761 -12.95030292629016 60.85
      vertex 14.910193460263619 -17.19171399685437 60.85
    endloop
  endfacet
  facet normal 0 0 1
    outer loop
      vertex 13.84668019206741 -16.64982692083341 60.85
      vertex 15.44515613974761 -12.95030292629016 60.85
      vertex 13.104384223234678 -16.172099072125217 60.85
    endloop
  endfacet
  facet normal 0 0 1
    outer loop
      vertex 13.84668019206741 -16.64982692083341 60.85
      vertex 14.910193460263619 -17.19171399685437 60.85
      vertex 15.44515613974761 -12.95030292629016 60.85
    endloop
  endfacet
  facet normal 0 0 1
    outer loop
      vertex 17.159578806313494 -17.974968157978402 60.85
      vertex 17.47813170972983 -13.946647288323772 60.85
      vertex 16.61331062652391 -13.572405786990291 60.85
    endloop
  endfacet
  facet normal -0.39714789063478045 -0.9177546256839813 0
    outer loop
      vertex 16.00563349899112 -17.665753231876778 65.85
      vertex 16.00563349899112 -17.665753231876778 68.35
      vertex 14.910193460263619 -17.19171399685437 65.85
    endloop
  endfacet
  facet normal -0.3387379202452896 -0.9408807689542262 -5.798523871605455e-18
    outer loop
      vertex 16.00563349899112 -17.665753231876778 65.85
      vertex 17.128677106875998 -18.070073809607916 65.85
      vertex 17.128677106875998 -18.070073809607916 68.35
    endloop
  endfacet
  facet normal -0.3387379202452896 -0.9408807689542262 0
    outer loop
      vertex 16.00563349899112 -17.665753231876778 65.85
      vertex 17.128677106875998 -18.070073809607916 68.35
      vertex 16.00563349899112 -17.665753231876778 68.35
    endloop
  endfacet
  facet normal -0.5005921985511632 -0.689006051614737 0.5240974256643348
    outer loop
      vertex 11.890858731672257 -15.290421193686507 60.85
      vertex 13.104384223234678 -16.172099072125217 60.85
      vertex 14.00866922676156 -14.927457542317605 63.35
    endloop
  endfacet
  facet normal 0.8090169943749472 -0.5877852522924732 4.2881362426292707e-16
    outer loop
      vertex 13.104384223234678 -16.172099072125217 60.85
      vertex 14.490954561975897 -14.263648726420213 62.016666666666666
      vertex 14.00866922676156 -14.927457542317605 63.35
    endloop
  endfacet
  facet normal 0 0 -1
    outer loop
      vertex 13.84668019206741 -16.64982692083341 65.85
      vertex 12.819290895399064 -16.042230584538284 65.85
      vertex 13.104384223234678 -16.172099072125217 65.85
    endloop
  endfacet
  facet normal -0.5090414157503726 -0.8607420270039428 0
    outer loop
      vertex 13.84668019206741 -16.64982692083341 65.85
      vertex 13.84668019206741 -16.64982692083341 68.35
      vertex 12.819290895399064 -16.042230584538284 65.85
    endloop
  endfacet
  facet normal 0 0 -1
    outer loop
      vertex 11.890858731672257 -15.290421193686507 65.85
      vertex 13.104384223234678 -16.172099072125217 65.85
      vertex 12.819290895399064 -16.042230584538284 65.85
    endloop
  endfacet
  facet normal -0.5005921985511628 -0.6890060516147365 -0.5240974256643359
    outer loop
      vertex 11.890858731672257 -15.290421193686507 65.85
      vertex 14.00866922676156 -14.927457542317605 63.35
      vertex 13.104384223234678 -16.172099072125217 65.85
    endloop
  endfacet
  facet normal 0 0 -1
    outer loop
      vertex 11.83208020644301 -15.371322893124002 65.85
      vertex 11.890858731672257 -15.290421193686507 65.85
      vertex 12.819290895399064 -16.042230584538284 65.85
    endloop
  endfacet
  facet normal -0.6129070536529769 -0.79015501237569 0
    outer loop
      vertex 11.83208020644301 -15.371322893124002 65.85
      vertex 11.83208020644301 -15.371322893124002 68.35
      vertex 10.888944194774897 -14.639751612739998 65.85
    endloop
  endfacet
  facet normal -0.5620833778521285 -0.8270805742745633 -4.687525478351429e-19
    outer loop
      vertex 11.83208020644301 -15.371322893124002 65.85
      vertex 12.819290895399064 -16.042230584538284 65.85
      vertex 12.819290895399064 -16.042230584538284 68.35
    endloop
  endfacet
  facet normal -0.5090414157503726 -0.8607420270039428 1.7139365775686915e-18
    outer loop
      vertex 13.84668019206741 -16.64982692083341 68.35
      vertex 12.819290895399064 -16.042230584538284 68.35
      vertex 12.819290895399064 -16.042230584538284 65.85
    endloop
  endfacet
  facet normal -0.5620833778521285 -0.8270805742745633 0
    outer loop
      vertex 11.83208020644301 -15.371322893124002 65.85
      vertex 12.819290895399064 -16.042230584538284 68.35
      vertex 11.83208020644301 -15.371322893124002 68.35
    endloop
  endfacet
  facet normal 0 0 -1
    outer loop
      vertex 13.104384223234678 -16.172099072125217 65.85
      vertex 16.00563349899112 -17.665753231876778 65.85
      vertex 14.910193460263619 -17.19171399685437 65.85
    endloop
  endfacet
  facet normal 0 0 -1
    outer loop
      vertex 13.84668019206741 -16.64982692083341 65.85
      vertex 13.104384223234678 -16.172099072125217 65.85
      vertex 14.910193460263619 -17.19171399685437 65.85
    endloop
  endfacet
  facet normal 0 0 -1
    outer loop
      vertex 16.00563349899112 -17.665753231876778 65.85
      vertex 17.47813170972983 -13.946647288323772 65.85
      vertex 17.128677106875998 -18.070073809607916 65.85
    endloop
  endfacet
  facet normal -0.4539904997395472 -0.8910065241883677 -7.51796426596885e-18
    outer loop
      vertex 13.84668019206741 -16.64982692083341 65.85
      vertex 14.910193460263619 -17.19171399685437 65.85
      vertex 14.910193460263619 -17.19171399685437 68.35
    endloop
  endfacet
  facet normal -0.39714789063478045 -0.9177546256839813 1.0680283457152687e-17
    outer loop
      vertex 16.00563349899112 -17.665753231876778 68.35
      vertex 14.910193460263619 -17.19171399685437 68.35
      vertex 14.910193460263619 -17.19171399685437 65.85
    endloop
  endfacet
  facet normal -0.4539904997395472 -0.8910065241883677 0
    outer loop
      vertex 13.84668019206741 -16.64982692083341 65.85
      vertex 14.910193460263619 -17.19171399685437 68.35
      vertex 13.84668019206741 -16.64982692083341 68.35
    endloop
  endfacet
  facet normal 0 0 -1
    outer loop
      vertex 13.104384223234678 -16.172099072125217 65.85
      vertex 15.773694888474271 -13.144600200657953 65.85
      vertex 16.00563349899112 -17.665753231876778 65.85
    endloop
  endfacet
  facet normal 0 0 -1
    outer loop
      vertex 16.00563349899112 -17.665753231876778 65.85
      vertex 16.61331062652391 -13.572405786990291 65.85
      vertex 17.47813170972983 -13.946647288323772 65.85
    endloop
  endfacet
  facet normal -0.7071067811865475 -0.7071067811865475 1.7124698724768422e-17
    outer loop
      vertex 9.993604987354919 -13.850403921006821 58.35
      vertex 9.149596078993179 -13.006395012645081 60.85
      vertex 9.149596078993179 -13.006395012645081 58.35
    endloop
  endfacet
  facet normal -0.7071067811865475 -0.7071067811865475 0
    outer loop
      vertex 9.993604987354919 -13.850403921006821 58.35
      vertex 9.993604987354919 -13.850403921006821 60.85
      vertex 9.149596078993179 -13.006395012645081 60.85
    endloop
  endfacet
  facet normal -0.7501110696304585 -0.6613118653236529 0
    outer loop
      vertex 9.149596078993179 -13.006395012645081 58.35
      vertex 9.149596078993179 -13.006395012645081 60.85
      vertex 8.360248387260002 -12.111055805225103 60.85
    endloop
  endfacet
  facet normal -0.79015501237569 -0.6129070536529769 1.6643934125850296e-17
    outer loop
      vertex 8.360248387260002 -12.111055805225103 58.35
      vertex 7.6286771068759975 -11.16791979355699 60.85
      vertex 7.6286771068759975 -11.16791979355699 58.35
    endloop
  endfacet
  facet normal -0.7501110696304585 -0.6613118653236529 6.579897539038372e-18
    outer loop
      vertex 9.149596078993179 -13.006395012645081 58.35
      vertex 8.360248387260002 -12.111055805225103 60.85
      vertex 8.360248387260002 -12.111055805225103 58.35
    endloop
  endfacet
  facet normal -0.79015501237569 -0.6129070536529769 0
    outer loop
      vertex 8.360248387260002 -12.111055805225103 58.35
      vertex 8.360248387260002 -12.111055805225103 60.85
      vertex 7.6286771068759975 -11.16791979355699 60.85
    endloop
  endfacet
  facet normal 0 0 1
    outer loop
      vertex 8.360248387260002 -12.111055805225103 60.85
      vertex 8.591256684752203 -12.322666759890163 60.85
      vertex 7.6286771068759975 -11.16791979355699 60.85
    endloop
  endfacet
  facet normal 0 0 1
    outer loop
      vertex 7.6286771068759975 -11.16791979355699 60.85
      vertex 8.591256684752203 -12.322666759890163 60.85
      vertex 7.709578806313493 -11.109141268327743 60.85
    endloop
  endfacet
  facet normal 0 0 1
    outer loop
      vertex 9.149596078993179 -13.006395012645081 60.85
      vertex 8.591256684752203 -12.322666759890163 60.85
      vertex 8.360248387260002 -12.111055805225103 60.85
    endloop
  endfacet
  facet normal 0 0 1
    outer loop
      vertex 9.149596078993179 -13.006395012645081 60.85
      vertex 11.813052830587258 -9.981894843377235 60.85
      vertex 8.591256684752203 -12.322666759890163 60.85
    endloop
  endfacet
  facet normal -0.8270805742745633 -0.5620833778521285 0
    outer loop
      vertex 6.957769415461716 -10.180709104600936 58.35
      vertex 7.6286771068759975 -11.16791979355699 58.35
      vertex 6.957769415461716 -10.180709104600936 60.85
    endloop
  endfacet
  facet normal -0.8270805742745633 -0.5620833778521285 0
    outer loop
      vertex 7.6286771068759975 -11.16791979355699 58.35
      vertex 7.6286771068759975 -11.16791979355699 60.85
      vertex 6.957769415461716 -10.180709104600936 60.85
    endloop
  endfacet
  facet normal -0.6613118653236529 -0.7501110696304585 6.579897539038372e-18
    outer loop
      vertex 9.993604987354919 -13.850403921006821 58.35
      vertex 10.888944194774897 -14.639751612739998 58.35
      vertex 10.888944194774897 -14.639751612739998 60.85
    endloop
  endfacet
  facet normal -0.6129070536529769 -0.79015501237569 1.6643934125850296e-17
    outer loop
      vertex 11.83208020644301 -15.371322893124002 60.85
      vertex 10.888944194774897 -14.639751612739998 60.85
      vertex 10.888944194774897 -14.639751612739998 58.35
    endloop
  endfacet
  facet normal -0.6613118653236529 -0.7501110696304585 0
    outer loop
      vertex 9.993604987354919 -13.850403921006821 58.35
      vertex 10.888944194774897 -14.639751612739998 60.85
      vertex 9.993604987354919 -13.850403921006821 60.85
    endloop
  endfacet
  facet normal 0 0 1
    outer loop
      vertex 11.83208020644301 -15.371322893124002 60.85
      vertex 11.890858731672257 -15.290421193686507 60.85
      vertex 11.813052830587258 -9.981894843377235 60.85
    endloop
  endfacet
  facet normal 0 0 1
    outer loop
      vertex 11.83208020644301 -15.371322893124002 60.85
      vertex 11.813052830587258 -9.981894843377235 60.85
      vertex 10.888944194774897 -14.639751612739998 60.85
    endloop
  endfacet
  facet normal 0 0 1
    outer loop
      vertex 9.993604987354919 -13.850403921006821 60.85
      vertex 10.888944194774897 -14.639751612739998 60.85
      vertex 11.813052830587258 -9.981894843377235 60.85
    endloop
  endfacet
  facet normal 0 0 1
    outer loop
      vertex 11.890858731672257 -15.290421193686507 60.85
      vertex 13.438640153769656 -11.55769864163684 60.85
      vertex 12.731793411069672 -10.934529411321176 60.85
    endloop
  endfacet
  facet normal 0 0 1
    outer loop
      vertex 11.890858731672257 -15.290421193686507 60.85
      vertex 14.183221215612903 -12.135254915624213 60.85
      vertex 13.438640153769656 -11.55769864163684 60.85
    endloop
  endfacet
  facet normal 0.8090169943749472 -0.5877852522924732 1.1208502383027022e-16
    outer loop
      vertex 13.104384223234678 -16.172099072125217 60.85
      vertex 15.44515613974761 -12.95030292629016 60.85
      vertex 14.490954561975897 -14.263648726420213 62.016666666666666
    endloop
  endfacet
  facet normal 0 0 1
    outer loop
      vertex 16.00563349899112 -17.665753231876778 60.85
      vertex 16.61331062652391 -13.572405786990291 60.85
      vertex 15.773694888474271 -13.144600200657953 60.85
    endloop
  endfacet
  facet normal 0 0 1
    outer loop
      vertex 16.00563349899112 -17.665753231876778 60.85
      vertex 15.773694888474271 -13.144600200657953 60.85
      vertex 15.44515613974761 -12.95030292629016 60.85
    endloop
  endfacet
  facet normal 0 0 1
    outer loop
      vertex 9.993604987354919 -13.850403921006821 60.85
      vertex 11.813052830587258 -9.981894843377235 60.85
      vertex 9.149596078993179 -13.006395012645081 60.85
    endloop
  endfacet
  facet normal 0 0 1
    outer loop
      vertex 11.890858731672257 -15.290421193686507 60.85
      vertex 12.731793411069672 -10.934529411321176 60.85
      vertex 12.065470588678824 -10.268206588930328 60.85
    endloop
  endfacet
  facet normal 0 0 1
    outer loop
      vertex 11.890858731672257 -15.290421193686507 60.85
      vertex 12.065470588678824 -10.268206588930328 60.85
      vertex 11.813052830587258 -9.981894843377235 60.85
    endloop
  endfacet
  facet normal 0.5877852522924728 -0.8090169943749476 -4.887096390162254e-16
    outer loop
      vertex 8.591256684752203 -12.322666759890163 60.85
      vertex 11.813052830587258 -9.981894843377235 60.85
      vertex 10.499707030457207 -10.936096421148946 62.016666666666666
    endloop
  endfacet
  facet normal 0 0 -1
    outer loop
      vertex 9.993604987354919 -13.850403921006821 65.85
      vertex 8.591256684752203 -12.322666759890163 65.85
      vertex 10.888944194774897 -14.639751612739998 65.85
    endloop
  endfacet
  facet normal 0 0 -1
    outer loop
      vertex 9.993604987354919 -13.850403921006821 65.85
      vertex 9.149596078993179 -13.006395012645081 65.85
      vertex 8.591256684752203 -12.322666759890163 65.85
    endloop
  endfacet
  facet normal -0.7071067811865475 -0.7071067811865475 1.7124698724768422e-17
    outer loop
      vertex 9.993604987354919 -13.850403921006821 65.85
      vertex 9.149596078993179 -13.006395012645081 68.35
      vertex 9.149596078993179 -13.006395012645081 65.85
    endloop
  endfacet
  facet normal -0.7071067811865475 -0.7071067811865475 0
    outer loop
      vertex 9.993604987354919 -13.850403921006821 65.85
      vertex 9.993604987354919 -13.850403921006821 68.35
      vertex 9.149596078993179 -13.006395012645081 68.35
    endloop
  endfacet
  facet normal -0.7501110696304585 -0.6613118653236529 0
    outer loop
      vertex 9.149596078993179 -13.006395012645081 65.85
      vertex 9.149596078993179 -13.006395012645081 68.35
      vertex 8.360248387260002 -12.111055805225103 68.35
    endloop
  endfacet
  facet normal -0.6890060516147368 -0.5005921985511638 0.5240974256643346
    outer loop
      vertex 7.709578806313493 -11.109141268327743 60.85
      vertex 8.591256684752203 -12.322666759890163 60.85
      vertex 9.835898214559814 -11.418381756363281 63.35
    endloop
  endfacet
  facet normal 0.5877852522924725 -0.809016994374948 6.852969360552378e-16
    outer loop
      vertex 8.591256684752203 -12.322666759890163 60.85
      vertex 10.499707030457207 -10.936096421148946 62.016666666666666
      vertex 9.835898214559814 -11.418381756363281 63.35
    endloop
  endfacet
  facet normal -0.6890060516147372 -0.5005921985511633 0.5240974256643348
    outer loop
      vertex 7.709578806313493 -11.109141268327743 60.85
      vertex 9.835898214559814 -11.418381756363281 63.35
      vertex 8.954220336121104 -10.20485626480086 63.35
    endloop
  endfacet
  facet normal -0.5877852522924735 0.8090169943749473 -5.135490240578434e-16
    outer loop
      vertex 7.709578806313493 -11.109141268327743 60.85
      vertex 8.954220336121104 -10.20485626480086 63.35
      vertex 10.864745084375787 -8.816778784387097 60.85
    endloop
  endfacet
  facet normal -0.6890060516147366 -0.5005921985511629 -0.5240974256643359
    outer loop
      vertex 9.835898214559814 -11.418381756363281 63.35
      vertex 7.709578806313493 -11.109141268327743 65.85
      vertex 8.954220336121104 -10.20485626480086 63.35
    endloop
  endfacet
  facet normal -0.5877852522924728 0.8090169943749477 9.753973273453362e-16
    outer loop
      vertex 8.954220336121104 -10.20485626480086 63.35
      vertex 7.709578806313493 -11.109141268327743 65.85
      vertex 9.618029152018497 -9.722570929586524 64.68333333333334
    endloop
  endfacet
  facet normal 0 0 -1
    outer loop
      vertex 8.360248387260002 -12.111055805225103 65.85
      vertex 7.709578806313493 -11.109141268327743 65.85
      vertex 8.591256684752203 -12.322666759890163 65.85
    endloop
  endfacet
  facet normal 0 0 -1
    outer loop
      vertex 8.360248387260002 -12.111055805225103 65.85
      vertex 7.6286771068759975 -11.16791979355699 65.85
      vertex 7.709578806313493 -11.109141268327743 65.85
    endloop
  endfacet
  facet normal 0 0 -1
    outer loop
      vertex 9.149596078993179 -13.006395012645081 65.85
      vertex 8.360248387260002 -12.111055805225103 65.85
      vertex 8.591256684752203 -12.322666759890163 65.85
    endloop
  endfacet
  facet normal -0.6890060516147364 -0.5005921985511634 -0.5240974256643356
    outer loop
      vertex 9.835898214559814 -11.418381756363281 63.35
      vertex 8.591256684752203 -12.322666759890163 65.85
      vertex 7.709578806313493 -11.109141268327743 65.85
    endloop
  endfacet
  facet normal -0.79015501237569 -0.6129070536529769 1.6643934125850296e-17
    outer loop
      vertex 8.360248387260002 -12.111055805225103 65.85
      vertex 7.6286771068759975 -11.16791979355699 68.35
      vertex 7.6286771068759975 -11.16791979355699 65.85
    endloop
  endfacet
  facet normal -0.79015501237569 -0.6129070536529769 0
    outer loop
      vertex 8.360248387260002 -12.111055805225103 65.85
      vertex 8.360248387260002 -12.111055805225103 68.35
      vertex 7.6286771068759975 -11.16791979355699 68.35
    endloop
  endfacet
  facet normal -0.7501110696304585 -0.6613118653236529 6.579897539038372e-18
    outer loop
      vertex 9.149596078993179 -13.006395012645081 65.85
      vertex 8.360248387260002 -12.111055805225103 68.35
      vertex 8.360248387260002 -12.111055805225103 65.85
    endloop
  endfacet
  facet normal 0.5877852522924728 -0.8090169943749476 -3.319451869437313e-16
    outer loop
      vertex 9.835898214559814 -11.418381756363281 63.35
      vertex 11.813052830587258 -9.981894843377235 65.85
      vertex 8.591256684752203 -12.322666759890163 65.85
    endloop
  endfacet
  facet normal -0.8270805742745633 -0.5620833778521285 0
    outer loop
      vertex 7.6286771068759975 -11.16791979355699 65.85
      vertex 7.6286771068759975 -11.16791979355699 68.35
      vertex 6.957769415461716 -10.180709104600936 68.35
    endloop
  endfacet
  facet normal -0.8270805742745633 -0.5620833778521285 0
    outer loop
      vertex 6.957769415461716 -10.180709104600936 65.85
      vertex 7.6286771068759975 -11.16791979355699 65.85
      vertex 6.957769415461716 -10.180709104600936 68.35
    endloop
  endfacet
  facet normal -0.500592198551163 -0.6890060516147372 0.5240974256643348
    outer loop
      vertex 11.890858731672257 -15.290421193686507 60.85
      vertex 14.00866922676156 -14.927457542317605 63.35
      vertex 12.79514373519914 -14.045779663878896 63.35
    endloop
  endfacet
  facet normal -0.8090169943749473 0.5877852522924735 4.872778943751125e-16
    outer loop
      vertex 11.890858731672257 -15.290421193686507 60.85
      vertex 12.79514373519914 -14.045779663878896 63.35
      vertex 14.183221215612903 -12.135254915624213 60.85
    endloop
  endfacet
  facet normal -0.5005921985511627 -0.6890060516147366 -0.5240974256643358
    outer loop
      vertex 11.890858731672257 -15.290421193686507 65.85
      vertex 12.79514373519914 -14.045779663878896 63.35
      vertex 14.00866922676156 -14.927457542317605 63.35
    endloop
  endfacet
  facet normal -0.8090169943749477 0.5877852522924728 -9.834038654740122e-16
    outer loop
      vertex 11.890858731672257 -15.290421193686507 65.85
      vertex 13.277429070413476 -13.381970847981503 64.68333333333334
      vertex 12.79514373519914 -14.045779663878896 63.35
    endloop
  endfacet
  facet normal -0.809016994374948 0.5877852522924724 -6.87573294837871e-16
    outer loop
      vertex 14.183221215612903 -12.135254915624213 60.85
      vertex 12.79514373519914 -14.045779663878896 63.35
      vertex 13.277429070413476 -13.381970847981503 64.68333333333334
    endloop
  endfacet
  facet normal -0.39714789063478284 -0.9177546256839804 0
    outer loop
      vertex 17.47813170972983 -13.946647288323772 60.85
      vertex 17.47813170972983 -13.946647288323772 65.85
      vertex 16.61331062652391 -13.572405786990291 60.85
    endloop
  endfacet
  facet normal 0.809016994374947 -0.5877852522924737 1.9130808796661795e-16
    outer loop
      vertex 14.490954561975897 -14.263648726420213 62.016666666666666
      vertex 15.44515613974761 -12.95030292629016 65.85
      vertex 14.00866922676156 -14.927457542317605 63.35
    endloop
  endfacet
  facet normal 0.8090169943749473 -0.5877852522924734 -4.472953667385318e-18
    outer loop
      vertex 14.490954561975897 -14.263648726420213 62.016666666666666
      vertex 15.44515613974761 -12.95030292629016 60.85
      vertex 15.44515613974761 -12.95030292629016 63.3356667247929
    endloop
  endfacet
  facet normal -0.453990499739547 -0.8910065241883678 -3.967705371890068e-18
    outer loop
      vertex 15.773694888474271 -13.144600200657953 60.85
      vertex 16.61331062652391 -13.572405786990291 60.85
      vertex 16.61331062652391 -13.572405786990291 65.85
    endloop
  endfacet
  facet normal -0.5090414157503724 -0.8607420270039429 0
    outer loop
      vertex 15.44515613974761 -12.95030292629016 60.85
      vertex 15.773694888474271 -13.144600200657953 60.85
      vertex 15.44515613974761 -12.95030292629016 63.3356667247929
    endloop
  endfacet
  facet normal 0.8090169943749472 -0.5877852522924732 -4.4219563898681225e-18
    outer loop
      vertex 14.490954561975897 -14.263648726420213 62.016666666666666
      vertex 15.44515613974761 -12.95030292629016 63.3356667247929
      vertex 15.44515613974761 -12.95030292629016 65.85
    endloop
  endfacet
  facet normal -0.8090169943749469 0.5877852522924738 0
    outer loop
      vertex 14.183221215612903 -12.135254915624213 60.85
      vertex 13.277429070413476 -13.381970847981503 64.68333333333334
      vertex 14.183221215612903 -12.135254915624213 65.77890625
    endloop
  endfacet
  facet normal -0.453990499739547 -0.8910065241883678 0
    outer loop
      vertex 15.773694888474271 -13.144600200657953 60.85
      vertex 16.61331062652391 -13.572405786990291 65.85
      vertex 15.773694888474271 -13.144600200657953 65.85
    endloop
  endfacet
  facet normal -0.39714789063478284 -0.9177546256839804 0
    outer loop
      vertex 16.61331062652391 -13.572405786990291 60.85
      vertex 17.47813170972983 -13.946647288323772 65.85
      vertex 16.61331062652391 -13.572405786990291 65.85
    endloop
  endfacet
  facet normal -0.5090414157503726 -0.860742027003943 -5.7965251756156455e-18
    outer loop
      vertex 15.773694888474271 -13.144600200657953 60.85
      vertex 15.44515613974761 -12.95030292629016 65.85
      vertex 15.44515613974761 -12.95030292629016 63.3356667247929
    endloop
  endfacet
  facet normal -0.5090414157503725 -0.8607420270039429 0
    outer loop
      vertex 15.773694888474271 -13.144600200657953 60.85
      vertex 15.773694888474271 -13.144600200657953 65.85
      vertex 15.44515613974761 -12.95030292629016 65.85
    endloop
  endfacet
  facet normal 0 0 -1
    outer loop
      vertex 8.591256684752203 -12.322666759890163 65.85
      vertex 11.83208020644301 -15.371322893124002 65.85
      vertex 10.888944194774897 -14.639751612739998 65.85
    endloop
  endfacet
  facet normal -0.6613118653236529 -0.7501110696304585 6.579897539038372e-18
    outer loop
      vertex 9.993604987354919 -13.850403921006821 65.85
      vertex 10.888944194774897 -14.639751612739998 65.85
      vertex 10.888944194774897 -14.639751612739998 68.35
    endloop
  endfacet
  facet normal -0.6129070536529769 -0.79015501237569 1.6643934125850296e-17
    outer loop
      vertex 11.83208020644301 -15.371322893124002 68.35
      vertex 10.888944194774897 -14.639751612739998 68.35
      vertex 10.888944194774897 -14.639751612739998 65.85
    endloop
  endfacet
  facet normal -0.6613118653236529 -0.7501110696304585 0
    outer loop
      vertex 9.993604987354919 -13.850403921006821 65.85
      vertex 10.888944194774897 -14.639751612739998 68.35
      vertex 9.993604987354919 -13.850403921006821 68.35
    endloop
  endfacet
  facet normal 0 0 -1
    outer loop
      vertex 8.591256684752203 -12.322666759890163 65.85
      vertex 12.065470588678824 -10.268206588930328 65.85
      vertex 11.83208020644301 -15.371322893124002 65.85
    endloop
  endfacet
  facet normal -0.8090169943749472 0.5877852522924734 6.335649777673361e-16
    outer loop
      vertex 11.890858731672257 -15.290421193686507 65.85
      vertex 14.183221215612903 -12.135254915624213 65.85
      vertex 13.277429070413476 -13.381970847981503 64.68333333333334
    endloop
  endfacet
  facet normal 0 0 -1
    outer loop
      vertex 11.83208020644301 -15.371322893124002 65.85
      vertex 12.065470588678824 -10.268206588930328 65.85
      vertex 11.890858731672257 -15.290421193686507 65.85
    endloop
  endfacet
  facet normal 0 0 -1
    outer loop
      vertex 11.890858731672257 -15.290421193686507 65.85
      vertex 12.731793411069672 -10.934529411321176 65.85
      vertex 13.438640153769656 -11.55769864163684 65.85
    endloop
  endfacet
  facet normal 0 0 -1
    outer loop
      vertex 11.890858731672257 -15.290421193686507 65.85
      vertex 13.438640153769656 -11.55769864163684 65.85
      vertex 14.183221215612903 -12.135254915624213 65.85
    endloop
  endfacet
  facet normal 0.8090169943749473 -0.5877852522924732 -3.5656037853667673e-16
    outer loop
      vertex 13.104384223234678 -16.172099072125217 65.85
      vertex 14.00866922676156 -14.927457542317605 63.35
      vertex 15.44515613974761 -12.95030292629016 65.85
    endloop
  endfacet
  facet normal 0 0 -1
    outer loop
      vertex 13.104384223234678 -16.172099072125217 65.85
      vertex 15.44515613974761 -12.95030292629016 65.85
      vertex 15.773694888474271 -13.144600200657953 65.85
    endloop
  endfacet
  facet normal 0 0 -1
    outer loop
      vertex 16.00563349899112 -17.665753231876778 65.85
      vertex 15.773694888474271 -13.144600200657953 65.85
      vertex 16.61331062652391 -13.572405786990291 65.85
    endloop
  endfacet
  facet normal -0.8090169943749472 0.5877852522924736 1.6305668463698037e-16
    outer loop
      vertex 13.277429070413476 -13.381970847981503 64.68333333333334
      vertex 14.183221215612903 -12.135254915624213 65.85
      vertex 14.183221215612903 -12.135254915624213 65.77890625
    endloop
  endfacet
  facet normal -0.6613118653236513 -0.7501110696304599 0
    outer loop
      vertex 13.438640153769656 -11.55769864163684 60.85
      vertex 13.438640153769656 -11.55769864163684 65.85
      vertex 12.731793411069672 -10.934529411321176 60.85
    endloop
  endfacet
  facet normal -0.6129070536529772 -0.7901550123756897 0
    outer loop
      vertex 13.438640153769656 -11.55769864163684 60.85
      vertex 14.183221215612903 -12.135254915624213 65.85
      vertex 13.438640153769656 -11.55769864163684 65.85
    endloop
  endfacet
  facet normal -0.7501110696304585 -0.661311865323653 -3.497834828510427e-18
    outer loop
      vertex 12.065470588678824 -10.268206588930328 60.85
      vertex 11.813052830587258 -9.981894843377235 63.3356667247929
      vertex 11.813052830587258 -9.981894843377235 60.85
    endloop
  endfacet
  facet normal 0.5877852522924731 -0.8090169943749475 -1.2197590989251863e-17
    outer loop
      vertex 10.499707030457207 -10.936096421148946 62.016666666666666
      vertex 11.813052830587258 -9.981894843377235 60.85
      vertex 11.813052830587258 -9.981894843377235 63.3356667247929
    endloop
  endfacet
  facet normal -0.7071067811865476 -0.7071067811865476 1.5952624689806286e-18
    outer loop
      vertex 12.731793411069672 -10.934529411321176 60.85
      vertex 12.065470588678824 -10.268206588930328 65.85
      vertex 12.065470588678824 -10.268206588930328 60.85
    endloop
  endfacet
  facet normal 0.5877852522924721 -0.8090169943749481 5.147324388652054e-16
    outer loop
      vertex 9.835898214559814 -11.418381756363281 63.35
      vertex 10.499707030457207 -10.936096421148946 62.016666666666666
      vertex 11.813052830587258 -9.981894843377235 65.85
    endloop
  endfacet
  facet normal 0.587785252292473 -0.8090169943749473 -1.2058523165398517e-17
    outer loop
      vertex 10.499707030457207 -10.936096421148946 62.016666666666666
      vertex 11.813052830587258 -9.981894843377235 63.3356667247929
      vertex 11.813052830587258 -9.981894843377235 65.85
    endloop
  endfacet
  facet normal -0.7071067811865476 -0.7071067811865476 0
    outer loop
      vertex 12.731793411069672 -10.934529411321176 60.85
      vertex 12.731793411069672 -10.934529411321176 65.85
      vertex 12.065470588678824 -10.268206588930328 65.85
    endloop
  endfacet
  facet normal -0.6613118653236513 -0.7501110696304599 0
    outer loop
      vertex 12.731793411069672 -10.934529411321176 60.85
      vertex 13.438640153769656 -11.55769864163684 65.85
      vertex 12.731793411069672 -10.934529411321176 65.85
    endloop
  endfacet
  facet normal -0.7501110696304585 -0.661311865323653 0
    outer loop
      vertex 12.065470588678824 -10.268206588930328 60.85
      vertex 12.065470588678824 -10.268206588930328 65.85
      vertex 11.813052830587258 -9.981894843377235 63.3356667247929
    endloop
  endfacet
  facet normal -0.6129070536529772 -0.7901550123756899 3.1421412625119012e-18
    outer loop
      vertex 13.438640153769656 -11.55769864163684 60.85
      vertex 14.183221215612903 -12.135254915624213 60.85
      vertex 14.183221215612903 -12.135254915624213 65.77890625
    endloop
  endfacet
  facet normal -0.6129070536529772 -0.7901550123756897 2.1784361785923939e-16
    outer loop
      vertex 13.438640153769656 -11.55769864163684 60.85
      vertex 14.183221215612903 -12.135254915624213 65.77890625
      vertex 14.183221215612903 -12.135254915624213 65.85
    endloop
  endfacet
  facet normal 0 0 -1
    outer loop
      vertex 11.890858731672257 -15.290421193686507 65.85
      vertex 12.065470588678824 -10.268206588930328 65.85
      vertex 12.731793411069672 -10.934529411321176 65.85
    endloop
  endfacet
  facet normal 0 0 -1
    outer loop
      vertex 8.591256684752203 -12.322666759890163 65.85
      vertex 11.813052830587258 -9.981894843377235 65.85
      vertex 12.065470588678824 -10.268206588930328 65.85
    endloop
  endfacet
  facet normal -0.7501110696304585 -0.661311865323653 -3.4579551278196906e-18
    outer loop
      vertex 12.065470588678824 -10.268206588930328 65.85
      vertex 11.813052830587258 -9.981894843377235 65.85
      vertex 11.813052830587258 -9.981894843377235 63.3356667247929
    endloop
  endfacet
  facet normal -0.15643446504023267 -0.9876883405951374 0
    outer loop
      vertex 20.61866856227822 -18.85017932497508 58.35
      vertex 20.61866856227822 -18.85017932497508 60.85
      vertex 19.439755022871232 -18.663457763845084 58.35
    endloop
  endfacet
  facet normal -0.27899110603922983 -0.960293685676943 1.9706273744230346e-18
    outer loop
      vertex 17.128677106875998 -18.070073809607916 58.35
      vertex 18.27489214386776 -18.40308006144399 58.35
      vertex 18.27489214386776 -18.40308006144399 60.85
    endloop
  endfacet
  facet normal -0.2181432413965428 -0.9759167619387472 -4.716186977654048e-18
    outer loop
      vertex 18.27489214386776 -18.40308006144399 58.35
      vertex 19.439755022871232 -18.663457763845084 58.35
      vertex 19.439755022871232 -18.663457763845084 60.85
    endloop
  endfacet
  facet normal -0.27899110603922983 -0.960293685676943 0
    outer loop
      vertex 17.128677106875998 -18.070073809607916 58.35
      vertex 18.27489214386776 -18.40308006144399 60.85
      vertex 17.128677106875998 -18.070073809607916 60.85
    endloop
  endfacet
  facet normal -0.2181432413965428 -0.9759167619387472 0
    outer loop
      vertex 18.27489214386776 -18.40308006144399 58.35
      vertex 19.439755022871232 -18.663457763845084 60.85
      vertex 18.27489214386776 -18.40308006144399 60.85
    endloop
  endfacet
  facet normal 0 0 1
    outer loop
      vertex 17.128677106875998 -18.070073809607916 60.85
      vertex 18.586163580756224 -18.438493649540824 60.85
      vertex 17.159578806313494 -17.974968157978402 60.85
    endloop
  endfacet
  facet normal 0 0 1
    outer loop
      vertex 17.128677106875998 -18.070073809607916 60.85
      vertex 18.27489214386776 -18.40308006144399 60.85
      vertex 18.586163580756224 -18.438493649540824 60.85
    endloop
  endfacet
  facet normal 0 0 1
    outer loop
      vertex 18.27489214386776 -18.40308006144399 60.85
      vertex 19.439755022871232 -18.663457763845084 60.85
      vertex 18.586163580756224 -18.438493649540824 60.85
    endloop
  endfacet
  facet normal -0.15643446504023267 -0.9876883405951374 0
    outer loop
      vertex 19.439755022871232 -18.663457763845084 58.35
      vertex 20.61866856227822 -18.85017932497508 60.85
      vertex 19.439755022871232 -18.663457763845084 60.85
    endloop
  endfacet
  facet normal -0.09410831331851324 -0.99556196460308 2.5895582478789734e-18
    outer loop
      vertex 20.61866856227822 -18.85017932497508 58.35
      vertex 21.80698012894305 -18.96250784013716 58.35
      vertex 21.80698012894305 -18.96250784013716 60.85
    endloop
  endfacet
  facet normal -0.03141075907812788 -0.9995065603657317 -5.522871417580061e-19
    outer loop
      vertex 21.80698012894305 -18.96250784013716 58.35
      vertex 23 -19 58.35
      vertex 23 -19 60.85
    endloop
  endfacet
  facet normal 0.03141075907812788 -0.9995065603657317 5.522871417580061e-19
    outer loop
      vertex 23 -19 58.35
      vertex 24.19301987105695 -18.96250784013716 58.35
      vertex 24.19301987105695 -18.96250784013716 60.85
    endloop
  endfacet
  facet normal -0.09410831331851324 -0.99556196460308 0
    outer loop
      vertex 20.61866856227822 -18.85017932497508 58.35
      vertex 21.80698012894305 -18.96250784013716 60.85
      vertex 20.61866856227822 -18.85017932497508 60.85
    endloop
  endfacet
  facet normal -0.03141075907812788 -0.9995065603657317 0
    outer loop
      vertex 21.80698012894305 -18.96250784013716 58.35
      vertex 23 -19 60.85
      vertex 21.80698012894305 -18.96250784013716 60.85
    endloop
  endfacet
  facet normal 0.03141075907812788 -0.9995065603657317 0
    outer loop
      vertex 23 -19 58.35
      vertex 24.19301987105695 -18.96250784013716 60.85
      vertex 23 -19 60.85
    endloop
  endfacet
  facet normal 0 0 1
    outer loop
      vertex 21.80698012894305 -18.96250784013716 60.85
      vertex 23 -19 60.85
      vertex 23 -18.9 60.85
    endloop
  endfacet
  facet normal 0 0 1
    outer loop
      vertex 23 -19 60.85
      vertex 24.5 -18.9 60.85
      vertex 23 -18.9 60.85
    endloop
  endfacet
  facet normal 0 0 1
    outer loop
      vertex 23 -19 60.85
      vertex 24.19301987105695 -18.96250784013716 60.85
      vertex 24.5 -18.9 60.85
    endloop
  endfacet
  facet normal 0 0 1
    outer loop
      vertex 20.61866856227822 -18.85017932497508 60.85
      vertex 21.80698012894305 -18.96250784013716 60.85
      vertex 21.120001496535437 -14.881720519717168 60.85
    endloop
  endfacet
  facet normal 0 0 1
    outer loop
      vertex 21.80698012894305 -18.96250784013716 60.85
      vertex 23 -18.9 60.85
      vertex 22.0581422070603 -14.970400926424073 60.85
    endloop
  endfacet
  facet normal 0 0 1
    outer loop
      vertex 18.586163580756224 -18.438493649540824 60.85
      vertex 19.439755022871232 -18.663457763845084 60.85
      vertex 19.8167802036418 -14.651045128711672 60.85
    endloop
  endfacet
  facet normal 0 0 1
    outer loop
      vertex 20.61866856227822 -18.85017932497508 60.85
      vertex 19.8167802036418 -14.651045128711672 60.85
      vertex 19.439755022871232 -18.663457763845084 60.85
    endloop
  endfacet
  facet normal 0.9510565162951535 -0.3090169943749472 3.1731985381942353e-16
    outer loop
      vertex 18.586163580756224 -18.438493649540824 60.85
      vertex 19.8167802036418 -14.651045128711672 60.85
      vertex 19.315126746974048 -16.194975713665077 62.016666666666666
    endloop
  endfacet
  facet normal 0 0 1
    outer loop
      vertex 17.159578806313494 -17.974968157978402 60.85
      vertex 18.36474508437579 -14.265847744427303 60.85
      vertex 17.47813170972983 -13.946647288323772 60.85
    endloop
  endfacet
  facet normal 0 0 1
    outer loop
      vertex 20.61866856227822 -18.85017932497508 60.85
      vertex 20.18928028121413 -14.73430876093033 60.85
      vertex 19.8167802036418 -14.651045128711672 60.85
    endloop
  endfacet
  facet normal 0 0 1
    outer loop
      vertex 20.61866856227822 -18.85017932497508 60.85
      vertex 21.120001496535437 -14.881720519717168 60.85
      vertex 20.18928028121413 -14.73430876093033 60.85
    endloop
  endfacet
  facet normal 0 0 1
    outer loop
      vertex 21.80698012894305 -18.96250784013716 60.85
      vertex 22.0581422070603 -14.970400926424073 60.85
      vertex 21.120001496535437 -14.881720519717168 60.85
    endloop
  endfacet
  facet normal 0 0 1
    outer loop
      vertex 23 -18.9 60.85
      vertex 23 -15 60.85
      vertex 22.0581422070603 -14.970400926424073 60.85
    endloop
  endfacet
  facet normal 0.09410831331851324 -0.99556196460308 -2.5895582478789734e-18
    outer loop
      vertex 24.19301987105695 -18.96250784013716 58.35
      vertex 25.38133143772178 -18.85017932497508 58.35
      vertex 25.38133143772178 -18.85017932497508 60.85
    endloop
  endfacet
  facet normal 0.09410831331851324 -0.99556196460308 0
    outer loop
      vertex 24.19301987105695 -18.96250784013716 58.35
      vertex 25.38133143772178 -18.85017932497508 60.85
      vertex 24.19301987105695 -18.96250784013716 60.85
    endloop
  endfacet
  facet normal 0.15643446504023267 -0.9876883405951374 0
    outer loop
      vertex 25.38133143772178 -18.85017932497508 58.35
      vertex 26.560244977128768 -18.663457763845084 60.85
      vertex 25.38133143772178 -18.85017932497508 60.85
    endloop
  endfacet
  facet normal 0 0 1
    outer loop
      vertex 24.19301987105695 -18.96250784013716 60.85
      vertex 25.38133143772178 -18.85017932497508 60.85
      vertex 24.5 -18.9 60.85
    endloop
  endfacet
  facet normal 0.15643446504023267 -0.9876883405951374 2.941566980191742e-18
    outer loop
      vertex 25.38133143772178 -18.85017932497508 58.35
      vertex 26.560244977128768 -18.663457763845084 58.35
      vertex 26.560244977128768 -18.663457763845084 60.85
    endloop
  endfacet
  facet normal 0.2181432413965428 -0.9759167619387472 4.716186977654048e-18
    outer loop
      vertex 26.560244977128768 -18.663457763845084 58.35
      vertex 27.72510785613224 -18.40308006144399 58.35
      vertex 27.72510785613224 -18.40308006144399 60.85
    endloop
  endfacet
  facet normal 0 0 1
    outer loop
      vertex 24.5 -18.9 60.85
      vertex 25.38133143772178 -18.85017932497508 60.85
      vertex 24.5 -14.917640954101046 60.85
    endloop
  endfacet
  facet normal 0.2181432413965428 -0.9759167619387472 0
    outer loop
      vertex 26.560244977128768 -18.663457763845084 58.35
      vertex 27.72510785613224 -18.40308006144399 60.85
      vertex 26.560244977128768 -18.663457763845084 60.85
    endloop
  endfacet
  facet normal 0.27899110603922983 -0.960293685676943 -1.9706273744230346e-18
    outer loop
      vertex 27.72510785613224 -18.40308006144399 58.35
      vertex 28.871322893124002 -18.070073809607916 58.35
      vertex 28.871322893124002 -18.070073809607916 60.85
    endloop
  endfacet
  facet normal 0.3387379202452896 -0.9408807689542262 5.798523871605455e-18
    outer loop
      vertex 28.871322893124002 -18.070073809607916 58.35
      vertex 29.99436650100888 -17.665753231876778 58.35
      vertex 29.99436650100888 -17.665753231876778 60.85
    endloop
  endfacet
  facet normal 0.27899110603922983 -0.960293685676943 0
    outer loop
      vertex 27.72510785613224 -18.40308006144399 58.35
      vertex 28.871322893124002 -18.070073809607916 60.85
      vertex 27.72510785613224 -18.40308006144399 60.85
    endloop
  endfacet
  facet normal 0 0 1
    outer loop
      vertex 27.72510785613224 -18.40308006144399 60.85
      vertex 28.871322893124002 -18.070073809607916 60.85
      vertex 28.840421193686506 -17.974968157978402 60.85
    endloop
  endfacet
  facet normal 0.3387379202452896 -0.9408807689542262 0
    outer loop
      vertex 28.871322893124002 -18.070073809607916 58.35
      vertex 29.99436650100888 -17.665753231876778 60.85
      vertex 28.871322893124002 -18.070073809607916 60.85
    endloop
  endfacet
  facet normal 0 0 1
    outer loop
      vertex 28.871322893124002 -18.070073809607916 60.85
      vertex 30.267005968129236 -17.51144266641598 60.85
      vertex 28.840421193686506 -17.974968157978402 60.85
    endloop
  endfacet
  facet normal 0 0 1
    outer loop
      vertex 28.871322893124002 -18.070073809607916 60.85
      vertex 29.99436650100888 -17.665753231876778 60.85
      vertex 30.267005968129236 -17.51144266641598 60.85
    endloop
  endfacet
  facet normal 0.397147890634781 -0.9177546256839809 0
    outer loop
      vertex 29.99436650100888 -17.665753231876778 58.35
      vertex 31.08980653973638 -17.19171399685437 60.85
      vertex 29.99436650100888 -17.665753231876778 60.85
    endloop
  endfacet
  facet normal 0 0 1
    outer loop
      vertex 25.38133143772178 -18.85017932497508 60.85
      vertex 26.560244977128768 -18.663457763845084 60.85
      vertex 24.879998503464563 -14.881720519717168 60.85
    endloop
  endfacet
  facet normal 1 0 0
    outer loop
      vertex 24.5 -18.9 60.85
      vertex 24.5 -14.917640954101046 60.85
      vertex 24.5 -16.54102564102564 62.016666666666666
    endloop
  endfacet
  facet normal 0 0 1
    outer loop
      vertex 26.560244977128768 -18.663457763845084 60.85
      vertex 27.72510785613224 -18.40308006144399 60.85
      vertex 25.81071971878587 -14.73430876093033 60.85
    endloop
  endfacet
  facet normal 0 0 1
    outer loop
      vertex 27.72510785613224 -18.40308006144399 60.85
      vertex 28.840421193686506 -17.974968157978402 60.85
      vertex 26.730348307472823 -14.528747416929466 60.85
    endloop
  endfacet
  facet normal 0 0 1
    outer loop
      vertex 24.5 -14.917640954101046 60.85
      vertex 25.38133143772178 -18.85017932497508 60.85
      vertex 24.879998503464563 -14.881720519717168 60.85
    endloop
  endfacet
  facet normal 0 0 1
    outer loop
      vertex 26.560244977128768 -18.663457763845084 60.85
      vertex 25.81071971878587 -14.73430876093033 60.85
      vertex 24.879998503464563 -14.881720519717168 60.85
    endloop
  endfacet
  facet normal 0 0 1
    outer loop
      vertex 27.72510785613224 -18.40308006144399 60.85
      vertex 26.730348307472823 -14.528747416929466 60.85
      vertex 25.81071971878587 -14.73430876093033 60.85
    endloop
  endfacet
  facet normal 0 0 1
    outer loop
      vertex 28.840421193686506 -17.974968157978402 60.85
      vertex 27.63525491562421 -14.265847744427303 60.85
      vertex 26.730348307472823 -14.528747416929466 60.85
    endloop
  endfacet
  facet normal 0.397147890634781 -0.9177546256839809 4.773885676526449e-18
    outer loop
      vertex 29.99436650100888 -17.665753231876778 58.35
      vertex 31.08980653973638 -17.19171399685437 58.35
      vertex 31.08980653973638 -17.19171399685437 60.85
    endloop
  endfacet
  facet normal 0.4539904997395466 -0.891006524188368 0
    outer loop
      vertex 31.08980653973638 -17.19171399685437 58.35
      vertex 32.15331980793259 -16.64982692083341 60.85
      vertex 31.08980653973638 -17.19171399685437 60.85
    endloop
  endfacet
  facet normal 0 0 1
    outer loop
      vertex 29.99436650100888 -17.665753231876778 60.85
      vertex 31.08980653973638 -17.19171399685437 60.85
      vertex 30.267005968129236 -17.51144266641598 60.85
    endloop
  endfacet
  facet normal 0.9510565162951535 0.3090169943749472 2.5501857359831054e-15
    outer loop
      vertex 30.267005968129236 -17.51144266641598 60.85
      vertex 29.03638934524366 -13.723994145586829 60.85
      vertex 29.53804280191141 -15.267924730540233 62.016666666666666
    endloop
  endfacet
  facet normal 0 0 1
    outer loop
      vertex 30.267005968129236 -17.51144266641598 60.85
      vertex 31.08980653973638 -17.19171399685437 60.85
      vertex 29.03638934524366 -13.723994145586829 60.85
    endloop
  endfacet
  facet normal -0.26317689326246535 -0.8099751917588177 0.5240974256643353
    outer loop
      vertex 17.159578806313494 -17.974968157978402 60.85
      vertex 18.586163580756224 -18.438493649540824 60.85
      vertex 19.061574341333067 -16.97532977831751 63.35
    endloop
  endfacet
  facet normal 0 -0.8516583167045443 0.5240974256643343
    outer loop
      vertex 23 -18.9 60.85
      vertex 24.5 -18.9 60.85
      vertex 24.5 -17.361538461538462 63.35
    endloop
  endfacet
  facet normal 0 -0.8516583167045443 0.5240974256643343
    outer loop
      vertex 23 -18.9 60.85
      vertex 24.5 -17.361538461538462 63.35
      vertex 23 -17.361538461538462 63.35
    endloop
  endfacet
  facet normal -1 0 0
    outer loop
      vertex 23 -18.9 65.85
      vertex 23 -16.54102564102564 64.68333333333334
      vertex 23 -17.361538461538462 63.35
    endloop
  endfacet
  facet normal -3.87910019412909e-17 -0.8516583167045435 -0.5240974256643354
    outer loop
      vertex 23 -18.9 65.85
      vertex 23 -17.361538461538462 63.35
      vertex 24.5 -17.361538461538462 63.35
    endloop
  endfacet
  facet normal -0.15643446504023267 -0.9876883405951374 0
    outer loop
      vertex 20.61866856227822 -18.85017932497508 65.85
      vertex 20.61866856227822 -18.85017932497508 68.35
      vertex 19.439755022871232 -18.663457763845084 65.85
    endloop
  endfacet
  facet normal 0 0 -1
    outer loop
      vertex 17.128677106875998 -18.070073809607916 65.85
      vertex 17.159578806313494 -17.974968157978402 65.85
      vertex 18.27489214386776 -18.40308006144399 65.85
    endloop
  endfacet
  facet normal 0 0 -1
    outer loop
      vertex 17.159578806313494 -17.974968157978402 65.85
      vertex 18.586163580756224 -18.438493649540824 65.85
      vertex 18.27489214386776 -18.40308006144399 65.85
    endloop
  endfacet
  facet normal 0 0 -1
    outer loop
      vertex 18.27489214386776 -18.40308006144399 65.85
      vertex 18.586163580756224 -18.438493649540824 65.85
      vertex 19.439755022871232 -18.663457763845084 65.85
    endloop
  endfacet
  facet normal -0.26317689326246513 -0.809975191758817 -0.5240974256643363
    outer loop
      vertex 17.159578806313494 -17.974968157978402 65.85
      vertex 19.061574341333067 -16.97532977831751 63.35
      vertex 18.586163580756224 -18.438493649540824 65.85
    endloop
  endfacet
  facet normal 0 0 -1
    outer loop
      vertex 18.586163580756224 -18.438493649540824 65.85
      vertex 20.61866856227822 -18.85017932497508 65.85
      vertex 19.439755022871232 -18.663457763845084 65.85
    endloop
  endfacet
  facet normal -0.27899110603922983 -0.960293685676943 1.9706273744230346e-18
    outer loop
      vertex 17.128677106875998 -18.070073809607916 65.85
      vertex 18.27489214386776 -18.40308006144399 65.85
      vertex 18.27489214386776 -18.40308006144399 68.35
    endloop
  endfacet
  facet normal -0.27899110603922983 -0.960293685676943 0
    outer loop
      vertex 17.128677106875998 -18.070073809607916 65.85
      vertex 18.27489214386776 -18.40308006144399 68.35
      vertex 17.128677106875998 -18.070073809607916 68.35
    endloop
  endfacet
  facet normal -0.2181432413965428 -0.9759167619387472 0
    outer loop
      vertex 18.27489214386776 -18.40308006144399 65.85
      vertex 19.439755022871232 -18.663457763845084 68.35
      vertex 18.27489214386776 -18.40308006144399 68.35
    endloop
  endfacet
  facet normal -0.2181432413965428 -0.9759167619387472 -4.716186977654048e-18
    outer loop
      vertex 18.27489214386776 -18.40308006144399 65.85
      vertex 19.439755022871232 -18.663457763845084 65.85
      vertex 19.439755022871232 -18.663457763845084 68.35
    endloop
  endfacet
  facet normal -0.15643446504023267 -0.9876883405951374 -2.941566980191742e-18
    outer loop
      vertex 20.61866856227822 -18.85017932497508 68.35
      vertex 19.439755022871232 -18.663457763845084 68.35
      vertex 19.439755022871232 -18.663457763845084 65.85
    endloop
  endfacet
  facet normal 0 0 -1
    outer loop
      vertex 21.80698012894305 -18.96250784013716 65.85
      vertex 23 -18.9 65.85
      vertex 23 -19 65.85
    endloop
  endfacet
  facet normal 0 0 -1
    outer loop
      vertex 23 -19 65.85
      vertex 23 -18.9 65.85
      vertex 24.19301987105695 -18.96250784013716 65.85
    endloop
  endfacet
  facet normal 0 0 -1
    outer loop
      vertex 23 -18.9 65.85
      vertex 24.5 -18.9 65.85
      vertex 24.19301987105695 -18.96250784013716 65.85
    endloop
  endfacet
  facet normal -0.09410831331851324 -0.99556196460308 2.5895582478789734e-18
    outer loop
      vertex 20.61866856227822 -18.85017932497508 65.85
      vertex 21.80698012894305 -18.96250784013716 65.85
      vertex 21.80698012894305 -18.96250784013716 68.35
    endloop
  endfacet
  facet normal -0.09410831331851324 -0.99556196460308 0
    outer loop
      vertex 20.61866856227822 -18.85017932497508 65.85
      vertex 21.80698012894305 -18.96250784013716 68.35
      vertex 20.61866856227822 -18.85017932497508 68.35
    endloop
  endfacet
  facet normal -0.03141075907812788 -0.9995065603657317 0
    outer loop
      vertex 21.80698012894305 -18.96250784013716 65.85
      vertex 23 -19 68.35
      vertex 21.80698012894305 -18.96250784013716 68.35
    endloop
  endfacet
  facet normal -0.03141075907812788 -0.9995065603657317 -5.522871417580061e-19
    outer loop
      vertex 21.80698012894305 -18.96250784013716 65.85
      vertex 23 -19 65.85
      vertex 23 -19 68.35
    endloop
  endfacet
  facet normal 0.03141075907812788 -0.9995065603657317 5.522871417580061e-19
    outer loop
      vertex 23 -19 65.85
      vertex 24.19301987105695 -18.96250784013716 65.85
      vertex 24.19301987105695 -18.96250784013716 68.35
    endloop
  endfacet
  facet normal 0.03141075907812788 -0.9995065603657317 0
    outer loop
      vertex 23 -19 65.85
      vertex 24.19301987105695 -18.96250784013716 68.35
      vertex 23 -19 68.35
    endloop
  endfacet
  facet normal 0 0 -1
    outer loop
      vertex 20.61866856227822 -18.85017932497508 65.85
      vertex 22.0581422070603 -14.970400926424073 65.85
      vertex 21.80698012894305 -18.96250784013716 65.85
    endloop
  endfacet
  facet normal 0 -0.8516583167045435 -0.5240974256643354
    outer loop
      vertex 23 -18.9 65.85
      vertex 24.5 -17.361538461538462 63.35
      vertex 24.5 -18.9 65.85
    endloop
  endfacet
  facet normal 0 0 -1
    outer loop
      vertex 21.80698012894305 -18.96250784013716 65.85
      vertex 23 -15 65.85
      vertex 23 -18.9 65.85
    endloop
  endfacet
  facet normal 0.9510565162951536 -0.30901699437494695 -1.564008350314352e-16
    outer loop
      vertex 18.586163580756224 -18.438493649540824 60.85
      vertex 19.315126746974048 -16.194975713665077 62.016666666666666
      vertex 19.061574341333067 -16.97532977831751 63.35
    endloop
  endfacet
  facet normal -0.2631768932624637 -0.8099751917588188 0.5240974256643345
    outer loop
      vertex 17.159578806313494 -17.974968157978402 60.85
      vertex 19.061574341333067 -16.97532977831751 63.35
      vertex 17.634989566890336 -16.51180428675509 63.35
    endloop
  endfacet
  facet normal -0.9510565162951534 0.3090169943749479 1.1427157447731064e-17
    outer loop
      vertex 17.159578806313494 -17.974968157978402 60.85
      vertex 17.634989566890336 -16.51180428675509 63.35
      vertex 18.36474508437579 -14.265847744427303 60.85
    endloop
  endfacet
  facet normal -0.26317689326246346 -0.8099751917588182 -0.5240974256643355
    outer loop
      vertex 17.159578806313494 -17.974968157978402 65.85
      vertex 17.634989566890336 -16.51180428675509 63.35
      vertex 19.061574341333067 -16.97532977831751 63.35
    endloop
  endfacet
  facet normal -0.9510565162951538 0.3090169943749466 -7.876639541976081e-16
    outer loop
      vertex 17.159578806313494 -17.974968157978402 65.85
      vertex 17.888541972531318 -15.731450222102655 64.68333333333334
      vertex 17.634989566890336 -16.51180428675509 63.35
    endloop
  endfacet
  facet normal -0.9510565162951538 0.3090169943749469 -9.372636716485393e-16
    outer loop
      vertex 17.634989566890336 -16.51180428675509 63.35
      vertex 17.888541972531318 -15.731450222102655 64.68333333333334
      vertex 18.36474508437579 -14.265847744427303 60.85
    endloop
  endfacet
  facet normal 0.9510565162951535 -0.3090169943749474 1.155463898235978e-18
    outer loop
      vertex 19.315126746974048 -16.194975713665077 62.016666666666666
      vertex 19.8167802036418 -14.651045128711672 60.85
      vertex 19.8167802036418 -14.651045128711672 63.3356667247929
    endloop
  endfacet
  facet normal 0.9510565162951538 -0.309016994374947 -1.82549651630547e-16
    outer loop
      vertex 19.315126746974048 -16.194975713665077 62.016666666666666
      vertex 19.8167802036418 -14.651045128711672 65.85
      vertex 19.061574341333067 -16.97532977831751 63.35
    endloop
  endfacet
  facet normal 0.9510565162951535 -0.3090169943749474 1.1422901617161704e-18
    outer loop
      vertex 19.315126746974048 -16.194975713665077 62.016666666666666
      vertex 19.8167802036418 -14.651045128711672 63.3356667247929
      vertex 19.8167802036418 -14.651045128711672 65.85
    endloop
  endfacet
  facet normal -1 0 0
    outer loop
      vertex 23 -18.9 60.85
      vertex 23 -17.361538461538462 63.35
      vertex 23 -15 60.85
    endloop
  endfacet
  facet normal -1 0 0
    outer loop
      vertex 23 -17.361538461538462 63.35
      vertex 23 -16.54102564102564 64.68333333333334
      vertex 23 -15 60.85
    endloop
  endfacet
  facet normal -1 0 0
    outer loop
      vertex 23 -16.54102564102564 64.68333333333334
      vertex 23 -15 65.77890625
      vertex 23 -15 60.85
    endloop
  endfacet
  facet normal 0 0 -1
    outer loop
      vertex 17.128677106875998 -18.070073809607916 65.85
      vertex 17.47813170972983 -13.946647288323772 65.85
      vertex 17.159578806313494 -17.974968157978402 65.85
    endloop
  endfacet
  facet normal 0 0 -1
    outer loop
      vertex 18.586163580756224 -18.438493649540824 65.85
      vertex 20.18928028121413 -14.73430876093033 65.85
      vertex 20.61866856227822 -18.85017932497508 65.85
    endloop
  endfacet
  facet normal 0.9510565162951536 -0.3090169943749471 -6.67176879593864e-18
    outer loop
      vertex 18.586163580756224 -18.438493649540824 65.85
      vertex 19.061574341333067 -16.97532977831751 63.35
      vertex 19.8167802036418 -14.651045128711672 65.85
    endloop
  endfacet
  facet normal -0.9510565162951534 0.30901699437494784 1.7144816541672255e-15
    outer loop
      vertex 17.159578806313494 -17.974968157978402 65.85
      vertex 18.36474508437579 -14.265847744427303 65.85
      vertex 17.888541972531318 -15.731450222102655 64.68333333333334
    endloop
  endfacet
  facet normal 0 0 -1
    outer loop
      vertex 17.159578806313494 -17.974968157978402 65.85
      vertex 17.47813170972983 -13.946647288323772 65.85
      vertex 18.36474508437579 -14.265847744427303 65.85
    endloop
  endfacet
  facet normal 0 0 -1
    outer loop
      vertex 18.586163580756224 -18.438493649540824 65.85
      vertex 19.8167802036418 -14.651045128711672 65.85
      vertex 20.18928028121413 -14.73430876093033 65.85
    endloop
  endfacet
  facet normal 0 0 -1
    outer loop
      vertex 20.61866856227822 -18.85017932497508 65.85
      vertex 20.18928028121413 -14.73430876093033 65.85
      vertex 21.120001496535437 -14.881720519717168 65.85
    endloop
  endfacet
  facet normal 0 0 -1
    outer loop
      vertex 21.80698012894305 -18.96250784013716 65.85
      vertex 22.0581422070603 -14.970400926424073 65.85
      vertex 23 -15 65.85
    endloop
  endfacet
  facet normal -1 0 0
    outer loop
      vertex 23 -18.9 65.85
      vertex 23 -15 65.85
      vertex 23 -16.54102564102564 64.68333333333334
    endloop
  endfacet
  facet normal 0 0 -1
    outer loop
      vertex 20.61866856227822 -18.85017932497508 65.85
      vertex 21.120001496535437 -14.881720519717168 65.85
      vertex 22.0581422070603 -14.970400926424073 65.85
    endloop
  endfacet
  facet normal -1 0 0
    outer loop
      vertex 23 -16.54102564102564 64.68333333333334
      vertex 23 -15 65.85
      vertex 23 -15 65.77890625
    endloop
  endfacet
  facet normal 1 0 0
    outer loop
      vertex 24.5 -18.9 60.85
      vertex 24.5 -16.54102564102564 62.016666666666666
      vertex 24.5 -17.361538461538462 63.35
    endloop
  endfacet
  facet normal 0 0 -1
    outer loop
      vertex 24.19301987105695 -18.96250784013716 65.85
      vertex 24.5 -18.9 65.85
      vertex 25.38133143772178 -18.85017932497508 65.85
    endloop
  endfacet
  facet normal 0.09410831331851324 -0.99556196460308 -2.5895582478789734e-18
    outer loop
      vertex 24.19301987105695 -18.96250784013716 65.85
      vertex 25.38133143772178 -18.85017932497508 65.85
      vertex 25.38133143772178 -18.85017932497508 68.35
    endloop
  endfacet
  facet normal 0.09410831331851324 -0.99556196460308 0
    outer loop
      vertex 24.19301987105695 -18.96250784013716 65.85
      vertex 25.38133143772178 -18.85017932497508 68.35
      vertex 24.19301987105695 -18.96250784013716 68.35
    endloop
  endfacet
  facet normal 0.15643446504023267 -0.9876883405951374 0
    outer loop
      vertex 25.38133143772178 -18.85017932497508 65.85
      vertex 26.560244977128768 -18.663457763845084 68.35
      vertex 25.38133143772178 -18.85017932497508 68.35
    endloop
  endfacet
  facet normal 0 0 -1
    outer loop
      vertex 24.5 -18.9 65.85
      vertex 24.879998503464563 -14.881720519717168 65.85
      vertex 25.38133143772178 -18.85017932497508 65.85
    endloop
  endfacet
  facet normal 0.15643446504023267 -0.9876883405951374 2.941566980191742e-18
    outer loop
      vertex 25.38133143772178 -18.85017932497508 65.85
      vertex 26.560244977128768 -18.663457763845084 65.85
      vertex 26.560244977128768 -18.663457763845084 68.35
    endloop
  endfacet
  facet normal 0.2181432413965428 -0.9759167619387472 4.716186977654048e-18
    outer loop
      vertex 26.560244977128768 -18.663457763845084 65.85
      vertex 27.72510785613224 -18.40308006144399 65.85
      vertex 27.72510785613224 -18.40308006144399 68.35
    endloop
  endfacet
  facet normal 0.2181432413965428 -0.9759167619387472 0
    outer loop
      vertex 26.560244977128768 -18.663457763845084 65.85
      vertex 27.72510785613224 -18.40308006144399 68.35
      vertex 26.560244977128768 -18.663457763845084 68.35
    endloop
  endfacet
  facet normal 0 0 -1
    outer loop
      vertex 27.72510785613224 -18.40308006144399 65.85
      vertex 28.840421193686506 -17.974968157978402 65.85
      vertex 28.871322893124002 -18.070073809607916 65.85
    endloop
  endfacet
  facet normal 0 0 -1
    outer loop
      vertex 28.871322893124002 -18.070073809607916 65.85
      vertex 28.840421193686506 -17.974968157978402 65.85
      vertex 29.99436650100888 -17.665753231876778 65.85
    endloop
  endfacet
  facet normal 0 0 -1
    outer loop
      vertex 28.840421193686506 -17.974968157978402 65.85
      vertex 30.267005968129236 -17.51144266641598 65.85
      vertex 29.99436650100888 -17.665753231876778 65.85
    endloop
  endfacet
  facet normal 0.27899110603922983 -0.960293685676943 -1.9706273744230346e-18
    outer loop
      vertex 27.72510785613224 -18.40308006144399 65.85
      vertex 28.871322893124002 -18.070073809607916 65.85
      vertex 28.871322893124002 -18.070073809607916 68.35
    endloop
  endfacet
  facet normal 0.27899110603922983 -0.960293685676943 0
    outer loop
      vertex 27.72510785613224 -18.40308006144399 65.85
      vertex 28.871322893124002 -18.070073809607916 68.35
      vertex 27.72510785613224 -18.40308006144399 68.35
    endloop
  endfacet
  facet normal 0.3387379202452896 -0.9408807689542262 5.798523871605455e-18
    outer loop
      vertex 28.871322893124002 -18.070073809607916 65.85
      vertex 29.99436650100888 -17.665753231876778 65.85
      vertex 29.99436650100888 -17.665753231876778 68.35
    endloop
  endfacet
  facet normal 0.3387379202452896 -0.9408807689542262 0
    outer loop
      vertex 28.871322893124002 -18.070073809607916 65.85
      vertex 29.99436650100888 -17.665753231876778 68.35
      vertex 28.871322893124002 -18.070073809607916 68.35
    endloop
  endfacet
  facet normal 0.397147890634781 -0.9177546256839809 0
    outer loop
      vertex 29.99436650100888 -17.665753231876778 65.85
      vertex 31.08980653973638 -17.19171399685437 68.35
      vertex 29.99436650100888 -17.665753231876778 68.35
    endloop
  endfacet
  facet normal 1 0 0
    outer loop
      vertex 24.5 -16.54102564102564 62.016666666666666
      vertex 24.5 -14.917640954101046 65.85
      vertex 24.5 -17.361538461538462 63.35
    endloop
  endfacet
  facet normal 1 0 0
    outer loop
      vertex 24.5 -16.54102564102564 62.016666666666666
      vertex 24.5 -14.917640954101046 60.85
      vertex 24.5 -14.917640954101046 63.3356667247929
    endloop
  endfacet
  facet normal 1 0 0
    outer loop
      vertex 24.5 -16.54102564102564 62.016666666666666
      vertex 24.5 -14.917640954101046 63.3356667247929
      vertex 24.5 -14.917640954101046 65.85
    endloop
  endfacet
  facet normal 0.2631768932624655 -0.8099751917588182 0.5240974256643345
    outer loop
      vertex 28.840421193686506 -17.974968157978402 60.85
      vertex 30.267005968129236 -17.51144266641598 60.85
      vertex 29.791595207552394 -16.04827879519267 63.35
    endloop
  endfacet
  facet normal -0.9510565162951534 -0.3090169943749479 -1.1427157447731064e-17
    outer loop
      vertex 28.840421193686506 -17.974968157978402 60.85
      vertex 28.365010433109664 -16.51180428675509 63.35
      vertex 27.63525491562421 -14.265847744427303 60.85
    endloop
  endfacet
  facet normal 0.2631768932624655 -0.8099751917588182 0.5240974256643345
    outer loop
      vertex 28.840421193686506 -17.974968157978402 60.85
      vertex 29.791595207552394 -16.04827879519267 63.35
      vertex 28.365010433109664 -16.51180428675509 63.35
    endloop
  endfacet
  facet normal 0.9510565162951532 0.3090169943749486 -4.793978563351939e-16
    outer loop
      vertex 30.267005968129236 -17.51144266641598 60.85
      vertex 29.53804280191141 -15.267924730540233 62.016666666666666
      vertex 29.791595207552394 -16.04827879519267 63.35
    endloop
  endfacet
  facet normal -0.9510565162951538 -0.3090169943749466 7.774307899899975e-16
    outer loop
      vertex 28.365010433109664 -16.51180428675509 63.35
      vertex 28.840421193686506 -17.974968157978402 65.85
      vertex 28.111458027468682 -15.731450222102655 64.68333333333334
    endloop
  endfacet
  facet normal 0.2631768932624653 -0.8099751917588175 -0.5240974256643355
    outer loop
      vertex 28.365010433109664 -16.51180428675509 63.35
      vertex 29.791595207552394 -16.04827879519267 63.35
      vertex 28.840421193686506 -17.974968157978402 65.85
    endloop
  endfacet
  facet normal -0.9510565162951538 -0.3090169943749469 9.372636716485393e-16
    outer loop
      vertex 28.365010433109664 -16.51180428675509 63.35
      vertex 28.111458027468682 -15.731450222102655 64.68333333333334
      vertex 27.63525491562421 -14.265847744427303 60.85
    endloop
  endfacet
  facet normal 0.9510565162951534 0.30901699437494773 -1.028460495024047e-15
    outer loop
      vertex 29.53804280191141 -15.267924730540233 62.016666666666666
      vertex 29.03638934524366 -13.723994145586829 65.85
      vertex 29.791595207552394 -16.04827879519267 63.35
    endloop
  endfacet
  facet normal 1 0 0
    outer loop
      vertex 24.5 -18.9 65.85
      vertex 24.5 -17.361538461538462 63.35
      vertex 24.5 -14.917640954101046 65.85
    endloop
  endfacet
  facet normal 0 0 -1
    outer loop
      vertex 25.38133143772178 -18.85017932497508 65.85
      vertex 25.81071971878587 -14.73430876093033 65.85
      vertex 26.560244977128768 -18.663457763845084 65.85
    endloop
  endfacet
  facet normal 0 0 -1
    outer loop
      vertex 26.560244977128768 -18.663457763845084 65.85
      vertex 27.63525491562421 -14.265847744427303 65.85
      vertex 27.72510785613224 -18.40308006144399 65.85
    endloop
  endfacet
  facet normal 0 0 -1
    outer loop
      vertex 24.5 -18.9 65.85
      vertex 24.5 -14.917640954101046 65.85
      vertex 24.879998503464563 -14.881720519717168 65.85
    endloop
  endfacet
  facet normal 0 0 -1
    outer loop
      vertex 25.38133143772178 -18.85017932497508 65.85
      vertex 24.879998503464563 -14.881720519717168 65.85
      vertex 25.81071971878587 -14.73430876093033 65.85
    endloop
  endfacet
  facet normal 0 0 -1
    outer loop
      vertex 26.560244977128768 -18.663457763845084 65.85
      vertex 25.81071971878587 -14.73430876093033 65.85
      vertex 26.730348307472823 -14.528747416929466 65.85
    endloop
  endfacet
  facet normal 0 0 -1
    outer loop
      vertex 26.560244977128768 -18.663457763845084 65.85
      vertex 26.730348307472823 -14.528747416929466 65.85
      vertex 27.63525491562421 -14.265847744427303 65.85
    endloop
  endfacet
  facet normal 0.2631768932624653 -0.8099751917588175 -0.5240974256643355
    outer loop
      vertex 28.840421193686506 -17.974968157978402 65.85
      vertex 29.791595207552394 -16.04827879519267 63.35
      vertex 30.267005968129236 -17.51144266641598 65.85
    endloop
  endfacet
  facet normal 0 0 -1
    outer loop
      vertex 27.72510785613224 -18.40308006144399 65.85
      vertex 27.63525491562421 -14.265847744427303 65.85
      vertex 28.840421193686506 -17.974968157978402 65.85
    endloop
  endfacet
  facet normal 0 0 -1
    outer loop
      vertex 29.99436650100888 -17.665753231876778 65.85
      vertex 30.267005968129236 -17.51144266641598 65.85
      vertex 31.08980653973638 -17.19171399685437 65.85
    endloop
  endfacet
  facet normal 0.397147890634781 -0.9177546256839809 4.773885676526449e-18
    outer loop
      vertex 29.99436650100888 -17.665753231876778 65.85
      vertex 31.08980653973638 -17.19171399685437 65.85
      vertex 31.08980653973638 -17.19171399685437 68.35
    endloop
  endfacet
  facet normal 0.4539904997395466 -0.891006524188368 0
    outer loop
      vertex 31.08980653973638 -17.19171399685437 65.85
      vertex 32.15331980793259 -16.64982692083341 68.35
      vertex 31.08980653973638 -17.19171399685437 68.35
    endloop
  endfacet
  facet normal -0.9510565162951534 -0.30901699437494784 -1.7615448970769177e-15
    outer loop
      vertex 28.111458027468682 -15.731450222102655 64.68333333333334
      vertex 28.840421193686506 -17.974968157978402 65.85
      vertex 27.63525491562421 -14.265847744427303 65.85
    endloop
  endfacet
  facet normal 0.9510565162951536 0.3090169943749471 -4.3938465628445513e-16
    outer loop
      vertex 30.267005968129236 -17.51144266641598 65.85
      vertex 29.791595207552394 -16.04827879519267 63.35
      vertex 29.03638934524366 -13.723994145586829 65.85
    endloop
  endfacet
  facet normal 0 0 -1
    outer loop
      vertex 30.267005968129236 -17.51144266641598 65.85
      vertex 31.03740192468495 -12.664918882530227 65.85
      vertex 31.08980653973638 -17.19171399685437 65.85
    endloop
  endfacet
  facet normal 0 0 -1
    outer loop
      vertex 20.61866856227822 -18.85017932497508 58.35
      vertex 19.439755022871232 -18.663457763845084 58.35
      vertex 20.619469728215485 -3.2765188272185384 58.35
    endloop
  endfacet
  facet normal 0 0 -1
    outer loop
      vertex 18.27489214386776 -18.40308006144399 58.35
      vertex 19.450957945822353 -1.9511023801119478 58.35
      vertex 19.439755022871232 -18.663457763845084 58.35
    endloop
  endfacet
  facet normal 0 0 -1
    outer loop
      vertex 20.61866856227822 -18.85017932497508 58.35
      vertex 21.992805956982338 -3.9227618025709567 58.35
      vertex 21.80698012894305 -18.96250784013716 58.35
    endloop
  endfacet
  facet normal 0 0 -1
    outer loop
      vertex 21.80698012894305 -18.96250784013716 58.35
      vertex 23 -4.050000000000001 58.35
      vertex 23 -19 58.35
    endloop
  endfacet
  facet normal 0 0 -1
    outer loop
      vertex 23 -19 58.35
      vertex 23.50759959593543 -4.0180645403236355 58.35
      vertex 24.19301987105695 -18.96250784013716 58.35
    endloop
  endfacet
  facet normal 0 0 -1
    outer loop
      vertex 24.19301987105695 -18.96250784013716 58.35
      vertex 24.724406130838545 -3.6645495624873803 58.35
      vertex 25.38133143772178 -18.85017932497508 58.35
    endloop
  endfacet
  facet normal 0 0 -1
    outer loop
      vertex 25.38133143772178 -18.85017932497508 58.35
      vertex 25.95 -2.774738720067905 58.35
      vertex 26.560244977128768 -18.663457763845084 58.35
    endloop
  endfacet
  facet normal 0 0 1
    outer loop
      vertex 31.08980653973638 -17.19171399685437 60.85
      vertex 29.38668937347609 -13.572405786990291 60.85
      vertex 29.03638934524366 -13.723994145586829 60.85
    endloop
  endfacet
  facet normal 0 0 1
    outer loop
      vertex 31.08980653973638 -17.19171399685437 60.85
      vertex 30.22630511152573 -13.144600200657953 60.85
      vertex 29.38668937347609 -13.572405786990291 60.85
    endloop
  endfacet
  facet normal 0 0 1
    outer loop
      vertex 31.08980653973638 -17.19171399685437 60.85
      vertex 31.03740192468495 -12.664918882530227 60.85
      vertex 30.22630511152573 -13.144600200657953 60.85
    endloop
  endfacet
  facet normal -0.3387379202452883 -0.9408807689542265 2.7648552198776034e-18
    outer loop
      vertex 17.47813170972983 -13.946647288323772 60.85
      vertex 18.36474508437579 -14.265847744427303 60.85
      vertex 18.36474508437579 -14.265847744427303 65.77890625
    endloop
  endfacet
  facet normal -0.21814324139654348 -0.9759167619387471 2.1440959339569844e-19
    outer loop
      vertex 20.18928028121413 -14.73430876093033 60.85
      vertex 19.8167802036418 -14.651045128711672 63.3356667247929
      vertex 19.8167802036418 -14.651045128711672 60.85
    endloop
  endfacet
  facet normal -0.1564344650402314 -0.9876883405951377 -1.5346014873548984e-18
    outer loop
      vertex 20.18928028121413 -14.73430876093033 60.85
      vertex 21.120001496535437 -14.881720519717168 60.85
      vertex 21.120001496535437 -14.881720519717168 65.85
    endloop
  endfacet
  facet normal -0.9510565162951531 0.30901699437494906 -5.685103682314333e-18
    outer loop
      vertex 17.888541972531318 -15.731450222102655 64.68333333333334
      vertex 18.36474508437579 -14.265847744427303 65.77890625
      vertex 18.36474508437579 -14.265847744427303 60.85
    endloop
  endfacet
  facet normal -0.33873792024528937 -0.9408807689542261 1.9168650090341293e-16
    outer loop
      vertex 17.47813170972983 -13.946647288323772 60.85
      vertex 18.36474508437579 -14.265847744427303 65.77890625
      vertex 18.36474508437579 -14.265847744427303 65.85
    endloop
  endfacet
  facet normal -0.3387379202452884 -0.9408807689542266 0
    outer loop
      vertex 17.47813170972983 -13.946647288323772 60.85
      vertex 18.36474508437579 -14.265847744427303 65.85
      vertex 17.47813170972983 -13.946647288323772 65.85
    endloop
  endfacet
  facet normal -0.2181432413965435 -0.9759167619387472 2.1196505532313198e-19
    outer loop
      vertex 20.18928028121413 -14.73430876093033 60.85
      vertex 19.8167802036418 -14.651045128711672 65.85
      vertex 19.8167802036418 -14.651045128711672 63.3356667247929
    endloop
  endfacet
  facet normal -0.21814324139654348 -0.9759167619387472 0
    outer loop
      vertex 20.18928028121413 -14.73430876093033 60.85
      vertex 20.18928028121413 -14.73430876093033 65.85
      vertex 19.8167802036418 -14.651045128711672 65.85
    endloop
  endfacet
  facet normal -0.1564344650402314 -0.9876883405951377 0
    outer loop
      vertex 20.18928028121413 -14.73430876093033 60.85
      vertex 21.120001496535437 -14.881720519717168 65.85
      vertex 20.18928028121413 -14.73430876093033 65.85
    endloop
  endfacet
  facet normal -0.09410831331851303 -0.9955619646030802 9.94224703120819e-19
    outer loop
      vertex 21.120001496535437 -14.881720519717168 60.85
      vertex 22.0581422070603 -14.970400926424073 60.85
      vertex 22.0581422070603 -14.970400926424073 65.85
    endloop
  endfacet
  facet normal -0.03141075907812859 -0.9995065603657315 2.2667361716126592e-19
    outer loop
      vertex 22.0581422070603 -14.970400926424073 60.85
      vertex 23 -15 60.85
      vertex 23 -15 65.77890625
    endloop
  endfacet
  facet normal -0.09410831331851303 -0.9955619646030802 0
    outer loop
      vertex 21.120001496535437 -14.881720519717168 60.85
      vertex 22.0581422070603 -14.970400926424073 65.85
      vertex 21.120001496535437 -14.881720519717168 65.85
    endloop
  endfacet
  facet normal -0.03141075907812859 -0.9995065603657315 0
    outer loop
      vertex 22.0581422070603 -14.970400926424073 60.85
      vertex 23 -15 65.85
      vertex 22.0581422070603 -14.970400926424073 65.85
    endloop
  endfacet
  facet normal -0.031410759078128965 -0.9995065603657316 1.5715207150227092e-17
    outer loop
      vertex 22.0581422070603 -14.970400926424073 60.85
      vertex 23 -15 65.77890625
      vertex 23 -15 65.85
    endloop
  endfacet
  facet normal -0.951056516295153 0.3090169943749492 -3.94146364084911e-16
    outer loop
      vertex 17.888541972531318 -15.731450222102655 64.68333333333334
      vertex 18.36474508437579 -14.265847744427303 65.85
      vertex 18.36474508437579 -14.265847744427303 65.77890625
    endloop
  endfacet
  facet normal 0 0 1
    outer loop
      vertex 20.61866856227822 -18.85017932497508 68.35
      vertex 20.047677058943282 -2.7724157790111903 68.35
      vertex 19.439755022871232 -18.663457763845084 68.35
    endloop
  endfacet
  facet normal 0 0 1
    outer loop
      vertex 20.61866856227822 -18.85017932497508 68.35
      vertex 21.80698012894305 -18.96250784013716 68.35
      vertex 21.275593869161455 -3.6645495624873803 68.35
    endloop
  endfacet
  facet normal 0 0 1
    outer loop
      vertex 21.80698012894305 -18.96250784013716 68.35
      vertex 23 -19 68.35
      vertex 22.49240040406457 -4.0180645403236355 68.35
    endloop
  endfacet
  facet normal 0 0 1
    outer loop
      vertex 23 -19 68.35
      vertex 24.19301987105695 -18.96250784013716 68.35
      vertex 23 -4.050000000000001 68.35
    endloop
  endfacet
  facet normal 0.09410831331851233 -0.9955619646030802 0
    outer loop
      vertex 24.5 -14.917640954101046 60.85
      vertex 24.879998503464563 -14.881720519717168 60.85
      vertex 24.5 -14.917640954101046 63.3356667247929
    endloop
  endfacet
  facet normal 0.1564344650402314 -0.9876883405951377 1.5346014873548984e-18
    outer loop
      vertex 24.879998503464563 -14.881720519717168 60.85
      vertex 25.81071971878587 -14.73430876093033 60.85
      vertex 25.81071971878587 -14.73430876093033 65.85
    endloop
  endfacet
  facet normal 0.21814324139654317 -0.9759167619387473 -3.126709553768702e-19
    outer loop
      vertex 25.81071971878587 -14.73430876093033 60.85
      vertex 26.730348307472823 -14.528747416929466 60.85
      vertex 26.730348307472823 -14.528747416929466 65.85
    endloop
  endfacet
  facet normal 0.2789911060392305 -0.9602936856769428 1.7238898879883405e-18
    outer loop
      vertex 26.730348307472823 -14.528747416929466 60.85
      vertex 27.63525491562421 -14.265847744427303 60.85
      vertex 27.63525491562421 -14.265847744427303 65.77890625
    endloop
  endfacet
  facet normal 0.09410831331851231 -0.9955619646030801 0
    outer loop
      vertex 24.5 -14.917640954101046 63.3356667247929
      vertex 24.879998503464563 -14.881720519717168 60.85
      vertex 24.5 -14.917640954101046 65.85
    endloop
  endfacet
  facet normal 0.09410831331851233 -0.9955619646030802 9.951762805468676e-20
    outer loop
      vertex 24.5 -14.917640954101046 65.85
      vertex 24.879998503464563 -14.881720519717168 60.85
      vertex 24.879998503464563 -14.881720519717168 65.85
    endloop
  endfacet
  facet normal 0.1564344650402314 -0.9876883405951377 0
    outer loop
      vertex 24.879998503464563 -14.881720519717168 60.85
      vertex 25.81071971878587 -14.73430876093033 65.85
      vertex 24.879998503464563 -14.881720519717168 65.85
    endloop
  endfacet
  facet normal 0.21814324139654317 -0.9759167619387473 0
    outer loop
      vertex 25.81071971878587 -14.73430876093033 60.85
      vertex 26.730348307472823 -14.528747416929466 65.85
      vertex 25.81071971878587 -14.73430876093033 65.85
    endloop
  endfacet
  facet normal -0.9510565162951531 -0.30901699437494906 5.685103682314333e-18
    outer loop
      vertex 28.111458027468682 -15.731450222102655 64.68333333333334
      vertex 27.63525491562421 -14.265847744427303 65.77890625
      vertex 27.63525491562421 -14.265847744427303 60.85
    endloop
  endfacet
  facet normal 0.27899110603923044 -0.9602936856769427 0
    outer loop
      vertex 26.730348307472823 -14.528747416929466 60.85
      vertex 27.63525491562421 -14.265847744427303 65.85
      vertex 26.730348307472823 -14.528747416929466 65.85
    endloop
  endfacet
  facet normal 0.2789911060392282 -0.9602936856769435 1.1951671761890285e-16
    outer loop
      vertex 26.730348307472823 -14.528747416929466 60.85
      vertex 27.63525491562421 -14.265847744427303 65.77890625
      vertex 27.63525491562421 -14.265847744427303 65.85
    endloop
  endfacet
  facet normal 0.9510565162951542 0.30901699437494545 1.0008930046265778e-17
    outer loop
      vertex 29.53804280191141 -15.267924730540233 62.016666666666666
      vertex 29.03638934524366 -13.723994145586829 60.85
      vertex 29.03638934524366 -13.723994145586829 63.3356667247929
    endloop
  endfacet
  facet normal 0.9510565162951543 0.3090169943749455 9.89481570009193e-18
    outer loop
      vertex 29.53804280191141 -15.267924730540233 62.016666666666666
      vertex 29.03638934524366 -13.723994145586829 63.3356667247929
      vertex 29.03638934524366 -13.723994145586829 65.85
    endloop
  endfacet
  facet normal 0.39714789063478045 -0.9177546256839813 0
    outer loop
      vertex 29.03638934524366 -13.723994145586829 60.85
      vertex 29.38668937347609 -13.572405786990291 60.85
      vertex 29.03638934524366 -13.723994145586829 63.3356667247929
    endloop
  endfacet
  facet normal 0.453990499739547 -0.8910065241883678 3.967705371890068e-18
    outer loop
      vertex 29.38668937347609 -13.572405786990291 60.85
      vertex 30.22630511152573 -13.144600200657953 60.85
      vertex 30.22630511152573 -13.144600200657953 65.85
    endloop
  endfacet
  facet normal 0.5090414157503698 -0.8607420270039445 -1.4970816143932182e-18
    outer loop
      vertex 30.22630511152573 -13.144600200657953 60.85
      vertex 31.03740192468495 -12.664918882530227 60.85
      vertex 31.03740192468495 -12.664918882530227 65.85
    endloop
  endfacet
  facet normal 0.39714789063478045 -0.9177546256839813 -3.5617468333184596e-18
    outer loop
      vertex 29.38668937347609 -13.572405786990291 60.85
      vertex 29.03638934524366 -13.723994145586829 65.85
      vertex 29.03638934524366 -13.723994145586829 63.3356667247929
    endloop
  endfacet
  facet normal 0.39714789063478045 -0.9177546256839813 0
    outer loop
      vertex 29.38668937347609 -13.572405786990291 60.85
      vertex 29.38668937347609 -13.572405786990291 65.85
      vertex 29.03638934524366 -13.723994145586829 65.85
    endloop
  endfacet
  facet normal 0.453990499739547 -0.8910065241883678 0
    outer loop
      vertex 29.38668937347609 -13.572405786990291 60.85
      vertex 30.22630511152573 -13.144600200657953 65.85
      vertex 29.38668937347609 -13.572405786990291 65.85
    endloop
  endfacet
  facet normal 0.5090414157503698 -0.8607420270039445 0
    outer loop
      vertex 30.22630511152573 -13.144600200657953 60.85
      vertex 31.03740192468495 -12.664918882530227 65.85
      vertex 30.22630511152573 -13.144600200657953 65.85
    endloop
  endfacet
  facet normal -0.951056516295153 -0.3090169943749492 3.94146364084911e-16
    outer loop
      vertex 28.111458027468682 -15.731450222102655 64.68333333333334
      vertex 27.63525491562421 -14.265847744427303 65.85
      vertex 27.63525491562421 -14.265847744427303 65.77890625
    endloop
  endfacet
  facet normal 0 0 1
    outer loop
      vertex 24.19301987105695 -18.96250784013716 68.35
      vertex 25.38133143772178 -18.85017932497508 68.35
      vertex 24.007194043017662 -3.9227618025709567 68.35
    endloop
  endfacet
  facet normal 0 0 1
    outer loop
      vertex 25.38133143772178 -18.85017932497508 68.35
      vertex 26.560244977128768 -18.663457763845084 68.35
      vertex 25.380530271784515 -3.2765188272185384 68.35
    endloop
  endfacet
  facet normal 0 0 -1
    outer loop
      vertex 30.267005968129236 -17.51144266641598 65.85
      vertex 29.03638934524366 -13.723994145586829 65.85
      vertex 29.38668937347609 -13.572405786990291 65.85
    endloop
  endfacet
  facet normal 0 0 -1
    outer loop
      vertex 30.267005968129236 -17.51144266641598 65.85
      vertex 29.38668937347609 -13.572405786990291 65.85
      vertex 30.22630511152573 -13.144600200657953 65.85
    endloop
  endfacet
  facet normal 0 0 -1
    outer loop
      vertex 30.267005968129236 -17.51144266641598 65.85
      vertex 30.22630511152573 -13.144600200657953 65.85
      vertex 31.03740192468495 -12.664918882530227 65.85
    endloop
  endfacet
  facet normal 0 0 -1
    outer loop
      vertex 31.08980653973638 -17.19171399685437 65.85
      vertex 31.03740192468495 -12.664918882530227 65.85
      vertex 31.816778784387097 -12.135254915624213 65.85
    endloop
  endfacet
  facet normal 0.5620833778521305 -0.8270805742745618 0
    outer loop
      vertex 31.03740192468495 -12.664918882530227 60.85
      vertex 31.816778784387097 -12.135254915624213 65.85
      vertex 31.03740192468495 -12.664918882530227 65.85
    endloop
  endfacet
  facet normal -1 0 0
    outer loop
      vertex 3 -20 18.35
      vertex 3 -20 53.35
      vertex 3 20 53.35
    endloop
  endfacet
  facet normal 0 0 1
    outer loop
      vertex 3 -20 53.35
      vertex 24.453952545506603 -3.183711983740814 53.35
      vertex 22.501898066043502 -3.464375046583264 53.35
    endloop
  endfacet
  facet normal 0 0 1
    outer loop
      vertex 3 -20 53.35
      vertex 22.501898066043502 -3.464375046583264 53.35
      vertex 20.7079874311915 -2.6451235102399053 53.35
    endloop
  endfacet
  facet normal 0 0 1
    outer loop
      vertex 3 -20 53.35
      vertex 20.7079874311915 -2.6451235102399053 53.35
      vertex 19.641774592349257 -0.9860639489450058 53.35
    endloop
  endfacet
  facet normal 0 0 1
    outer loop
      vertex 3 -20 53.35
      vertex 19.641774592349257 -0.9860639489450058 53.35
      vertex 3 20 53.35
    endloop
  endfacet
  facet normal -0.8607420270039438 -0.5090414157503711 -1.3242752383664739e-17
    outer loop
      vertex 6.957769415461716 -10.180709104600936 58.35
      vertex 6.350173079166595 -9.153319807932592 60.85
      vertex 6.350173079166595 -9.153319807932592 58.35
    endloop
  endfacet
  facet normal -0.8910065241883677 -0.45399049973954714 0
    outer loop
      vertex 6.350173079166595 -9.153319807932592 58.35
      vertex 6.350173079166595 -9.153319807932592 60.85
      vertex 5.8082860031456285 -8.089806539736376 60.85
    endloop
  endfacet
  facet normal -0.8910065241883677 -0.45399049973954714 3.152693831617641e-18
    outer loop
      vertex 6.350173079166595 -9.153319807932592 58.35
      vertex 5.8082860031456285 -8.089806539736376 60.85
      vertex 5.8082860031456285 -8.089806539736376 58.35
    endloop
  endfacet
  facet normal -0.9177546256839805 -0.39714789063478206 0
    outer loop
      vertex 5.8082860031456285 -8.089806539736376 58.35
      vertex 5.8082860031456285 -8.089806539736376 60.85
      vertex 5.334246768123222 -6.99436650100888 60.85
    endloop
  endfacet
  facet normal -0.8607420270039438 -0.5090414157503711 0
    outer loop
      vertex 6.957769415461716 -10.180709104600936 58.35
      vertex 6.957769415461716 -10.180709104600936 60.85
      vertex 6.350173079166595 -9.153319807932592 60.85
    endloop
  endfacet
  facet normal 0 0 1
    outer loop
      vertex 7.6286771068759975 -11.16791979355699 60.85
      vertex 7.709578806313493 -11.109141268327743 60.85
      vertex 9.276005854413171 -6.036389345243659 60.85
    endloop
  endfacet
  facet normal 0 0 1
    outer loop
      vertex 6.957769415461716 -10.180709104600936 60.85
      vertex 7.6286771068759975 -11.16791979355699 60.85
      vertex 9.276005854413171 -6.036389345243659 60.85
    endloop
  endfacet
  facet normal 0 0 1
    outer loop
      vertex 7.709578806313493 -11.109141268327743 60.85
      vertex 10.864745084375787 -8.816778784387097 60.85
      vertex 10.335081117469775 -8.03740192468495 60.85
    endloop
  endfacet
  facet normal 0 0 1
    outer loop
      vertex 7.709578806313493 -11.109141268327743 60.85
      vertex 10.335081117469775 -8.03740192468495 60.85
      vertex 9.855399799342049 -7.226305111525731 60.85
    endloop
  endfacet
  facet normal 0 0 1
    outer loop
      vertex 6.957769415461716 -10.180709104600936 60.85
      vertex 9.276005854413171 -6.036389345243659 60.85
      vertex 6.350173079166595 -9.153319807932592 60.85
    endloop
  endfacet
  facet normal 0 0 1
    outer loop
      vertex 6.350173079166595 -9.153319807932592 60.85
      vertex 9.276005854413171 -6.036389345243659 60.85
      vertex 5.8082860031456285 -8.089806539736376 60.85
    endloop
  endfacet
  facet normal 0 0 1
    outer loop
      vertex 7.709578806313493 -11.109141268327743 60.85
      vertex 9.855399799342049 -7.226305111525731 60.85
      vertex 9.427594213009707 -6.386689373476086 60.85
    endloop
  endfacet
  facet normal 0 0 1
    outer loop
      vertex 7.709578806313493 -11.109141268327743 60.85
      vertex 9.427594213009707 -6.386689373476086 60.85
      vertex 9.276005854413171 -6.036389345243659 60.85
    endloop
  endfacet
  facet normal -0.9177546256839805 -0.39714789063478206 1.5233657869489406e-18
    outer loop
      vertex 5.8082860031456285 -8.089806539736376 58.35
      vertex 5.334246768123222 -6.99436650100888 60.85
      vertex 5.334246768123222 -6.99436650100888 58.35
    endloop
  endfacet
  facet normal 0 0 1
    outer loop
      vertex 5.8082860031456285 -8.089806539736376 60.85
      vertex 5.488557333584019 -7.2670059681292365 60.85
      vertex 5.334246768123222 -6.99436650100888 60.85
    endloop
  endfacet
  facet normal -0.9408807689542263 -0.3387379202452891 0
    outer loop
      vertex 5.334246768123222 -6.99436650100888 58.35
      vertex 5.334246768123222 -6.99436650100888 60.85
      vertex 4.929926190392084 -5.871322893124001 60.85
    endloop
  endfacet
  facet normal 0 0 1
    outer loop
      vertex 5.488557333584019 -7.2670059681292365 60.85
      vertex 4.929926190392084 -5.871322893124001 60.85
      vertex 5.334246768123222 -6.99436650100888 60.85
    endloop
  endfacet
  facet normal 0 0 1
    outer loop
      vertex 5.488557333584019 -7.2670059681292365 60.85
      vertex 5.025031842021598 -5.840421193686506 60.85
      vertex 4.929926190392084 -5.871322893124001 60.85
    endloop
  endfacet
  facet normal -0.9602936856769426 -0.2789911060392306 7.782142676371127e-18
    outer loop
      vertex 4.929926190392084 -5.871322893124001 58.35
      vertex 4.5969199385560096 -4.725107856132242 60.85
      vertex 4.5969199385560096 -4.725107856132242 58.35
    endloop
  endfacet
  facet normal -0.9408807689542263 -0.3387379202452891 -4.6499591779603225e-18
    outer loop
      vertex 5.334246768123222 -6.99436650100888 58.35
      vertex 4.929926190392084 -5.871322893124001 60.85
      vertex 4.929926190392084 -5.871322893124001 58.35
    endloop
  endfacet
  facet normal -0.9602936856769426 -0.2789911060392306 0
    outer loop
      vertex 4.929926190392084 -5.871322893124001 58.35
      vertex 4.929926190392084 -5.871322893124001 60.85
      vertex 4.5969199385560096 -4.725107856132242 60.85
    endloop
  endfacet
  facet normal 0 0 1
    outer loop
      vertex 5.8082860031456285 -8.089806539736376 60.85
      vertex 9.276005854413171 -6.036389345243659 60.85
      vertex 5.488557333584019 -7.2670059681292365 60.85
    endloop
  endfacet
  facet normal 0.3090169943749472 -0.9510565162951535 1.1279442790187446e-15
    outer loop
      vertex 5.488557333584019 -7.2670059681292365 60.85
      vertex 9.276005854413171 -6.036389345243659 60.85
      vertex 7.7320752694597665 -6.538042801911411 62.016666666666666
    endloop
  endfacet
  facet normal 0 0 -1
    outer loop
      vertex 11.83208020644301 -15.371322893124002 58.35
      vertex 12.819290895399064 16.042230584538288 58.35
      vertex 12.819290895399064 -16.042230584538284 58.35
    endloop
  endfacet
  facet normal 0 0 -1
    outer loop
      vertex 13.84668019206741 -16.64982692083341 58.35
      vertex 12.819290895399064 -16.042230584538284 58.35
      vertex 13.846680192067408 16.649826920833405 58.35
    endloop
  endfacet
  facet normal 0 0 -1
    outer loop
      vertex 13.84668019206741 -16.64982692083341 58.35
      vertex 14.910193460263624 17.191713996854375 58.35
      vertex 14.910193460263619 -17.19171399685437 58.35
    endloop
  endfacet
  facet normal 0 0 -1
    outer loop
      vertex 16.00563349899112 -17.665753231876778 58.35
      vertex 14.910193460263619 -17.19171399685437 58.35
      vertex 16.00563349899112 17.665753231876778 58.35
    endloop
  endfacet
  facet normal 0 0 -1
    outer loop
      vertex 16.00563349899112 -17.665753231876778 58.35
      vertex 17.128677106875998 18.07007380960792 58.35
      vertex 17.128677106875998 -18.070073809607916 58.35
    endloop
  endfacet
  facet normal -0.5877852522924724 0.809016994374948 6.813061549325638e-16
    outer loop
      vertex 8.954220336121104 -10.20485626480086 63.35
      vertex 9.618029152018497 -9.722570929586524 64.68333333333334
      vertex 10.864745084375787 -8.816778784387097 60.85
    endloop
  endfacet
  facet normal 0 0 -1
    outer loop
      vertex 6.957769415461716 -10.180709104600936 65.85
      vertex 6.350173079166595 -9.153319807932592 65.85
      vertex 5.488557333584019 -7.2670059681292365 65.85
    endloop
  endfacet
  facet normal -0.8607420270039438 -0.5090414157503711 -1.3242752383664739e-17
    outer loop
      vertex 6.957769415461716 -10.180709104600936 65.85
      vertex 6.350173079166595 -9.153319807932592 68.35
      vertex 6.350173079166595 -9.153319807932592 65.85
    endloop
  endfacet
  facet normal -0.8910065241883677 -0.45399049973954714 0
    outer loop
      vertex 6.350173079166595 -9.153319807932592 65.85
      vertex 6.350173079166595 -9.153319807932592 68.35
      vertex 5.8082860031456285 -8.089806539736376 68.35
    endloop
  endfacet
  facet normal 0 0 -1
    outer loop
      vertex 6.350173079166595 -9.153319807932592 65.85
      vertex 5.8082860031456285 -8.089806539736376 65.85
      vertex 5.488557333584019 -7.2670059681292365 65.85
    endloop
  endfacet
  facet normal -0.8910065241883677 -0.45399049973954714 3.152693831617641e-18
    outer loop
      vertex 6.350173079166595 -9.153319807932592 65.85
      vertex 5.8082860031456285 -8.089806539736376 68.35
      vertex 5.8082860031456285 -8.089806539736376 65.85
    endloop
  endfacet
  facet normal -0.9177546256839805 -0.39714789063478206 0
    outer loop
      vertex 5.8082860031456285 -8.089806539736376 65.85
      vertex 5.8082860031456285 -8.089806539736376 68.35
      vertex 5.334246768123222 -6.99436650100888 68.35
    endloop
  endfacet
  facet normal 0 0 -1
    outer loop
      vertex 7.6286771068759975 -11.16791979355699 65.85
      vertex 5.488557333584019 -7.2670059681292365 65.85
      vertex 7.709578806313493 -11.109141268327743 65.85
    endloop
  endfacet
  facet normal 0 0 -1
    outer loop
      vertex 6.957769415461716 -10.180709104600936 65.85
      vertex 5.488557333584019 -7.2670059681292365 65.85
      vertex 7.6286771068759975 -11.16791979355699 65.85
    endloop
  endfacet
  facet normal 0 0 -1
    outer loop
      vertex 7.709578806313493 -11.109141268327743 65.85
      vertex 5.488557333584019 -7.2670059681292365 65.85
      vertex 10.864745084375787 -8.816778784387097 65.85
    endloop
  endfacet
  facet normal -0.5877852522924734 0.8090169943749472 -5.488778681949594e-16
    outer loop
      vertex 7.709578806313493 -11.109141268327743 65.85
      vertex 10.864745084375787 -8.816778784387097 65.85
      vertex 9.618029152018497 -9.722570929586524 64.68333333333334
    endloop
  endfacet
  facet normal -0.8607420270039438 -0.5090414157503711 0
    outer loop
      vertex 6.957769415461716 -10.180709104600936 65.85
      vertex 6.957769415461716 -10.180709104600936 68.35
      vertex 6.350173079166595 -9.153319807932592 68.35
    endloop
  endfacet
  facet normal 0 0 -1
    outer loop
      vertex 5.488557333584019 -7.2670059681292365 65.85
      vertex 10.335081117469775 -8.03740192468495 65.85
      vertex 10.864745084375787 -8.816778784387097 65.85
    endloop
  endfacet
  facet normal 0 0 -1
    outer loop
      vertex 5.488557333584019 -7.2670059681292365 65.85
      vertex 9.855399799342049 -7.226305111525731 65.85
      vertex 10.335081117469775 -8.03740192468495 65.85
    endloop
  endfacet
  facet normal -0.8099751917588182 -0.2631768932624655 0.5240974256643345
    outer loop
      vertex 5.488557333584019 -7.2670059681292365 60.85
      vertex 6.951721204807331 -6.791595207552394 63.35
      vertex 5.025031842021598 -5.840421193686506 60.85
    endloop
  endfacet
  facet normal -0.8099751917588182 -0.2631768932624655 0.5240974256643345
    outer loop
      vertex 5.025031842021598 -5.840421193686506 60.85
      vertex 6.951721204807331 -6.791595207552394 63.35
      vertex 6.4881957132449095 -5.3650104331096635 63.35
    endloop
  endfacet
  facet normal -0.8099751917588175 -0.2631768932624653 -0.5240974256643355
    outer loop
      vertex 6.4881957132449095 -5.3650104331096635 63.35
      vertex 6.951721204807331 -6.791595207552394 63.35
      vertex 5.025031842021598 -5.840421193686506 65.85
    endloop
  endfacet
  facet normal -0.3090169943749466 0.9510565162951538 7.751142173668357e-16
    outer loop
      vertex 6.4881957132449095 -5.3650104331096635 63.35
      vertex 5.025031842021598 -5.840421193686506 65.85
      vertex 7.268549777897345 -5.111458027468682 64.68333333333334
    endloop
  endfacet
  facet normal 0.3090169943749476 -0.9510565162951534 1.5599311309136544e-16
    outer loop
      vertex 5.488557333584019 -7.2670059681292365 60.85
      vertex 7.7320752694597665 -6.538042801911411 62.016666666666666
      vertex 6.951721204807331 -6.791595207552394 63.35
    endloop
  endfacet
  facet normal -0.8607420270039441 -0.5090414157503707 0
    outer loop
      vertex 9.855399799342049 -7.226305111525731 60.85
      vertex 10.335081117469775 -8.03740192468495 60.85
      vertex 9.855399799342049 -7.226305111525731 65.85
    endloop
  endfacet
  facet normal -0.8910065241883678 -0.45399049973954697 1.987716839084243e-18
    outer loop
      vertex 9.855399799342049 -7.226305111525731 60.85
      vertex 9.427594213009707 -6.386689373476086 65.85
      vertex 9.427594213009707 -6.386689373476086 60.85
    endloop
  endfacet
  facet normal 0.30901699437494695 -0.9510565162951538 -2.5119602067500623e-16
    outer loop
      vertex 7.7320752694597665 -6.538042801911411 62.016666666666666
      vertex 9.276005854413171 -6.036389345243659 65.85
      vertex 6.951721204807331 -6.791595207552394 63.35
    endloop
  endfacet
  facet normal -0.8910065241883678 -0.45399049973954697 0
    outer loop
      vertex 9.855399799342049 -7.226305111525731 60.85
      vertex 9.855399799342049 -7.226305111525731 65.85
      vertex 9.427594213009707 -6.386689373476086 65.85
    endloop
  endfacet
  facet normal -0.9177546256839807 -0.3971478906347816 0
    outer loop
      vertex 9.427594213009707 -6.386689373476086 60.85
      vertex 9.427594213009707 -6.386689373476086 65.85
      vertex 9.276005854413171 -6.036389345243659 63.3356667247929
    endloop
  endfacet
  facet normal -0.30901699437494745 0.9510565162951536 -2.8820486115968434e-16
    outer loop
      vertex 5.025031842021598 -5.840421193686506 60.85
      vertex 6.4881957132449095 -5.3650104331096635 63.35
      vertex 8.734152255572697 -4.635254915624211 60.85
    endloop
  endfacet
  facet normal -0.30901699437494645 0.9510565162951539 6.714715371246069e-16
    outer loop
      vertex 6.4881957132449095 -5.3650104331096635 63.35
      vertex 7.268549777897345 -5.111458027468682 64.68333333333334
      vertex 8.734152255572697 -4.635254915624211 60.85
    endloop
  endfacet
  facet normal 0.3090169943749464 -0.951056516295154 9.330018371115112e-18
    outer loop
      vertex 7.7320752694597665 -6.538042801911411 62.016666666666666
      vertex 9.276005854413171 -6.036389345243659 60.85
      vertex 9.276005854413171 -6.036389345243659 63.3356667247929
    endloop
  endfacet
  facet normal -0.9177546256839807 -0.3971478906347816 -3.00383426025562e-18
    outer loop
      vertex 9.427594213009707 -6.386689373476086 60.85
      vertex 9.276005854413171 -6.036389345243659 63.3356667247929
      vertex 9.276005854413171 -6.036389345243659 60.85
    endloop
  endfacet
  facet normal 0.3090169943749464 -0.951056516295154 9.22364446888097e-18
    outer loop
      vertex 7.7320752694597665 -6.538042801911411 62.016666666666666
      vertex 9.276005854413171 -6.036389345243659 63.3356667247929
      vertex 9.276005854413171 -6.036389345243659 65.85
    endloop
  endfacet
  facet normal 0 0 -1
    outer loop
      vertex 5.8082860031456285 -8.089806539736376 65.85
      vertex 5.334246768123222 -6.99436650100888 65.85
      vertex 5.488557333584019 -7.2670059681292365 65.85
    endloop
  endfacet
  facet normal -0.8099751917588175 -0.2631768932624653 -0.5240974256643355
    outer loop
      vertex 5.488557333584019 -7.2670059681292365 65.85
      vertex 5.025031842021598 -5.840421193686506 65.85
      vertex 6.951721204807331 -6.791595207552394 63.35
    endloop
  endfacet
  facet normal 0 0 -1
    outer loop
      vertex 5.488557333584019 -7.2670059681292365 65.85
      vertex 5.334246768123222 -6.99436650100888 65.85
      vertex 5.025031842021598 -5.840421193686506 65.85
    endloop
  endfacet
  facet normal -0.9177546256839805 -0.39714789063478206 1.5233657869489406e-18
    outer loop
      vertex 5.8082860031456285 -8.089806539736376 65.85
      vertex 5.334246768123222 -6.99436650100888 68.35
      vertex 5.334246768123222 -6.99436650100888 65.85
    endloop
  endfacet
  facet normal -0.9408807689542263 -0.3387379202452891 0
    outer loop
      vertex 5.334246768123222 -6.99436650100888 65.85
      vertex 5.334246768123222 -6.99436650100888 68.35
      vertex 4.929926190392084 -5.871322893124001 68.35
    endloop
  endfacet
  facet normal 0 0 -1
    outer loop
      vertex 5.334246768123222 -6.99436650100888 65.85
      vertex 4.929926190392084 -5.871322893124001 65.85
      vertex 5.025031842021598 -5.840421193686506 65.85
    endloop
  endfacet
  facet normal -0.9602936856769426 -0.2789911060392306 7.782142676371127e-18
    outer loop
      vertex 4.929926190392084 -5.871322893124001 65.85
      vertex 4.5969199385560096 -4.725107856132242 68.35
      vertex 4.5969199385560096 -4.725107856132242 65.85
    endloop
  endfacet
  facet normal -0.9408807689542263 -0.3387379202452891 -4.6499591779603225e-18
    outer loop
      vertex 5.334246768123222 -6.99436650100888 65.85
      vertex 4.929926190392084 -5.871322893124001 68.35
      vertex 4.929926190392084 -5.871322893124001 65.85
    endloop
  endfacet
  facet normal -0.9602936856769426 -0.2789911060392306 0
    outer loop
      vertex 4.929926190392084 -5.871322893124001 65.85
      vertex 4.929926190392084 -5.871322893124001 68.35
      vertex 4.5969199385560096 -4.725107856132242 68.35
    endloop
  endfacet
  facet normal 0 0 -1
    outer loop
      vertex 5.488557333584019 -7.2670059681292365 65.85
      vertex 9.427594213009707 -6.386689373476086 65.85
      vertex 9.855399799342049 -7.226305111525731 65.85
    endloop
  endfacet
  facet normal 0.3090169943749471 -0.9510565162951536 -4.43442273317474e-16
    outer loop
      vertex 5.488557333584019 -7.2670059681292365 65.85
      vertex 6.951721204807331 -6.791595207552394 63.35
      vertex 9.276005854413171 -6.036389345243659 65.85
    endloop
  endfacet
  facet normal 0 0 -1
    outer loop
      vertex 5.488557333584019 -7.2670059681292365 65.85
      vertex 9.276005854413171 -6.036389345243659 65.85
      vertex 9.427594213009707 -6.386689373476086 65.85
    endloop
  endfacet
  facet normal -0.30901699437494745 0.9510565162951536 -9.159458873159972e-16
    outer loop
      vertex 5.025031842021598 -5.840421193686506 65.85
      vertex 8.734152255572697 -4.635254915624211 65.85
      vertex 7.268549777897345 -5.111458027468682 64.68333333333334
    endloop
  endfacet
  facet normal -0.9177546256839806 -0.3971478906347816 0
    outer loop
      vertex 9.276005854413171 -6.036389345243659 63.3356667247929
      vertex 9.427594213009707 -6.386689373476086 65.85
      vertex 9.276005854413171 -6.036389345243659 65.85
    endloop
  endfacet
  facet normal -0.5877852522924738 0.8090169943749469 2.3519033605900826e-18
    outer loop
      vertex 9.618029152018497 -9.722570929586524 64.68333333333334
      vertex 10.864745084375787 -8.816778784387097 65.77890625
      vertex 10.864745084375787 -8.816778784387097 60.85
    endloop
  endfacet
  facet normal -0.8270805742745628 -0.5620833778521293 -3.4211072176000102e-18
    outer loop
      vertex 10.864745084375787 -8.816778784387097 60.85
      vertex 10.335081117469775 -8.03740192468495 65.85
      vertex 10.335081117469775 -8.03740192468495 60.85
    endloop
  endfacet
  facet normal -0.8270805742745627 -0.5620833778521293 0
    outer loop
      vertex 10.864745084375787 -8.816778784387097 60.85
      vertex 10.864745084375787 -8.816778784387097 65.77890625
      vertex 10.335081117469775 -8.03740192468495 65.85
    endloop
  endfacet
  facet normal -0.8607420270039441 -0.5090414157503707 5.618370474164278e-18
    outer loop
      vertex 9.855399799342049 -7.226305111525731 65.85
      vertex 10.335081117469775 -8.03740192468495 60.85
      vertex 10.335081117469775 -8.03740192468495 65.85
    endloop
  endfacet
  facet normal -0.587785252292473 0.8090169943749475 1.630566846369804e-16
    outer loop
      vertex 9.618029152018497 -9.722570929586524 64.68333333333334
      vertex 10.864745084375787 -8.816778784387097 65.85
      vertex 10.864745084375787 -8.816778784387097 65.77890625
    endloop
  endfacet
  facet normal -0.8270805742745628 -0.5620833778521293 0
    outer loop
      vertex 10.864745084375787 -8.816778784387097 65.77890625
      vertex 10.864745084375787 -8.816778784387097 65.85
      vertex 10.335081117469775 -8.03740192468495 65.85
    endloop
  endfacet
  facet normal 0 0 1
    outer loop
      vertex 11.83208020644301 -15.371322893124002 68.35
      vertex 10.888944194774897 14.63975161274 68.35
      vertex 10.888944194774897 -14.639751612739998 68.35
    endloop
  endfacet
  facet normal 0 0 1
    outer loop
      vertex 11.83208020644301 -15.371322893124002 68.35
      vertex 12.819290895399064 -16.042230584538284 68.35
      vertex 11.83208020644301 15.371322893124002 68.35
    endloop
  endfacet
  facet normal 0 0 1
    outer loop
      vertex 13.84668019206741 -16.64982692083341 68.35
      vertex 12.819290895399064 16.042230584538288 68.35
      vertex 12.819290895399064 -16.042230584538284 68.35
    endloop
  endfacet
  facet normal 0 0 1
    outer loop
      vertex 13.84668019206741 -16.64982692083341 68.35
      vertex 14.910193460263619 -17.19171399685437 68.35
      vertex 13.846680192067408 16.649826920833405 68.35
    endloop
  endfacet
  facet normal 0 0 1
    outer loop
      vertex 16.00563349899112 -17.665753231876778 68.35
      vertex 14.910193460263624 17.191713996854375 68.35
      vertex 14.910193460263619 -17.19171399685437 68.35
    endloop
  endfacet
  facet normal 0 0 1
    outer loop
      vertex 16.00563349899112 -17.665753231876778 68.35
      vertex 17.128677106875998 -18.070073809607916 68.35
      vertex 16.00563349899112 17.665753231876778 68.35
    endloop
  endfacet
  facet normal -0.9759167619387472 -0.21814324139654312 1.4615496284865063e-18
    outer loop
      vertex 4.5969199385560096 -4.725107856132242 58.35
      vertex 4.336542236154916 -3.5602449771287716 60.85
      vertex 4.336542236154916 -3.5602449771287716 58.35
    endloop
  endfacet
  facet normal -0.9759167619387472 -0.21814324139654312 0
    outer loop
      vertex 4.5969199385560096 -4.725107856132242 58.35
      vertex 4.5969199385560096 -4.725107856132242 60.85
      vertex 4.336542236154916 -3.5602449771287716 60.85
    endloop
  endfacet
  facet normal 0 0 1
    outer loop
      vertex 4.929926190392084 -5.871322893124001 60.85
      vertex 5.025031842021598 -5.840421193686506 60.85
      vertex 8.082359045898954 -1.5 60.85
    endloop
  endfacet
  facet normal 0 0 1
    outer loop
      vertex 4.929926190392084 -5.871322893124001 60.85
      vertex 8.082359045898954 -1.5 60.85
      vertex 4.5969199385560096 -4.725107856132242 60.85
    endloop
  endfacet
  facet normal -0.9876883405951377 -0.15643446504023176 -1.087981237606353e-18
    outer loop
      vertex 4.336542236154916 -3.5602449771287716 58.35
      vertex 4.14982067502492 -2.3813314377217765 60.85
      vertex 4.14982067502492 -2.3813314377217765 58.35
    endloop
  endfacet
  facet normal 0 0 -1
    outer loop
      vertex 6.350173079166595 -9.153319807932592 58.35
      vertex 5.8082860031456285 -8.089806539736376 58.35
      vertex 6.350173079166595 9.15331980793259 58.35
    endloop
  endfacet
  facet normal -0.9876883405951377 -0.15643446504023176 0
    outer loop
      vertex 4.336542236154916 -3.5602449771287716 58.35
      vertex 4.336542236154916 -3.5602449771287716 60.85
      vertex 4.14982067502492 -2.3813314377217765 60.85
    endloop
  endfacet
  facet normal 0 0 1
    outer loop
      vertex 4.5969199385560096 -4.725107856132242 60.85
      vertex 8.082359045898954 -1.5 60.85
      vertex 4.336542236154916 -3.5602449771287716 60.85
    endloop
  endfacet
  facet normal 0 0 -1
    outer loop
      vertex 9.149596078993179 -13.006395012645081 58.35
      vertex 8.360248387260002 -12.111055805225103 58.35
      vertex 9.149596078993179 13.00639501264508 58.35
    endloop
  endfacet
  facet normal 0 0 -1
    outer loop
      vertex 9.993604987354919 -13.850403921006821 58.35
      vertex 9.149596078993179 -13.006395012645081 58.35
      vertex 9.993604987354919 13.850403921006823 58.35
    endloop
  endfacet
  facet normal 0 0 1
    outer loop
      vertex 5.025031842021598 -5.840421193686506 60.85
      vertex 8.734152255572697 -4.635254915624211 60.85
      vertex 8.471252583070534 -3.7303483074728234 60.85
    endloop
  endfacet
  facet normal 0 0 1
    outer loop
      vertex 5.025031842021598 -5.840421193686506 60.85
      vertex 8.471252583070534 -3.7303483074728234 60.85
      vertex 8.265691239069671 -2.8107197187858723 60.85
    endloop
  endfacet
  facet normal 0 0 -1
    outer loop
      vertex 6.957769415461716 -10.180709104600936 58.35
      vertex 7.6286771068759975 11.16791979355699 58.35
      vertex 7.6286771068759975 -11.16791979355699 58.35
    endloop
  endfacet
  facet normal 0 0 -1
    outer loop
      vertex 8.360248387260002 -12.111055805225103 58.35
      vertex 7.6286771068759975 -11.16791979355699 58.35
      vertex 8.360248387260002 12.111055805225106 58.35
    endloop
  endfacet
  facet normal 0 0 -1
    outer loop
      vertex 6.957769415461716 -10.180709104600936 58.35
      vertex 6.350173079166595 -9.153319807932592 58.35
      vertex 6.957769415461716 10.180709104600936 58.35
    endloop
  endfacet
  facet normal 0 0 1
    outer loop
      vertex 5.025031842021598 -5.840421193686506 60.85
      vertex 8.265691239069671 -2.8107197187858723 60.85
      vertex 8.118279480282832 -1.8799985034645594 60.85
    endloop
  endfacet
  facet normal 0 0 1
    outer loop
      vertex 5.025031842021598 -5.840421193686506 60.85
      vertex 8.118279480282832 -1.8799985034645594 60.85
      vertex 8.082359045898954 -1.5 60.85
    endloop
  endfacet
  facet normal -0.99556196460308 -0.09410831331851352 -3.195446436536957e-18
    outer loop
      vertex 4.14982067502492 -2.3813314377217765 58.35
      vertex 4.03749215986284 -1.1930198710569506 60.85
      vertex 4.03749215986284 -1.1930198710569506 58.35
    endloop
  endfacet
  facet normal 0 0 -1
    outer loop
      vertex 5.8082860031456285 -8.089806539736376 58.35
      vertex 5.334246768123222 -6.99436650100888 58.35
      vertex 5.8082860031456285 8.089806539736376 58.35
    endloop
  endfacet
  facet normal 0 0 -1
    outer loop
      vertex 5.334246768123222 -6.99436650100888 58.35
      vertex 4.929926190392084 -5.871322893124001 58.35
      vertex 5.334246768123222 6.99436650100888 58.35
    endloop
  endfacet
  facet normal 0 0 -1
    outer loop
      vertex 4.929926190392084 -5.871322893124001 58.35
      vertex 4.5969199385560096 -4.725107856132242 58.35
      vertex 4.929926190392084 5.8713228931240025 58.35
    endloop
  endfacet
  facet normal -0.99556196460308 -0.09410831331851352 0
    outer loop
      vertex 4.14982067502492 -2.3813314377217765 58.35
      vertex 4.14982067502492 -2.3813314377217765 60.85
      vertex 4.03749215986284 -1.1930198710569506 60.85
    endloop
  endfacet
  facet normal 0 0 1
    outer loop
      vertex 4.14982067502492 -2.3813314377217765 60.85
      vertex 4.100000000000001 -1.5 60.85
      vertex 4.03749215986284 -1.1930198710569506 60.85
    endloop
  endfacet
  facet normal 0 0 1
    outer loop
      vertex 4.336542236154916 -3.5602449771287716 60.85
      vertex 8.082359045898954 -1.5 60.85
      vertex 4.14982067502492 -2.3813314377217765 60.85
    endloop
  endfacet
  facet normal 0 0 1
    outer loop
      vertex 4.14982067502492 -2.3813314377217765 60.85
      vertex 8.082359045898954 -1.5 60.85
      vertex 4.100000000000001 -1.5 60.85
    endloop
  endfacet
  facet normal 0 -1 0
    outer loop
      vertex 4.100000000000001 -1.5 60.85
      vertex 8.082359045898954 -1.5 60.85
      vertex 6.458974358974359 -1.5 62.016666666666666
    endloop
  endfacet
  facet normal 0 0 -1
    outer loop
      vertex 4.5969199385560096 -4.725107856132242 58.35
      vertex 4.336542236154916 -3.5602449771287716 58.35
      vertex 4.5969199385560096 4.72510785613224 58.35
    endloop
  endfacet
  facet normal 0 0 -1
    outer loop
      vertex 4.336542236154916 -3.5602449771287716 58.35
      vertex 4.14982067502492 -2.3813314377217765 58.35
      vertex 4.336542236154916 3.5602449771287716 58.35
    endloop
  endfacet
  facet normal 0 0 -1
    outer loop
      vertex 4.14982067502492 -2.3813314377217765 58.35
      vertex 4.03749215986284 -1.1930198710569506 58.35
      vertex 4.14982067502492 2.3813314377217765 58.35
    endloop
  endfacet
  facet normal -0.9995065603657317 -0.03141075907812788 -5.522871417580061e-19
    outer loop
      vertex 4.03749215986284 -1.1930198710569506 58.35
      vertex 4 0 60.85
      vertex 4 0 58.35
    endloop
  endfacet
  facet normal -0.9995065603657317 -0.03141075907812788 0
    outer loop
      vertex 4.03749215986284 -1.1930198710569506 58.35
      vertex 4.03749215986284 -1.1930198710569506 60.85
      vertex 4 0 60.85
    endloop
  endfacet
  facet normal 0 0 1
    outer loop
      vertex 4.100000000000001 -1.5 60.85
      vertex 4.03749215986284 1.1930198710569506 60.85
      vertex 4.03749215986284 -1.1930198710569506 60.85
    endloop
  endfacet
  facet normal 0 0 1
    outer loop
      vertex 4.100000000000001 -1.5 60.85
      vertex 4.100000000000001 0 60.85
      vertex 4.03749215986284 1.1930198710569506 60.85
    endloop
  endfacet
  facet normal 0 0 -1
    outer loop
      vertex 9.993604987354919 -13.850403921006821 58.35
      vertex 10.888944194774897 14.63975161274 58.35
      vertex 10.888944194774897 -14.639751612739998 58.35
    endloop
  endfacet
  facet normal 0 0 -1
    outer loop
      vertex 11.83208020644301 -15.371322893124002 58.35
      vertex 10.888944194774897 -14.639751612739998 58.35
      vertex 11.83208020644301 15.371322893124002 58.35
    endloop
  endfacet
  facet normal -0.960293685676943 -0.27899110603922994 -6.718845054078892e-19
    outer loop
      vertex 8.734152255572697 -4.635254915624211 60.85
      vertex 8.471252583070534 -3.7303483074728234 65.85
      vertex 8.471252583070534 -3.7303483074728234 60.85
    endloop
  endfacet
  facet normal -0.3090169943749481 0.9510565162951534 2.3593573247601916e-18
    outer loop
      vertex 7.268549777897345 -5.111458027468682 64.68333333333334
      vertex 8.734152255572697 -4.635254915624211 65.77890625
      vertex 8.734152255572697 -4.635254915624211 60.85
    endloop
  endfacet
  facet normal -0.9602936856769428 -0.27899110603922994 0
    outer loop
      vertex 8.734152255572697 -4.635254915624211 60.85
      vertex 8.734152255572697 -4.635254915624211 65.77890625
      vertex 8.471252583070534 -3.7303483074728234 65.85
    endloop
  endfacet
  facet normal -0.9759167619387474 -0.21814324139654215 0
    outer loop
      vertex 8.265691239069671 -2.8107197187858723 60.85
      vertex 8.471252583070534 -3.7303483074728234 60.85
      vertex 8.265691239069671 -2.8107197187858723 65.85
    endloop
  endfacet
  facet normal -0.9876883405951377 -0.1564344650402321 0
    outer loop
      vertex 8.265691239069671 -2.8107197187858723 60.85
      vertex 8.265691239069671 -2.8107197187858723 65.85
      vertex 8.118279480282832 -1.8799985034645594 65.85
    endloop
  endfacet
  facet normal -0.9759167619387474 -0.21814324139654215 0
    outer loop
      vertex 8.471252583070534 -3.7303483074728234 60.85
      vertex 8.471252583070534 -3.7303483074728234 65.85
      vertex 8.265691239069671 -2.8107197187858723 65.85
    endloop
  endfacet
  facet normal 0 0 -1
    outer loop
      vertex 4.929926190392084 -5.871322893124001 65.85
      vertex 4.100000000000001 -1.5 65.85
      vertex 5.025031842021598 -5.840421193686506 65.85
    endloop
  endfacet
  facet normal 0 0 -1
    outer loop
      vertex 4.929926190392084 -5.871322893124001 65.85
      vertex 4.5969199385560096 -4.725107856132242 65.85
      vertex 4.100000000000001 -1.5 65.85
    endloop
  endfacet
  facet normal 0 0 -1
    outer loop
      vertex 5.025031842021598 -5.840421193686506 65.85
      vertex 4.100000000000001 -1.5 65.85
      vertex 8.734152255572697 -4.635254915624211 65.85
    endloop
  endfacet
  facet normal -0.9759167619387472 -0.21814324139654312 1.4615496284865063e-18
    outer loop
      vertex 4.5969199385560096 -4.725107856132242 65.85
      vertex 4.336542236154916 -3.5602449771287716 68.35
      vertex 4.336542236154916 -3.5602449771287716 65.85
    endloop
  endfacet
  facet normal -0.9759167619387472 -0.21814324139654312 0
    outer loop
      vertex 4.5969199385560096 -4.725107856132242 65.85
      vertex 4.5969199385560096 -4.725107856132242 68.35
      vertex 4.336542236154916 -3.5602449771287716 68.35
    endloop
  endfacet
  facet normal 0 0 -1
    outer loop
      vertex 4.5969199385560096 -4.725107856132242 65.85
      vertex 4.336542236154916 -3.5602449771287716 65.85
      vertex 4.100000000000001 -1.5 65.85
    endloop
  endfacet
  facet normal -0.9876883405951377 -0.15643446504023176 0
    outer loop
      vertex 4.336542236154916 -3.5602449771287716 65.85
      vertex 4.336542236154916 -3.5602449771287716 68.35
      vertex 4.14982067502492 -2.3813314377217765 68.35
    endloop
  endfacet
  facet normal -0.9876883405951377 -0.15643446504023176 -1.087981237606353e-18
    outer loop
      vertex 4.336542236154916 -3.5602449771287716 65.85
      vertex 4.14982067502492 -2.3813314377217765 68.35
      vertex 4.14982067502492 -2.3813314377217765 65.85
    endloop
  endfacet
  facet normal 0 0 1
    outer loop
      vertex 6.957769415461716 -10.180709104600936 68.35
      vertex 6.350173079166595 9.15331980793259 68.35
      vertex 6.350173079166595 -9.153319807932592 68.35
    endloop
  endfacet
  facet normal 0 0 1
    outer loop
      vertex 5.8082860031456285 -8.089806539736376 68.35
      vertex 5.334246768123222 6.99436650100888 68.35
      vertex 5.334246768123222 -6.99436650100888 68.35
    endloop
  endfacet
  facet normal 0 0 1
    outer loop
      vertex 6.350173079166595 -9.153319807932592 68.35
      vertex 5.8082860031456285 8.089806539736376 68.35
      vertex 5.8082860031456285 -8.089806539736376 68.35
    endloop
  endfacet
  facet normal -0.3090169943749483 0.9510565162951533 1.6357346551554343e-16
    outer loop
      vertex 7.268549777897345 -5.111458027468682 64.68333333333334
      vertex 8.734152255572697 -4.635254915624211 65.85
      vertex 8.734152255572697 -4.635254915624211 65.77890625
    endloop
  endfacet
  facet normal -0.9602936856769428 -0.2789911060392299 0
    outer loop
      vertex 8.734152255572697 -4.635254915624211 65.77890625
      vertex 8.734152255572697 -4.635254915624211 65.85
      vertex 8.471252583070534 -3.7303483074728234 65.85
    endloop
  endfacet
  facet normal 0 0 1
    outer loop
      vertex 8.360248387260002 -12.111055805225103 68.35
      vertex 7.6286771068759975 11.16791979355699 68.35
      vertex 7.6286771068759975 -11.16791979355699 68.35
    endloop
  endfacet
  facet normal 0 0 1
    outer loop
      vertex 9.993604987354919 -13.850403921006821 68.35
      vertex 9.149596078993179 13.00639501264508 68.35
      vertex 9.149596078993179 -13.006395012645081 68.35
    endloop
  endfacet
  facet normal 0 0 1
    outer loop
      vertex 9.149596078993179 -13.006395012645081 68.35
      vertex 8.360248387260002 12.111055805225106 68.35
      vertex 8.360248387260002 -12.111055805225103 68.35
    endloop
  endfacet
  facet normal 0 0 -1
    outer loop
      vertex 4.100000000000001 -1.5 65.85
      vertex 8.471252583070534 -3.7303483074728234 65.85
      vertex 8.734152255572697 -4.635254915624211 65.85
    endloop
  endfacet
  facet normal 0 0 -1
    outer loop
      vertex 4.100000000000001 -1.5 65.85
      vertex 8.265691239069671 -2.8107197187858723 65.85
      vertex 8.471252583070534 -3.7303483074728234 65.85
    endloop
  endfacet
  facet normal 0 0 1
    outer loop
      vertex 6.957769415461716 -10.180709104600936 68.35
      vertex 7.6286771068759975 -11.16791979355699 68.35
      vertex 6.957769415461716 10.180709104600936 68.35
    endloop
  endfacet
  facet normal 0 -1 0
    outer loop
      vertex 4.100000000000001 -1.5 60.85
      vertex 6.458974358974359 -1.5 62.016666666666666
      vertex 5.638461538461538 -1.5 63.35
    endloop
  endfacet
  facet normal -0.8516583167045443 0 0.5240974256643343
    outer loop
      vertex 4.100000000000001 -1.5 60.85
      vertex 5.638461538461538 -1.5 63.35
      vertex 4.100000000000001 0 60.85
    endloop
  endfacet
  facet normal -0.8516583167045443 0 0.5240974256643343
    outer loop
      vertex 5.638461538461538 -1.5 63.35
      vertex 5.638461538461538 0 63.35
      vertex 4.100000000000001 0 60.85
    endloop
  endfacet
  facet normal -0.8516583167045435 0 -0.5240974256643354
    outer loop
      vertex 5.638461538461538 -1.5 63.35
      vertex 4.100000000000001 0 65.85
      vertex 5.638461538461538 0 63.35
    endloop
  endfacet
  facet normal -0.9876883405951377 -0.1564344650402321 2.5679991866264325e-18
    outer loop
      vertex 8.265691239069671 -2.8107197187858723 60.85
      vertex 8.118279480282832 -1.8799985034645594 65.85
      vertex 8.118279480282832 -1.8799985034645594 60.85
    endloop
  endfacet
  facet normal -0.9955619646030801 -0.0941083133185132 8.32959831585736e-19
    outer loop
      vertex 8.118279480282832 -1.8799985034645594 60.85
      vertex 8.082359045898954 -1.5 63.3356667247929
      vertex 8.082359045898954 -1.5 60.85
    endloop
  endfacet
  facet normal 0 -1 0
    outer loop
      vertex 6.458974358974359 -1.5 62.016666666666666
      vertex 8.082359045898954 -1.5 60.85
      vertex 8.082359045898954 -1.5 63.3356667247929
    endloop
  endfacet
  facet normal 0 -1 0
    outer loop
      vertex 6.458974358974359 -1.5 62.016666666666666
      vertex 8.082359045898954 -1.5 65.85
      vertex 5.638461538461538 -1.5 63.35
    endloop
  endfacet
  facet normal -0.9955619646030801 -0.09410831331851319 0
    outer loop
      vertex 8.118279480282832 -1.8799985034645594 60.85
      vertex 8.118279480282832 -1.8799985034645594 65.85
      vertex 8.082359045898954 -1.5 63.3356667247929
    endloop
  endfacet
  facet normal 0 -1 0
    outer loop
      vertex 6.458974358974359 -1.5 62.016666666666666
      vertex 8.082359045898954 -1.5 63.3356667247929
      vertex 8.082359045898954 -1.5 65.85
    endloop
  endfacet
  facet normal 0 0 -1
    outer loop
      vertex 4.336542236154916 -3.5602449771287716 65.85
      vertex 4.14982067502492 -2.3813314377217765 65.85
      vertex 4.100000000000001 -1.5 65.85
    endloop
  endfacet
  facet normal 0 0 -1
    outer loop
      vertex 4.14982067502492 -2.3813314377217765 65.85
      vertex 4.03749215986284 -1.1930198710569506 65.85
      vertex 4.100000000000001 -1.5 65.85
    endloop
  endfacet
  facet normal 0 -1 0
    outer loop
      vertex 5.638461538461538 -1.5 63.35
      vertex 8.082359045898954 -1.5 65.85
      vertex 4.100000000000001 -1.5 65.85
    endloop
  endfacet
  facet normal -0.99556196460308 -0.09410831331851352 0
    outer loop
      vertex 4.14982067502492 -2.3813314377217765 65.85
      vertex 4.14982067502492 -2.3813314377217765 68.35
      vertex 4.03749215986284 -1.1930198710569506 68.35
    endloop
  endfacet
  facet normal 0 0 1
    outer loop
      vertex 4.929926190392084 -5.871322893124001 68.35
      vertex 4.5969199385560096 4.72510785613224 68.35
      vertex 4.5969199385560096 -4.725107856132242 68.35
    endloop
  endfacet
  facet normal -0.99556196460308 -0.09410831331851352 -3.195446436536957e-18
    outer loop
      vertex 4.14982067502492 -2.3813314377217765 65.85
      vertex 4.03749215986284 -1.1930198710569506 68.35
      vertex 4.03749215986284 -1.1930198710569506 65.85
    endloop
  endfacet
  facet normal 0 0 1
    outer loop
      vertex 4.5969199385560096 -4.725107856132242 68.35
      vertex 4.336542236154916 3.5602449771287716 68.35
      vertex 4.336542236154916 -3.5602449771287716 68.35
    endloop
  endfacet
  facet normal 0 0 1
    outer loop
      vertex 5.334246768123222 -6.99436650100888 68.35
      vertex 4.929926190392084 5.8713228931240025 68.35
      vertex 4.929926190392084 -5.871322893124001 68.35
    endloop
  endfacet
  facet normal -0.8516583167045435 -3.87910019412909e-17 -0.5240974256643354
    outer loop
      vertex 5.638461538461538 -1.5 63.35
      vertex 4.100000000000001 -1.5 65.85
      vertex 4.100000000000001 0 65.85
    endloop
  endfacet
  facet normal 0 0 -1
    outer loop
      vertex 4.100000000000001 -1.5 65.85
      vertex 4.03749215986284 -1.1930198710569506 65.85
      vertex 4.100000000000001 0 65.85
    endloop
  endfacet
  facet normal 0 0 1
    outer loop
      vertex 4.336542236154916 -3.5602449771287716 68.35
      vertex 4.14982067502492 2.3813314377217765 68.35
      vertex 4.14982067502492 -2.3813314377217765 68.35
    endloop
  endfacet
  facet normal -0.9995065603657317 -0.03141075907812788 0
    outer loop
      vertex 4.03749215986284 -1.1930198710569506 65.85
      vertex 4.03749215986284 -1.1930198710569506 68.35
      vertex 4 0 68.35
    endloop
  endfacet
  facet normal 0 0 1
    outer loop
      vertex 4.14982067502492 -2.3813314377217765 68.35
      vertex 4.03749215986284 1.1930198710569506 68.35
      vertex 4.03749215986284 -1.1930198710569506 68.35
    endloop
  endfacet
  facet normal -0.9995065603657317 -0.03141075907812788 -5.522871417580061e-19
    outer loop
      vertex 4.03749215986284 -1.1930198710569506 65.85
      vertex 4 0 68.35
      vertex 4 0 65.85
    endloop
  endfacet
  facet normal 0 0 -1
    outer loop
      vertex 4.100000000000001 -1.5 65.85
      vertex 8.118279480282832 -1.8799985034645594 65.85
      vertex 8.265691239069671 -2.8107197187858723 65.85
    endloop
  endfacet
  facet normal -0.9955619646030801 -0.09410831331851319 0
    outer loop
      vertex 8.082359045898954 -1.5 63.3356667247929
      vertex 8.118279480282832 -1.8799985034645594 65.85
      vertex 8.082359045898954 -1.5 65.85
    endloop
  endfacet
  facet normal 0 0 -1
    outer loop
      vertex 4.100000000000001 -1.5 65.85
      vertex 8.082359045898954 -1.5 65.85
      vertex 8.118279480282832 -1.8799985034645594 65.85
    endloop
  endfacet
  facet normal 0 0 1
    outer loop
      vertex 9.993604987354919 -13.850403921006821 68.35
      vertex 10.888944194774897 -14.639751612739998 68.35
      vertex 9.993604987354919 13.850403921006823 68.35
    endloop
  endfacet
  facet normal 0 0 -1
    outer loop
      vertex 19.439755022871232 -18.663457763845084 58.35
      vertex 20.047677058943282 -2.7724157790111903 58.35
      vertex 20.22758422098881 -2.9523229410567176 58.35
    endloop
  endfacet
  facet normal 0 0 -1
    outer loop
      vertex 20.61866856227822 -18.85017932497508 58.35
      vertex 20.619469728215485 -3.2765188272185384 58.35
      vertex 20.829901480335064 -3.419528098283159 58.35
    endloop
  endfacet
  facet normal 0 0 -1
    outer loop
      vertex 19.439755022871232 -18.663457763845084 58.35
      vertex 20.418432841517806 -3.120578633241948 58.35
      vertex 20.619469728215485 -3.2765188272185384 58.35
    endloop
  endfacet
  facet normal 0 0 -1
    outer loop
      vertex 19.439755022871232 -18.663457763845084 58.35
      vertex 20.22758422098881 -2.9523229410567176 58.35
      vertex 20.418432841517806 -3.120578633241948 58.35
    endloop
  endfacet
  facet normal 0 0 -1
    outer loop
      vertex 19.439755022871232 -18.663457763845084 58.35
      vertex 19.879421366758052 -2.581567158482194 58.35
      vertex 20.047677058943282 -2.7724157790111903 58.35
    endloop
  endfacet
  facet normal 0 0 -1
    outer loop
      vertex 19.439755022871232 -18.663457763845084 58.35
      vertex 19.72348117278146 -2.380530271784515 58.35
      vertex 19.879421366758052 -2.581567158482194 58.35
    endloop
  endfacet
  facet normal 0 0 -1
    outer loop
      vertex 19.439755022871232 -18.663457763845084 58.35
      vertex 19.58047190171684 -2.1700985196649363 58.35
      vertex 19.72348117278146 -2.380530271784515 58.35
    endloop
  endfacet
  facet normal 0 0 -1
    outer loop
      vertex 19.439755022871232 -18.663457763845084 58.35
      vertex 19.450957945822353 -1.9511023801119478 58.35
      vertex 19.58047190171684 -2.1700985196649363 58.35
    endloop
  endfacet
  facet normal 0 0 -1
    outer loop
      vertex 20.61866856227822 -18.85017932497508 58.35
      vertex 21.275593869161455 -3.6645495624873803 58.35
      vertex 21.509095561627056 -3.7655947678474178 58.35
    endloop
  endfacet
  facet normal 0 0 -1
    outer loop
      vertex 20.61866856227822 -18.85017932497508 58.35
      vertex 21.748481172781464 -3.851778890995373 58.35
      vertex 21.992805956982338 -3.9227618025709567 58.35
    endloop
  endfacet
  facet normal 0 0 -1
    outer loop
      vertex 20.61866856227822 -18.85017932497508 58.35
      vertex 21.509095561627056 -3.7655947678474178 58.35
      vertex 21.748481172781464 -3.851778890995373 58.35
    endloop
  endfacet
  facet normal 0 0 -1
    outer loop
      vertex 21.80698012894305 -18.96250784013716 58.35
      vertex 21.992805956982338 -3.9227618025709567 58.35
      vertex 22.241105675927816 -3.9782633654511876 58.35
    endloop
  endfacet
  facet normal 0 0 -1
    outer loop
      vertex 21.80698012894305 -18.96250784013716 58.35
      vertex 22.241105675927816 -3.9782633654511876 58.35
      vertex 22.49240040406457 -4.0180645403236355 58.35
    endloop
  endfacet
  facet normal 0 0 -1
    outer loop
      vertex 21.80698012894305 -18.96250784013716 58.35
      vertex 22.49240040406457 -4.0180645403236355 58.35
      vertex 22.74569839590628 -4.042008250134501 58.35
    endloop
  endfacet
  facet normal 0 0 -1
    outer loop
      vertex 21.80698012894305 -18.96250784013716 58.35
      vertex 22.74569839590628 -4.042008250134501 58.35
      vertex 23 -4.050000000000001 58.35
    endloop
  endfacet
  facet normal 0 0 -1
    outer loop
      vertex 23 -19 58.35
      vertex 23 -4.050000000000001 58.35
      vertex 23.25430160409372 -4.042008250134501 58.35
    endloop
  endfacet
  facet normal 0 0 -1
    outer loop
      vertex 23 -19 58.35
      vertex 23.25430160409372 -4.042008250134501 58.35
      vertex 23.50759959593543 -4.0180645403236355 58.35
    endloop
  endfacet
  facet normal 0 0 -1
    outer loop
      vertex 24.19301987105695 -18.96250784013716 58.35
      vertex 23.50759959593543 -4.0180645403236355 58.35
      vertex 23.758894324072184 -3.9782633654511876 58.35
    endloop
  endfacet
  facet normal 0 0 -1
    outer loop
      vertex 24.19301987105695 -18.96250784013716 58.35
      vertex 23.758894324072184 -3.9782633654511876 58.35
      vertex 24.007194043017662 -3.9227618025709567 58.35
    endloop
  endfacet
  facet normal 0 0 -1
    outer loop
      vertex 24.19301987105695 -18.96250784013716 58.35
      vertex 24.007194043017662 -3.9227618025709567 58.35
      vertex 24.251518827218536 -3.851778890995373 58.35
    endloop
  endfacet
  facet normal 0 0 -1
    outer loop
      vertex 24.19301987105695 -18.96250784013716 58.35
      vertex 24.251518827218536 -3.851778890995373 58.35
      vertex 24.490904438372944 -3.7655947678474178 58.35
    endloop
  endfacet
  facet normal 0 0 -1
    outer loop
      vertex 20.61866856227822 -18.85017932497508 58.35
      vertex 21.048897619888052 -3.5490420541776473 58.35
      vertex 21.275593869161455 -3.6645495624873803 58.35
    endloop
  endfacet
  facet normal 0 0 -1
    outer loop
      vertex 20.61866856227822 -18.85017932497508 58.35
      vertex 20.829901480335064 -3.419528098283159 58.35
      vertex 21.048897619888052 -3.5490420541776473 58.35
    endloop
  endfacet
  facet normal 0 0 -1
    outer loop
      vertex 18.27489214386776 -18.40308006144399 58.35
      vertex 19.33545043751262 -1.7244061308385419 58.35
      vertex 19.450957945822353 -1.9511023801119478 58.35
    endloop
  endfacet
  facet normal 0 0 -1
    outer loop
      vertex 18.27489214386776 -18.40308006144399 58.35
      vertex 19.234405232152582 -1.4909044383729437 58.35
      vertex 19.33545043751262 -1.7244061308385419 58.35
    endloop
  endfacet
  facet normal 0 0 -1
    outer loop
      vertex 18.27489214386776 -18.40308006144399 58.35
      vertex 19.148221109004627 -1.2515188272185362 58.35
      vertex 19.234405232152582 -1.4909044383729437 58.35
    endloop
  endfacet
  facet normal 0 0 -1
    outer loop
      vertex 18.27489214386776 -18.40308006144399 58.35
      vertex 19.077238197429043 -1.0071940430176625 58.35
      vertex 19.148221109004627 -1.2515188272185362 58.35
    endloop
  endfacet
  facet normal 0 0 -1
    outer loop
      vertex 18.27489214386776 -18.40308006144399 58.35
      vertex 19.021736634548812 -0.7588943240721839 58.35
      vertex 19.077238197429043 -1.0071940430176625 58.35
    endloop
  endfacet
  facet normal 0 0 -1
    outer loop
      vertex 18.27489214386776 -18.40308006144399 58.35
      vertex 18.981935459676365 -0.5075995959354316 58.35
      vertex 19.021736634548812 -0.7588943240721839 58.35
    endloop
  endfacet
  facet normal 0 0 -1
    outer loop
      vertex 18.27489214386776 -18.40308006144399 58.35
      vertex 18.9579917498655 -0.25430160409371894 58.35
      vertex 18.981935459676365 -0.5075995959354316 58.35
    endloop
  endfacet
  facet normal 0 0 -1
    outer loop
      vertex 17.128677106875998 -18.070073809607916 58.35
      vertex 18.27489214386776 18.403080061443987 58.35
      vertex 18.27489214386776 -18.40308006144399 58.35
    endloop
  endfacet
  facet normal 0 0 -1
    outer loop
      vertex 18.27489214386776 -18.40308006144399 58.35
      vertex 18.95 0 58.35
      vertex 18.9579917498655 -0.25430160409371894 58.35
    endloop
  endfacet
  facet normal 0 0 -1
    outer loop
      vertex 24.19301987105695 -18.96250784013716 58.35
      vertex 24.490904438372944 -3.7655947678474178 58.35
      vertex 24.724406130838545 -3.6645495624873803 58.35
    endloop
  endfacet
  facet normal 0 0 -1
    outer loop
      vertex 25.38133143772178 -18.85017932497508 58.35
      vertex 24.724406130838545 -3.6645495624873803 58.35
      vertex 24.951102380111948 -3.5490420541776473 58.35
    endloop
  endfacet
  facet normal 0 0 -1
    outer loop
      vertex 25.38133143772178 -18.85017932497508 58.35
      vertex 24.951102380111948 -3.5490420541776473 58.35
      vertex 25.170098519664936 -3.419528098283159 58.35
    endloop
  endfacet
  facet normal 0 0 -1
    outer loop
      vertex 25.38133143772178 -18.85017932497508 58.35
      vertex 25.170098519664936 -3.419528098283159 58.35
      vertex 25.380530271784515 -3.2765188272185384 58.35
    endloop
  endfacet
  facet normal 0 0 -1
    outer loop
      vertex 25.38133143772178 -18.85017932497508 58.35
      vertex 25.380530271784515 -3.2765188272185384 58.35
      vertex 25.581567158482194 -3.120578633241948 58.35
    endloop
  endfacet
  facet normal 0 0 -1
    outer loop
      vertex 25.38133143772178 -18.85017932497508 58.35
      vertex 25.581567158482194 -3.120578633241948 58.35
      vertex 25.77241577901119 -2.9523229410567176 58.35
    endloop
  endfacet
  facet normal 0 0 -1
    outer loop
      vertex 25.38133143772178 -18.85017932497508 58.35
      vertex 25.77241577901119 -2.9523229410567176 58.35
      vertex 25.95 -2.774738720067905 58.35
    endloop
  endfacet
  facet normal 0 0 -1
    outer loop
      vertex 26.560244977128768 -18.663457763845084 58.35
      vertex 25.95 -2.774738720067905 58.35
      vertex 25.95 -1.8731279813890893 58.35
    endloop
  endfacet
  facet normal 0 0 -1
    outer loop
      vertex 26.560244977128768 -18.663457763845084 58.35
      vertex 25.95 -1.8731279813890893 58.35
      vertex 26.5 0 58.35
    endloop
  endfacet
  facet normal 0 0 -1
    outer loop
      vertex 26.560244977128768 -18.663457763845084 58.35
      vertex 27.725107856132233 18.403080061443994 58.35
      vertex 27.72510785613224 -18.40308006144399 58.35
    endloop
  endfacet
  facet normal 0 0 -1
    outer loop
      vertex 27.72510785613224 -18.40308006144399 58.35
      vertex 28.871322893124002 18.07007380960792 58.35
      vertex 28.871322893124002 -18.070073809607916 58.35
    endloop
  endfacet
  facet normal 0 0 -1
    outer loop
      vertex 28.871322893124002 -18.070073809607916 58.35
      vertex 29.99436650100889 17.665753231876778 58.35
      vertex 29.99436650100888 -17.665753231876778 58.35
    endloop
  endfacet
  facet normal 0 0 -1
    outer loop
      vertex 29.99436650100888 -17.665753231876778 58.35
      vertex 31.089806539736376 17.191713996854375 58.35
      vertex 31.08980653973638 -17.19171399685437 58.35
    endloop
  endfacet
  facet normal 0 0 1
    outer loop
      vertex 20.61866856227822 -18.85017932497508 68.35
      vertex 20.829901480335064 -3.419528098283159 68.35
      vertex 20.619469728215485 -3.2765188272185384 68.35
    endloop
  endfacet
  facet normal 0 0 1
    outer loop
      vertex 20.61866856227822 -18.85017932497508 68.35
      vertex 20.22758422098881 -2.9523229410567176 68.35
      vertex 20.047677058943282 -2.7724157790111903 68.35
    endloop
  endfacet
  facet normal 0 0 1
    outer loop
      vertex 20.61866856227822 -18.85017932497508 68.35
      vertex 20.619469728215485 -3.2765188272185384 68.35
      vertex 20.418432841517806 -3.120578633241948 68.35
    endloop
  endfacet
  facet normal 0 0 1
    outer loop
      vertex 20.61866856227822 -18.85017932497508 68.35
      vertex 20.418432841517806 -3.120578633241948 68.35
      vertex 20.22758422098881 -2.9523229410567176 68.35
    endloop
  endfacet
  facet normal 0 0 1
    outer loop
      vertex 19.439755022871232 -18.663457763845084 68.35
      vertex 20.047677058943282 -2.7724157790111903 68.35
      vertex 19.879421366758052 -2.581567158482194 68.35
    endloop
  endfacet
  facet normal 0 0 1
    outer loop
      vertex 19.439755022871232 -18.663457763845084 68.35
      vertex 19.879421366758052 -2.581567158482194 68.35
      vertex 19.72348117278146 -2.380530271784515 68.35
    endloop
  endfacet
  facet normal 0 0 1
    outer loop
      vertex 19.439755022871232 -18.663457763845084 68.35
      vertex 19.72348117278146 -2.380530271784515 68.35
      vertex 19.58047190171684 -2.1700985196649363 68.35
    endloop
  endfacet
  facet normal 0 0 1
    outer loop
      vertex 19.439755022871232 -18.663457763845084 68.35
      vertex 19.58047190171684 -2.1700985196649363 68.35
      vertex 19.450957945822353 -1.9511023801119478 68.35
    endloop
  endfacet
  facet normal 0 0 1
    outer loop
      vertex 21.80698012894305 -18.96250784013716 68.35
      vertex 21.748481172781464 -3.851778890995373 68.35
      vertex 21.509095561627056 -3.7655947678474178 68.35
    endloop
  endfacet
  facet normal 0 0 1
    outer loop
      vertex 21.80698012894305 -18.96250784013716 68.35
      vertex 21.509095561627056 -3.7655947678474178 68.35
      vertex 21.275593869161455 -3.6645495624873803 68.35
    endloop
  endfacet
  facet normal 0 0 1
    outer loop
      vertex 21.80698012894305 -18.96250784013716 68.35
      vertex 21.992805956982338 -3.9227618025709567 68.35
      vertex 21.748481172781464 -3.851778890995373 68.35
    endloop
  endfacet
  facet normal 0 0 1
    outer loop
      vertex 21.80698012894305 -18.96250784013716 68.35
      vertex 22.241105675927816 -3.9782633654511876 68.35
      vertex 21.992805956982338 -3.9227618025709567 68.35
    endloop
  endfacet
  facet normal 0 0 1
    outer loop
      vertex 21.80698012894305 -18.96250784013716 68.35
      vertex 22.49240040406457 -4.0180645403236355 68.35
      vertex 22.241105675927816 -3.9782633654511876 68.35
    endloop
  endfacet
  facet normal 0 0 1
    outer loop
      vertex 23 -19 68.35
      vertex 22.74569839590628 -4.042008250134501 68.35
      vertex 22.49240040406457 -4.0180645403236355 68.35
    endloop
  endfacet
  facet normal 0 0 1
    outer loop
      vertex 23 -19 68.35
      vertex 23 -4.050000000000001 68.35
      vertex 22.74569839590628 -4.042008250134501 68.35
    endloop
  endfacet
  facet normal 0 0 1
    outer loop
      vertex 24.19301987105695 -18.96250784013716 68.35
      vertex 23.25430160409372 -4.042008250134501 68.35
      vertex 23 -4.050000000000001 68.35
    endloop
  endfacet
  facet normal 0 0 1
    outer loop
      vertex 24.19301987105695 -18.96250784013716 68.35
      vertex 23.50759959593543 -4.0180645403236355 68.35
      vertex 23.25430160409372 -4.042008250134501 68.35
    endloop
  endfacet
  facet normal 0 0 1
    outer loop
      vertex 24.19301987105695 -18.96250784013716 68.35
      vertex 23.758894324072184 -3.9782633654511876 68.35
      vertex 23.50759959593543 -4.0180645403236355 68.35
    endloop
  endfacet
  facet normal 0 0 1
    outer loop
      vertex 24.19301987105695 -18.96250784013716 68.35
      vertex 24.007194043017662 -3.9227618025709567 68.35
      vertex 23.758894324072184 -3.9782633654511876 68.35
    endloop
  endfacet
  facet normal 0 0 1
    outer loop
      vertex 20.61866856227822 -18.85017932497508 68.35
      vertex 21.275593869161455 -3.6645495624873803 68.35
      vertex 21.048897619888052 -3.5490420541776473 68.35
    endloop
  endfacet
  facet normal 0 0 1
    outer loop
      vertex 20.61866856227822 -18.85017932497508 68.35
      vertex 21.048897619888052 -3.5490420541776473 68.35
      vertex 20.829901480335064 -3.419528098283159 68.35
    endloop
  endfacet
  facet normal 0 0 1
    outer loop
      vertex 19.439755022871232 -18.663457763845084 68.35
      vertex 19.450957945822353 -1.9511023801119478 68.35
      vertex 19.33545043751262 -1.7244061308385419 68.35
    endloop
  endfacet
  facet normal 0 0 1
    outer loop
      vertex 19.439755022871232 -18.663457763845084 68.35
      vertex 19.33545043751262 -1.7244061308385419 68.35
      vertex 19.234405232152582 -1.4909044383729437 68.35
    endloop
  endfacet
  facet normal 0 0 1
    outer loop
      vertex 19.439755022871232 -18.663457763845084 68.35
      vertex 19.234405232152582 -1.4909044383729437 68.35
      vertex 19.148221109004627 -1.2515188272185362 68.35
    endloop
  endfacet
  facet normal 0 0 1
    outer loop
      vertex 19.439755022871232 -18.663457763845084 68.35
      vertex 19.148221109004627 -1.2515188272185362 68.35
      vertex 19.077238197429043 -1.0071940430176625 68.35
    endloop
  endfacet
  facet normal 0 0 1
    outer loop
      vertex 19.439755022871232 -18.663457763845084 68.35
      vertex 19.077238197429043 -1.0071940430176625 68.35
      vertex 19.021736634548812 -0.7588943240721839 68.35
    endloop
  endfacet
  facet normal 0 0 1
    outer loop
      vertex 19.439755022871232 -18.663457763845084 68.35
      vertex 19.021736634548812 -0.7588943240721839 68.35
      vertex 18.981935459676365 -0.5075995959354316 68.35
    endloop
  endfacet
  facet normal 0 0 1
    outer loop
      vertex 19.439755022871232 -18.663457763845084 68.35
      vertex 18.981935459676365 -0.5075995959354316 68.35
      vertex 18.9579917498655 -0.25430160409371894 68.35
    endloop
  endfacet
  facet normal 0 0 1
    outer loop
      vertex 19.439755022871232 -18.663457763845084 68.35
      vertex 18.9579917498655 -0.25430160409371894 68.35
      vertex 18.95 0 68.35
    endloop
  endfacet
  facet normal 0 0 1
    outer loop
      vertex 17.128677106875998 -18.070073809607916 68.35
      vertex 18.27489214386776 -18.40308006144399 68.35
      vertex 17.128677106875998 18.07007380960792 68.35
    endloop
  endfacet
  facet normal 0 0 1
    outer loop
      vertex 18.27489214386776 -18.40308006144399 68.35
      vertex 19.439755022871232 -18.663457763845084 68.35
      vertex 18.27489214386776 18.403080061443987 68.35
    endloop
  endfacet
  facet normal 0 0 1
    outer loop
      vertex 25.38133143772178 -18.85017932497508 68.35
      vertex 24.251518827218536 -3.851778890995373 68.35
      vertex 24.007194043017662 -3.9227618025709567 68.35
    endloop
  endfacet
  facet normal 0 0 1
    outer loop
      vertex 25.38133143772178 -18.85017932497508 68.35
      vertex 24.490904438372944 -3.7655947678474178 68.35
      vertex 24.251518827218536 -3.851778890995373 68.35
    endloop
  endfacet
  facet normal 0 0 1
    outer loop
      vertex 25.38133143772178 -18.85017932497508 68.35
      vertex 24.724406130838545 -3.6645495624873803 68.35
      vertex 24.490904438372944 -3.7655947678474178 68.35
    endloop
  endfacet
  facet normal 0 0 1
    outer loop
      vertex 25.38133143772178 -18.85017932497508 68.35
      vertex 24.951102380111948 -3.5490420541776473 68.35
      vertex 24.724406130838545 -3.6645495624873803 68.35
    endloop
  endfacet
  facet normal 0 0 1
    outer loop
      vertex 25.38133143772178 -18.85017932497508 68.35
      vertex 25.170098519664936 -3.419528098283159 68.35
      vertex 24.951102380111948 -3.5490420541776473 68.35
    endloop
  endfacet
  facet normal 0 0 1
    outer loop
      vertex 25.38133143772178 -18.85017932497508 68.35
      vertex 25.380530271784515 -3.2765188272185384 68.35
      vertex 25.170098519664936 -3.419528098283159 68.35
    endloop
  endfacet
  facet normal 0 0 1
    outer loop
      vertex 26.560244977128768 -18.663457763845084 68.35
      vertex 25.581567158482194 -3.120578633241948 68.35
      vertex 25.380530271784515 -3.2765188272185384 68.35
    endloop
  endfacet
  facet normal 0 0 1
    outer loop
      vertex 26.560244977128768 -18.663457763845084 68.35
      vertex 25.77241577901119 -2.9523229410567176 68.35
      vertex 25.581567158482194 -3.120578633241948 68.35
    endloop
  endfacet
  facet normal 0 0 1
    outer loop
      vertex 26.560244977128768 -18.663457763845084 68.35
      vertex 25.95 -2.774738720067905 68.35
      vertex 25.77241577901119 -2.9523229410567176 68.35
    endloop
  endfacet
  facet normal 0 0 1
    outer loop
      vertex 26.560244977128768 -18.663457763845084 68.35
      vertex 27.72510785613224 -18.40308006144399 68.35
      vertex 26.56024497712877 18.663457763845088 68.35
    endloop
  endfacet
  facet normal 0 0 1
    outer loop
      vertex 27.72510785613224 -18.40308006144399 68.35
      vertex 28.871322893124002 -18.070073809607916 68.35
      vertex 27.725107856132233 18.403080061443994 68.35
    endloop
  endfacet
  facet normal 0 0 1
    outer loop
      vertex 28.871322893124002 -18.070073809607916 68.35
      vertex 29.99436650100888 -17.665753231876778 68.35
      vertex 28.871322893124002 18.07007380960792 68.35
    endloop
  endfacet
  facet normal 0 0 1
    outer loop
      vertex 29.99436650100888 -17.665753231876778 68.35
      vertex 31.08980653973638 -17.19171399685437 68.35
      vertex 29.99436650100889 17.665753231876778 68.35
    endloop
  endfacet
  facet normal 0 0 1
    outer loop
      vertex 31.08980653973638 -17.19171399685437 68.35
      vertex 32.15331980793259 -16.64982692083341 68.35
      vertex 31.089806539736376 17.191713996854375 68.35
    endloop
  endfacet
  facet normal -0.41541501300188544 -0.9096319953545188 0
    outer loop
      vertex 22.501898066043502 -3.464375046583264 68.35
      vertex 20.7079874311915 -2.6451235102399053 53.35
      vertex 22.501898066043502 -3.464375046583264 53.35
    endloop
  endfacet
  facet normal 0.142314838273285 -0.9898214418809328 0
    outer loop
      vertex 24.453952545506603 -3.183711983740814 68.35
      vertex 22.501898066043502 -3.464375046583264 53.35
      vertex 24.453952545506603 -3.183711983740814 53.35
    endloop
  endfacet
  facet normal -0.8412535328311809 -0.5406408174555979 0
    outer loop
      vertex 19.641774592349257 -0.9860639489450058 68.35
      vertex 19.641774592349257 -0.9860639489450058 53.35
      vertex 20.7079874311915 -2.6451235102399053 53.35
    endloop
  endfacet
  facet normal 0.9594929736144975 -0.28173255684142984 -2.0774186617690047e-17
    outer loop
      vertex 25.95 -1.8731279813890893 58.35
      vertex 25.944387364909133 -1.8922428610945943 53.35
      vertex 26.5 0 58.35
    endloop
  endfacet
  facet normal 0.9594929736144973 -0.28173255684142984 -7.100100802682149e-18
    outer loop
      vertex 25.944387364909133 -1.8922428610945943 53.35
      vertex 26.5 0 53.35
      vertex 26.5 0 58.35
    endloop
  endfacet
  facet normal 0.6548607339452844 -0.7557495743542588 0
    outer loop
      vertex 25.944387364909133 -1.8922428610945943 68.35
      vertex 24.453952545506603 -3.183711983740814 53.35
      vertex 25.944387364909133 -1.8922428610945943 53.35
    endloop
  endfacet
  facet normal 0.9594929736144959 -0.2817325568414347 0
    outer loop
      vertex 25.944387364909133 -1.8922428610945943 68.35
      vertex 25.944387364909133 -1.8922428610945943 53.35
      vertex 25.95 -1.8731279813890893 58.35
    endloop
  endfacet
  facet normal 0.5620833778521234 0.8270805742745666 0
    outer loop
      vertex 20.619469728215485 -3.2765188272185384 58.35
      vertex 20.619469728215485 -3.2765188272185384 68.35
      vertex 20.829901480335064 -3.419528098283159 58.35
    endloop
  endfacet
  facet normal 0.6129070536529725 0.7901550123756934 1.2162174494355383e-18
    outer loop
      vertex 20.619469728215485 -3.2765188272185384 58.35
      vertex 20.418432841517806 -3.120578633241948 58.35
      vertex 20.418432841517806 -3.120578633241948 68.35
    endloop
  endfacet
  facet normal 0.6613118653236525 0.7501110696304588 -6.517017386076369e-19
    outer loop
      vertex 20.418432841517806 -3.120578633241948 58.35
      vertex 20.22758422098881 -2.9523229410567176 58.35
      vertex 20.22758422098881 -2.9523229410567176 68.35
    endloop
  endfacet
  facet normal 0.7071067811865476 0.7071067811865476 0
    outer loop
      vertex 20.047677058943282 -2.7724157790111903 58.35
      vertex 20.047677058943282 -2.7724157790111903 68.35
      vertex 20.22758422098881 -2.9523229410567176 58.35
    endloop
  endfacet
  facet normal 0.7501110696304588 0.6613118653236525 0
    outer loop
      vertex 19.879421366758052 -2.581567158482194 58.35
      vertex 19.879421366758052 -2.581567158482194 68.35
      vertex 20.047677058943282 -2.7724157790111903 58.35
    endloop
  endfacet
  facet normal 0.3387379202452978 0.9408807689542232 0
    outer loop
      vertex 21.509095561627056 -3.7655947678474178 58.35
      vertex 21.509095561627056 -3.7655947678474178 68.35
      vertex 21.748481172781464 -3.851778890995373 58.35
    endloop
  endfacet
  facet normal 0.21814324139653302 0.9759167619387495 0
    outer loop
      vertex 21.992805956982338 -3.9227618025709567 58.35
      vertex 21.992805956982338 -3.9227618025709567 68.35
      vertex 22.241105675927816 -3.9782633654511876 58.35
    endloop
  endfacet
  facet normal 0.27899110603922966 0.9602936856769428 0
    outer loop
      vertex 21.748481172781464 -3.851778890995373 58.35
      vertex 21.748481172781464 -3.851778890995373 68.35
      vertex 21.992805956982338 -3.9227618025709567 58.35
    endloop
  endfacet
  facet normal 0.1564344650402378 0.9876883405951367 0
    outer loop
      vertex 22.241105675927816 -3.9782633654511876 58.35
      vertex 22.241105675927816 -3.9782633654511876 68.35
      vertex 22.49240040406457 -4.0180645403236355 58.35
    endloop
  endfacet
  facet normal 0.09410831331851692 0.9955619646030798 0
    outer loop
      vertex 22.49240040406457 -4.0180645403236355 58.35
      vertex 22.49240040406457 -4.0180645403236355 68.35
      vertex 22.74569839590628 -4.042008250134501 58.35
    endloop
  endfacet
  facet normal 0.03141075907812763 0.9995065603657316 0
    outer loop
      vertex 22.74569839590628 -4.042008250134501 58.35
      vertex 22.74569839590628 -4.042008250134501 68.35
      vertex 23 -4.050000000000001 58.35
    endloop
  endfacet
  facet normal -0.03141075907812763 0.9995065603657316 0
    outer loop
      vertex 23 -4.050000000000001 58.35
      vertex 23 -4.050000000000001 68.35
      vertex 23.25430160409372 -4.042008250134501 58.35
    endloop
  endfacet
  facet normal -0.09410831331851692 0.9955619646030798 0
    outer loop
      vertex 23.25430160409372 -4.042008250134501 58.35
      vertex 23.25430160409372 -4.042008250134501 68.35
      vertex 23.50759959593543 -4.0180645403236355 58.35
    endloop
  endfacet
  facet normal -0.1564344650402378 0.9876883405951367 0
    outer loop
      vertex 23.50759959593543 -4.0180645403236355 58.35
      vertex 23.50759959593543 -4.0180645403236355 68.35
      vertex 23.758894324072184 -3.9782633654511876 58.35
    endloop
  endfacet
  facet normal -0.21814324139653302 0.9759167619387495 0
    outer loop
      vertex 23.758894324072184 -3.9782633654511876 58.35
      vertex 23.758894324072184 -3.9782633654511876 68.35
      vertex 24.007194043017662 -3.9227618025709567 58.35
    endloop
  endfacet
  facet normal -0.27899110603922966 0.9602936856769428 0
    outer loop
      vertex 24.007194043017662 -3.9227618025709567 58.35
      vertex 24.007194043017662 -3.9227618025709567 68.35
      vertex 24.251518827218536 -3.851778890995373 58.35
    endloop
  endfacet
  facet normal -0.3387379202452978 0.9408807689542232 0
    outer loop
      vertex 24.251518827218536 -3.851778890995373 58.35
      vertex 24.251518827218536 -3.851778890995373 68.35
      vertex 24.490904438372944 -3.7655947678474178 58.35
    endloop
  endfacet
  facet normal 0.5090414157503781 0.8607420270039395 2.3492533849635287e-19
    outer loop
      vertex 21.048897619888052 -3.5490420541776473 58.35
      vertex 20.829901480335064 -3.419528098283159 58.35
      vertex 20.829901480335064 -3.419528098283159 68.35
    endloop
  endfacet
  facet normal 0.4539904997395517 0.8910065241883653 0
    outer loop
      vertex 21.048897619888052 -3.5490420541776473 58.35
      vertex 21.048897619888052 -3.5490420541776473 68.35
      vertex 21.275593869161455 -3.6645495624873803 58.35
    endloop
  endfacet
  facet normal 0.3971478906347707 0.9177546256839855 3.553488601841147e-19
    outer loop
      vertex 21.509095561627056 -3.7655947678474178 58.35
      vertex 21.275593869161455 -3.6645495624873803 58.35
      vertex 21.275593869161455 -3.6645495624873803 68.35
    endloop
  endfacet
  facet normal -0.41541501300188544 -0.9096319953545188 2.735294363641642e-18
    outer loop
      vertex 22.501898066043502 -3.464375046583264 68.35
      vertex 20.7079874311915 -2.6451235102399053 68.35
      vertex 20.7079874311915 -2.6451235102399053 53.35
    endloop
  endfacet
  facet normal 0.142314838273285 -0.9898214418809328 0
    outer loop
      vertex 22.501898066043502 -3.464375046583264 68.35
      vertex 22.501898066043502 -3.464375046583264 53.35
      vertex 24.453952545506603 -3.183711983740814 68.35
    endloop
  endfacet
  facet normal 0.5620833778521234 0.8270805742745666 0
    outer loop
      vertex 20.829901480335064 -3.419528098283159 58.35
      vertex 20.619469728215485 -3.2765188272185384 68.35
      vertex 20.829901480335064 -3.419528098283159 68.35
    endloop
  endfacet
  facet normal 0.6129070536529725 0.7901550123756934 0
    outer loop
      vertex 20.619469728215485 -3.2765188272185384 58.35
      vertex 20.418432841517806 -3.120578633241948 68.35
      vertex 20.619469728215485 -3.2765188272185384 68.35
    endloop
  endfacet
  facet normal 0.7901550123756934 0.6129070536529725 0
    outer loop
      vertex 19.879421366758052 -2.581567158482194 58.35
      vertex 19.72348117278146 -2.380530271784515 68.35
      vertex 19.879421366758052 -2.581567158482194 68.35
    endloop
  endfacet
  facet normal 0.6613118653236525 0.7501110696304588 0
    outer loop
      vertex 20.418432841517806 -3.120578633241948 58.35
      vertex 20.22758422098881 -2.9523229410567176 68.35
      vertex 20.418432841517806 -3.120578633241948 68.35
    endloop
  endfacet
  facet normal 0.7071067811865476 0.7071067811865476 0
    outer loop
      vertex 20.22758422098881 -2.9523229410567176 58.35
      vertex 20.047677058943282 -2.7724157790111903 68.35
      vertex 20.22758422098881 -2.9523229410567176 68.35
    endloop
  endfacet
  facet normal 0.7501110696304588 0.6613118653236525 0
    outer loop
      vertex 20.047677058943282 -2.7724157790111903 58.35
      vertex 19.879421366758052 -2.581567158482194 68.35
      vertex 20.047677058943282 -2.7724157790111903 68.35
    endloop
  endfacet
  facet normal 0.3387379202452978 0.9408807689542232 0
    outer loop
      vertex 21.748481172781464 -3.851778890995373 58.35
      vertex 21.509095561627056 -3.7655947678474178 68.35
      vertex 21.748481172781464 -3.851778890995373 68.35
    endloop
  endfacet
  facet normal 0.27899110603922966 0.9602936856769428 0
    outer loop
      vertex 21.992805956982338 -3.9227618025709567 58.35
      vertex 21.748481172781464 -3.851778890995373 68.35
      vertex 21.992805956982338 -3.9227618025709567 68.35
    endloop
  endfacet
  facet normal 0.21814324139653302 0.9759167619387495 0
    outer loop
      vertex 22.241105675927816 -3.9782633654511876 58.35
      vertex 21.992805956982338 -3.9227618025709567 68.35
      vertex 22.241105675927816 -3.9782633654511876 68.35
    endloop
  endfacet
  facet normal 0.1564344650402378 0.9876883405951367 0
    outer loop
      vertex 22.49240040406457 -4.0180645403236355 58.35
      vertex 22.241105675927816 -3.9782633654511876 68.35
      vertex 22.49240040406457 -4.0180645403236355 68.35
    endloop
  endfacet
  facet normal 0.09410831331851692 0.9955619646030798 0
    outer loop
      vertex 22.74569839590628 -4.042008250134501 58.35
      vertex 22.49240040406457 -4.0180645403236355 68.35
      vertex 22.74569839590628 -4.042008250134501 68.35
    endloop
  endfacet
  facet normal 0.03141075907812763 0.9995065603657316 0
    outer loop
      vertex 23 -4.050000000000001 58.35
      vertex 22.74569839590628 -4.042008250134501 68.35
      vertex 23 -4.050000000000001 68.35
    endloop
  endfacet
  facet normal -0.03141075907812763 0.9995065603657316 0
    outer loop
      vertex 23.25430160409372 -4.042008250134501 58.35
      vertex 23 -4.050000000000001 68.35
      vertex 23.25430160409372 -4.042008250134501 68.35
    endloop
  endfacet
  facet normal -0.09410831331851692 0.9955619646030798 0
    outer loop
      vertex 23.50759959593543 -4.0180645403236355 58.35
      vertex 23.25430160409372 -4.042008250134501 68.35
      vertex 23.50759959593543 -4.0180645403236355 68.35
    endloop
  endfacet
  facet normal -0.1564344650402378 0.9876883405951367 0
    outer loop
      vertex 23.758894324072184 -3.9782633654511876 58.35
      vertex 23.50759959593543 -4.0180645403236355 68.35
      vertex 23.758894324072184 -3.9782633654511876 68.35
    endloop
  endfacet
  facet normal -0.21814324139653302 0.9759167619387495 0
    outer loop
      vertex 24.007194043017662 -3.9227618025709567 58.35
      vertex 23.758894324072184 -3.9782633654511876 68.35
      vertex 24.007194043017662 -3.9227618025709567 68.35
    endloop
  endfacet
  facet normal -0.27899110603922966 0.9602936856769428 0
    outer loop
      vertex 24.251518827218536 -3.851778890995373 58.35
      vertex 24.007194043017662 -3.9227618025709567 68.35
      vertex 24.251518827218536 -3.851778890995373 68.35
    endloop
  endfacet
  facet normal 0.4539904997395517 0.8910065241883653 0
    outer loop
      vertex 21.275593869161455 -3.6645495624873803 58.35
      vertex 21.048897619888052 -3.5490420541776473 68.35
      vertex 21.275593869161455 -3.6645495624873803 68.35
    endloop
  endfacet
  facet normal 0.5090414157503781 0.8607420270039395 0
    outer loop
      vertex 21.048897619888052 -3.5490420541776473 58.35
      vertex 20.829901480335064 -3.419528098283159 68.35
      vertex 21.048897619888052 -3.5490420541776473 68.35
    endloop
  endfacet
  facet normal 0.3971478906347707 0.9177546256839855 0
    outer loop
      vertex 21.509095561627056 -3.7655947678474178 58.35
      vertex 21.275593869161455 -3.6645495624873803 68.35
      vertex 21.509095561627056 -3.7655947678474178 68.35
    endloop
  endfacet
  facet normal 0.7901550123756934 0.6129070536529725 1.2162174494355383e-18
    outer loop
      vertex 19.879421366758052 -2.581567158482194 58.35
      vertex 19.72348117278146 -2.380530271784515 58.35
      vertex 19.72348117278146 -2.380530271784515 68.35
    endloop
  endfacet
  facet normal 0.8270805742745666 0.5620833778521234 5.364695986334874e-19
    outer loop
      vertex 19.72348117278146 -2.380530271784515 58.35
      vertex 19.58047190171684 -2.1700985196649363 58.35
      vertex 19.58047190171684 -2.1700985196649363 68.35
    endloop
  endfacet
  facet normal 0.8607420270039395 0.5090414157503781 0
    outer loop
      vertex 19.450957945822353 -1.9511023801119478 58.35
      vertex 19.450957945822353 -1.9511023801119478 68.35
      vertex 19.58047190171684 -2.1700985196649363 58.35
    endloop
  endfacet
  facet normal 0.8910065241883682 0.4539904997395461 -5.776213463308954e-19
    outer loop
      vertex 19.450957945822353 -1.9511023801119478 58.35
      vertex 19.33545043751262 -1.7244061308385419 58.35
      vertex 19.33545043751262 -1.7244061308385419 68.35
    endloop
  endfacet
  facet normal 0.9177546256839832 0.39714789063477574 0
    outer loop
      vertex 19.234405232152582 -1.4909044383729437 58.35
      vertex 19.234405232152582 -1.4909044383729437 68.35
      vertex 19.33545043751262 -1.7244061308385419 58.35
    endloop
  endfacet
  facet normal 0.9408807689542232 0.3387379202452978 7.468404085114908e-20
    outer loop
      vertex 19.234405232152582 -1.4909044383729437 58.35
      vertex 19.148221109004627 -1.2515188272185362 58.35
      vertex 19.148221109004627 -1.2515188272185362 68.35
    endloop
  endfacet
  facet normal -0.8412535328311809 -0.5406408174555979 0
    outer loop
      vertex 20.7079874311915 -2.6451235102399053 68.35
      vertex 19.641774592349257 -0.9860639489450058 68.35
      vertex 20.7079874311915 -2.6451235102399053 53.35
    endloop
  endfacet
  facet normal 0.9876883405951367 0.1564344650402378 6.162148723184348e-20
    outer loop
      vertex 19.021736634548812 -0.7588943240721839 58.35
      vertex 18.981935459676365 -0.5075995959354316 58.35
      vertex 18.981935459676365 -0.5075995959354316 68.35
    endloop
  endfacet
  facet normal 0.9955619646030798 0.09410831331851692 1.1070343785855095e-19
    outer loop
      vertex 18.981935459676365 -0.5075995959354316 58.35
      vertex 18.9579917498655 -0.25430160409371894 58.35
      vertex 18.9579917498655 -0.25430160409371894 68.35
    endloop
  endfacet
  facet normal 0.9995065603657316 0.03141075907812763 -8.18140898835264e-20
    outer loop
      vertex 18.9579917498655 -0.25430160409371894 58.35
      vertex 18.95 0 58.35
      vertex 18.95 0 68.35
    endloop
  endfacet
  facet normal 0.9602936856769428 0.27899110603922966 -5.3399480905298264e-20
    outer loop
      vertex 19.148221109004627 -1.2515188272185362 58.35
      vertex 19.077238197429043 -1.0071940430176625 58.35
      vertex 19.077238197429043 -1.0071940430176625 68.35
    endloop
  endfacet
  facet normal 0.9759167619387495 0.21814324139653302 2.0875099559596585e-19
    outer loop
      vertex 19.077238197429043 -1.0071940430176625 58.35
      vertex 19.021736634548812 -0.7588943240721839 58.35
      vertex 19.021736634548812 -0.7588943240721839 68.35
    endloop
  endfacet
  facet normal -1 0 0
    outer loop
      vertex 19.641774592349257 -0.9860639489450058 68.35
      vertex 19.641774592349257 0.9860639489450058 68.35
      vertex 19.641774592349257 -0.9860639489450058 53.35
    endloop
  endfacet
  facet normal 0.8270805742745666 0.5620833778521234 0
    outer loop
      vertex 19.72348117278146 -2.380530271784515 58.35
      vertex 19.58047190171684 -2.1700985196649363 68.35
      vertex 19.72348117278146 -2.380530271784515 68.35
    endloop
  endfacet
  facet normal 0.8910065241883682 0.4539904997395461 0
    outer loop
      vertex 19.450957945822353 -1.9511023801119478 58.35
      vertex 19.33545043751262 -1.7244061308385419 68.35
      vertex 19.450957945822353 -1.9511023801119478 68.35
    endloop
  endfacet
  facet normal 0.8607420270039395 0.5090414157503781 0
    outer loop
      vertex 19.58047190171684 -2.1700985196649363 58.35
      vertex 19.450957945822353 -1.9511023801119478 68.35
      vertex 19.58047190171684 -2.1700985196649363 68.35
    endloop
  endfacet
  facet normal 0.9177546256839832 0.39714789063477574 0
    outer loop
      vertex 19.33545043751262 -1.7244061308385419 58.35
      vertex 19.234405232152582 -1.4909044383729437 68.35
      vertex 19.33545043751262 -1.7244061308385419 68.35
    endloop
  endfacet
  facet normal 0.9408807689542232 0.3387379202452978 0
    outer loop
      vertex 19.234405232152582 -1.4909044383729437 58.35
      vertex 19.148221109004627 -1.2515188272185362 68.35
      vertex 19.234405232152582 -1.4909044383729437 68.35
    endloop
  endfacet
  facet normal 0.9876883405951367 0.1564344650402378 0
    outer loop
      vertex 19.021736634548812 -0.7588943240721839 58.35
      vertex 18.981935459676365 -0.5075995959354316 68.35
      vertex 19.021736634548812 -0.7588943240721839 68.35
    endloop
  endfacet
  facet normal 0.9955619646030798 0.09410831331851692 0
    outer loop
      vertex 18.981935459676365 -0.5075995959354316 58.35
      vertex 18.9579917498655 -0.25430160409371894 68.35
      vertex 18.981935459676365 -0.5075995959354316 68.35
    endloop
  endfacet
  facet normal 0.9995065603657316 0.03141075907812763 0
    outer loop
      vertex 18.9579917498655 -0.25430160409371894 58.35
      vertex 18.95 0 68.35
      vertex 18.9579917498655 -0.25430160409371894 68.35
    endloop
  endfacet
  facet normal 0.9602936856769428 0.27899110603922966 0
    outer loop
      vertex 19.148221109004627 -1.2515188272185362 58.35
      vertex 19.077238197429043 -1.0071940430176625 68.35
      vertex 19.148221109004627 -1.2515188272185362 68.35
    endloop
  endfacet
  facet normal 0.9759167619387495 0.21814324139653302 0
    outer loop
      vertex 19.077238197429043 -1.0071940430176625 58.35
      vertex 19.021736634548812 -0.7588943240721839 68.35
      vertex 19.077238197429043 -1.0071940430176625 68.35
    endloop
  endfacet
  facet normal 0 0 1
    outer loop
      vertex 19.439755022871232 -18.663457763845084 68.35
      vertex 18.95 0 68.35
      vertex 18.27489214386776 18.403080061443987 68.35
    endloop
  endfacet
  facet normal 0 0 1
    outer loop
      vertex 20.7079874311915 -2.6451235102399053 68.35
      vertex 19.641774592349257 0.9860639489450058 68.35
      vertex 19.641774592349257 -0.9860639489450058 68.35
    endloop
  endfacet
  facet normal 0 0 1
    outer loop
      vertex 22.501898066043502 -3.464375046583264 68.35
      vertex 20.7079874311915 2.6451235102399053 68.35
      vertex 20.7079874311915 -2.6451235102399053 68.35
    endloop
  endfacet
  facet normal 0 0 1
    outer loop
      vertex 22.501898066043502 -3.464375046583264 68.35
      vertex 24.453952545506603 -3.183711983740814 68.35
      vertex 22.501898066043502 3.464375046583264 68.35
    endloop
  endfacet
  facet normal -0.3971478906347707 0.9177546256839855 0
    outer loop
      vertex 24.490904438372944 -3.7655947678474178 58.35
      vertex 24.490904438372944 -3.7655947678474178 68.35
      vertex 24.724406130838545 -3.6645495624873803 58.35
    endloop
  endfacet
  facet normal -0.4539904997395517 0.8910065241883653 0
    outer loop
      vertex 24.724406130838545 -3.6645495624873803 58.35
      vertex 24.724406130838545 -3.6645495624873803 68.35
      vertex 24.951102380111948 -3.5490420541776473 58.35
    endloop
  endfacet
  facet normal -0.5090414157503781 0.8607420270039395 0
    outer loop
      vertex 24.951102380111948 -3.5490420541776473 58.35
      vertex 24.951102380111948 -3.5490420541776473 68.35
      vertex 25.170098519664936 -3.419528098283159 58.35
    endloop
  endfacet
  facet normal -0.5620833778521234 0.8270805742745666 0
    outer loop
      vertex 25.170098519664936 -3.419528098283159 58.35
      vertex 25.170098519664936 -3.419528098283159 68.35
      vertex 25.380530271784515 -3.2765188272185384 58.35
    endloop
  endfacet
  facet normal -0.6129070536529725 0.7901550123756934 0
    outer loop
      vertex 25.380530271784515 -3.2765188272185384 58.35
      vertex 25.380530271784515 -3.2765188272185384 68.35
      vertex 25.581567158482194 -3.120578633241948 58.35
    endloop
  endfacet
  facet normal -0.6613118653236525 0.7501110696304588 0
    outer loop
      vertex 25.581567158482194 -3.120578633241948 58.35
      vertex 25.581567158482194 -3.120578633241948 68.35
      vertex 25.77241577901119 -2.9523229410567176 58.35
    endloop
  endfacet
  facet normal -0.7071067811865546 0.7071067811865405 0
    outer loop
      vertex 25.77241577901119 -2.9523229410567176 58.35
      vertex 25.77241577901119 -2.9523229410567176 68.35
      vertex 25.95 -2.774738720067905 58.35
    endloop
  endfacet
  facet normal 0.6548607339452844 -0.7557495743542588 0
    outer loop
      vertex 24.453952545506603 -3.183711983740814 68.35
      vertex 24.453952545506603 -3.183711983740814 53.35
      vertex 25.944387364909133 -1.8922428610945943 68.35
    endloop
  endfacet
  facet normal -0.3387379202452978 0.9408807689542232 0
    outer loop
      vertex 24.490904438372944 -3.7655947678474178 58.35
      vertex 24.251518827218536 -3.851778890995373 68.35
      vertex 24.490904438372944 -3.7655947678474178 68.35
    endloop
  endfacet
  facet normal -0.3971478906347707 0.9177546256839855 0
    outer loop
      vertex 24.724406130838545 -3.6645495624873803 58.35
      vertex 24.490904438372944 -3.7655947678474178 68.35
      vertex 24.724406130838545 -3.6645495624873803 68.35
    endloop
  endfacet
  facet normal -0.4539904997395517 0.8910065241883653 1.9622948181482908e-19
    outer loop
      vertex 24.724406130838545 -3.6645495624873803 68.35
      vertex 24.951102380111948 -3.5490420541776473 68.35
      vertex 24.951102380111948 -3.5490420541776473 58.35
    endloop
  endfacet
  facet normal -0.5090414157503781 0.8607420270039395 0
    outer loop
      vertex 25.170098519664936 -3.419528098283159 58.35
      vertex 24.951102380111948 -3.5490420541776473 68.35
      vertex 25.170098519664936 -3.419528098283159 68.35
    endloop
  endfacet
  facet normal -0.5620833778521234 0.8270805742745666 0
    outer loop
      vertex 25.380530271784515 -3.2765188272185384 58.35
      vertex 25.170098519664936 -3.419528098283159 68.35
      vertex 25.380530271784515 -3.2765188272185384 68.35
    endloop
  endfacet
  facet normal -0.6129070536529725 0.7901550123756934 0
    outer loop
      vertex 25.581567158482194 -3.120578633241948 58.35
      vertex 25.380530271784515 -3.2765188272185384 68.35
      vertex 25.581567158482194 -3.120578633241948 68.35
    endloop
  endfacet
  facet normal -0.6613118653236525 0.7501110696304588 0
    outer loop
      vertex 25.77241577901119 -2.9523229410567176 58.35
      vertex 25.581567158482194 -3.120578633241948 68.35
      vertex 25.77241577901119 -2.9523229410567176 68.35
    endloop
  endfacet
  facet normal -0.7071067811865546 0.7071067811865405 0
    outer loop
      vertex 25.95 -2.774738720067905 58.35
      vertex 25.77241577901119 -2.9523229410567176 68.35
      vertex 25.95 -2.774738720067905 68.35
    endloop
  endfacet
  facet normal -1 0 0
    outer loop
      vertex 25.95 -2.774738720067905 58.35
      vertex 25.95 -2.774738720067905 68.35
      vertex 25.95 -1.8731279813890893 58.35
    endloop
  endfacet
  facet normal -1 0 0
    outer loop
      vertex 25.95 -2.774738720067905 68.35
      vertex 25.95 -1.8731279813890893 68.35
      vertex 25.95 -1.8731279813890893 58.35
    endloop
  endfacet
  facet normal 0.9594929736144959 -0.2817325568414348 -3.3865741089068214e-20
    outer loop
      vertex 25.944387364909133 -1.8922428610945943 68.35
      vertex 25.95 -1.8731279813890893 58.35
      vertex 25.95 -1.8731279813890893 68.35
    endloop
  endfacet
  facet normal 0 0 1
    outer loop
      vertex 24.453952545506603 -3.183711983740814 68.35
      vertex 25.944387364909133 -1.8922428610945943 68.35
      vertex 24.453952545506603 3.183711983740814 68.35
    endloop
  endfacet
  facet normal 0 0 1
    outer loop
      vertex 25.944387364909133 -1.8922428610945943 68.35
      vertex 25.95 -1.8731279813890893 68.35
      vertex 25.95 1.8731279813890858 68.35
    endloop
  endfacet
  facet normal 0 0 1
    outer loop
      vertex 26.560244977128768 -18.663457763845084 68.35
      vertex 26.56024497712877 18.663457763845088 68.35
      vertex 25.95 -2.774738720067905 68.35
    endloop
  endfacet
  facet normal 0.4539904997395466 -0.891006524188368 -4.7526916175018715e-18
    outer loop
      vertex 31.08980653973638 -17.19171399685437 58.35
      vertex 32.15331980793259 -16.64982692083341 58.35
      vertex 32.15331980793259 -16.64982692083341 60.85
    endloop
  endfacet
  facet normal 0.5090414157503704 -0.8607420270039441 0
    outer loop
      vertex 32.15331980793259 -16.64982692083341 58.35
      vertex 33.180709104600936 -16.042230584538288 60.85
      vertex 32.15331980793259 -16.64982692083341 60.85
    endloop
  endfacet
  facet normal 0 0 1
    outer loop
      vertex 31.08980653973638 -17.19171399685437 60.85
      vertex 32.15331980793259 -16.64982692083341 60.85
      vertex 34.10914126832775 -15.290421193686507 60.85
    endloop
  endfacet
  facet normal 0.5090414157503704 -0.8607420270039441 2.882535237790453e-18
    outer loop
      vertex 32.15331980793259 -16.64982692083341 58.35
      vertex 33.180709104600936 -16.042230584538288 58.35
      vertex 33.180709104600936 -16.042230584538288 60.85
    endloop
  endfacet
  facet normal 0.5620833778521305 -0.8270805742745619 -1.4757930960679114e-17
    outer loop
      vertex 33.180709104600936 -16.042230584538288 58.35
      vertex 34.16791979355699 -15.371322893124002 58.35
      vertex 34.16791979355699 -15.371322893124002 60.85
    endloop
  endfacet
  facet normal 0 0 1
    outer loop
      vertex 32.15331980793259 -16.64982692083341 60.85
      vertex 33.180709104600936 -16.042230584538288 60.85
      vertex 34.10914126832775 -15.290421193686507 60.85
    endloop
  endfacet
  facet normal 0 0 1
    outer loop
      vertex 31.08980653973638 -17.19171399685437 60.85
      vertex 34.10914126832775 -15.290421193686507 60.85
      vertex 31.03740192468495 -12.664918882530227 60.85
    endloop
  endfacet
  facet normal 0.5620833778521305 -0.8270805742745619 0
    outer loop
      vertex 33.180709104600936 -16.042230584538288 58.35
      vertex 34.16791979355699 -15.371322893124002 60.85
      vertex 33.180709104600936 -16.042230584538288 60.85
    endloop
  endfacet
  facet normal 0.6129070536529774 -0.7901550123756897 0
    outer loop
      vertex 34.16791979355699 -15.371322893124002 58.35
      vertex 35.11105580522511 -14.639751612739994 60.85
      vertex 34.16791979355699 -15.371322893124002 60.85
    endloop
  endfacet
  facet normal 0 0 1
    outer loop
      vertex 33.180709104600936 -16.042230584538288 60.85
      vertex 34.16791979355699 -15.371322893124002 60.85
      vertex 34.10914126832775 -15.290421193686507 60.85
    endloop
  endfacet
  facet normal 0 0 1
    outer loop
      vertex 34.16791979355699 -15.371322893124002 60.85
      vertex 35.32266675989016 -14.408743315247797 60.85
      vertex 34.10914126832775 -15.290421193686507 60.85
    endloop
  endfacet
  facet normal 0.4539904997395466 -0.891006524188368 -4.7526916175018715e-18
    outer loop
      vertex 31.08980653973638 -17.19171399685437 65.85
      vertex 32.15331980793259 -16.64982692083341 65.85
      vertex 32.15331980793259 -16.64982692083341 68.35
    endloop
  endfacet
  facet normal 0.5090414157503704 -0.8607420270039441 0
    outer loop
      vertex 32.15331980793259 -16.64982692083341 65.85
      vertex 33.180709104600936 -16.042230584538288 68.35
      vertex 32.15331980793259 -16.64982692083341 68.35
    endloop
  endfacet
  facet normal 0 0 -1
    outer loop
      vertex 31.08980653973638 -17.19171399685437 65.85
      vertex 31.816778784387097 -12.135254915624213 65.85
      vertex 32.15331980793259 -16.64982692083341 65.85
    endloop
  endfacet
  facet normal 0 0 -1
    outer loop
      vertex 33.180709104600936 -16.042230584538288 65.85
      vertex 34.10914126832775 -15.290421193686507 65.85
      vertex 34.16791979355699 -15.371322893124002 65.85
    endloop
  endfacet
  facet normal 0 0 -1
    outer loop
      vertex 34.16791979355699 -15.371322893124002 65.85
      vertex 34.10914126832775 -15.290421193686507 65.85
      vertex 35.11105580522511 -14.639751612739994 65.85
    endloop
  endfacet
  facet normal 0.5090414157503704 -0.8607420270039441 2.882535237790453e-18
    outer loop
      vertex 32.15331980793259 -16.64982692083341 65.85
      vertex 33.180709104600936 -16.042230584538288 65.85
      vertex 33.180709104600936 -16.042230584538288 68.35
    endloop
  endfacet
  facet normal 0.5620833778521305 -0.8270805742745619 0
    outer loop
      vertex 33.180709104600936 -16.042230584538288 65.85
      vertex 34.16791979355699 -15.371322893124002 68.35
      vertex 33.180709104600936 -16.042230584538288 68.35
    endloop
  endfacet
  facet normal 0.5620833778521305 -0.8270805742745619 -1.4757930960679114e-17
    outer loop
      vertex 33.180709104600936 -16.042230584538288 65.85
      vertex 34.16791979355699 -15.371322893124002 65.85
      vertex 34.16791979355699 -15.371322893124002 68.35
    endloop
  endfacet
  facet normal 0.6129070536529774 -0.7901550123756897 0
    outer loop
      vertex 34.16791979355699 -15.371322893124002 65.85
      vertex 35.11105580522511 -14.639751612739994 68.35
      vertex 34.16791979355699 -15.371322893124002 68.35
    endloop
  endfacet
  facet normal 0.6129070536529774 -0.7901550123756897 5.3309278144181125e-18
    outer loop
      vertex 34.16791979355699 -15.371322893124002 58.35
      vertex 35.11105580522511 -14.639751612739994 58.35
      vertex 35.11105580522511 -14.639751612739994 60.85
    endloop
  endfacet
  facet normal 0 0 1
    outer loop
      vertex 34.16791979355699 -15.371322893124002 60.85
      vertex 35.11105580522511 -14.639751612739994 60.85
      vertex 35.32266675989016 -14.408743315247797 60.85
    endloop
  endfacet
  facet normal 0 0 1
    outer loop
      vertex 31.03740192468495 -12.664918882530227 60.85
      vertex 34.10914126832775 -15.290421193686507 60.85
      vertex 31.816778784387097 -12.135254915624213 60.85
    endloop
  endfacet
  facet normal 0 0 1
    outer loop
      vertex 35.32266675989016 -14.408743315247797 60.85
      vertex 36.006395012645086 -13.85040392100682 60.85
      vertex 32.98189484337723 -11.186947169412742 60.85
    endloop
  endfacet
  facet normal 0.8090169943749476 0.5877852522924728 -1.7114264438410568e-15
    outer loop
      vertex 35.32266675989016 -14.408743315247797 60.85
      vertex 32.98189484337723 -11.186947169412742 60.85
      vertex 33.936096421148946 -12.500292969542793 62.016666666666666
    endloop
  endfacet
  facet normal 0.6613118653236514 -0.7501110696304599 4.7356523611503844e-18
    outer loop
      vertex 35.11105580522511 -14.639751612739994 58.35
      vertex 36.006395012645086 -13.85040392100682 58.35
      vertex 36.006395012645086 -13.85040392100682 60.85
    endloop
  endfacet
  facet normal 0.6613118653236514 -0.7501110696304599 0
    outer loop
      vertex 35.11105580522511 -14.639751612739994 58.35
      vertex 36.006395012645086 -13.85040392100682 60.85
      vertex 35.11105580522511 -14.639751612739994 60.85
    endloop
  endfacet
  facet normal 0 0 1
    outer loop
      vertex 35.11105580522511 -14.639751612739994 60.85
      vertex 36.006395012645086 -13.85040392100682 60.85
      vertex 35.32266675989016 -14.408743315247797 60.85
    endloop
  endfacet
  facet normal 0.707106781186549 -0.707106781186546 0
    outer loop
      vertex 36.006395012645086 -13.85040392100682 58.35
      vertex 36.850403921006816 -13.006395012645086 58.35
      vertex 36.006395012645086 -13.85040392100682 60.85
    endloop
  endfacet
  facet normal 0.7501110696304599 -0.6613118653236515 0
    outer loop
      vertex 36.850403921006816 -13.006395012645086 58.35
      vertex 37.63975161273999 -12.111055805225105 58.35
      vertex 36.850403921006816 -13.006395012645086 60.85
    endloop
  endfacet
  facet normal 0.707106781186549 -0.707106781186546 0
    outer loop
      vertex 36.850403921006816 -13.006395012645086 58.35
      vertex 36.850403921006816 -13.006395012645086 60.85
      vertex 36.006395012645086 -13.85040392100682 60.85
    endloop
  endfacet
  facet normal 0 0 1
    outer loop
      vertex 36.006395012645086 -13.85040392100682 60.85
      vertex 36.850403921006816 -13.006395012645086 60.85
      vertex 38.290421193686505 -11.109141268327743 60.85
    endloop
  endfacet
  facet normal 0 0 1
    outer loop
      vertex 32.98189484337723 -11.186947169412742 60.85
      vertex 38.290421193686505 -11.109141268327743 60.85
      vertex 33.26820658893033 -10.934529411321174 60.85
    endloop
  endfacet
  facet normal 0.7901550123756884 -0.612907053652979 0
    outer loop
      vertex 37.63975161273999 -12.111055805225105 58.35
      vertex 38.371322893124 -11.16791979355699 58.35
      vertex 37.63975161273999 -12.111055805225105 60.85
    endloop
  endfacet
  facet normal 0 0 1
    outer loop
      vertex 32.98189484337723 -11.186947169412742 60.85
      vertex 36.006395012645086 -13.85040392100682 60.85
      vertex 38.290421193686505 -11.109141268327743 60.85
    endloop
  endfacet
  facet normal 0.7501110696304599 -0.6613118653236515 3.061043145484456e-18
    outer loop
      vertex 36.850403921006816 -13.006395012645086 60.85
      vertex 37.63975161273999 -12.111055805225105 58.35
      vertex 37.63975161273999 -12.111055805225105 60.85
    endloop
  endfacet
  facet normal 0 0 1
    outer loop
      vertex 36.850403921006816 -13.006395012645086 60.85
      vertex 37.63975161273999 -12.111055805225105 60.85
      vertex 38.290421193686505 -11.109141268327743 60.85
    endloop
  endfacet
  facet normal 0.7901550123756884 -0.612907053652979 0
    outer loop
      vertex 38.371322893124 -11.16791979355699 58.35
      vertex 38.371322893124 -11.16791979355699 60.85
      vertex 37.63975161273999 -12.111055805225105 60.85
    endloop
  endfacet
  facet normal 0 0 1
    outer loop
      vertex 37.63975161273999 -12.111055805225105 60.85
      vertex 38.371322893124 -11.16791979355699 60.85
      vertex 38.290421193686505 -11.109141268327743 60.85
    endloop
  endfacet
  facet normal 0.8270805742745619 -0.5620833778521305 0
    outer loop
      vertex 38.371322893124 -11.16791979355699 58.35
      vertex 39.04223058453829 -10.180709104600936 58.35
      vertex 38.371322893124 -11.16791979355699 60.85
    endloop
  endfacet
  facet normal 0 0 1
    outer loop
      vertex 33.26820658893033 -10.934529411321174 60.85
      vertex 38.290421193686505 -11.109141268327743 60.85
      vertex 33.93452941132117 -10.268206588930331 60.85
    endloop
  endfacet
  facet normal 0 0 1
    outer loop
      vertex 33.93452941132117 -10.268206588930331 60.85
      vertex 38.290421193686505 -11.109141268327743 60.85
      vertex 34.55769864163683 -9.561359846230346 60.85
    endloop
  endfacet
  facet normal 0 0 1
    outer loop
      vertex 38.290421193686505 -11.109141268327743 60.85
      vertex 38.371322893124 -11.16791979355699 60.85
      vertex 39.17209907212522 -9.895615776765322 60.85
    endloop
  endfacet
  facet normal 0.8270805742745619 -0.5620833778521305 0
    outer loop
      vertex 39.04223058453829 -10.180709104600936 58.35
      vertex 39.04223058453829 -10.180709104600936 60.85
      vertex 38.371322893124 -11.16791979355699 60.85
    endloop
  endfacet
  facet normal 0 0 1
    outer loop
      vertex 38.371322893124 -11.16791979355699 60.85
      vertex 39.04223058453829 -10.180709104600936 60.85
      vertex 39.17209907212522 -9.895615776765322 60.85
    endloop
  endfacet
  facet normal -0.8090169943749469 -0.587785252292474 -1.2403975997626807e-15
    outer loop
      vertex 31.816778784387097 -12.135254915624213 60.85
      vertex 34.10914126832775 -15.290421193686507 60.85
      vertex 33.20485626480086 -14.045779663878896 63.35
    endloop
  endfacet
  facet normal 0.5005921985511653 -0.6890060516147359 0.5240974256643343
    outer loop
      vertex 34.10914126832775 -15.290421193686507 60.85
      vertex 35.32266675989016 -14.408743315247797 60.85
      vertex 34.41838175636328 -13.164101785440186 63.35
    endloop
  endfacet
  facet normal 0.5005921985511631 -0.6890060516147369 0.5240974256643354
    outer loop
      vertex 34.10914126832775 -15.290421193686507 60.85
      vertex 34.41838175636328 -13.164101785440186 63.35
      vertex 33.20485626480086 -14.045779663878896 63.35
    endloop
  endfacet
  facet normal 0.5005921985511627 -0.6890060516147364 -0.5240974256643364
    outer loop
      vertex 34.10914126832775 -15.290421193686507 65.85
      vertex 33.20485626480086 -14.045779663878896 63.35
      vertex 34.41838175636328 -13.164101785440186 63.35
    endloop
  endfacet
  facet normal -0.8090169943749471 -0.5877852522924736 1.5292778856265747e-15
    outer loop
      vertex 34.10914126832775 -15.290421193686507 65.85
      vertex 32.722570929586524 -13.381970847981503 64.68333333333334
      vertex 33.20485626480086 -14.045779663878896 63.35
    endloop
  endfacet
  facet normal -0.809016994374948 -0.5877852522924724 6.87573294837871e-16
    outer loop
      vertex 31.816778784387097 -12.135254915624213 60.85
      vertex 33.20485626480086 -14.045779663878896 63.35
      vertex 32.722570929586524 -13.381970847981503 64.68333333333334
    endloop
  endfacet
  facet normal 0.8090169943749481 0.5877852522924719 3.834064728709721e-16
    outer loop
      vertex 35.32266675989016 -14.408743315247797 60.85
      vertex 33.936096421148946 -12.500292969542793 62.016666666666666
      vertex 34.41838175636328 -13.164101785440186 63.35
    endloop
  endfacet
  facet normal -0.8090169943749469 -0.5877852522924738 0
    outer loop
      vertex 31.816778784387097 -12.135254915624213 60.85
      vertex 32.722570929586524 -13.381970847981503 64.68333333333334
      vertex 31.816778784387097 -12.135254915624213 65.77890625
    endloop
  endfacet
  facet normal 0 0 -1
    outer loop
      vertex 31.816778784387097 -12.135254915624213 65.85
      vertex 33.180709104600936 -16.042230584538288 65.85
      vertex 32.15331980793259 -16.64982692083341 65.85
    endloop
  endfacet
  facet normal 0 0 -1
    outer loop
      vertex 31.816778784387097 -12.135254915624213 65.85
      vertex 34.10914126832775 -15.290421193686507 65.85
      vertex 33.180709104600936 -16.042230584538288 65.85
    endloop
  endfacet
  facet normal 0 0 -1
    outer loop
      vertex 34.10914126832775 -15.290421193686507 65.85
      vertex 35.32266675989016 -14.408743315247797 65.85
      vertex 35.11105580522511 -14.639751612739994 65.85
    endloop
  endfacet
  facet normal 0.500592198551165 -0.6890060516147355 -0.5240974256643354
    outer loop
      vertex 34.10914126832775 -15.290421193686507 65.85
      vertex 34.41838175636328 -13.164101785440186 63.35
      vertex 35.32266675989016 -14.408743315247797 65.85
    endloop
  endfacet
  facet normal 0.6129070536529774 -0.7901550123756897 5.3309278144181125e-18
    outer loop
      vertex 34.16791979355699 -15.371322893124002 65.85
      vertex 35.11105580522511 -14.639751612739994 65.85
      vertex 35.11105580522511 -14.639751612739994 68.35
    endloop
  endfacet
  facet normal -0.8090169943749467 -0.587785252292474 3.6137837184675204e-16
    outer loop
      vertex 31.816778784387097 -12.135254915624213 65.85
      vertex 32.722570929586524 -13.381970847981503 64.68333333333334
      vertex 34.10914126832775 -15.290421193686507 65.85
    endloop
  endfacet
  facet normal -0.8090169943749469 -0.5877852522924738 0
    outer loop
      vertex 31.816778784387097 -12.135254915624213 65.77890625
      vertex 32.722570929586524 -13.381970847981503 64.68333333333334
      vertex 31.816778784387097 -12.135254915624213 65.85
    endloop
  endfacet
  facet normal 0.8090169943749477 0.5877852522924728 2.4079275346616865e-16
    outer loop
      vertex 34.41838175636328 -13.164101785440186 63.35
      vertex 32.98189484337723 -11.186947169412742 65.85
      vertex 35.32266675989016 -14.408743315247797 65.85
    endloop
  endfacet
  facet normal 0 0 -1
    outer loop
      vertex 35.11105580522511 -14.639751612739994 65.85
      vertex 35.32266675989016 -14.408743315247797 65.85
      vertex 36.006395012645086 -13.85040392100682 65.85
    endloop
  endfacet
  facet normal 0.6613118653236514 -0.7501110696304599 0
    outer loop
      vertex 35.11105580522511 -14.639751612739994 65.85
      vertex 36.006395012645086 -13.85040392100682 68.35
      vertex 35.11105580522511 -14.639751612739994 68.35
    endloop
  endfacet
  facet normal 0.6613118653236514 -0.7501110696304599 4.7356523611503844e-18
    outer loop
      vertex 35.11105580522511 -14.639751612739994 65.85
      vertex 36.006395012645086 -13.85040392100682 65.85
      vertex 36.006395012645086 -13.85040392100682 68.35
    endloop
  endfacet
  facet normal 0.707106781186549 -0.707106781186546 0
    outer loop
      vertex 36.006395012645086 -13.85040392100682 65.85
      vertex 36.850403921006816 -13.006395012645086 65.85
      vertex 36.006395012645086 -13.85040392100682 68.35
    endloop
  endfacet
  facet normal 0.707106781186549 -0.707106781186546 1.8539636880524854e-17
    outer loop
      vertex 36.006395012645086 -13.85040392100682 68.35
      vertex 36.850403921006816 -13.006395012645086 65.85
      vertex 36.850403921006816 -13.006395012645086 68.35
    endloop
  endfacet
  facet normal 0.7501110696304599 -0.6613118653236515 0
    outer loop
      vertex 36.850403921006816 -13.006395012645086 65.85
      vertex 37.63975161273999 -12.111055805225105 65.85
      vertex 36.850403921006816 -13.006395012645086 68.35
    endloop
  endfacet
  facet normal 0.5620833778521305 -0.8270805742745618 2.754061462797978e-18
    outer loop
      vertex 31.03740192468495 -12.664918882530227 60.85
      vertex 31.816778784387097 -12.135254915624213 60.85
      vertex 31.816778784387097 -12.135254915624213 65.77890625
    endloop
  endfacet
  facet normal 0.8090169943749469 0.5877852522924738 -1.568824669017203e-17
    outer loop
      vertex 33.936096421148946 -12.500292969542793 62.016666666666666
      vertex 32.98189484337723 -11.186947169412742 60.85
      vertex 32.98189484337723 -11.186947169412742 63.3356667247929
    endloop
  endfacet
  facet normal 0.5620833778521277 -0.8270805742745639 1.909381732834639e-16
    outer loop
      vertex 31.03740192468495 -12.664918882530227 60.85
      vertex 31.816778784387097 -12.135254915624213 65.77890625
      vertex 31.816778784387097 -12.135254915624213 65.85
    endloop
  endfacet
  facet normal 0.8090169943749478 0.5877852522924724 7.342706733172306e-16
    outer loop
      vertex 33.936096421148946 -12.500292969542793 62.016666666666666
      vertex 32.98189484337723 -11.186947169412742 65.85
      vertex 34.41838175636328 -13.164101785440186 63.35
    endloop
  endfacet
  facet normal 0.8090169943749468 0.5877852522924738 -1.5509381016679687e-17
    outer loop
      vertex 33.936096421148946 -12.500292969542793 62.016666666666666
      vertex 32.98189484337723 -11.186947169412742 63.3356667247929
      vertex 32.98189484337723 -11.186947169412742 65.85
    endloop
  endfacet
  facet normal 0.6613118653236465 -0.7501110696304644 0
    outer loop
      vertex 32.98189484337723 -11.186947169412742 60.85
      vertex 33.26820658893033 -10.934529411321174 60.85
      vertex 32.98189484337723 -11.186947169412742 63.3356667247929
    endloop
  endfacet
  facet normal 0.7071067811865493 -0.7071067811865456 0
    outer loop
      vertex 33.26820658893033 -10.934529411321174 60.85
      vertex 33.93452941132117 -10.268206588930331 60.85
      vertex 33.26820658893033 -10.934529411321174 65.85
    endloop
  endfacet
  facet normal 0.7501110696304627 -0.6613118653236483 0
    outer loop
      vertex 33.93452941132117 -10.268206588930331 60.85
      vertex 34.55769864163683 -9.561359846230346 60.85
      vertex 33.93452941132117 -10.268206588930331 65.85
    endloop
  endfacet
  facet normal 0.6613118653236464 -0.7501110696304644 1.806500120205231e-18
    outer loop
      vertex 33.26820658893033 -10.934529411321174 60.85
      vertex 32.98189484337723 -11.186947169412742 65.85
      vertex 32.98189484337723 -11.186947169412742 63.3356667247929
    endloop
  endfacet
  facet normal 0.6613118653236464 -0.7501110696304643 0
    outer loop
      vertex 33.26820658893033 -10.934529411321174 60.85
      vertex 33.26820658893033 -10.934529411321174 65.85
      vertex 32.98189484337723 -11.186947169412742 65.85
    endloop
  endfacet
  facet normal 0.7071067811865493 -0.7071067811865456 0
    outer loop
      vertex 33.93452941132117 -10.268206588930331 60.85
      vertex 33.93452941132117 -10.268206588930331 65.85
      vertex 33.26820658893033 -10.934529411321174 65.85
    endloop
  endfacet
  facet normal -0.5877852522924741 -0.8090169943749468 4.3017184132777474e-16
    outer loop
      vertex 38.290421193686505 -11.109141268327743 60.85
      vertex 37.045779663878896 -10.20485626480086 63.35
      vertex 35.135254915624216 -8.816778784387097 60.85
    endloop
  endfacet
  facet normal 0.6890060516147374 -0.5005921985511632 0.5240974256643345
    outer loop
      vertex 38.290421193686505 -11.109141268327743 60.85
      vertex 37.927457542317605 -8.99133077323844 63.35
      vertex 37.045779663878896 -10.20485626480086 63.35
    endloop
  endfacet
  facet normal -0.5877852522924741 -0.8090169943749467 -3.99431697415096e-16
    outer loop
      vertex 37.045779663878896 -10.20485626480086 63.35
      vertex 38.290421193686505 -11.109141268327743 65.85
      vertex 36.381970847981506 -9.722570929586524 64.68333333333334
    endloop
  endfacet
  facet normal 0.6890060516147369 -0.5005921985511628 -0.5240974256643356
    outer loop
      vertex 37.045779663878896 -10.20485626480086 63.35
      vertex 37.927457542317605 -8.99133077323844 63.35
      vertex 38.290421193686505 -11.109141268327743 65.85
    endloop
  endfacet
  facet normal 0 0 -1
    outer loop
      vertex 35.32266675989016 -14.408743315247797 65.85
      vertex 32.98189484337723 -11.186947169412742 65.85
      vertex 33.26820658893033 -10.934529411321174 65.85
    endloop
  endfacet
  facet normal 0 0 -1
    outer loop
      vertex 35.32266675989016 -14.408743315247797 65.85
      vertex 33.26820658893033 -10.934529411321174 65.85
      vertex 33.93452941132117 -10.268206588930331 65.85
    endloop
  endfacet
  facet normal 0 0 -1
    outer loop
      vertex 35.32266675989016 -14.408743315247797 65.85
      vertex 33.93452941132117 -10.268206588930331 65.85
      vertex 34.55769864163683 -9.561359846230346 65.85
    endloop
  endfacet
  facet normal 0 0 -1
    outer loop
      vertex 35.32266675989016 -14.408743315247797 65.85
      vertex 34.55769864163683 -9.561359846230346 65.85
      vertex 35.135254915624216 -8.816778784387097 65.85
    endloop
  endfacet
  facet normal 0 0 -1
    outer loop
      vertex 35.32266675989016 -14.408743315247797 65.85
      vertex 35.135254915624216 -8.816778784387097 65.85
      vertex 36.006395012645086 -13.85040392100682 65.85
    endloop
  endfacet
  facet normal 0 0 -1
    outer loop
      vertex 36.006395012645086 -13.85040392100682 65.85
      vertex 35.135254915624216 -8.816778784387097 65.85
      vertex 36.850403921006816 -13.006395012645086 65.85
    endloop
  endfacet
  facet normal 0 0 -1
    outer loop
      vertex 36.850403921006816 -13.006395012645086 65.85
      vertex 35.135254915624216 -8.816778784387097 65.85
      vertex 37.63975161273999 -12.111055805225105 65.85
    endloop
  endfacet
  facet normal 0 0 -1
    outer loop
      vertex 37.63975161273999 -12.111055805225105 65.85
      vertex 38.290421193686505 -11.109141268327743 65.85
      vertex 38.371322893124 -11.16791979355699 65.85
    endloop
  endfacet
  facet normal 0.7501110696304599 -0.6613118653236515 3.061043145484456e-18
    outer loop
      vertex 36.850403921006816 -13.006395012645086 68.35
      vertex 37.63975161273999 -12.111055805225105 65.85
      vertex 37.63975161273999 -12.111055805225105 68.35
    endloop
  endfacet
  facet normal 0.7901550123756884 -0.612907053652979 0
    outer loop
      vertex 37.63975161273999 -12.111055805225105 65.85
      vertex 38.371322893124 -11.16791979355699 65.85
      vertex 37.63975161273999 -12.111055805225105 68.35
    endloop
  endfacet
  facet normal 0.7901550123756884 -0.612907053652979 -1.7549181610188095e-17
    outer loop
      vertex 37.63975161273999 -12.111055805225105 68.35
      vertex 38.371322893124 -11.16791979355699 65.85
      vertex 38.371322893124 -11.16791979355699 68.35
    endloop
  endfacet
  facet normal 0 0 -1
    outer loop
      vertex 37.63975161273999 -12.111055805225105 65.85
      vertex 35.135254915624216 -8.816778784387097 65.85
      vertex 38.290421193686505 -11.109141268327743 65.85
    endloop
  endfacet
  facet normal 0 0 -1
    outer loop
      vertex 38.290421193686505 -11.109141268327743 65.85
      vertex 39.04223058453829 -10.180709104600936 65.85
      vertex 38.371322893124 -11.16791979355699 65.85
    endloop
  endfacet
  facet normal 0.8270805742745619 -0.5620833778521305 0
    outer loop
      vertex 38.371322893124 -11.16791979355699 65.85
      vertex 39.04223058453829 -10.180709104600936 65.85
      vertex 38.371322893124 -11.16791979355699 68.35
    endloop
  endfacet
  facet normal 0 0 -1
    outer loop
      vertex 38.290421193686505 -11.109141268327743 65.85
      vertex 39.17209907212522 -9.895615776765322 65.85
      vertex 39.04223058453829 -10.180709104600936 65.85
    endloop
  endfacet
  facet normal 0.8270805742745619 -0.5620833778521305 0
    outer loop
      vertex 39.04223058453829 -10.180709104600936 65.85
      vertex 39.04223058453829 -10.180709104600936 68.35
      vertex 38.371322893124 -11.16791979355699 68.35
    endloop
  endfacet
  facet normal 0 0 1
    outer loop
      vertex 61 -20 53.35
      vertex 25.944387364909133 -1.8922428610945943 53.35
      vertex 24.453952545506603 -3.183711983740814 53.35
    endloop
  endfacet
  facet normal 0 0 1
    outer loop
      vertex 61 -20 53.35
      vertex 26.5 0 53.35
      vertex 25.944387364909133 -1.8922428610945943 53.35
    endloop
  endfacet
  facet normal 0 0 1
    outer loop
      vertex 61 -20 53.35
      vertex 25.944387364909133 1.8922428610945907 53.35
      vertex 26.5 0 53.35
    endloop
  endfacet
  facet normal 0 0 1
    outer loop
      vertex 61 -20 53.35
      vertex 24.453952545506603 3.183711983740814 53.35
      vertex 25.944387364909133 1.8922428610945907 53.35
    endloop
  endfacet
  facet normal 0 0 1
    outer loop
      vertex 38.290421193686505 -11.109141268327743 60.85
      vertex 35.135254915624216 -8.816778784387097 60.85
      vertex 34.55769864163683 -9.561359846230346 60.85
    endloop
  endfacet
  facet normal 0 0 1
    outer loop
      vertex 35.95030292629016 -7.55484386025239 60.85
      vertex 39.17209907212522 -9.895615776765322 60.85
      vertex 39.649826920833405 -9.153319807932592 60.85
    endloop
  endfacet
  facet normal 0.5877852522924732 0.8090169943749472 1.0339535475330015e-15
    outer loop
      vertex 35.95030292629016 -7.55484386025239 60.85
      vertex 37.263648726420215 -8.509045438024103 62.016666666666666
      vertex 39.17209907212522 -9.895615776765322 60.85
    endloop
  endfacet
  facet normal 0 0 -1
    outer loop
      vertex 31.08980653973638 -17.19171399685437 58.35
      vertex 32.15331980793259 16.649826920833405 58.35
      vertex 32.15331980793259 -16.64982692083341 58.35
    endloop
  endfacet
  facet normal 0 0 -1
    outer loop
      vertex 32.15331980793259 -16.64982692083341 58.35
      vertex 33.18070910460093 16.042230584538288 58.35
      vertex 33.180709104600936 -16.042230584538288 58.35
    endloop
  endfacet
  facet normal 0 0 -1
    outer loop
      vertex 33.180709104600936 -16.042230584538288 58.35
      vertex 34.16791979355699 15.371322893124002 58.35
      vertex 34.16791979355699 -15.371322893124002 58.35
    endloop
  endfacet
  facet normal 0 0 -1
    outer loop
      vertex 34.16791979355699 -15.371322893124002 58.35
      vertex 35.11105580522511 14.639751612739992 58.35
      vertex 35.11105580522511 -14.639751612739994 58.35
    endloop
  endfacet
  facet normal 0 0 1
    outer loop
      vertex 35.95030292629016 -7.55484386025239 60.85
      vertex 40.9749681579784 -5.840421193686506 60.85
      vertex 36.144600200657955 -7.226305111525729 60.85
    endloop
  endfacet
  facet normal 0 0 1
    outer loop
      vertex 36.144600200657955 -7.226305111525729 60.85
      vertex 40.9749681579784 -5.840421193686506 60.85
      vertex 36.572405786990295 -6.38668937347609 60.85
    endloop
  endfacet
  facet normal 0 0 1
    outer loop
      vertex 36.572405786990295 -6.38668937347609 60.85
      vertex 40.9749681579784 -5.840421193686506 60.85
      vertex 36.946647288323774 -5.52186829027017 60.85
    endloop
  endfacet
  facet normal 0 0 1
    outer loop
      vertex 36.946647288323774 -5.52186829027017 60.85
      vertex 40.9749681579784 -5.840421193686506 60.85
      vertex 37.265847744427305 -4.635254915624211 60.85
    endloop
  endfacet
  facet normal 0.8607420270039452 -0.5090414157503689 0
    outer loop
      vertex 39.04223058453829 -10.180709104600936 58.35
      vertex 39.649826920833405 -9.153319807932592 58.35
      vertex 39.04223058453829 -10.180709104600936 60.85
    endloop
  endfacet
  facet normal 0.8910065241883656 -0.4539904997395513 0
    outer loop
      vertex 39.649826920833405 -9.153319807932592 58.35
      vertex 40.191713996854375 -8.089806539736381 58.35
      vertex 39.649826920833405 -9.153319807932592 60.85
    endloop
  endfacet
  facet normal 0.8607420270039452 -0.5090414157503689 1.7839224199026038e-17
    outer loop
      vertex 39.04223058453829 -10.180709104600936 60.85
      vertex 39.649826920833405 -9.153319807932592 58.35
      vertex 39.649826920833405 -9.153319807932592 60.85
    endloop
  endfacet
  facet normal 0 0 1
    outer loop
      vertex 39.04223058453829 -10.180709104600936 60.85
      vertex 39.649826920833405 -9.153319807932592 60.85
      vertex 39.17209907212522 -9.895615776765322 60.85
    endloop
  endfacet
  facet normal 0.917754625683982 -0.39714789063477846 0
    outer loop
      vertex 40.191713996854375 -8.089806539736381 58.35
      vertex 40.66575323187678 -6.994366501008882 58.35
      vertex 40.191713996854375 -8.089806539736381 60.85
    endloop
  endfacet
  facet normal 0.8910065241883656 -0.4539904997395513 0
    outer loop
      vertex 40.191713996854375 -8.089806539736381 58.35
      vertex 40.191713996854375 -8.089806539736381 60.85
      vertex 39.649826920833405 -9.153319807932592 60.85
    endloop
  endfacet
  facet normal 0 0 1
    outer loop
      vertex 35.95030292629016 -7.55484386025239 60.85
      vertex 39.649826920833405 -9.153319807932592 60.85
      vertex 40.9749681579784 -5.840421193686506 60.85
    endloop
  endfacet
  facet normal 0 0 1
    outer loop
      vertex 39.649826920833405 -9.153319807932592 60.85
      vertex 40.191713996854375 -8.089806539736381 60.85
      vertex 40.9749681579784 -5.840421193686506 60.85
    endloop
  endfacet
  facet normal 0.9408807689542256 -0.33873792024529126 0
    outer loop
      vertex 40.66575323187678 -6.994366501008882 58.35
      vertex 41.07007380960792 -5.871322893124001 58.35
      vertex 40.66575323187678 -6.994366501008882 60.85
    endloop
  endfacet
  facet normal 0.917754625683982 -0.39714789063477846 2.761761275740441e-18
    outer loop
      vertex 40.191713996854375 -8.089806539736381 60.85
      vertex 40.66575323187678 -6.994366501008882 58.35
      vertex 40.66575323187678 -6.994366501008882 60.85
    endloop
  endfacet
  facet normal 0 0 1
    outer loop
      vertex 40.191713996854375 -8.089806539736381 60.85
      vertex 40.66575323187678 -6.994366501008882 60.85
      vertex 40.9749681579784 -5.840421193686506 60.85
    endloop
  endfacet
  facet normal 0.9602936856769443 -0.2789911060392247 0
    outer loop
      vertex 41.07007380960792 -5.871322893124001 58.35
      vertex 41.40308006144399 -4.72510785613224 58.35
      vertex 41.07007380960792 -5.871322893124001 60.85
    endloop
  endfacet
  facet normal 0.9408807689542256 -0.33873792024529126 0
    outer loop
      vertex 41.07007380960792 -5.871322893124001 58.35
      vertex 41.07007380960792 -5.871322893124001 60.85
      vertex 40.66575323187678 -6.994366501008882 60.85
    endloop
  endfacet
  facet normal 0 0 1
    outer loop
      vertex 40.66575323187678 -6.994366501008882 60.85
      vertex 41.07007380960792 -5.871322893124001 60.85
      vertex 40.9749681579784 -5.840421193686506 60.85
    endloop
  endfacet
  facet normal 0.9602936856769443 -0.2789911060392247 -8.885747458008727e-18
    outer loop
      vertex 41.07007380960792 -5.871322893124001 60.85
      vertex 41.40308006144399 -4.72510785613224 58.35
      vertex 41.40308006144399 -4.72510785613224 60.85
    endloop
  endfacet
  facet normal 0 0 1
    outer loop
      vertex 40.9749681579784 -5.840421193686506 60.85
      vertex 41.07007380960792 -5.871322893124001 60.85
      vertex 41.438493649540824 -4.413836419243776 60.85
    endloop
  endfacet
  facet normal 0 0 1
    outer loop
      vertex 41.07007380960792 -5.871322893124001 60.85
      vertex 41.40308006144399 -4.72510785613224 60.85
      vertex 41.438493649540824 -4.413836419243776 60.85
    endloop
  endfacet
  facet normal 0.7901550123756851 -0.6129070536529834 0
    outer loop
      vertex 34.55769864163683 -9.561359846230346 60.85
      vertex 35.135254915624216 -8.816778784387097 60.85
      vertex 34.55769864163683 -9.561359846230346 65.85
    endloop
  endfacet
  facet normal 0.7501110696304627 -0.6613118653236483 -3.913797195966894e-18
    outer loop
      vertex 33.93452941132117 -10.268206588930331 65.85
      vertex 34.55769864163683 -9.561359846230346 60.85
      vertex 34.55769864163683 -9.561359846230346 65.85
    endloop
  endfacet
  facet normal 0.7901550123756852 -0.6129070536529835 0
    outer loop
      vertex 35.135254915624216 -8.816778784387097 60.85
      vertex 35.135254915624216 -8.816778784387097 65.77890625
      vertex 34.55769864163683 -9.561359846230346 65.85
    endloop
  endfacet
  facet normal -0.5877852522924736 -0.8090169943749471 -7.455903714397606e-17
    outer loop
      vertex 37.045779663878896 -10.20485626480086 63.35
      vertex 36.381970847981506 -9.722570929586524 64.68333333333334
      vertex 35.135254915624216 -8.816778784387097 60.85
    endloop
  endfacet
  facet normal 0.6890060516147353 -0.5005921985511649 0.5240974256643356
    outer loop
      vertex 38.290421193686505 -11.109141268327743 60.85
      vertex 39.17209907212522 -9.895615776765322 60.85
      vertex 37.927457542317605 -8.99133077323844 63.35
    endloop
  endfacet
  facet normal 0.5877852522924732 0.8090169943749472 1.2473944317135137e-15
    outer loop
      vertex 37.263648726420215 -8.509045438024103 62.016666666666666
      vertex 37.927457542317605 -8.99133077323844 63.35
      vertex 39.17209907212522 -9.895615776765322 60.85
    endloop
  endfacet
  facet normal -0.5877852522924738 -0.8090169943749469 0
    outer loop
      vertex 35.135254915624216 -8.816778784387097 60.85
      vertex 36.381970847981506 -9.722570929586524 64.68333333333334
      vertex 35.135254915624216 -8.816778784387097 65.77890625
    endloop
  endfacet
  facet normal 0.5877852522924738 0.8090169943749469 0
    outer loop
      vertex 35.95030292629016 -7.55484386025239 60.85
      vertex 35.95030292629016 -7.55484386025239 63.3356667247929
      vertex 37.263648726420215 -8.509045438024103 62.016666666666666
    endloop
  endfacet
  facet normal 0.5877852522924739 0.8090169943749468 -1.5509381016679687e-17
    outer loop
      vertex 37.263648726420215 -8.509045438024103 62.016666666666666
      vertex 35.95030292629016 -7.55484386025239 63.3356667247929
      vertex 35.95030292629016 -7.55484386025239 65.85
    endloop
  endfacet
  facet normal 0.5877852522924745 0.8090169943749465 3.3302058234136336e-16
    outer loop
      vertex 37.263648726420215 -8.509045438024103 62.016666666666666
      vertex 35.95030292629016 -7.55484386025239 65.85
      vertex 37.927457542317605 -8.99133077323844 63.35
    endloop
  endfacet
  facet normal 0.790155012375685 -0.6129070536529834 1.478746575323083e-16
    outer loop
      vertex 34.55769864163683 -9.561359846230346 65.85
      vertex 35.135254915624216 -8.816778784387097 65.77890625
      vertex 35.135254915624216 -8.816778784387097 65.85
    endloop
  endfacet
  facet normal -0.587785252292474 -0.8090169943749468 -5.599939476741258e-16
    outer loop
      vertex 38.290421193686505 -11.109141268327743 65.85
      vertex 35.135254915624216 -8.816778784387097 65.85
      vertex 36.381970847981506 -9.722570929586524 64.68333333333334
    endloop
  endfacet
  facet normal -0.5877852522924738 -0.8090169943749469 0
    outer loop
      vertex 35.135254915624216 -8.816778784387097 65.77890625
      vertex 36.381970847981506 -9.722570929586524 64.68333333333334
      vertex 35.135254915624216 -8.816778784387097 65.85
    endloop
  endfacet
  facet normal 0.6890060516147348 -0.5005921985511647 -0.5240974256643367
    outer loop
      vertex 38.290421193686505 -11.109141268327743 65.85
      vertex 37.927457542317605 -8.99133077323844 63.35
      vertex 39.17209907212522 -9.895615776765322 65.85
    endloop
  endfacet
  facet normal 0.5877852522924732 0.8090169943749473 -1.1950968695149409e-15
    outer loop
      vertex 37.927457542317605 -8.99133077323844 63.35
      vertex 35.95030292629016 -7.55484386025239 65.85
      vertex 39.17209907212522 -9.895615776765322 65.85
    endloop
  endfacet
  facet normal 0 0 -1
    outer loop
      vertex 35.95030292629016 -7.55484386025239 65.85
      vertex 36.144600200657955 -7.226305111525729 65.85
      vertex 39.17209907212522 -9.895615776765322 65.85
    endloop
  endfacet
  facet normal 0 0 -1
    outer loop
      vertex 39.17209907212522 -9.895615776765322 65.85
      vertex 36.144600200657955 -7.226305111525729 65.85
      vertex 36.572405786990295 -6.38668937347609 65.85
    endloop
  endfacet
  facet normal 0.860742027003945 -0.5090414157503691 0
    outer loop
      vertex 35.95030292629016 -7.55484386025239 60.85
      vertex 36.144600200657955 -7.226305111525729 60.85
      vertex 35.95030292629016 -7.55484386025239 63.3356667247929
    endloop
  endfacet
  facet normal 0.8910065241883673 -0.45399049973954775 0
    outer loop
      vertex 36.144600200657955 -7.226305111525729 60.85
      vertex 36.572405786990295 -6.38668937347609 60.85
      vertex 36.144600200657955 -7.226305111525729 65.85
    endloop
  endfacet
  facet normal 0.860742027003945 -0.5090414157503691 0
    outer loop
      vertex 36.144600200657955 -7.226305111525729 60.85
      vertex 36.144600200657955 -7.226305111525729 65.85
      vertex 35.95030292629016 -7.55484386025239 63.3356667247929
    endloop
  endfacet
  facet normal 0.8910065241883673 -0.45399049973954775 0
    outer loop
      vertex 36.572405786990295 -6.38668937347609 60.85
      vertex 36.572405786990295 -6.38668937347609 65.85
      vertex 36.144600200657955 -7.226305111525729 65.85
    endloop
  endfacet
  facet normal 0.9177546256839805 -0.39714789063478184 0
    outer loop
      vertex 36.572405786990295 -6.38668937347609 60.85
      vertex 36.946647288323774 -5.52186829027017 60.85
      vertex 36.572405786990295 -6.38668937347609 65.85
    endloop
  endfacet
  facet normal 0.9408807689542263 -0.338737920245289 0
    outer loop
      vertex 36.946647288323774 -5.52186829027017 60.85
      vertex 37.265847744427305 -4.635254915624211 60.85
      vertex 36.946647288323774 -5.52186829027017 65.85
    endloop
  endfacet
  facet normal -0.3090169943749453 -0.9510565162951543 -1.5821246744184187e-15
    outer loop
      vertex 38.73145022210265 -5.111458027468682 64.68333333333334
      vertex 37.265847744427305 -4.635254915624211 60.85
      vertex 39.511804286755094 -5.3650104331096635 63.35
    endloop
  endfacet
  facet normal 0.9177546256839805 -0.39714789063478184 0
    outer loop
      vertex 36.946647288323774 -5.52186829027017 60.85
      vertex 36.946647288323774 -5.52186829027017 65.85
      vertex 36.572405786990295 -6.38668937347609 65.85
    endloop
  endfacet
  facet normal 0 0 1
    outer loop
      vertex 32.15331980793259 -16.64982692083341 68.35
      vertex 33.180709104600936 -16.042230584538288 68.35
      vertex 32.15331980793259 16.649826920833405 68.35
    endloop
  endfacet
  facet normal 0 0 1
    outer loop
      vertex 33.180709104600936 -16.042230584538288 68.35
      vertex 34.16791979355699 -15.371322893124002 68.35
      vertex 33.18070910460093 16.042230584538288 68.35
    endloop
  endfacet
  facet normal 0.860742027003945 -0.5090414157503691 0
    outer loop
      vertex 35.95030292629016 -7.55484386025239 63.3356667247929
      vertex 36.144600200657955 -7.226305111525729 65.85
      vertex 35.95030292629016 -7.55484386025239 65.85
    endloop
  endfacet
  facet normal 0 0 -1
    outer loop
      vertex 39.17209907212522 -9.895615776765322 65.85
      vertex 36.572405786990295 -6.38668937347609 65.85
      vertex 36.946647288323774 -5.52186829027017 65.85
    endloop
  endfacet
  facet normal 0 0 -1
    outer loop
      vertex 39.17209907212522 -9.895615776765322 65.85
      vertex 36.946647288323774 -5.52186829027017 65.85
      vertex 37.265847744427305 -4.635254915624211 65.85
    endloop
  endfacet
  facet normal 0 0 -1
    outer loop
      vertex 39.04223058453829 -10.180709104600936 65.85
      vertex 39.17209907212522 -9.895615776765322 65.85
      vertex 39.649826920833405 -9.153319807932592 65.85
    endloop
  endfacet
  facet normal 0.8607420270039452 -0.5090414157503689 0
    outer loop
      vertex 39.04223058453829 -10.180709104600936 65.85
      vertex 39.649826920833405 -9.153319807932592 65.85
      vertex 39.04223058453829 -10.180709104600936 68.35
    endloop
  endfacet
  facet normal 0.8607420270039452 -0.5090414157503689 1.7839224199026038e-17
    outer loop
      vertex 39.04223058453829 -10.180709104600936 68.35
      vertex 39.649826920833405 -9.153319807932592 65.85
      vertex 39.649826920833405 -9.153319807932592 68.35
    endloop
  endfacet
  facet normal 0.8910065241883656 -0.4539904997395513 0
    outer loop
      vertex 39.649826920833405 -9.153319807932592 65.85
      vertex 40.191713996854375 -8.089806539736381 65.85
      vertex 39.649826920833405 -9.153319807932592 68.35
    endloop
  endfacet
  facet normal 0 0 -1
    outer loop
      vertex 39.17209907212522 -9.895615776765322 65.85
      vertex 37.265847744427305 -4.635254915624211 65.85
      vertex 39.649826920833405 -9.153319807932592 65.85
    endloop
  endfacet
  facet normal 0.8910065241883656 -0.4539904997395513 -2.339940206589232e-18
    outer loop
      vertex 39.649826920833405 -9.153319807932592 68.35
      vertex 40.191713996854375 -8.089806539736381 65.85
      vertex 40.191713996854375 -8.089806539736381 68.35
    endloop
  endfacet
  facet normal 0.917754625683982 -0.39714789063477846 0
    outer loop
      vertex 40.191713996854375 -8.089806539736381 65.85
      vertex 40.66575323187678 -6.994366501008882 65.85
      vertex 40.191713996854375 -8.089806539736381 68.35
    endloop
  endfacet
  facet normal -0.3090169943749475 -0.9510565162951534 6.3018851498277055e-16
    outer loop
      vertex 37.265847744427305 -4.635254915624211 60.85
      vertex 40.9749681579784 -5.840421193686506 60.85
      vertex 39.511804286755094 -5.3650104331096635 63.35
    endloop
  endfacet
  facet normal 0.8099751917588198 -0.263176893262462 0.5240974256643336
    outer loop
      vertex 40.9749681579784 -5.840421193686506 60.85
      vertex 39.97532977831751 -3.938425658666933 63.35
      vertex 39.511804286755094 -5.3650104331096635 63.35
    endloop
  endfacet
  facet normal -0.3090169943749457 -0.9510565162951541 -1.8243598366076697e-15
    outer loop
      vertex 38.73145022210265 -5.111458027468682 64.68333333333334
      vertex 39.511804286755094 -5.3650104331096635 63.35
      vertex 40.9749681579784 -5.840421193686506 65.85
    endloop
  endfacet
  facet normal 0.8099751917588193 -0.26317689326246185 -0.5240974256643347
    outer loop
      vertex 39.511804286755094 -5.3650104331096635 63.35
      vertex 39.97532977831751 -3.938425658666933 63.35
      vertex 40.9749681579784 -5.840421193686506 65.85
    endloop
  endfacet
  facet normal 0 0 -1
    outer loop
      vertex 37.265847744427305 -4.635254915624211 65.85
      vertex 40.191713996854375 -8.089806539736381 65.85
      vertex 39.649826920833405 -9.153319807932592 65.85
    endloop
  endfacet
  facet normal 0 0 -1
    outer loop
      vertex 37.265847744427305 -4.635254915624211 65.85
      vertex 40.66575323187678 -6.994366501008882 65.85
      vertex 40.191713996854375 -8.089806539736381 65.85
    endloop
  endfacet
  facet normal 0.917754625683982 -0.39714789063477846 2.761761275740441e-18
    outer loop
      vertex 40.191713996854375 -8.089806539736381 68.35
      vertex 40.66575323187678 -6.994366501008882 65.85
      vertex 40.66575323187678 -6.994366501008882 68.35
    endloop
  endfacet
  facet normal 0.9408807689542256 -0.33873792024529126 0
    outer loop
      vertex 40.66575323187678 -6.994366501008882 65.85
      vertex 41.07007380960792 -5.871322893124001 65.85
      vertex 40.66575323187678 -6.994366501008882 68.35
    endloop
  endfacet
  facet normal 0 0 -1
    outer loop
      vertex 37.265847744427305 -4.635254915624211 65.85
      vertex 40.9749681579784 -5.840421193686506 65.85
      vertex 40.66575323187678 -6.994366501008882 65.85
    endloop
  endfacet
  facet normal -0.30901699437494756 -0.9510565162951536 2.1216586129619925e-15
    outer loop
      vertex 38.73145022210265 -5.111458027468682 64.68333333333334
      vertex 40.9749681579784 -5.840421193686506 65.85
      vertex 37.265847744427305 -4.635254915624211 65.85
    endloop
  endfacet
  facet normal 0 0 -1
    outer loop
      vertex 40.66575323187678 -6.994366501008882 65.85
      vertex 40.9749681579784 -5.840421193686506 65.85
      vertex 41.07007380960792 -5.871322893124001 65.85
    endloop
  endfacet
  facet normal 0 0 -1
    outer loop
      vertex 40.9749681579784 -5.840421193686506 65.85
      vertex 41.40308006144399 -4.72510785613224 65.85
      vertex 41.07007380960792 -5.871322893124001 65.85
    endloop
  endfacet
  facet normal 0.9408807689542256 -0.33873792024529126 1.1721553679071486e-18
    outer loop
      vertex 40.66575323187678 -6.994366501008882 68.35
      vertex 41.07007380960792 -5.871322893124001 65.85
      vertex 41.07007380960792 -5.871322893124001 68.35
    endloop
  endfacet
  facet normal 0.9602936856769443 -0.2789911060392247 0
    outer loop
      vertex 41.07007380960792 -5.871322893124001 65.85
      vertex 41.40308006144399 -4.72510785613224 65.85
      vertex 41.07007380960792 -5.871322893124001 68.35
    endloop
  endfacet
  facet normal 0.9602936856769443 -0.2789911060392247 -8.885747458008727e-18
    outer loop
      vertex 41.07007380960792 -5.871322893124001 68.35
      vertex 41.40308006144399 -4.72510785613224 65.85
      vertex 41.40308006144399 -4.72510785613224 68.35
    endloop
  endfacet
  facet normal 0 0 -1
    outer loop
      vertex 35.11105580522511 -14.639751612739994 58.35
      vertex 36.00639501264508 13.850403921006823 58.35
      vertex 36.006395012645086 -13.85040392100682 58.35
    endloop
  endfacet
  facet normal 0 0 -1
    outer loop
      vertex 36.006395012645086 -13.85040392100682 58.35
      vertex 36.85040392100682 13.00639501264508 58.35
      vertex 36.850403921006816 -13.006395012645086 58.35
    endloop
  endfacet
  facet normal 0 0 -1
    outer loop
      vertex 36.850403921006816 -13.006395012645086 58.35
      vertex 37.63975161273999 12.111055805225106 58.35
      vertex 37.63975161273999 -12.111055805225105 58.35
    endloop
  endfacet
  facet normal 0 0 -1
    outer loop
      vertex 37.63975161273999 -12.111055805225105 58.35
      vertex 38.371322893124 11.16791979355699 58.35
      vertex 38.371322893124 -11.16791979355699 58.35
    endloop
  endfacet
  facet normal 0.975916761938746 -0.2181432413965485 0
    outer loop
      vertex 41.40308006144399 -4.72510785613224 58.35
      vertex 41.66345776384509 -3.560244977128768 58.35
      vertex 41.40308006144399 -4.72510785613224 60.85
    endloop
  endfacet
  facet normal 0.3090169943749472 0.9510565162951535 1.2757874549598478e-15
    outer loop
      vertex 37.65104512871167 -3.1832197963581983 60.85
      vertex 39.19497571366507 -3.684873253025952 62.016666666666666
      vertex 41.438493649540824 -4.413836419243776 60.85
    endloop
  endfacet
  facet normal 0.975916761938746 -0.2181432413965485 0
    outer loop
      vertex 41.66345776384509 -3.560244977128768 58.35
      vertex 41.66345776384509 -3.560244977128768 60.85
      vertex 41.40308006144399 -4.72510785613224 60.85
    endloop
  endfacet
  facet normal 0 0 1
    outer loop
      vertex 41.40308006144399 -4.72510785613224 60.85
      vertex 41.66345776384509 -3.560244977128768 60.85
      vertex 41.438493649540824 -4.413836419243776 60.85
    endloop
  endfacet
  facet normal 0 0 -1
    outer loop
      vertex 38.371322893124 -11.16791979355699 58.35
      vertex 39.04223058453829 10.180709104600929 58.35
      vertex 39.04223058453829 -10.180709104600936 58.35
    endloop
  endfacet
  facet normal 0 0 -1
    outer loop
      vertex 39.04223058453829 -10.180709104600936 58.35
      vertex 39.649826920833405 9.15331980793259 58.35
      vertex 39.649826920833405 -9.153319807932592 58.35
    endloop
  endfacet
  facet normal 0 0 -1
    outer loop
      vertex 39.649826920833405 -9.153319807932592 58.35
      vertex 40.191713996854375 8.089806539736376 58.35
      vertex 40.191713996854375 -8.089806539736381 58.35
    endloop
  endfacet
  facet normal 0.9876883405951379 -0.15643446504022976 0
    outer loop
      vertex 41.66345776384509 -3.560244977128768 58.35
      vertex 41.85017932497508 -2.38133143772178 58.35
      vertex 41.66345776384509 -3.560244977128768 60.85
    endloop
  endfacet
  facet normal 0 0 -1
    outer loop
      vertex 40.191713996854375 -8.089806539736381 58.35
      vertex 40.66575323187678 6.994366501008891 58.35
      vertex 40.66575323187678 -6.994366501008882 58.35
    endloop
  endfacet
  facet normal 0 0 1
    outer loop
      vertex 37.65104512871167 -3.1832197963581983 60.85
      vertex 41.438493649540824 -4.413836419243776 60.85
      vertex 41.66345776384509 -3.560244977128768 60.85
    endloop
  endfacet
  facet normal 0.9876883405951379 -0.15643446504022976 3.863028109517658e-18
    outer loop
      vertex 41.66345776384509 -3.560244977128768 60.85
      vertex 41.85017932497508 -2.38133143772178 58.35
      vertex 41.85017932497508 -2.38133143772178 60.85
    endloop
  endfacet
  facet normal 0 0 -1
    outer loop
      vertex 40.66575323187678 -6.994366501008882 58.35
      vertex 41.07007380960792 5.8713228931240025 58.35
      vertex 41.07007380960792 -5.871322893124001 58.35
    endloop
  endfacet
  facet normal 0 0 -1
    outer loop
      vertex 41.07007380960792 -5.871322893124001 58.35
      vertex 41.403080061443994 4.725107856132233 58.35
      vertex 41.40308006144399 -4.72510785613224 58.35
    endloop
  endfacet
  facet normal 0.9955619646030798 -0.09410831331851646 0
    outer loop
      vertex 41.85017932497508 -2.38133143772178 58.35
      vertex 41.962507840137164 -1.1930198710569542 58.35
      vertex 41.85017932497508 -2.38133143772178 60.85
    endloop
  endfacet
  facet normal 0 0 -1
    outer loop
      vertex 41.40308006144399 -4.72510785613224 58.35
      vertex 41.66345776384509 3.5602449771287716 58.35
      vertex 41.66345776384509 -3.560244977128768 58.35
    endloop
  endfacet
  facet normal 0 0 1
    outer loop
      vertex 37.65104512871167 -3.1832197963581983 60.85
      vertex 41.9 0 60.85
      vertex 37.73430876093033 -2.810719718785869 60.85
    endloop
  endfacet
  facet normal 0 0 1
    outer loop
      vertex 37.65104512871167 -3.1832197963581983 60.85
      vertex 41.66345776384509 -3.560244977128768 60.85
      vertex 41.9 0 60.85
    endloop
  endfacet
  facet normal 0 0 1
    outer loop
      vertex 37.73430876093033 -2.810719718785869 60.85
      vertex 41.9 0 60.85
      vertex 37.88172051971717 -1.879998503464563 60.85
    endloop
  endfacet
  facet normal 0 0 1
    outer loop
      vertex 41.66345776384509 -3.560244977128768 60.85
      vertex 41.85017932497508 -2.38133143772178 60.85
      vertex 41.9 0 60.85
    endloop
  endfacet
  facet normal 0.9955619646030798 -0.09410831331851646 0
    outer loop
      vertex 41.962507840137164 -1.1930198710569542 58.35
      vertex 41.962507840137164 -1.1930198710569542 60.85
      vertex 41.85017932497508 -2.38133143772178 60.85
    endloop
  endfacet
  facet normal 0 0 -1
    outer loop
      vertex 41.66345776384509 -3.560244977128768 58.35
      vertex 41.85017932497508 2.3813314377217765 58.35
      vertex 41.85017932497508 -2.38133143772178 58.35
    endloop
  endfacet
  facet normal 0 0 -1
    outer loop
      vertex 41.85017932497508 -2.38133143772178 58.35
      vertex 41.962507840137164 1.1930198710569613 58.35
      vertex 41.962507840137164 -1.1930198710569542 58.35
    endloop
  endfacet
  facet normal 0.9995065603657317 -0.03141075907812481 0
    outer loop
      vertex 41.962507840137164 -1.1930198710569542 58.35
      vertex 42 0 58.35
      vertex 41.962507840137164 -1.1930198710569542 60.85
    endloop
  endfacet
  facet normal 0 0 1
    outer loop
      vertex 37.88172051971717 -1.879998503464563 60.85
      vertex 41.9 0 60.85
      vertex 37.97040092642408 -0.9418577929397003 60.85
    endloop
  endfacet
  facet normal 0 0 1
    outer loop
      vertex 37.97040092642408 -0.9418577929397003 60.85
      vertex 41.9 0 60.85
      vertex 38 0 60.85
    endloop
  endfacet
  facet normal 0 0 1
    outer loop
      vertex 41.85017932497508 -2.38133143772178 60.85
      vertex 41.962507840137164 -1.1930198710569542 60.85
      vertex 41.9 0 60.85
    endloop
  endfacet
  facet normal 0.9995065603657317 -0.03141075907812481 -9.131204250926639e-19
    outer loop
      vertex 41.962507840137164 -1.1930198710569542 60.85
      vertex 42 0 58.35
      vertex 42 0 60.85
    endloop
  endfacet
  facet normal -0.30901699437494906 -0.951056516295153 -4.438594397518325e-18
    outer loop
      vertex 38.73145022210265 -5.111458027468682 64.68333333333334
      vertex 37.265847744427305 -4.635254915624211 65.77890625
      vertex 37.265847744427305 -4.635254915624211 60.85
    endloop
  endfacet
  facet normal 0.9408807689542263 -0.338737920245289 -5.32747594742792e-18
    outer loop
      vertex 36.946647288323774 -5.52186829027017 65.85
      vertex 37.265847744427305 -4.635254915624211 60.85
      vertex 37.265847744427305 -4.635254915624211 65.77890625
    endloop
  endfacet
  facet normal 0.30901699437494806 0.9510565162951535 0
    outer loop
      vertex 37.65104512871167 -3.1832197963581983 60.85
      vertex 37.65104512871167 -3.1832197963581983 63.3356667247929
      vertex 39.19497571366507 -3.684873253025952 62.016666666666666
    endloop
  endfacet
  facet normal 0.9759167619387462 -0.21814324139654792 0
    outer loop
      vertex 37.65104512871167 -3.1832197963581983 60.85
      vertex 37.73430876093033 -2.810719718785869 60.85
      vertex 37.65104512871167 -3.1832197963581983 63.3356667247929
    endloop
  endfacet
  facet normal 0.9876883405951377 -0.1564344650402314 0
    outer loop
      vertex 37.73430876093033 -2.810719718785869 60.85
      vertex 37.88172051971717 -1.879998503464563 60.85
      vertex 37.73430876093033 -2.810719718785869 65.85
    endloop
  endfacet
  facet normal 0.309016994374948 0.9510565162951533 2.968687057151415e-19
    outer loop
      vertex 39.19497571366507 -3.684873253025952 62.016666666666666
      vertex 37.65104512871167 -3.1832197963581983 63.3356667247929
      vertex 37.65104512871167 -3.1832197963581983 65.85
    endloop
  endfacet
  facet normal 0.9759167619387462 -0.21814324139654792 0
    outer loop
      vertex 37.73430876093033 -2.810719718785869 60.85
      vertex 37.73430876093033 -2.810719718785869 65.85
      vertex 37.65104512871167 -3.1832197963581983 63.3356667247929
    endloop
  endfacet
  facet normal 0 0 1
    outer loop
      vertex 34.16791979355699 -15.371322893124002 68.35
      vertex 35.11105580522511 -14.639751612739994 68.35
      vertex 34.16791979355699 15.371322893124002 68.35
    endloop
  endfacet
  facet normal -0.30901699437494884 -0.9510565162951531 -3.0772628630711644e-16
    outer loop
      vertex 38.73145022210265 -5.111458027468682 64.68333333333334
      vertex 37.265847744427305 -4.635254915624211 65.85
      vertex 37.265847744427305 -4.635254915624211 65.77890625
    endloop
  endfacet
  facet normal 0.9408807689542262 -0.33873792024528904 -3.6935215112448516e-16
    outer loop
      vertex 36.946647288323774 -5.52186829027017 65.85
      vertex 37.265847744427305 -4.635254915624211 65.77890625
      vertex 37.265847744427305 -4.635254915624211 65.85
    endloop
  endfacet
  facet normal 0 0 1
    outer loop
      vertex 35.11105580522511 -14.639751612739994 68.35
      vertex 36.006395012645086 -13.85040392100682 68.35
      vertex 35.11105580522511 14.639751612739992 68.35
    endloop
  endfacet
  facet normal 0 0 1
    outer loop
      vertex 36.006395012645086 -13.85040392100682 68.35
      vertex 36.850403921006816 -13.006395012645086 68.35
      vertex 36.00639501264508 13.850403921006823 68.35
    endloop
  endfacet
  facet normal 0 0 1
    outer loop
      vertex 36.850403921006816 -13.006395012645086 68.35
      vertex 37.63975161273999 -12.111055805225105 68.35
      vertex 36.85040392100682 13.00639501264508 68.35
    endloop
  endfacet
  facet normal 0.9759167619387462 -0.21814324139654792 0
    outer loop
      vertex 37.65104512871167 -3.1832197963581983 63.3356667247929
      vertex 37.73430876093033 -2.810719718785869 65.85
      vertex 37.65104512871167 -3.1832197963581983 65.85
    endloop
  endfacet
  facet normal 0 0 1
    outer loop
      vertex 37.63975161273999 -12.111055805225105 68.35
      vertex 38.371322893124 -11.16791979355699 68.35
      vertex 37.63975161273999 12.111055805225106 68.35
    endloop
  endfacet
  facet normal 0 0 1
    outer loop
      vertex 38.371322893124 -11.16791979355699 68.35
      vertex 39.04223058453829 -10.180709104600936 68.35
      vertex 38.371322893124 11.16791979355699 68.35
    endloop
  endfacet
  facet normal 0.99556196460308 -0.0941083133185149 0
    outer loop
      vertex 37.88172051971717 -1.879998503464563 60.85
      vertex 37.97040092642408 -0.9418577929397003 60.85
      vertex 37.88172051971717 -1.879998503464563 65.85
    endloop
  endfacet
  facet normal 0.9876883405951377 -0.1564344650402314 0
    outer loop
      vertex 37.88172051971717 -1.879998503464563 60.85
      vertex 37.88172051971717 -1.879998503464563 65.85
      vertex 37.73430876093033 -2.810719718785869 65.85
    endloop
  endfacet
  facet normal 0.99556196460308 -0.0941083133185149 0
    outer loop
      vertex 37.97040092642408 -0.9418577929397003 60.85
      vertex 37.97040092642408 -0.9418577929397003 65.85
      vertex 37.88172051971717 -1.879998503464563 65.85
    endloop
  endfacet
  facet normal 0.9995065603657317 -0.03141075907812482 0
    outer loop
      vertex 37.97040092642408 -0.9418577929397003 60.85
      vertex 38 0 60.85
      vertex 37.97040092642408 -0.9418577929397003 65.85
    endloop
  endfacet
  facet normal 0.9995065603657317 -0.03141075907812483 1.7491874813592479e-19
    outer loop
      vertex 37.97040092642408 -0.9418577929397003 65.85
      vertex 38 0 60.85
      vertex 38 0 65.77890625
    endloop
  endfacet
  facet normal 0.9995065603657316 -0.031410759078124816 1.2127059142744247e-17
    outer loop
      vertex 37.97040092642408 -0.9418577929397003 65.85
      vertex 38 0 65.77890625
      vertex 38 0 65.85
    endloop
  endfacet
  facet normal 0.3090169943749463 0.9510565162951538 -5.618335982753279e-16
    outer loop
      vertex 39.19497571366507 -3.684873253025952 62.016666666666666
      vertex 39.97532977831751 -3.938425658666933 63.35
      vertex 41.438493649540824 -4.413836419243776 60.85
    endloop
  endfacet
  facet normal 0.8099751917588177 -0.26317689326246535 0.5240974256643353
    outer loop
      vertex 40.9749681579784 -5.840421193686506 60.85
      vertex 41.438493649540824 -4.413836419243776 60.85
      vertex 39.97532977831751 -3.938425658666933 63.35
    endloop
  endfacet
  facet normal 0.3090169943749465 0.9510565162951539 -6.963233033141065e-16
    outer loop
      vertex 39.19497571366507 -3.684873253025952 62.016666666666666
      vertex 37.65104512871167 -3.1832197963581983 65.85
      vertex 39.97532977831751 -3.938425658666933 63.35
    endloop
  endfacet
  facet normal 0.3090169943749471 0.9510565162951536 -2.082927067683807e-17
    outer loop
      vertex 37.65104512871167 -3.1832197963581983 65.85
      vertex 41.438493649540824 -4.413836419243776 65.85
      vertex 39.97532977831751 -3.938425658666933 63.35
    endloop
  endfacet
  facet normal 0.809975191758817 -0.26317689326246513 -0.5240974256643363
    outer loop
      vertex 40.9749681579784 -5.840421193686506 65.85
      vertex 39.97532977831751 -3.938425658666933 63.35
      vertex 41.438493649540824 -4.413836419243776 65.85
    endloop
  endfacet
  facet normal 0 0 -1
    outer loop
      vertex 40.9749681579784 -5.840421193686506 65.85
      vertex 41.438493649540824 -4.413836419243776 65.85
      vertex 41.40308006144399 -4.72510785613224 65.85
    endloop
  endfacet
  facet normal 0 0 -1
    outer loop
      vertex 41.40308006144399 -4.72510785613224 65.85
      vertex 41.438493649540824 -4.413836419243776 65.85
      vertex 41.66345776384509 -3.560244977128768 65.85
    endloop
  endfacet
  facet normal 0.975916761938746 -0.2181432413965485 0
    outer loop
      vertex 41.40308006144399 -4.72510785613224 65.85
      vertex 41.66345776384509 -3.560244977128768 65.85
      vertex 41.40308006144399 -4.72510785613224 68.35
    endloop
  endfacet
  facet normal 0.975916761938746 -0.2181432413965485 6.6220156389247926e-18
    outer loop
      vertex 41.40308006144399 -4.72510785613224 68.35
      vertex 41.66345776384509 -3.560244977128768 65.85
      vertex 41.66345776384509 -3.560244977128768 68.35
    endloop
  endfacet
  facet normal 0 0 -1
    outer loop
      vertex 37.65104512871167 -3.1832197963581983 65.85
      vertex 37.73430876093033 -2.810719718785869 65.85
      vertex 41.438493649540824 -4.413836419243776 65.85
    endloop
  endfacet
  facet normal 0 0 -1
    outer loop
      vertex 37.73430876093033 -2.810719718785869 65.85
      vertex 37.88172051971717 -1.879998503464563 65.85
      vertex 41.438493649540824 -4.413836419243776 65.85
    endloop
  endfacet
  facet normal 0 0 -1
    outer loop
      vertex 41.438493649540824 -4.413836419243776 65.85
      vertex 38 0 65.85
      vertex 41.66345776384509 -3.560244977128768 65.85
    endloop
  endfacet
  facet normal 0 0 1
    outer loop
      vertex 39.04223058453829 -10.180709104600936 68.35
      vertex 39.649826920833405 -9.153319807932592 68.35
      vertex 39.04223058453829 10.180709104600929 68.35
    endloop
  endfacet
  facet normal 0 0 1
    outer loop
      vertex 39.649826920833405 -9.153319807932592 68.35
      vertex 40.191713996854375 -8.089806539736381 68.35
      vertex 39.649826920833405 9.15331980793259 68.35
    endloop
  endfacet
  facet normal 0.9876883405951379 -0.15643446504022976 0
    outer loop
      vertex 41.66345776384509 -3.560244977128768 65.85
      vertex 41.85017932497508 -2.38133143772178 65.85
      vertex 41.66345776384509 -3.560244977128768 68.35
    endloop
  endfacet
  facet normal 0.9876883405951379 -0.15643446504022976 3.863028109517658e-18
    outer loop
      vertex 41.66345776384509 -3.560244977128768 68.35
      vertex 41.85017932497508 -2.38133143772178 65.85
      vertex 41.85017932497508 -2.38133143772178 68.35
    endloop
  endfacet
  facet normal 0 0 -1
    outer loop
      vertex 37.88172051971717 -1.879998503464563 65.85
      vertex 37.97040092642408 -0.9418577929397003 65.85
      vertex 41.438493649540824 -4.413836419243776 65.85
    endloop
  endfacet
  facet normal 0 0 -1
    outer loop
      vertex 37.97040092642408 -0.9418577929397003 65.85
      vertex 38 0 65.85
      vertex 41.438493649540824 -4.413836419243776 65.85
    endloop
  endfacet
  facet normal 0 0 -1
    outer loop
      vertex 41.66345776384509 -3.560244977128768 65.85
      vertex 38 0 65.85
      vertex 41.85017932497508 -2.38133143772178 65.85
    endloop
  endfacet
  facet normal 0 0 1
    outer loop
      vertex 40.191713996854375 -8.089806539736381 68.35
      vertex 40.66575323187678 -6.994366501008882 68.35
      vertex 40.191713996854375 8.089806539736376 68.35
    endloop
  endfacet
  facet normal 0.9955619646030798 -0.09410831331851646 0
    outer loop
      vertex 41.85017932497508 -2.38133143772178 65.85
      vertex 41.962507840137164 -1.1930198710569542 65.85
      vertex 41.85017932497508 -2.38133143772178 68.35
    endloop
  endfacet
  facet normal 0 0 1
    outer loop
      vertex 40.66575323187678 -6.994366501008882 68.35
      vertex 41.07007380960792 -5.871322893124001 68.35
      vertex 40.66575323187678 6.994366501008891 68.35
    endloop
  endfacet
  facet normal 0 0 1
    outer loop
      vertex 41.07007380960792 -5.871322893124001 68.35
      vertex 41.40308006144399 -4.72510785613224 68.35
      vertex 41.07007380960792 5.8713228931240025 68.35
    endloop
  endfacet
  facet normal 0.9955619646030798 -0.09410831331851646 4.161680560400364e-18
    outer loop
      vertex 41.85017932497508 -2.38133143772178 68.35
      vertex 41.962507840137164 -1.1930198710569542 65.85
      vertex 41.962507840137164 -1.1930198710569542 68.35
    endloop
  endfacet
  facet normal 0 0 -1
    outer loop
      vertex 41.85017932497508 -2.38133143772178 65.85
      vertex 38 0 65.85
      vertex 41.9 0 65.85
    endloop
  endfacet
  facet normal 0 0 -1
    outer loop
      vertex 41.85017932497508 -2.38133143772178 65.85
      vertex 41.962507840137164 1.1930198710569613 65.85
      vertex 41.962507840137164 -1.1930198710569542 65.85
    endloop
  endfacet
  facet normal 0 0 -1
    outer loop
      vertex 41.85017932497508 -2.38133143772178 65.85
      vertex 41.9 0 65.85
      vertex 41.962507840137164 1.1930198710569613 65.85
    endloop
  endfacet
  facet normal 0.9995065603657317 -0.03141075907812481 0
    outer loop
      vertex 41.962507840137164 -1.1930198710569542 65.85
      vertex 42 0 65.85
      vertex 41.962507840137164 -1.1930198710569542 68.35
    endloop
  endfacet
  facet normal 0 0 1
    outer loop
      vertex 41.40308006144399 -4.72510785613224 68.35
      vertex 41.66345776384509 -3.560244977128768 68.35
      vertex 41.403080061443994 4.725107856132233 68.35
    endloop
  endfacet
  facet normal 0 0 1
    outer loop
      vertex 41.66345776384509 -3.560244977128768 68.35
      vertex 41.85017932497508 -2.38133143772178 68.35
      vertex 41.66345776384509 3.5602449771287716 68.35
    endloop
  endfacet
  facet normal 0.9995065603657317 -0.03141075907812481 -9.131204250926639e-19
    outer loop
      vertex 41.962507840137164 -1.1930198710569542 68.35
      vertex 42 0 65.85
      vertex 42 0 68.35
    endloop
  endfacet
  facet normal 0 0 1
    outer loop
      vertex 41.85017932497508 -2.38133143772178 68.35
      vertex 41.962507840137164 -1.1930198710569542 68.35
      vertex 41.85017932497508 2.3813314377217765 68.35
    endloop
  endfacet
  facet normal 0 0 -1
    outer loop
      vertex 3 -20 18.35
      vertex 3 20 18.35
      vertex 61 20 18.35
    endloop
  endfacet
  facet normal -1 0 0
    outer loop
      vertex 3 -20 18.35
      vertex 3 20 53.35
      vertex 3 20 18.35
    endloop
  endfacet
  facet normal 0 1 0
    outer loop
      vertex 3 20 18.35
      vertex 3 20 53.35
      vertex 61 20 18.35
    endloop
  endfacet
  facet normal 0 0 -1
    outer loop
      vertex 3 -20 18.35
      vertex 61 20 18.35
      vertex 60 11.288806331997286 18.35
    endloop
  endfacet
  facet normal 0 0 1
    outer loop
      vertex 3 20 53.35
      vertex 19.641774592349257 -0.9860639489450058 53.35
      vertex 19.641774592349257 0.9860639489450058 53.35
    endloop
  endfacet
  facet normal 0 0 1
    outer loop
      vertex 3 20 53.35
      vertex 19.641774592349257 0.9860639489450058 53.35
      vertex 20.7079874311915 2.6451235102399053 53.35
    endloop
  endfacet
  facet normal 0 0 1
    outer loop
      vertex 3 20 53.35
      vertex 20.7079874311915 2.6451235102399053 53.35
      vertex 22.501898066043502 3.464375046583264 53.35
    endloop
  endfacet
  facet normal 0 0 1
    outer loop
      vertex 3 20 53.35
      vertex 22.501898066043502 3.464375046583264 53.35
      vertex 24.453952545506603 3.183711983740814 53.35
    endloop
  endfacet
  facet normal 0 0 1
    outer loop
      vertex 3 20 53.35
      vertex 24.453952545506603 3.183711983740814 53.35
      vertex 61 -20 53.35
    endloop
  endfacet
  facet normal 0 0 -1
    outer loop
      vertex 4.03749215986284 -1.1930198710569506 58.35
      vertex 4 0 58.35
      vertex 4.03749215986284 1.1930198710569506 58.35
    endloop
  endfacet
  facet normal 0 0 -1
    outer loop
      vertex 4.03749215986284 -1.1930198710569506 58.35
      vertex 4.03749215986284 1.1930198710569506 58.35
      vertex 4.14982067502492 2.3813314377217765 58.35
    endloop
  endfacet
  facet normal 0 0 -1
    outer loop
      vertex 4.14982067502492 -2.3813314377217765 58.35
      vertex 4.14982067502492 2.3813314377217765 58.35
      vertex 4.336542236154916 3.5602449771287716 58.35
    endloop
  endfacet
  facet normal -0.9995065603657317 0.03141075907812788 5.522871417580061e-19
    outer loop
      vertex 4 0 58.35
      vertex 4.03749215986284 1.1930198710569506 60.85
      vertex 4.03749215986284 1.1930198710569506 58.35
    endloop
  endfacet
  facet normal -0.9995065603657317 0.03141075907812788 0
    outer loop
      vertex 4 0 58.35
      vertex 4 0 60.85
      vertex 4.03749215986284 1.1930198710569506 60.85
    endloop
  endfacet
  facet normal 0 0 1
    outer loop
      vertex 4.03749215986284 -1.1930198710569506 60.85
      vertex 4.03749215986284 1.1930198710569506 60.85
      vertex 4 0 60.85
    endloop
  endfacet
  facet normal 0 0 1
    outer loop
      vertex 4.100000000000001 0 60.85
      vertex 4.14982067502492 2.3813314377217765 60.85
      vertex 4.03749215986284 1.1930198710569506 60.85
    endloop
  endfacet
  facet normal 0 0 -1
    outer loop
      vertex 4.336542236154916 -3.5602449771287716 58.35
      vertex 4.336542236154916 3.5602449771287716 58.35
      vertex 4.5969199385560096 4.72510785613224 58.35
    endloop
  endfacet
  facet normal 0 0 -1
    outer loop
      vertex 4.5969199385560096 -4.725107856132242 58.35
      vertex 4.5969199385560096 4.72510785613224 58.35
      vertex 4.929926190392084 5.8713228931240025 58.35
    endloop
  endfacet
  facet normal -0.99556196460308 0.09410831331851352 3.195446436536957e-18
    outer loop
      vertex 4.03749215986284 1.1930198710569506 58.35
      vertex 4.14982067502492 2.3813314377217765 60.85
      vertex 4.14982067502492 2.3813314377217765 58.35
    endloop
  endfacet
  facet normal 0 0 -1
    outer loop
      vertex 4.929926190392084 -5.871322893124001 58.35
      vertex 4.929926190392084 5.8713228931240025 58.35
      vertex 5.334246768123222 6.99436650100888 58.35
    endloop
  endfacet
  facet normal -0.99556196460308 0.09410831331851352 0
    outer loop
      vertex 4.03749215986284 1.1930198710569506 58.35
      vertex 4.03749215986284 1.1930198710569506 60.85
      vertex 4.14982067502492 2.3813314377217765 60.85
    endloop
  endfacet
  facet normal 0 0 1
    outer loop
      vertex 4.100000000000001 0 60.85
      vertex 4.336542236154916 3.5602449771287716 60.85
      vertex 4.14982067502492 2.3813314377217765 60.85
    endloop
  endfacet
  facet normal 0 0 1
    outer loop
      vertex 4.100000000000001 0 60.85
      vertex 8.348954871288328 3.1832197963581983 60.85
      vertex 4.336542236154916 3.5602449771287716 60.85
    endloop
  endfacet
  facet normal 0 0 1
    outer loop
      vertex 4.100000000000001 0 60.85
      vertex 8 0 60.85
      vertex 8.029599073575927 0.9418577929397003 60.85
    endloop
  endfacet
  facet normal 0 0 1
    outer loop
      vertex 4.100000000000001 0 60.85
      vertex 8.029599073575927 0.9418577929397003 60.85
      vertex 8.118279480282832 1.8799985034645594 60.85
    endloop
  endfacet
  facet normal 0 0 1
    outer loop
      vertex 4.100000000000001 0 60.85
      vertex 8.118279480282832 1.8799985034645594 60.85
      vertex 8.265691239069671 2.8107197187858723 60.85
    endloop
  endfacet
  facet normal 0 0 1
    outer loop
      vertex 4.100000000000001 0 60.85
      vertex 8.265691239069671 2.8107197187858723 60.85
      vertex 8.348954871288328 3.1832197963581983 60.85
    endloop
  endfacet
  facet normal -0.9876883405951377 0.15643446504023176 1.087981237606353e-18
    outer loop
      vertex 4.14982067502492 2.3813314377217765 58.35
      vertex 4.336542236154916 3.5602449771287716 60.85
      vertex 4.336542236154916 3.5602449771287716 58.35
    endloop
  endfacet
  facet normal 0 0 -1
    outer loop
      vertex 5.334246768123222 -6.99436650100888 58.35
      vertex 5.334246768123222 6.99436650100888 58.35
      vertex 5.8082860031456285 8.089806539736376 58.35
    endloop
  endfacet
  facet normal 0 0 -1
    outer loop
      vertex 5.8082860031456285 -8.089806539736376 58.35
      vertex 5.8082860031456285 8.089806539736376 58.35
      vertex 6.350173079166595 9.15331980793259 58.35
    endloop
  endfacet
  facet normal 0 0 -1
    outer loop
      vertex 6.350173079166595 -9.153319807932592 58.35
      vertex 6.350173079166595 9.15331980793259 58.35
      vertex 6.957769415461716 10.180709104600936 58.35
    endloop
  endfacet
  facet normal -0.9876883405951377 0.15643446504023176 0
    outer loop
      vertex 4.14982067502492 2.3813314377217765 58.35
      vertex 4.14982067502492 2.3813314377217765 60.85
      vertex 4.336542236154916 3.5602449771287716 60.85
    endloop
  endfacet
  facet normal 0 0 1
    outer loop
      vertex 4.336542236154916 3.5602449771287716 60.85
      vertex 8.348954871288328 3.1832197963581983 60.85
      vertex 4.561506350459176 4.413836419243776 60.85
    endloop
  endfacet
  facet normal -0.9759167619387472 0.21814324139654348 -7.63928623462708e-18
    outer loop
      vertex 4.336542236154916 3.5602449771287716 58.35
      vertex 4.5969199385560096 4.72510785613224 60.85
      vertex 4.5969199385560096 4.72510785613224 58.35
    endloop
  endfacet
  facet normal -0.9759167619387472 0.21814324139654348 0
    outer loop
      vertex 4.336542236154916 3.5602449771287716 58.35
      vertex 4.336542236154916 3.5602449771287716 60.85
      vertex 4.5969199385560096 4.72510785613224 60.85
    endloop
  endfacet
  facet normal 0 0 1
    outer loop
      vertex 4.336542236154916 3.5602449771287716 60.85
      vertex 4.561506350459176 4.413836419243776 60.85
      vertex 4.5969199385560096 4.72510785613224 60.85
    endloop
  endfacet
  facet normal 0 0 -1
    outer loop
      vertex 6.957769415461716 -10.180709104600936 58.35
      vertex 6.957769415461716 10.180709104600936 58.35
      vertex 7.6286771068759975 11.16791979355699 58.35
    endloop
  endfacet
  facet normal 0 0 -1
    outer loop
      vertex 7.6286771068759975 -11.16791979355699 58.35
      vertex 7.6286771068759975 11.16791979355699 58.35
      vertex 8.360248387260002 12.111055805225106 58.35
    endloop
  endfacet
  facet normal 0 0 -1
    outer loop
      vertex 8.360248387260002 -12.111055805225103 58.35
      vertex 8.360248387260002 12.111055805225106 58.35
      vertex 9.149596078993179 13.00639501264508 58.35
    endloop
  endfacet
  facet normal 0 0 -1
    outer loop
      vertex 9.149596078993179 -13.006395012645081 58.35
      vertex 9.149596078993179 13.00639501264508 58.35
      vertex 9.993604987354919 13.850403921006823 58.35
    endloop
  endfacet
  facet normal -0.3090169943749472 -0.9510565162951535 3.20126361590177e-16
    outer loop
      vertex 4.561506350459176 4.413836419243776 60.85
      vertex 8.348954871288328 3.1832197963581983 60.85
      vertex 6.805024286334923 3.684873253025952 62.016666666666666
    endloop
  endfacet
  facet normal 0 0 -1
    outer loop
      vertex 9.993604987354919 -13.850403921006821 58.35
      vertex 9.993604987354919 13.850403921006823 58.35
      vertex 10.888944194774897 14.63975161274 58.35
    endloop
  endfacet
  facet normal 0 1 0
    outer loop
      vertex 4.100000000000001 0 60.85
      vertex 5.638461538461538 0 63.35
      vertex 8 0 60.85
    endloop
  endfacet
  facet normal 0 1 0
    outer loop
      vertex 5.638461538461538 0 63.35
      vertex 4.100000000000001 0 65.85
      vertex 6.458974358974359 0 64.68333333333334
    endloop
  endfacet
  facet normal 0 1 0
    outer loop
      vertex 8 0 60.85
      vertex 5.638461538461538 0 63.35
      vertex 6.458974358974359 0 64.68333333333334
    endloop
  endfacet
  facet normal -0.9995065603657315 0.03141075907812859 -2.234506016672547e-19
    outer loop
      vertex 8 0 60.85
      vertex 8.029599073575927 0.9418577929397003 65.85
      vertex 8.029599073575927 0.9418577929397003 60.85
    endloop
  endfacet
  facet normal 0 1 0
    outer loop
      vertex 8 0 60.85
      vertex 6.458974358974359 0 64.68333333333334
      vertex 8 0 65.77890625
    endloop
  endfacet
  facet normal -0.9995065603657315 0.03141075907812859 0
    outer loop
      vertex 8 0 60.85
      vertex 8 0 65.77890625
      vertex 8.029599073575927 0.9418577929397003 65.85
    endloop
  endfacet
  facet normal -0.9955619646030801 0.09410831331851338 -1.1702513799932343e-19
    outer loop
      vertex 8.029599073575927 0.9418577929397003 60.85
      vertex 8.118279480282832 1.8799985034645594 65.85
      vertex 8.118279480282832 1.8799985034645594 60.85
    endloop
  endfacet
  facet normal -0.9955619646030801 0.09410831331851338 0
    outer loop
      vertex 8.029599073575927 0.9418577929397003 60.85
      vertex 8.029599073575927 0.9418577929397003 65.85
      vertex 8.118279480282832 1.8799985034645594 65.85
    endloop
  endfacet
  facet normal -0.9876883405951377 0.1564344650402321 0
    outer loop
      vertex 8.118279480282832 1.8799985034645594 60.85
      vertex 8.118279480282832 1.8799985034645594 65.85
      vertex 8.265691239069671 2.8107197187858723 65.85
    endloop
  endfacet
  facet normal 0 0 -1
    outer loop
      vertex 4.03749215986284 -1.1930198710569506 65.85
      vertex 4 0 65.85
      vertex 4.03749215986284 1.1930198710569506 65.85
    endloop
  endfacet
  facet normal 0 0 -1
    outer loop
      vertex 4.03749215986284 -1.1930198710569506 65.85
      vertex 4.14982067502492 2.3813314377217765 65.85
      vertex 4.100000000000001 0 65.85
    endloop
  endfacet
  facet normal 0 0 -1
    outer loop
      vertex 4.03749215986284 -1.1930198710569506 65.85
      vertex 4.03749215986284 1.1930198710569506 65.85
      vertex 4.14982067502492 2.3813314377217765 65.85
    endloop
  endfacet
  facet normal 0 1 0
    outer loop
      vertex 6.458974358974359 0 64.68333333333334
      vertex 4.100000000000001 0 65.85
      vertex 8 0 65.85
    endloop
  endfacet
  facet normal 0 0 -1
    outer loop
      vertex 4.100000000000001 0 65.85
      vertex 4.14982067502492 2.3813314377217765 65.85
      vertex 8 0 65.85
    endloop
  endfacet
  facet normal 0 0 1
    outer loop
      vertex 4.03749215986284 -1.1930198710569506 68.35
      vertex 4.03749215986284 1.1930198710569506 68.35
      vertex 4 0 68.35
    endloop
  endfacet
  facet normal -0.9995065603657317 0.03141075907812788 0
    outer loop
      vertex 4 0 65.85
      vertex 4 0 68.35
      vertex 4.03749215986284 1.1930198710569506 68.35
    endloop
  endfacet
  facet normal 0 0 1
    outer loop
      vertex 4.14982067502492 -2.3813314377217765 68.35
      vertex 4.14982067502492 2.3813314377217765 68.35
      vertex 4.03749215986284 1.1930198710569506 68.35
    endloop
  endfacet
  facet normal -0.9995065603657317 0.03141075907812788 5.522871417580061e-19
    outer loop
      vertex 4 0 65.85
      vertex 4.03749215986284 1.1930198710569506 68.35
      vertex 4.03749215986284 1.1930198710569506 65.85
    endloop
  endfacet
  facet normal 0 0 1
    outer loop
      vertex 4.336542236154916 -3.5602449771287716 68.35
      vertex 4.336542236154916 3.5602449771287716 68.35
      vertex 4.14982067502492 2.3813314377217765 68.35
    endloop
  endfacet
  facet normal 0 0 1
    outer loop
      vertex 4.5969199385560096 -4.725107856132242 68.35
      vertex 4.5969199385560096 4.72510785613224 68.35
      vertex 4.336542236154916 3.5602449771287716 68.35
    endloop
  endfacet
  facet normal 0 0 -1
    outer loop
      vertex 4.14982067502492 2.3813314377217765 65.85
      vertex 4.336542236154916 3.5602449771287716 65.85
      vertex 8 0 65.85
    endloop
  endfacet
  facet normal -0.99556196460308 0.09410831331851352 0
    outer loop
      vertex 4.03749215986284 1.1930198710569506 65.85
      vertex 4.03749215986284 1.1930198710569506 68.35
      vertex 4.14982067502492 2.3813314377217765 68.35
    endloop
  endfacet
  facet normal -0.99556196460308 0.09410831331851352 3.195446436536957e-18
    outer loop
      vertex 4.03749215986284 1.1930198710569506 65.85
      vertex 4.14982067502492 2.3813314377217765 68.35
      vertex 4.14982067502492 2.3813314377217765 65.85
    endloop
  endfacet
  facet normal 0 0 1
    outer loop
      vertex 4.929926190392084 -5.871322893124001 68.35
      vertex 4.929926190392084 5.8713228931240025 68.35
      vertex 4.5969199385560096 4.72510785613224 68.35
    endloop
  endfacet
  facet normal 0 0 1
    outer loop
      vertex 5.334246768123222 -6.99436650100888 68.35
      vertex 5.334246768123222 6.99436650100888 68.35
      vertex 4.929926190392084 5.8713228931240025 68.35
    endloop
  endfacet
  facet normal 0 0 1
    outer loop
      vertex 5.8082860031456285 -8.089806539736376 68.35
      vertex 5.8082860031456285 8.089806539736376 68.35
      vertex 5.334246768123222 6.99436650100888 68.35
    endloop
  endfacet
  facet normal 0 1 0
    outer loop
      vertex 6.458974358974359 0 64.68333333333334
      vertex 8 0 65.85
      vertex 8 0 65.77890625
    endloop
  endfacet
  facet normal -0.9995065603657316 0.03141075907812858 0
    outer loop
      vertex 8 0 65.77890625
      vertex 8 0 65.85
      vertex 8.029599073575927 0.9418577929397003 65.85
    endloop
  endfacet
  facet normal 0 0 -1
    outer loop
      vertex 4.561506350459176 4.413836419243776 65.85
      vertex 8.029599073575927 0.9418577929397003 65.85
      vertex 8 0 65.85
    endloop
  endfacet
  facet normal 0 0 -1
    outer loop
      vertex 4.561506350459176 4.413836419243776 65.85
      vertex 8.118279480282832 1.8799985034645594 65.85
      vertex 8.029599073575927 0.9418577929397003 65.85
    endloop
  endfacet
  facet normal -0.30901699437494695 -0.9510565162951536 -1.5599311309136564e-16
    outer loop
      vertex 4.561506350459176 4.413836419243776 60.85
      vertex 6.805024286334923 3.684873253025952 62.016666666666666
      vertex 6.0246702216824914 3.938425658666933 63.35
    endloop
  endfacet
  facet normal -0.8099751917588177 0.26317689326246535 0.5240974256643353
    outer loop
      vertex 4.561506350459176 4.413836419243776 60.85
      vertex 6.0246702216824914 3.938425658666933 63.35
      vertex 5.025031842021598 5.840421193686506 60.85
    endloop
  endfacet
  facet normal -0.9759167619387478 0.21814324139654104 -1.4858354777495532e-19
    outer loop
      vertex 8.265691239069671 2.8107197187858723 60.85
      vertex 8.348954871288328 3.1832197963581983 63.3356667247929
      vertex 8.348954871288328 3.1832197963581983 60.85
    endloop
  endfacet
  facet normal -0.9876883405951377 0.1564344650402321 -2.5679991866264325e-18
    outer loop
      vertex 8.118279480282832 1.8799985034645594 60.85
      vertex 8.265691239069671 2.8107197187858723 65.85
      vertex 8.265691239069671 2.8107197187858723 60.85
    endloop
  endfacet
  facet normal -0.3090169943749474 -0.9510565162951535 -1.155463898235978e-18
    outer loop
      vertex 6.805024286334923 3.684873253025952 62.016666666666666
      vertex 8.348954871288328 3.1832197963581983 60.85
      vertex 8.348954871288328 3.1832197963581983 63.3356667247929
    endloop
  endfacet
  facet normal -0.9759167619387478 0.21814324139654104 0
    outer loop
      vertex 8.265691239069671 2.8107197187858723 60.85
      vertex 8.265691239069671 2.8107197187858723 65.85
      vertex 8.348954871288328 3.1832197963581983 63.3356667247929
    endloop
  endfacet
  facet normal -0.30901699437494706 -0.9510565162951538 -1.8167851759486631e-16
    outer loop
      vertex 6.805024286334923 3.684873253025952 62.016666666666666
      vertex 8.348954871288328 3.1832197963581983 65.85
      vertex 6.0246702216824914 3.938425658666933 63.35
    endloop
  endfacet
  facet normal -0.30901699437494734 -0.9510565162951535 -1.1422901617161704e-18
    outer loop
      vertex 6.805024286334923 3.684873253025952 62.016666666666666
      vertex 8.348954871288328 3.1832197963581983 63.3356667247929
      vertex 8.348954871288328 3.1832197963581983 65.85
    endloop
  endfacet
  facet normal 0.30901699437494906 0.9510565162951531 0
    outer loop
      vertex 8.734152255572697 4.635254915624209 60.85
      vertex 7.268549777897345 5.111458027468682 64.68333333333334
      vertex 8.734152255572697 4.635254915624209 65.77890625
    endloop
  endfacet
  facet normal -0.9408807689542265 0.3387379202452883 0
    outer loop
      vertex 8.734152255572697 4.635254915624209 60.85
      vertex 8.734152255572697 4.635254915624209 65.77890625
      vertex 9.053352711676228 5.52186829027017 65.85
    endloop
  endfacet
  facet normal 0 0 -1
    outer loop
      vertex 4.336542236154916 3.5602449771287716 65.85
      vertex 4.561506350459176 4.413836419243776 65.85
      vertex 8 0 65.85
    endloop
  endfacet
  facet normal -0.9876883405951377 0.15643446504023176 0
    outer loop
      vertex 4.14982067502492 2.3813314377217765 65.85
      vertex 4.14982067502492 2.3813314377217765 68.35
      vertex 4.336542236154916 3.5602449771287716 68.35
    endloop
  endfacet
  facet normal -0.9876883405951377 0.15643446504023176 1.087981237606353e-18
    outer loop
      vertex 4.14982067502492 2.3813314377217765 65.85
      vertex 4.336542236154916 3.5602449771287716 68.35
      vertex 4.336542236154916 3.5602449771287716 65.85
    endloop
  endfacet
  facet normal 0 0 1
    outer loop
      vertex 6.350173079166595 -9.153319807932592 68.35
      vertex 6.350173079166595 9.15331980793259 68.35
      vertex 5.8082860031456285 8.089806539736376 68.35
    endloop
  endfacet
  facet normal 0 0 -1
    outer loop
      vertex 4.336542236154916 3.5602449771287716 65.85
      vertex 4.5969199385560096 4.72510785613224 65.85
      vertex 4.561506350459176 4.413836419243776 65.85
    endloop
  endfacet
  facet normal 0 0 -1
    outer loop
      vertex 4.561506350459176 4.413836419243776 65.85
      vertex 4.5969199385560096 4.72510785613224 65.85
      vertex 5.025031842021598 5.840421193686506 65.85
    endloop
  endfacet
  facet normal -0.3090169943749471 -0.9510565162951536 -3.877211671849921e-18
    outer loop
      vertex 6.0246702216824914 3.938425658666933 63.35
      vertex 8.348954871288328 3.1832197963581983 65.85
      vertex 4.561506350459176 4.413836419243776 65.85
    endloop
  endfacet
  facet normal -0.809975191758817 0.2631768932624652 -0.5240974256643363
    outer loop
      vertex 6.0246702216824914 3.938425658666933 63.35
      vertex 4.561506350459176 4.413836419243776 65.85
      vertex 5.025031842021598 5.840421193686506 65.85
    endloop
  endfacet
  facet normal -0.9759167619387472 0.21814324139654348 -7.63928623462708e-18
    outer loop
      vertex 4.336542236154916 3.5602449771287716 65.85
      vertex 4.5969199385560096 4.72510785613224 68.35
      vertex 4.5969199385560096 4.72510785613224 65.85
    endloop
  endfacet
  facet normal -0.9759167619387472 0.21814324139654348 0
    outer loop
      vertex 4.336542236154916 3.5602449771287716 65.85
      vertex 4.336542236154916 3.5602449771287716 68.35
      vertex 4.5969199385560096 4.72510785613224 68.35
    endloop
  endfacet
  facet normal -0.9759167619387477 0.21814324139654104 0
    outer loop
      vertex 8.348954871288328 3.1832197963581983 63.3356667247929
      vertex 8.265691239069671 2.8107197187858723 65.85
      vertex 8.348954871288328 3.1832197963581983 65.85
    endloop
  endfacet
  facet normal 0 0 -1
    outer loop
      vertex 4.561506350459176 4.413836419243776 65.85
      vertex 8.265691239069671 2.8107197187858723 65.85
      vertex 8.118279480282832 1.8799985034645594 65.85
    endloop
  endfacet
  facet normal 0 0 -1
    outer loop
      vertex 4.561506350459176 4.413836419243776 65.85
      vertex 8.348954871288328 3.1832197963581983 65.85
      vertex 8.265691239069671 2.8107197187858723 65.85
    endloop
  endfacet
  facet normal 0 0 1
    outer loop
      vertex 6.957769415461716 -10.180709104600936 68.35
      vertex 6.957769415461716 10.180709104600936 68.35
      vertex 6.350173079166595 9.15331980793259 68.35
    endloop
  endfacet
  facet normal 0 0 1
    outer loop
      vertex 7.6286771068759975 -11.16791979355699 68.35
      vertex 7.6286771068759975 11.16791979355699 68.35
      vertex 6.957769415461716 10.180709104600936 68.35
    endloop
  endfacet
  facet normal 0 0 1
    outer loop
      vertex 8.360248387260002 -12.111055805225103 68.35
      vertex 8.360248387260002 12.111055805225106 68.35
      vertex 7.6286771068759975 11.16791979355699 68.35
    endloop
  endfacet
  facet normal 0.3090169943749491 0.951056516295153 0
    outer loop
      vertex 8.734152255572697 4.635254915624209 65.77890625
      vertex 7.268549777897345 5.111458027468682 64.68333333333334
      vertex 8.734152255572697 4.635254915624209 65.85
    endloop
  endfacet
  facet normal -0.9408807689542266 0.3387379202452884 0
    outer loop
      vertex 8.734152255572697 4.635254915624209 65.77890625
      vertex 8.734152255572697 4.635254915624209 65.85
      vertex 9.053352711676228 5.52186829027017 65.85
    endloop
  endfacet
  facet normal 0 0 1
    outer loop
      vertex 9.149596078993179 -13.006395012645081 68.35
      vertex 9.149596078993179 13.00639501264508 68.35
      vertex 8.360248387260002 12.111055805225106 68.35
    endloop
  endfacet
  facet normal 0 0 1
    outer loop
      vertex 9.993604987354919 -13.850403921006821 68.35
      vertex 9.993604987354919 13.850403921006823 68.35
      vertex 9.149596078993179 13.00639501264508 68.35
    endloop
  endfacet
  facet normal 0 0 1
    outer loop
      vertex 10.888944194774897 -14.639751612739998 68.35
      vertex 10.888944194774897 14.63975161274 68.35
      vertex 9.993604987354919 13.850403921006823 68.35
    endloop
  endfacet
  facet normal 0 0 1
    outer loop
      vertex 11.83208020644301 -15.371322893124002 68.35
      vertex 11.83208020644301 15.371322893124002 68.35
      vertex 10.888944194774897 14.63975161274 68.35
    endloop
  endfacet
  facet normal -0.960293685676943 0.27899110603922983 -1.9706273744230346e-18
    outer loop
      vertex 4.5969199385560096 4.72510785613224 58.35
      vertex 4.929926190392084 5.8713228931240025 60.85
      vertex 4.929926190392084 5.8713228931240025 58.35
    endloop
  endfacet
  facet normal -0.960293685676943 0.27899110603922983 0
    outer loop
      vertex 4.5969199385560096 4.72510785613224 58.35
      vertex 4.5969199385560096 4.72510785613224 60.85
      vertex 4.929926190392084 5.8713228931240025 60.85
    endloop
  endfacet
  facet normal 0 0 1
    outer loop
      vertex 4.561506350459176 4.413836419243776 60.85
      vertex 4.929926190392084 5.8713228931240025 60.85
      vertex 4.5969199385560096 4.72510785613224 60.85
    endloop
  endfacet
  facet normal 0 0 1
    outer loop
      vertex 4.561506350459176 4.413836419243776 60.85
      vertex 5.025031842021598 5.840421193686506 60.85
      vertex 4.929926190392084 5.8713228931240025 60.85
    endloop
  endfacet
  facet normal -0.9408807689542262 0.3387379202452896 0
    outer loop
      vertex 4.929926190392084 5.8713228931240025 58.35
      vertex 4.929926190392084 5.8713228931240025 60.85
      vertex 5.334246768123222 6.99436650100888 60.85
    endloop
  endfacet
  facet normal 0 0 1
    outer loop
      vertex 5.025031842021598 5.840421193686506 60.85
      vertex 5.334246768123222 6.99436650100888 60.85
      vertex 4.929926190392084 5.8713228931240025 60.85
    endloop
  endfacet
  facet normal -0.9408807689542262 0.3387379202452896 5.798523871605455e-18
    outer loop
      vertex 4.929926190392084 5.8713228931240025 58.35
      vertex 5.334246768123222 6.99436650100888 60.85
      vertex 5.334246768123222 6.99436650100888 58.35
    endloop
  endfacet
  facet normal -0.9177546256839805 0.39714789063478206 0
    outer loop
      vertex 5.334246768123222 6.99436650100888 58.35
      vertex 5.334246768123222 6.99436650100888 60.85
      vertex 5.8082860031456285 8.089806539736376 60.85
    endloop
  endfacet
  facet normal 0 0 1
    outer loop
      vertex 5.025031842021598 5.840421193686506 60.85
      vertex 5.8082860031456285 8.089806539736376 60.85
      vertex 5.334246768123222 6.99436650100888 60.85
    endloop
  endfacet
  facet normal 0 0 1
    outer loop
      vertex 8.734152255572697 4.635254915624209 60.85
      vertex 9.053352711676228 5.52186829027017 60.85
      vertex 5.025031842021598 5.840421193686506 60.85
    endloop
  endfacet
  facet normal 0 0 1
    outer loop
      vertex 5.025031842021598 5.840421193686506 60.85
      vertex 9.053352711676228 5.52186829027017 60.85
      vertex 9.427594213009707 6.386689373476088 60.85
    endloop
  endfacet
  facet normal 0 0 1
    outer loop
      vertex 5.025031842021598 5.840421193686506 60.85
      vertex 9.427594213009707 6.386689373476088 60.85
      vertex 9.855399799342049 7.226305111525733 60.85
    endloop
  endfacet
  facet normal 0 0 1
    outer loop
      vertex 5.025031842021598 5.840421193686506 60.85
      vertex 9.855399799342049 7.226305111525733 60.85
      vertex 10.04969707370984 7.55484386025239 60.85
    endloop
  endfacet
  facet normal -0.9177546256839805 0.39714789063478206 -1.5233657869489406e-18
    outer loop
      vertex 5.334246768123222 6.99436650100888 58.35
      vertex 5.8082860031456285 8.089806539736376 60.85
      vertex 5.8082860031456285 8.089806539736376 58.35
    endloop
  endfacet
  facet normal 0 0 1
    outer loop
      vertex 5.025031842021598 5.840421193686506 60.85
      vertex 6.350173079166595 9.15331980793259 60.85
      vertex 5.8082860031456285 8.089806539736376 60.85
    endloop
  endfacet
  facet normal -0.8910065241883673 0.45399049973954775 0
    outer loop
      vertex 5.8082860031456285 8.089806539736376 58.35
      vertex 5.8082860031456285 8.089806539736376 60.85
      vertex 6.350173079166595 9.15331980793259 60.85
    endloop
  endfacet
  facet normal -0.8910065241883673 0.45399049973954775 9.117962051850903e-18
    outer loop
      vertex 5.8082860031456285 8.089806539736376 58.35
      vertex 6.350173079166595 9.15331980793259 60.85
      vertex 6.350173079166595 9.15331980793259 58.35
    endloop
  endfacet
  facet normal -0.8607420270039441 0.5090414157503704 0
    outer loop
      vertex 6.350173079166595 9.15331980793259 58.35
      vertex 6.350173079166595 9.15331980793259 60.85
      vertex 6.957769415461716 10.180709104600936 60.85
    endloop
  endfacet
  facet normal 0 0 1
    outer loop
      vertex 5.025031842021598 5.840421193686506 60.85
      vertex 10.04969707370984 7.55484386025239 60.85
      vertex 6.350173079166595 9.15331980793259 60.85
    endloop
  endfacet
  facet normal -0.5877852522924732 -0.8090169943749472 2.5611039966009434e-16
    outer loop
      vertex 6.827900927874783 9.895615776765322 60.85
      vertex 10.04969707370984 7.55484386025239 60.85
      vertex 8.736351273579787 8.509045438024103 62.016666666666666
    endloop
  endfacet
  facet normal -0.8607420270039441 0.5090414157503704 2.882535237790453e-18
    outer loop
      vertex 6.350173079166595 9.15331980793259 58.35
      vertex 6.957769415461716 10.180709104600936 60.85
      vertex 6.957769415461716 10.180709104600936 58.35
    endloop
  endfacet
  facet normal 0 0 1
    outer loop
      vertex 6.350173079166595 9.15331980793259 60.85
      vertex 10.04969707370984 7.55484386025239 60.85
      vertex 6.827900927874783 9.895615776765322 60.85
    endloop
  endfacet
  facet normal 0 0 1
    outer loop
      vertex 6.350173079166595 9.15331980793259 60.85
      vertex 6.827900927874783 9.895615776765322 60.85
      vertex 6.957769415461716 10.180709104600936 60.85
    endloop
  endfacet
  facet normal 0 0 1
    outer loop
      vertex 10.864745084375787 8.816778784387097 60.85
      vertex 11.44230135836316 9.561359846230346 60.85
      vertex 7.709578806313493 11.109141268327743 60.85
    endloop
  endfacet
  facet normal 0 0 -1
    outer loop
      vertex 10.888944194774897 -14.639751612739998 58.35
      vertex 10.888944194774897 14.63975161274 58.35
      vertex 11.83208020644301 15.371322893124002 58.35
    endloop
  endfacet
  facet normal 0 0 -1
    outer loop
      vertex 11.83208020644301 -15.371322893124002 58.35
      vertex 11.83208020644301 15.371322893124002 58.35
      vertex 12.819290895399064 16.042230584538288 58.35
    endloop
  endfacet
  facet normal 0 0 -1
    outer loop
      vertex 12.819290895399064 -16.042230584538284 58.35
      vertex 12.819290895399064 16.042230584538288 58.35
      vertex 13.846680192067408 16.649826920833405 58.35
    endloop
  endfacet
  facet normal 0 0 -1
    outer loop
      vertex 13.84668019206741 -16.64982692083341 58.35
      vertex 13.846680192067408 16.649826920833405 58.35
      vertex 14.910193460263624 17.191713996854375 58.35
    endloop
  endfacet
  facet normal 0 0 -1
    outer loop
      vertex 14.910193460263619 -17.19171399685437 58.35
      vertex 14.910193460263624 17.191713996854375 58.35
      vertex 16.00563349899112 17.665753231876778 58.35
    endloop
  endfacet
  facet normal 0 0 -1
    outer loop
      vertex 16.00563349899112 -17.665753231876778 58.35
      vertex 16.00563349899112 17.665753231876778 58.35
      vertex 17.128677106875998 18.07007380960792 58.35
    endloop
  endfacet
  facet normal -0.8099751917588188 0.2631768932624637 0.5240974256643345
    outer loop
      vertex 6.0246702216824914 3.938425658666933 63.35
      vertex 6.4881957132449095 5.3650104331096635 63.35
      vertex 5.025031842021598 5.840421193686506 60.85
    endloop
  endfacet
  facet normal -0.8099751917588182 0.26317689326246346 -0.5240974256643355
    outer loop
      vertex 6.0246702216824914 3.938425658666933 63.35
      vertex 5.025031842021598 5.840421193686506 65.85
      vertex 6.4881957132449095 5.3650104331096635 63.35
    endloop
  endfacet
  facet normal 0.3090169943749466 0.9510565162951538 -7.751142173668357e-16
    outer loop
      vertex 6.4881957132449095 5.3650104331096635 63.35
      vertex 5.025031842021598 5.840421193686506 65.85
      vertex 7.268549777897345 5.111458027468682 64.68333333333334
    endloop
  endfacet
  facet normal 0.3090169943749479 0.9510565162951534 3.6581785780849884e-18
    outer loop
      vertex 8.734152255572697 4.635254915624209 60.85
      vertex 5.025031842021598 5.840421193686506 60.85
      vertex 6.4881957132449095 5.3650104331096635 63.35
    endloop
  endfacet
  facet normal 0.30901699437494695 0.9510565162951538 -9.183594986901033e-16
    outer loop
      vertex 8.734152255572697 4.635254915624209 60.85
      vertex 6.4881957132449095 5.3650104331096635 63.35
      vertex 7.268549777897345 5.111458027468682 64.68333333333334
    endloop
  endfacet
  facet normal -0.9408807689542266 0.3387379202452884 -2.7255424347199754e-18
    outer loop
      vertex 8.734152255572697 4.635254915624209 60.85
      vertex 9.053352711676228 5.52186829027017 65.85
      vertex 9.053352711676228 5.52186829027017 60.85
    endloop
  endfacet
  facet normal -0.9177546256839804 0.3971478906347826 4.387722694830478e-18
    outer loop
      vertex 9.053352711676228 5.52186829027017 60.85
      vertex 9.427594213009707 6.386689373476088 65.85
      vertex 9.427594213009707 6.386689373476088 60.85
    endloop
  endfacet
  facet normal -0.9177546256839804 0.3971478906347826 0
    outer loop
      vertex 9.053352711676228 5.52186829027017 60.85
      vertex 9.053352711676228 5.52186829027017 65.85
      vertex 9.427594213009707 6.386689373476088 65.85
    endloop
  endfacet
  facet normal -0.8607420270039425 0.5090414157503732 -5.736970819051436e-18
    outer loop
      vertex 9.855399799342049 7.226305111525733 60.85
      vertex 10.04969707370984 7.55484386025239 63.3356667247929
      vertex 10.04969707370984 7.55484386025239 60.85
    endloop
  endfacet
  facet normal -0.8910065241883678 0.45399049973954697 -1.987716839084243e-18
    outer loop
      vertex 9.427594213009707 6.386689373476088 60.85
      vertex 9.855399799342049 7.226305111525733 65.85
      vertex 9.855399799342049 7.226305111525733 60.85
    endloop
  endfacet
  facet normal -0.8910065241883678 0.45399049973954697 0
    outer loop
      vertex 9.427594213009707 6.386689373476088 60.85
      vertex 9.427594213009707 6.386689373476088 65.85
      vertex 9.855399799342049 7.226305111525733 65.85
    endloop
  endfacet
  facet normal -0.8607420270039424 0.5090414157503732 0
    outer loop
      vertex 9.855399799342049 7.226305111525733 60.85
      vertex 9.855399799342049 7.226305111525733 65.85
      vertex 10.04969707370984 7.55484386025239 63.3356667247929
    endloop
  endfacet
  facet normal 0 0 -1
    outer loop
      vertex 4.5969199385560096 4.72510785613224 65.85
      vertex 4.929926190392084 5.8713228931240025 65.85
      vertex 5.025031842021598 5.840421193686506 65.85
    endloop
  endfacet
  facet normal 0 0 -1
    outer loop
      vertex 5.025031842021598 5.840421193686506 65.85
      vertex 4.929926190392084 5.8713228931240025 65.85
      vertex 5.334246768123222 6.99436650100888 65.85
    endloop
  endfacet
  facet normal 0 0 -1
    outer loop
      vertex 8.734152255572697 4.635254915624209 65.85
      vertex 5.025031842021598 5.840421193686506 65.85
      vertex 5.334246768123222 6.99436650100888 65.85
    endloop
  endfacet
  facet normal -0.960293685676943 0.27899110603922983 0
    outer loop
      vertex 4.5969199385560096 4.72510785613224 65.85
      vertex 4.5969199385560096 4.72510785613224 68.35
      vertex 4.929926190392084 5.8713228931240025 68.35
    endloop
  endfacet
  facet normal -0.960293685676943 0.27899110603922983 -1.9706273744230346e-18
    outer loop
      vertex 4.5969199385560096 4.72510785613224 65.85
      vertex 4.929926190392084 5.8713228931240025 68.35
      vertex 4.929926190392084 5.8713228931240025 65.85
    endloop
  endfacet
  facet normal -0.9408807689542262 0.3387379202452896 0
    outer loop
      vertex 4.929926190392084 5.8713228931240025 65.85
      vertex 4.929926190392084 5.8713228931240025 68.35
      vertex 5.334246768123222 6.99436650100888 68.35
    endloop
  endfacet
  facet normal -0.9408807689542262 0.3387379202452896 5.798523871605455e-18
    outer loop
      vertex 4.929926190392084 5.8713228931240025 65.85
      vertex 5.334246768123222 6.99436650100888 68.35
      vertex 5.334246768123222 6.99436650100888 65.85
    endloop
  endfacet
  facet normal -0.9177546256839805 0.39714789063478206 0
    outer loop
      vertex 5.334246768123222 6.99436650100888 65.85
      vertex 5.334246768123222 6.99436650100888 68.35
      vertex 5.8082860031456285 8.089806539736376 68.35
    endloop
  endfacet
  facet normal 0.30901699437494784 0.9510565162951534 1.7466348543751339e-15
    outer loop
      vertex 8.734152255572697 4.635254915624209 65.85
      vertex 7.268549777897345 5.111458027468682 64.68333333333334
      vertex 5.025031842021598 5.840421193686506 65.85
    endloop
  endfacet
  facet normal 0 0 -1
    outer loop
      vertex 8.734152255572697 4.635254915624209 65.85
      vertex 5.334246768123222 6.99436650100888 65.85
      vertex 5.8082860031456285 8.089806539736376 65.85
    endloop
  endfacet
  facet normal 0 0 -1
    outer loop
      vertex 8.734152255572697 4.635254915624209 65.85
      vertex 6.827900927874783 9.895615776765322 65.85
      vertex 9.053352711676228 5.52186829027017 65.85
    endloop
  endfacet
  facet normal 0 0 -1
    outer loop
      vertex 8.734152255572697 4.635254915624209 65.85
      vertex 5.8082860031456285 8.089806539736376 65.85
      vertex 6.350173079166595 9.15331980793259 65.85
    endloop
  endfacet
  facet normal -0.8607420270039425 0.5090414157503731 -5.671562161881455e-18
    outer loop
      vertex 9.855399799342049 7.226305111525733 65.85
      vertex 10.04969707370984 7.55484386025239 65.85
      vertex 10.04969707370984 7.55484386025239 63.3356667247929
    endloop
  endfacet
  facet normal 0 0 -1
    outer loop
      vertex 9.053352711676228 5.52186829027017 65.85
      vertex 6.827900927874783 9.895615776765322 65.85
      vertex 9.427594213009707 6.386689373476088 65.85
    endloop
  endfacet
  facet normal -0.5877852522924734 -0.8090169943749473 4.472953667385318e-18
    outer loop
      vertex 8.736351273579787 8.509045438024103 62.016666666666666
      vertex 10.04969707370984 7.55484386025239 60.85
      vertex 10.04969707370984 7.55484386025239 63.3356667247929
    endloop
  endfacet
  facet normal -0.5877852522924732 -0.8090169943749471 4.421956389868122e-18
    outer loop
      vertex 8.736351273579787 8.509045438024103 62.016666666666666
      vertex 10.04969707370984 7.55484386025239 63.3356667247929
      vertex 10.04969707370984 7.55484386025239 65.85
    endloop
  endfacet
  facet normal -0.5877852522924728 -0.8090169943749477 -2.58637736547753e-16
    outer loop
      vertex 8.736351273579787 8.509045438024103 62.016666666666666
      vertex 10.04969707370984 7.55484386025239 65.85
      vertex 8.072542457682395 8.991330773238438 63.35
    endloop
  endfacet
  facet normal -0.587785252292473 -0.8090169943749475 -3.7504026550589283e-16
    outer loop
      vertex 6.827900927874783 9.895615776765322 60.85
      vertex 8.736351273579787 8.509045438024103 62.016666666666666
      vertex 8.072542457682395 8.991330773238438 63.35
    endloop
  endfacet
  facet normal -0.6890060516147369 0.5005921985511631 0.5240974256643351
    outer loop
      vertex 6.827900927874783 9.895615776765322 60.85
      vertex 8.072542457682395 8.991330773238438 63.35
      vertex 7.709578806313493 11.109141268327743 60.85
    endloop
  endfacet
  facet normal 0.5877852522924725 0.809016994374948 -6.910086888295961e-16
    outer loop
      vertex 9.618029152018497 9.722570929586524 64.68333333333334
      vertex 10.864745084375787 8.816778784387097 60.85
      vertex 8.954220336121104 10.20485626480086 63.35
    endloop
  endfacet
  facet normal -0.9177546256839805 0.39714789063478206 -1.5233657869489406e-18
    outer loop
      vertex 5.334246768123222 6.99436650100888 65.85
      vertex 5.8082860031456285 8.089806539736376 68.35
      vertex 5.8082860031456285 8.089806539736376 65.85
    endloop
  endfacet
  facet normal -0.8910065241883673 0.45399049973954775 0
    outer loop
      vertex 5.8082860031456285 8.089806539736376 65.85
      vertex 5.8082860031456285 8.089806539736376 68.35
      vertex 6.350173079166595 9.15331980793259 68.35
    endloop
  endfacet
  facet normal -0.8910065241883673 0.45399049973954775 9.117962051850903e-18
    outer loop
      vertex 5.8082860031456285 8.089806539736376 65.85
      vertex 6.350173079166595 9.15331980793259 68.35
      vertex 6.350173079166595 9.15331980793259 65.85
    endloop
  endfacet
  facet normal -0.8607420270039441 0.5090414157503704 0
    outer loop
      vertex 6.350173079166595 9.15331980793259 65.85
      vertex 6.350173079166595 9.15331980793259 68.35
      vertex 6.957769415461716 10.180709104600936 68.35
    endloop
  endfacet
  facet normal 0 0 -1
    outer loop
      vertex 8.734152255572697 4.635254915624209 65.85
      vertex 6.350173079166595 9.15331980793259 65.85
      vertex 6.827900927874783 9.895615776765322 65.85
    endloop
  endfacet
  facet normal 0 0 -1
    outer loop
      vertex 9.427594213009707 6.386689373476088 65.85
      vertex 6.827900927874783 9.895615776765322 65.85
      vertex 9.855399799342049 7.226305111525733 65.85
    endloop
  endfacet
  facet normal 0 0 -1
    outer loop
      vertex 9.855399799342049 7.226305111525733 65.85
      vertex 6.827900927874783 9.895615776765322 65.85
      vertex 10.04969707370984 7.55484386025239 65.85
    endloop
  endfacet
  facet normal -0.5877852522924732 -0.8090169943749473 2.1635494855187793e-16
    outer loop
      vertex 8.072542457682395 8.991330773238438 63.35
      vertex 10.04969707370984 7.55484386025239 65.85
      vertex 6.827900927874783 9.895615776765322 65.85
    endloop
  endfacet
  facet normal -0.6890060516147363 0.5005921985511627 -0.5240974256643361
    outer loop
      vertex 8.072542457682395 8.991330773238438 63.35
      vertex 6.827900927874783 9.895615776765322 65.85
      vertex 7.709578806313493 11.109141268327743 65.85
    endloop
  endfacet
  facet normal 0 0 -1
    outer loop
      vertex 6.350173079166595 9.15331980793259 65.85
      vertex 6.957769415461716 10.180709104600936 65.85
      vertex 6.827900927874783 9.895615776765322 65.85
    endloop
  endfacet
  facet normal 0.5877852522924734 0.8090169943749472 6.107157050199931e-16
    outer loop
      vertex 9.618029152018497 9.722570929586524 64.68333333333334
      vertex 7.709578806313493 11.109141268327743 65.85
      vertex 10.864745084375787 8.816778784387097 65.85
    endloop
  endfacet
  facet normal -0.8607420270039441 0.5090414157503704 2.882535237790453e-18
    outer loop
      vertex 6.350173079166595 9.15331980793259 65.85
      vertex 6.957769415461716 10.180709104600936 68.35
      vertex 6.957769415461716 10.180709104600936 65.85
    endloop
  endfacet
  facet normal 0 0 1
    outer loop
      vertex 12.819290895399064 -16.042230584538284 68.35
      vertex 12.819290895399064 16.042230584538288 68.35
      vertex 11.83208020644301 15.371322893124002 68.35
    endloop
  endfacet
  facet normal 0 0 1
    outer loop
      vertex 13.84668019206741 -16.64982692083341 68.35
      vertex 13.846680192067408 16.649826920833405 68.35
      vertex 12.819290895399064 16.042230584538288 68.35
    endloop
  endfacet
  facet normal 0 0 1
    outer loop
      vertex 14.910193460263619 -17.19171399685437 68.35
      vertex 14.910193460263624 17.191713996854375 68.35
      vertex 13.846680192067408 16.649826920833405 68.35
    endloop
  endfacet
  facet normal 0 0 1
    outer loop
      vertex 16.00563349899112 -17.665753231876778 68.35
      vertex 16.00563349899112 17.665753231876778 68.35
      vertex 14.910193460263624 17.191713996854375 68.35
    endloop
  endfacet
  facet normal 0 0 1
    outer loop
      vertex 17.128677106875998 -18.070073809607916 68.35
      vertex 17.128677106875998 18.07007380960792 68.35
      vertex 16.00563349899112 17.665753231876778 68.35
    endloop
  endfacet
  facet normal -0.7901550123756906 0.6129070536529764 2.5790019274364822e-18
    outer loop
      vertex 10.864745084375787 8.816778784387097 60.85
      vertex 11.44230135836316 9.561359846230346 65.85
      vertex 11.44230135836316 9.561359846230346 60.85
    endloop
  endfacet
  facet normal 0.5877852522924738 0.8090169943749469 -2.3519033605900826e-18
    outer loop
      vertex 9.618029152018497 9.722570929586524 64.68333333333334
      vertex 10.864745084375787 8.816778784387097 65.77890625
      vertex 10.864745084375787 8.816778784387097 60.85
    endloop
  endfacet
  facet normal -0.7901550123756904 0.6129070536529763 0
    outer loop
      vertex 10.864745084375787 8.816778784387097 60.85
      vertex 10.864745084375787 8.816778784387097 65.77890625
      vertex 11.44230135836316 9.561359846230346 65.85
    endloop
  endfacet
  facet normal -0.7501110696304584 0.6613118653236533 0
    outer loop
      vertex 11.44230135836316 9.561359846230346 60.85
      vertex 11.44230135836316 9.561359846230346 65.85
      vertex 12.065470588678824 10.268206588930326 65.85
    endloop
  endfacet
  facet normal 0.587785252292473 0.8090169943749475 -1.630566846369804e-16
    outer loop
      vertex 9.618029152018497 9.722570929586524 64.68333333333334
      vertex 10.864745084375787 8.816778784387097 65.85
      vertex 10.864745084375787 8.816778784387097 65.77890625
    endloop
  endfacet
  facet normal -0.7901550123756905 0.6129070536529763 0
    outer loop
      vertex 10.864745084375787 8.816778784387097 65.77890625
      vertex 10.864745084375787 8.816778784387097 65.85
      vertex 11.44230135836316 9.561359846230346 65.85
    endloop
  endfacet
  facet normal 0 0 -1
    outer loop
      vertex 18.27489214386776 -18.40308006144399 58.35
      vertex 19.43975502287123 18.663457763845088 58.35
      vertex 18.95 0 58.35
    endloop
  endfacet
  facet normal -1 0 0
    outer loop
      vertex 19.641774592349257 0.9860639489450058 68.35
      vertex 19.641774592349257 0.9860639489450058 53.35
      vertex 19.641774592349257 -0.9860639489450058 53.35
    endloop
  endfacet
  facet normal -0.8412535328311809 0.5406408174555979 0
    outer loop
      vertex 20.7079874311915 2.6451235102399053 68.35
      vertex 20.7079874311915 2.6451235102399053 53.35
      vertex 19.641774592349257 0.9860639489450058 53.35
    endloop
  endfacet
  facet normal -0.41541501300188544 0.9096319953545188 0
    outer loop
      vertex 20.7079874311915 2.6451235102399053 68.35
      vertex 22.501898066043502 3.464375046583264 53.35
      vertex 20.7079874311915 2.6451235102399053 53.35
    endloop
  endfacet
  facet normal 0.142314838273285 0.9898214418809328 0
    outer loop
      vertex 22.501898066043502 3.464375046583264 68.35
      vertex 24.453952545506603 3.183711983740814 53.35
      vertex 22.501898066043502 3.464375046583264 53.35
    endloop
  endfacet
  facet normal 0.9594929736144973 0.2817325568414303 0
    outer loop
      vertex 26.5 0 53.35
      vertex 25.95 1.8731279813890858 58.35
      vertex 26.5 0 58.35
    endloop
  endfacet
  facet normal 0.9594929736144973 0.28173255684143034 -1.9709085046646022e-17
    outer loop
      vertex 26.5 0 53.35
      vertex 25.944387364909133 1.8922428610945907 53.35
      vertex 25.95 1.8731279813890858 58.35
    endloop
  endfacet
  facet normal 0 0 -1
    outer loop
      vertex 26.560244977128768 -18.663457763845084 58.35
      vertex 26.5 0 58.35
      vertex 26.56024497712877 18.663457763845088 58.35
    endloop
  endfacet
  facet normal 0.9594929736144959 0.2817325568414347 0
    outer loop
      vertex 25.944387364909133 1.8922428610945907 68.35
      vertex 25.95 1.8731279813890858 58.35
      vertex 25.944387364909133 1.8922428610945907 53.35
    endloop
  endfacet
  facet normal 0.6548607339452854 0.7557495743542579 0
    outer loop
      vertex 24.453952545506603 3.183711983740814 68.35
      vertex 25.944387364909133 1.8922428610945907 53.35
      vertex 24.453952545506603 3.183711983740814 53.35
    endloop
  endfacet
  facet normal 0.9995065603657316 -0.03141075907812763 8.18140898835264e-20
    outer loop
      vertex 18.95 0 58.35
      vertex 18.9579917498655 0.25430160409371894 58.35
      vertex 18.9579917498655 0.25430160409371894 68.35
    endloop
  endfacet
  facet normal 0.9955619646030798 -0.09410831331851692 -1.1070343785855095e-19
    outer loop
      vertex 18.9579917498655 0.25430160409371894 58.35
      vertex 18.981935459676365 0.5075995959354316 58.35
      vertex 18.981935459676365 0.5075995959354316 68.35
    endloop
  endfacet
  facet normal 0.9876883405951367 -0.1564344650402378 -6.162148723184348e-20
    outer loop
      vertex 18.981935459676365 0.5075995959354316 58.35
      vertex 19.021736634548812 0.7588943240721839 58.35
      vertex 19.021736634548812 0.7588943240721839 68.35
    endloop
  endfacet
  facet normal 0.9759167619387495 -0.21814324139653302 -2.0875099559596585e-19
    outer loop
      vertex 19.021736634548812 0.7588943240721839 58.35
      vertex 19.077238197429043 1.0071940430176625 58.35
      vertex 19.077238197429043 1.0071940430176625 68.35
    endloop
  endfacet
  facet normal 0.9602936856769428 -0.27899110603922966 5.3399480905298264e-20
    outer loop
      vertex 19.077238197429043 1.0071940430176625 58.35
      vertex 19.148221109004627 1.2515188272185362 58.35
      vertex 19.148221109004627 1.2515188272185362 68.35
    endloop
  endfacet
  facet normal 0.9408807689542232 -0.3387379202452978 -7.468404085114908e-20
    outer loop
      vertex 19.148221109004627 1.2515188272185362 58.35
      vertex 19.234405232152582 1.4909044383729437 58.35
      vertex 19.234405232152582 1.4909044383729437 68.35
    endloop
  endfacet
  facet normal 0.9177546256839832 -0.39714789063477574 3.6697961535899214e-19
    outer loop
      vertex 19.234405232152582 1.4909044383729437 58.35
      vertex 19.33545043751262 1.7244061308385419 58.35
      vertex 19.33545043751262 1.7244061308385419 68.35
    endloop
  endfacet
  facet normal 0.8910065241883682 -0.4539904997395461 5.776213463308954e-19
    outer loop
      vertex 19.33545043751262 1.7244061308385419 58.35
      vertex 19.450957945822353 1.9511023801119478 58.35
      vertex 19.450957945822353 1.9511023801119478 68.35
    endloop
  endfacet
  facet normal 0.8607420270039395 -0.5090414157503781 -2.3492533849635287e-19
    outer loop
      vertex 19.450957945822353 1.9511023801119478 58.35
      vertex 19.58047190171684 2.1700985196649363 58.35
      vertex 19.58047190171684 2.1700985196649363 68.35
    endloop
  endfacet
  facet normal 0.8270805742745666 -0.5620833778521234 -5.364695986334874e-19
    outer loop
      vertex 19.58047190171684 2.1700985196649363 58.35
      vertex 19.72348117278146 2.380530271784515 58.35
      vertex 19.72348117278146 2.380530271784515 68.35
    endloop
  endfacet
  facet normal -0.8412535328311809 0.5406408174555979 0
    outer loop
      vertex 19.641774592349257 0.9860639489450058 68.35
      vertex 20.7079874311915 2.6451235102399053 68.35
      vertex 19.641774592349257 0.9860639489450058 53.35
    endloop
  endfacet
  facet normal 0.9995065603657316 -0.03141075907812763 0
    outer loop
      vertex 18.95 0 58.35
      vertex 18.9579917498655 0.25430160409371894 68.35
      vertex 18.95 0 68.35
    endloop
  endfacet
  facet normal 0.9955619646030798 -0.09410831331851692 0
    outer loop
      vertex 18.9579917498655 0.25430160409371894 58.35
      vertex 18.981935459676365 0.5075995959354316 68.35
      vertex 18.9579917498655 0.25430160409371894 68.35
    endloop
  endfacet
  facet normal 0.9876883405951367 -0.1564344650402378 0
    outer loop
      vertex 18.981935459676365 0.5075995959354316 58.35
      vertex 19.021736634548812 0.7588943240721839 68.35
      vertex 18.981935459676365 0.5075995959354316 68.35
    endloop
  endfacet
  facet normal 0.9759167619387495 -0.21814324139653302 0
    outer loop
      vertex 19.021736634548812 0.7588943240721839 58.35
      vertex 19.077238197429043 1.0071940430176625 68.35
      vertex 19.021736634548812 0.7588943240721839 68.35
    endloop
  endfacet
  facet normal 0.9602936856769428 -0.27899110603922966 0
    outer loop
      vertex 19.077238197429043 1.0071940430176625 58.35
      vertex 19.148221109004627 1.2515188272185362 68.35
      vertex 19.077238197429043 1.0071940430176625 68.35
    endloop
  endfacet
  facet normal 0 0 1
    outer loop
      vertex 20.7079874311915 -2.6451235102399053 68.35
      vertex 20.7079874311915 2.6451235102399053 68.35
      vertex 19.641774592349257 0.9860639489450058 68.35
    endloop
  endfacet
  facet normal 0.9408807689542232 -0.3387379202452978 0
    outer loop
      vertex 19.148221109004627 1.2515188272185362 58.35
      vertex 19.234405232152582 1.4909044383729437 68.35
      vertex 19.148221109004627 1.2515188272185362 68.35
    endloop
  endfacet
  facet normal 0.9177546256839832 -0.39714789063477574 0
    outer loop
      vertex 19.234405232152582 1.4909044383729437 58.35
      vertex 19.33545043751262 1.7244061308385419 68.35
      vertex 19.234405232152582 1.4909044383729437 68.35
    endloop
  endfacet
  facet normal 0.8910065241883682 -0.4539904997395461 0
    outer loop
      vertex 19.33545043751262 1.7244061308385419 58.35
      vertex 19.450957945822353 1.9511023801119478 68.35
      vertex 19.33545043751262 1.7244061308385419 68.35
    endloop
  endfacet
  facet normal 0.8607420270039395 -0.5090414157503781 0
    outer loop
      vertex 19.450957945822353 1.9511023801119478 58.35
      vertex 19.58047190171684 2.1700985196649363 68.35
      vertex 19.450957945822353 1.9511023801119478 68.35
    endloop
  endfacet
  facet normal 0.8270805742745666 -0.5620833778521234 0
    outer loop
      vertex 19.58047190171684 2.1700985196649363 58.35
      vertex 19.72348117278146 2.380530271784515 68.35
      vertex 19.58047190171684 2.1700985196649363 68.35
    endloop
  endfacet
  facet normal 0.7901550123756934 -0.6129070536529725 0
    outer loop
      vertex 19.72348117278146 2.380530271784515 58.35
      vertex 19.879421366758052 2.581567158482194 68.35
      vertex 19.72348117278146 2.380530271784515 68.35
    endloop
  endfacet
  facet normal 0 0 1
    outer loop
      vertex 22.501898066043502 -3.464375046583264 68.35
      vertex 22.501898066043502 3.464375046583264 68.35
      vertex 20.7079874311915 2.6451235102399053 68.35
    endloop
  endfacet
  facet normal 0 0 1
    outer loop
      vertex 24.453952545506603 -3.183711983740814 68.35
      vertex 24.453952545506603 3.183711983740814 68.35
      vertex 22.501898066043502 3.464375046583264 68.35
    endloop
  endfacet
  facet normal 0.7901550123756934 -0.6129070536529725 -1.2162174494355383e-18
    outer loop
      vertex 19.72348117278146 2.380530271784515 58.35
      vertex 19.879421366758052 2.581567158482194 58.35
      vertex 19.879421366758052 2.581567158482194 68.35
    endloop
  endfacet
  facet normal 0.7501110696304588 -0.6613118653236525 6.517017386076369e-19
    outer loop
      vertex 19.879421366758052 2.581567158482194 58.35
      vertex 20.047677058943282 2.7724157790111903 58.35
      vertex 20.047677058943282 2.7724157790111903 68.35
    endloop
  endfacet
  facet normal 0.7071067811865476 -0.7071067811865476 -3.3875161758560556e-19
    outer loop
      vertex 20.047677058943282 2.7724157790111903 58.35
      vertex 20.22758422098881 2.9523229410567176 58.35
      vertex 20.22758422098881 2.9523229410567176 68.35
    endloop
  endfacet
  facet normal 0.6613118653236525 -0.7501110696304588 6.517017386076369e-19
    outer loop
      vertex 20.22758422098881 2.9523229410567176 58.35
      vertex 20.418432841517806 3.120578633241948 58.35
      vertex 20.418432841517806 3.120578633241948 68.35
    endloop
  endfacet
  facet normal 0.6129070536529725 -0.7901550123756934 -1.2162174494355383e-18
    outer loop
      vertex 20.418432841517806 3.120578633241948 58.35
      vertex 20.619469728215485 3.2765188272185384 58.35
      vertex 20.619469728215485 3.2765188272185384 68.35
    endloop
  endfacet
  facet normal 0.5620833778521234 -0.8270805742745666 -5.364695986334874e-19
    outer loop
      vertex 20.619469728215485 3.2765188272185384 58.35
      vertex 20.829901480335064 3.419528098283159 58.35
      vertex 20.829901480335064 3.419528098283159 68.35
    endloop
  endfacet
  facet normal 0.5090414157503781 -0.8607420270039395 -2.3492533849635287e-19
    outer loop
      vertex 20.829901480335064 3.419528098283159 58.35
      vertex 21.048897619888052 3.5490420541776473 58.35
      vertex 21.048897619888052 3.5490420541776473 68.35
    endloop
  endfacet
  facet normal 0.4539904997395461 -0.8910065241883682 5.776213463308954e-19
    outer loop
      vertex 21.048897619888052 3.5490420541776473 58.35
      vertex 21.275593869161458 3.6645495624873803 58.35
      vertex 21.275593869161458 3.6645495624873803 68.35
    endloop
  endfacet
  facet normal 0.39714789063477574 -0.9177546256839832 3.6697961535899214e-19
    outer loop
      vertex 21.275593869161458 3.6645495624873803 58.35
      vertex 21.509095561627056 3.7655947678474178 58.35
      vertex 21.509095561627056 3.7655947678474178 68.35
    endloop
  endfacet
  facet normal -0.41541501300188544 0.9096319953545188 -2.735294363641642e-18
    outer loop
      vertex 20.7079874311915 2.6451235102399053 68.35
      vertex 22.501898066043502 3.464375046583264 68.35
      vertex 22.501898066043502 3.464375046583264 53.35
    endloop
  endfacet
  facet normal 0.142314838273285 0.9898214418809328 1.5203177375135224e-18
    outer loop
      vertex 22.501898066043502 3.464375046583264 68.35
      vertex 24.453952545506603 3.183711983740814 68.35
      vertex 24.453952545506603 3.183711983740814 53.35
    endloop
  endfacet
  facet normal 0.3387379202452978 -0.9408807689542232 -7.468404085114908e-20
    outer loop
      vertex 21.509095561627056 3.7655947678474178 58.35
      vertex 21.748481172781464 3.851778890995373 58.35
      vertex 21.748481172781464 3.851778890995373 68.35
    endloop
  endfacet
  facet normal 0.27899110603922966 -0.9602936856769428 5.3399480905298264e-20
    outer loop
      vertex 21.748481172781464 3.851778890995373 58.35
      vertex 21.992805956982338 3.9227618025709567 58.35
      vertex 21.992805956982338 3.9227618025709567 68.35
    endloop
  endfacet
  facet normal 0.21814324139653302 -0.9759167619387495 -2.0875099559596585e-19
    outer loop
      vertex 21.992805956982338 3.9227618025709567 58.35
      vertex 22.241105675927816 3.9782633654511876 58.35
      vertex 22.241105675927816 3.9782633654511876 68.35
    endloop
  endfacet
  facet normal 0.1564344650402378 -0.9876883405951367 -6.162148723184348e-20
    outer loop
      vertex 22.241105675927816 3.9782633654511876 58.35
      vertex 22.49240040406457 4.0180645403236355 58.35
      vertex 22.49240040406457 4.0180645403236355 68.35
    endloop
  endfacet
  facet normal 0.09410831331851692 -0.9955619646030798 -1.1070343785855095e-19
    outer loop
      vertex 22.49240040406457 4.0180645403236355 58.35
      vertex 22.74569839590628 4.042008250134501 58.35
      vertex 22.74569839590628 4.042008250134501 68.35
    endloop
  endfacet
  facet normal 0.03141075907812763 -0.9995065603657316 8.18140898835264e-20
    outer loop
      vertex 22.74569839590628 4.042008250134501 58.35
      vertex 23 4.050000000000001 58.35
      vertex 23 4.050000000000001 68.35
    endloop
  endfacet
  facet normal -0.03141075907812763 -0.9995065603657316 -8.18140898835264e-20
    outer loop
      vertex 23 4.050000000000001 58.35
      vertex 23.25430160409372 4.042008250134501 58.35
      vertex 23.25430160409372 4.042008250134501 68.35
    endloop
  endfacet
  facet normal -0.09410831331851692 -0.9955619646030798 1.1070343785855095e-19
    outer loop
      vertex 23.25430160409372 4.042008250134501 58.35
      vertex 23.50759959593543 4.0180645403236355 58.35
      vertex 23.50759959593543 4.0180645403236355 68.35
    endloop
  endfacet
  facet normal -0.1564344650402378 -0.9876883405951367 6.162148723184348e-20
    outer loop
      vertex 23.50759959593543 4.0180645403236355 58.35
      vertex 23.758894324072184 3.9782633654511876 58.35
      vertex 23.758894324072184 3.9782633654511876 68.35
    endloop
  endfacet
  facet normal -0.218143241396536 -0.9759167619387489 -1.8156637996867168e-20
    outer loop
      vertex 23.758894324072184 3.9782633654511876 58.35
      vertex 24.00719404301766 3.9227618025709567 58.35
      vertex 24.00719404301766 3.9227618025709567 68.35
    endloop
  endfacet
  facet normal -0.27899110603922594 -0.9602936856769441 3.7409679188750637e-19
    outer loop
      vertex 24.00719404301766 3.9227618025709567 58.35
      vertex 24.251518827218536 3.851778890995373 58.35
      vertex 24.251518827218536 3.851778890995373 68.35
    endloop
  endfacet
  facet normal 0.7501110696304588 -0.6613118653236525 0
    outer loop
      vertex 19.879421366758052 2.581567158482194 58.35
      vertex 20.047677058943282 2.7724157790111903 68.35
      vertex 19.879421366758052 2.581567158482194 68.35
    endloop
  endfacet
  facet normal 0.7071067811865476 -0.7071067811865476 0
    outer loop
      vertex 20.047677058943282 2.7724157790111903 58.35
      vertex 20.22758422098881 2.9523229410567176 68.35
      vertex 20.047677058943282 2.7724157790111903 68.35
    endloop
  endfacet
  facet normal 0.6613118653236525 -0.7501110696304588 0
    outer loop
      vertex 20.22758422098881 2.9523229410567176 58.35
      vertex 20.418432841517806 3.120578633241948 68.35
      vertex 20.22758422098881 2.9523229410567176 68.35
    endloop
  endfacet
  facet normal 0.6129070536529725 -0.7901550123756934 0
    outer loop
      vertex 20.418432841517806 3.120578633241948 58.35
      vertex 20.619469728215485 3.2765188272185384 68.35
      vertex 20.418432841517806 3.120578633241948 68.35
    endloop
  endfacet
  facet normal 0.5620833778521234 -0.8270805742745666 0
    outer loop
      vertex 20.619469728215485 3.2765188272185384 58.35
      vertex 20.829901480335064 3.419528098283159 68.35
      vertex 20.619469728215485 3.2765188272185384 68.35
    endloop
  endfacet
  facet normal 0.5090414157503781 -0.8607420270039395 0
    outer loop
      vertex 20.829901480335064 3.419528098283159 58.35
      vertex 21.048897619888052 3.5490420541776473 68.35
      vertex 20.829901480335064 3.419528098283159 68.35
    endloop
  endfacet
  facet normal 0.4539904997395461 -0.8910065241883682 0
    outer loop
      vertex 21.048897619888052 3.5490420541776473 58.35
      vertex 21.275593869161458 3.6645495624873803 68.35
      vertex 21.048897619888052 3.5490420541776473 68.35
    endloop
  endfacet
  facet normal 0.39714789063477574 -0.9177546256839832 0
    outer loop
      vertex 21.275593869161458 3.6645495624873803 58.35
      vertex 21.509095561627056 3.7655947678474178 68.35
      vertex 21.275593869161458 3.6645495624873803 68.35
    endloop
  endfacet
  facet normal 0.3387379202452978 -0.9408807689542232 0
    outer loop
      vertex 21.509095561627056 3.7655947678474178 58.35
      vertex 21.748481172781464 3.851778890995373 68.35
      vertex 21.509095561627056 3.7655947678474178 68.35
    endloop
  endfacet
  facet normal 0.27899110603922966 -0.9602936856769428 0
    outer loop
      vertex 21.748481172781464 3.851778890995373 58.35
      vertex 21.992805956982338 3.9227618025709567 68.35
      vertex 21.748481172781464 3.851778890995373 68.35
    endloop
  endfacet
  facet normal 0.21814324139653302 -0.9759167619387495 0
    outer loop
      vertex 21.992805956982338 3.9227618025709567 58.35
      vertex 22.241105675927816 3.9782633654511876 68.35
      vertex 21.992805956982338 3.9227618025709567 68.35
    endloop
  endfacet
  facet normal 0.1564344650402378 -0.9876883405951367 0
    outer loop
      vertex 22.241105675927816 3.9782633654511876 58.35
      vertex 22.49240040406457 4.0180645403236355 68.35
      vertex 22.241105675927816 3.9782633654511876 68.35
    endloop
  endfacet
  facet normal 0.09410831331851692 -0.9955619646030798 0
    outer loop
      vertex 22.49240040406457 4.0180645403236355 58.35
      vertex 22.74569839590628 4.042008250134501 68.35
      vertex 22.49240040406457 4.0180645403236355 68.35
    endloop
  endfacet
  facet normal 0.03141075907812763 -0.9995065603657316 0
    outer loop
      vertex 22.74569839590628 4.042008250134501 58.35
      vertex 23 4.050000000000001 68.35
      vertex 22.74569839590628 4.042008250134501 68.35
    endloop
  endfacet
  facet normal -0.03141075907812763 -0.9995065603657316 0
    outer loop
      vertex 23 4.050000000000001 58.35
      vertex 23.25430160409372 4.042008250134501 68.35
      vertex 23 4.050000000000001 68.35
    endloop
  endfacet
  facet normal -0.09410831331851692 -0.9955619646030798 0
    outer loop
      vertex 23.25430160409372 4.042008250134501 58.35
      vertex 23.50759959593543 4.0180645403236355 68.35
      vertex 23.25430160409372 4.042008250134501 68.35
    endloop
  endfacet
  facet normal -0.1564344650402378 -0.9876883405951367 0
    outer loop
      vertex 23.50759959593543 4.0180645403236355 58.35
      vertex 23.758894324072184 3.9782633654511876 68.35
      vertex 23.50759959593543 4.0180645403236355 68.35
    endloop
  endfacet
  facet normal -0.218143241396536 -0.9759167619387489 0
    outer loop
      vertex 23.758894324072184 3.9782633654511876 58.35
      vertex 24.00719404301766 3.9227618025709567 68.35
      vertex 23.758894324072184 3.9782633654511876 68.35
    endloop
  endfacet
  facet normal -0.27899110603922594 -0.9602936856769441 0
    outer loop
      vertex 24.00719404301766 3.9227618025709567 58.35
      vertex 24.251518827218536 3.851778890995373 68.35
      vertex 24.00719404301766 3.9227618025709567 68.35
    endloop
  endfacet
  facet normal -0.3387379202452933 -0.9408807689542247 0
    outer loop
      vertex 24.251518827218536 3.851778890995373 58.35
      vertex 24.490904438372947 3.7655947678474178 68.35
      vertex 24.251518827218536 3.851778890995373 68.35
    endloop
  endfacet
  facet normal -1 0 0
    outer loop
      vertex 25.95 2.774738720067905 58.35
      vertex 25.95 1.8731279813890858 58.35
      vertex 25.95 1.8731279813890858 68.35
    endloop
  endfacet
  facet normal 0.6548607339452854 0.7557495743542579 1.130605274135886e-18
    outer loop
      vertex 24.453952545506603 3.183711983740814 68.35
      vertex 25.944387364909133 1.8922428610945907 68.35
      vertex 25.944387364909133 1.8922428610945907 53.35
    endloop
  endfacet
  facet normal 0 0 1
    outer loop
      vertex 25.944387364909133 -1.8922428610945943 68.35
      vertex 25.95 1.8731279813890858 68.35
      vertex 25.944387364909133 1.8922428610945907 68.35
    endloop
  endfacet
  facet normal 0 0 1
    outer loop
      vertex 25.944387364909133 -1.8922428610945943 68.35
      vertex 25.944387364909133 1.8922428610945907 68.35
      vertex 24.453952545506603 3.183711983740814 68.35
    endloop
  endfacet
  facet normal 0.9594929736144959 0.2817325568414348 3.3865741089068214e-20
    outer loop
      vertex 25.944387364909133 1.8922428610945907 68.35
      vertex 25.95 1.8731279813890858 68.35
      vertex 25.95 1.8731279813890858 58.35
    endloop
  endfacet
  facet normal -1 0 0
    outer loop
      vertex 25.95 2.774738720067905 58.35
      vertex 25.95 1.8731279813890858 68.35
      vertex 25.95 2.774738720067905 68.35
    endloop
  endfacet
  facet normal -0.6613118653236447 -0.7501110696304658 1.2969095173682467e-18
    outer loop
      vertex 25.581567158482194 3.1205786332419443 58.35
      vertex 25.77241577901119 2.9523229410567176 58.35
      vertex 25.77241577901119 2.9523229410567176 68.35
    endloop
  endfacet
  facet normal -0.7071067811865546 -0.7071067811865405 0
    outer loop
      vertex 25.95 2.774738720067905 58.35
      vertex 25.95 2.774738720067905 68.35
      vertex 25.77241577901119 2.9523229410567176 58.35
    endloop
  endfacet
  facet normal -0.3971478906347808 -0.917754625683981 0
    outer loop
      vertex 24.724406130838542 3.6645495624873803 58.35
      vertex 24.724406130838542 3.6645495624873803 68.35
      vertex 24.490904438372947 3.7655947678474178 58.35
    endloop
  endfacet
  facet normal -0.4539904997395461 -0.8910065241883682 -5.776213463308954e-19
    outer loop
      vertex 24.724406130838542 3.6645495624873803 58.35
      vertex 24.951102380111948 3.5490420541776473 58.35
      vertex 24.951102380111948 3.5490420541776473 68.35
    endloop
  endfacet
  facet normal -0.509041415750374 -0.8607420270039421 0
    outer loop
      vertex 25.170098519664933 3.4195280982831626 58.35
      vertex 25.170098519664933 3.4195280982831626 68.35
      vertex 24.951102380111948 3.5490420541776473 58.35
    endloop
  endfacet
  facet normal -0.6129070536529811 -0.7901550123756866 0
    outer loop
      vertex 25.581567158482194 3.1205786332419443 58.35
      vertex 25.581567158482194 3.1205786332419443 68.35
      vertex 25.380530271784515 3.2765188272185384 58.35
    endloop
  endfacet
  facet normal -0.5620833778521265 -0.8270805742745645 6.406404361299035e-19
    outer loop
      vertex 25.170098519664933 3.4195280982831626 58.35
      vertex 25.380530271784515 3.2765188272185384 58.35
      vertex 25.380530271784515 3.2765188272185384 68.35
    endloop
  endfacet
  facet normal -0.3387379202452933 -0.9408807689542247 -2.696901488930718e-19
    outer loop
      vertex 24.251518827218536 3.851778890995373 58.35
      vertex 24.490904438372947 3.7655947678474178 58.35
      vertex 24.490904438372947 3.7655947678474178 68.35
    endloop
  endfacet
  facet normal -0.6613118653236447 -0.7501110696304658 0
    outer loop
      vertex 25.581567158482194 3.1205786332419443 58.35
      vertex 25.77241577901119 2.9523229410567176 68.35
      vertex 25.581567158482194 3.1205786332419443 68.35
    endloop
  endfacet
  facet normal -0.7071067811865546 -0.7071067811865405 0
    outer loop
      vertex 25.77241577901119 2.9523229410567176 58.35
      vertex 25.95 2.774738720067905 68.35
      vertex 25.77241577901119 2.9523229410567176 68.35
    endloop
  endfacet
  facet normal -0.5620833778521265 -0.8270805742745645 0
    outer loop
      vertex 25.170098519664933 3.4195280982831626 58.35
      vertex 25.380530271784515 3.2765188272185384 68.35
      vertex 25.170098519664933 3.4195280982831626 68.35
    endloop
  endfacet
  facet normal -0.3971478906347808 -0.917754625683981 0
    outer loop
      vertex 24.490904438372947 3.7655947678474178 58.35
      vertex 24.724406130838542 3.6645495624873803 68.35
      vertex 24.490904438372947 3.7655947678474178 68.35
    endloop
  endfacet
  facet normal -0.4539904997395461 -0.8910065241883682 0
    outer loop
      vertex 24.724406130838542 3.6645495624873803 58.35
      vertex 24.951102380111948 3.5490420541776473 68.35
      vertex 24.724406130838542 3.6645495624873803 68.35
    endloop
  endfacet
  facet normal -0.509041415750374 -0.8607420270039421 0
    outer loop
      vertex 24.951102380111948 3.5490420541776473 58.35
      vertex 25.170098519664933 3.4195280982831626 68.35
      vertex 24.951102380111948 3.5490420541776473 68.35
    endloop
  endfacet
  facet normal -0.6129070536529811 -0.7901550123756866 0
    outer loop
      vertex 25.380530271784515 3.2765188272185384 58.35
      vertex 25.581567158482194 3.1205786332419443 68.35
      vertex 25.380530271784515 3.2765188272185384 68.35
    endloop
  endfacet
  facet normal 0 0 1
    outer loop
      vertex 25.95 -2.774738720067905 68.35
      vertex 26.56024497712877 18.663457763845088 68.35
      vertex 25.95 -1.8731279813890893 68.35
    endloop
  endfacet
  facet normal 0 0 -1
    outer loop
      vertex 17.128677106875998 -18.070073809607916 58.35
      vertex 17.128677106875998 18.07007380960792 58.35
      vertex 18.27489214386776 18.403080061443987 58.35
    endloop
  endfacet
  facet normal 0 0 -1
    outer loop
      vertex 18.27489214386776 -18.40308006144399 58.35
      vertex 18.27489214386776 18.403080061443987 58.35
      vertex 19.43975502287123 18.663457763845088 58.35
    endloop
  endfacet
  facet normal 0 0 -1
    outer loop
      vertex 18.95 0 58.35
      vertex 19.43975502287123 18.663457763845088 58.35
      vertex 18.9579917498655 0.25430160409371894 58.35
    endloop
  endfacet
  facet normal 0 0 -1
    outer loop
      vertex 18.9579917498655 0.25430160409371894 58.35
      vertex 19.43975502287123 18.663457763845088 58.35
      vertex 18.981935459676365 0.5075995959354316 58.35
    endloop
  endfacet
  facet normal 0 0 -1
    outer loop
      vertex 18.981935459676365 0.5075995959354316 58.35
      vertex 19.43975502287123 18.663457763845088 58.35
      vertex 19.021736634548812 0.7588943240721839 58.35
    endloop
  endfacet
  facet normal 0 0 -1
    outer loop
      vertex 19.021736634548812 0.7588943240721839 58.35
      vertex 19.43975502287123 18.663457763845088 58.35
      vertex 19.077238197429043 1.0071940430176625 58.35
    endloop
  endfacet
  facet normal 0 0 -1
    outer loop
      vertex 19.077238197429043 1.0071940430176625 58.35
      vertex 19.43975502287123 18.663457763845088 58.35
      vertex 19.148221109004627 1.2515188272185362 58.35
    endloop
  endfacet
  facet normal 0 0 -1
    outer loop
      vertex 19.148221109004627 1.2515188272185362 58.35
      vertex 19.43975502287123 18.663457763845088 58.35
      vertex 19.234405232152582 1.4909044383729437 58.35
    endloop
  endfacet
  facet normal 0 0 -1
    outer loop
      vertex 19.234405232152582 1.4909044383729437 58.35
      vertex 19.43975502287123 18.663457763845088 58.35
      vertex 19.33545043751262 1.7244061308385419 58.35
    endloop
  endfacet
  facet normal 0 0 -1
    outer loop
      vertex 19.33545043751262 1.7244061308385419 58.35
      vertex 19.43975502287123 18.663457763845088 58.35
      vertex 19.450957945822353 1.9511023801119478 58.35
    endloop
  endfacet
  facet normal 0 0 -1
    outer loop
      vertex 19.450957945822353 1.9511023801119478 58.35
      vertex 19.43975502287123 18.663457763845088 58.35
      vertex 19.58047190171684 2.1700985196649363 58.35
    endloop
  endfacet
  facet normal 0 0 -1
    outer loop
      vertex 19.58047190171684 2.1700985196649363 58.35
      vertex 19.43975502287123 18.663457763845088 58.35
      vertex 19.72348117278146 2.380530271784515 58.35
    endloop
  endfacet
  facet normal 0 0 -1
    outer loop
      vertex 19.72348117278146 2.380530271784515 58.35
      vertex 19.43975502287123 18.663457763845088 58.35
      vertex 19.879421366758052 2.581567158482194 58.35
    endloop
  endfacet
  facet normal 0 0 -1
    outer loop
      vertex 19.879421366758052 2.581567158482194 58.35
      vertex 19.43975502287123 18.663457763845088 58.35
      vertex 20.047677058943282 2.7724157790111903 58.35
    endloop
  endfacet
  facet normal 0 0 -1
    outer loop
      vertex 20.047677058943282 2.7724157790111903 58.35
      vertex 20.618668562278224 18.85017932497508 58.35
      vertex 20.22758422098881 2.9523229410567176 58.35
    endloop
  endfacet
  facet normal 0 0 -1
    outer loop
      vertex 20.22758422098881 2.9523229410567176 58.35
      vertex 20.618668562278224 18.85017932497508 58.35
      vertex 20.418432841517806 3.120578633241948 58.35
    endloop
  endfacet
  facet normal 0 0 -1
    outer loop
      vertex 20.418432841517806 3.120578633241948 58.35
      vertex 20.618668562278224 18.85017932497508 58.35
      vertex 20.619469728215485 3.2765188272185384 58.35
    endloop
  endfacet
  facet normal 0 0 -1
    outer loop
      vertex 20.619469728215485 3.2765188272185384 58.35
      vertex 20.618668562278224 18.85017932497508 58.35
      vertex 20.829901480335064 3.419528098283159 58.35
    endloop
  endfacet
  facet normal 0 0 -1
    outer loop
      vertex 20.829901480335064 3.419528098283159 58.35
      vertex 20.618668562278224 18.85017932497508 58.35
      vertex 21.048897619888052 3.5490420541776473 58.35
    endloop
  endfacet
  facet normal 0 0 -1
    outer loop
      vertex 21.048897619888052 3.5490420541776473 58.35
      vertex 20.618668562278224 18.85017932497508 58.35
      vertex 21.275593869161458 3.6645495624873803 58.35
    endloop
  endfacet
  facet normal 0 0 -1
    outer loop
      vertex 21.275593869161458 3.6645495624873803 58.35
      vertex 21.80698012894304 18.962507840137164 58.35
      vertex 21.509095561627056 3.7655947678474178 58.35
    endloop
  endfacet
  facet normal 0 0 -1
    outer loop
      vertex 21.509095561627056 3.7655947678474178 58.35
      vertex 21.80698012894304 18.962507840137164 58.35
      vertex 21.748481172781464 3.851778890995373 58.35
    endloop
  endfacet
  facet normal 0 0 -1
    outer loop
      vertex 21.748481172781464 3.851778890995373 58.35
      vertex 21.80698012894304 18.962507840137164 58.35
      vertex 21.992805956982338 3.9227618025709567 58.35
    endloop
  endfacet
  facet normal 0 0 -1
    outer loop
      vertex 21.992805956982338 3.9227618025709567 58.35
      vertex 21.80698012894304 18.962507840137164 58.35
      vertex 22.241105675927816 3.9782633654511876 58.35
    endloop
  endfacet
  facet normal 0 0 -1
    outer loop
      vertex 22.241105675927816 3.9782633654511876 58.35
      vertex 21.80698012894304 18.962507840137164 58.35
      vertex 22.49240040406457 4.0180645403236355 58.35
    endloop
  endfacet
  facet normal 0 0 -1
    outer loop
      vertex 22.49240040406457 4.0180645403236355 58.35
      vertex 23 19 58.35
      vertex 22.74569839590628 4.042008250134501 58.35
    endloop
  endfacet
  facet normal 0 0 -1
    outer loop
      vertex 22.74569839590628 4.042008250134501 58.35
      vertex 23 19 58.35
      vertex 23 4.050000000000001 58.35
    endloop
  endfacet
  facet normal 0 0 -1
    outer loop
      vertex 23 4.050000000000001 58.35
      vertex 24.19301987105696 18.962507840137164 58.35
      vertex 23.25430160409372 4.042008250134501 58.35
    endloop
  endfacet
  facet normal 0 0 -1
    outer loop
      vertex 23.25430160409372 4.042008250134501 58.35
      vertex 24.19301987105696 18.962507840137164 58.35
      vertex 23.50759959593543 4.0180645403236355 58.35
    endloop
  endfacet
  facet normal 0 0 -1
    outer loop
      vertex 23.50759959593543 4.0180645403236355 58.35
      vertex 24.19301987105696 18.962507840137164 58.35
      vertex 23.758894324072184 3.9782633654511876 58.35
    endloop
  endfacet
  facet normal 0 0 -1
    outer loop
      vertex 23.758894324072184 3.9782633654511876 58.35
      vertex 24.19301987105696 18.962507840137164 58.35
      vertex 24.00719404301766 3.9227618025709567 58.35
    endloop
  endfacet
  facet normal 0 0 -1
    outer loop
      vertex 26.560244977128768 -18.663457763845084 58.35
      vertex 26.56024497712877 18.663457763845088 58.35
      vertex 27.725107856132233 18.403080061443994 58.35
    endloop
  endfacet
  facet normal 0 0 -1
    outer loop
      vertex 26.56024497712877 18.663457763845088 58.35
      vertex 26.5 0 58.35
      vertex 25.95 1.8731279813890858 58.35
    endloop
  endfacet
  facet normal 0 0 -1
    outer loop
      vertex 27.72510785613224 -18.40308006144399 58.35
      vertex 27.725107856132233 18.403080061443994 58.35
      vertex 28.871322893124002 18.07007380960792 58.35
    endloop
  endfacet
  facet normal 0 0 -1
    outer loop
      vertex 28.871322893124002 -18.070073809607916 58.35
      vertex 28.871322893124002 18.07007380960792 58.35
      vertex 29.99436650100889 17.665753231876778 58.35
    endloop
  endfacet
  facet normal 0 0 -1
    outer loop
      vertex 31.08980653973638 -17.19171399685437 58.35
      vertex 31.089806539736376 17.191713996854375 58.35
      vertex 32.15331980793259 16.649826920833405 58.35
    endloop
  endfacet
  facet normal 0 0 -1
    outer loop
      vertex 29.99436650100888 -17.665753231876778 58.35
      vertex 29.99436650100889 17.665753231876778 58.35
      vertex 31.089806539736376 17.191713996854375 58.35
    endloop
  endfacet
  facet normal 0 0 -1
    outer loop
      vertex 25.95 2.774738720067905 58.35
      vertex 26.56024497712877 18.663457763845088 58.35
      vertex 25.95 1.8731279813890858 58.35
    endloop
  endfacet
  facet normal 0 0 -1
    outer loop
      vertex 24.724406130838542 3.6645495624873803 58.35
      vertex 25.381331437721776 18.85017932497508 58.35
      vertex 24.951102380111948 3.5490420541776473 58.35
    endloop
  endfacet
  facet normal 0 0 -1
    outer loop
      vertex 25.170098519664933 3.4195280982831626 58.35
      vertex 24.951102380111948 3.5490420541776473 58.35
      vertex 25.381331437721776 18.85017932497508 58.35
    endloop
  endfacet
  facet normal 0 0 -1
    outer loop
      vertex 25.95 2.774738720067905 58.35
      vertex 25.77241577901119 2.9523229410567176 58.35
      vertex 26.56024497712877 18.663457763845088 58.35
    endloop
  endfacet
  facet normal 0 0 -1
    outer loop
      vertex 25.581567158482194 3.1205786332419443 58.35
      vertex 26.56024497712877 18.663457763845088 58.35
      vertex 25.77241577901119 2.9523229410567176 58.35
    endloop
  endfacet
  facet normal 0 0 -1
    outer loop
      vertex 25.581567158482194 3.1205786332419443 58.35
      vertex 25.380530271784515 3.2765188272185384 58.35
      vertex 26.56024497712877 18.663457763845088 58.35
    endloop
  endfacet
  facet normal 0 0 -1
    outer loop
      vertex 25.170098519664933 3.4195280982831626 58.35
      vertex 25.381331437721776 18.85017932497508 58.35
      vertex 25.380530271784515 3.2765188272185384 58.35
    endloop
  endfacet
  facet normal 0 0 -1
    outer loop
      vertex 24.00719404301766 3.9227618025709567 58.35
      vertex 25.381331437721776 18.85017932497508 58.35
      vertex 24.251518827218536 3.851778890995373 58.35
    endloop
  endfacet
  facet normal 0 0 -1
    outer loop
      vertex 24.251518827218536 3.851778890995373 58.35
      vertex 25.381331437721776 18.85017932497508 58.35
      vertex 24.490904438372947 3.7655947678474178 58.35
    endloop
  endfacet
  facet normal 0 0 -1
    outer loop
      vertex 24.724406130838542 3.6645495624873803 58.35
      vertex 24.490904438372947 3.7655947678474178 58.35
      vertex 25.381331437721776 18.85017932497508 58.35
    endloop
  endfacet
  facet normal 0 0 1
    outer loop
      vertex 18.27489214386776 -18.40308006144399 68.35
      vertex 18.27489214386776 18.403080061443987 68.35
      vertex 17.128677106875998 18.07007380960792 68.35
    endloop
  endfacet
  facet normal 0 0 1
    outer loop
      vertex 18.95 0 68.35
      vertex 18.9579917498655 0.25430160409371894 68.35
      vertex 18.27489214386776 18.403080061443987 68.35
    endloop
  endfacet
  facet normal 0 0 1
    outer loop
      vertex 18.9579917498655 0.25430160409371894 68.35
      vertex 18.981935459676365 0.5075995959354316 68.35
      vertex 18.27489214386776 18.403080061443987 68.35
    endloop
  endfacet
  facet normal 0 0 1
    outer loop
      vertex 18.981935459676365 0.5075995959354316 68.35
      vertex 19.021736634548812 0.7588943240721839 68.35
      vertex 18.27489214386776 18.403080061443987 68.35
    endloop
  endfacet
  facet normal 0 0 1
    outer loop
      vertex 19.021736634548812 0.7588943240721839 68.35
      vertex 19.077238197429043 1.0071940430176625 68.35
      vertex 18.27489214386776 18.403080061443987 68.35
    endloop
  endfacet
  facet normal 0 0 1
    outer loop
      vertex 19.077238197429043 1.0071940430176625 68.35
      vertex 19.148221109004627 1.2515188272185362 68.35
      vertex 18.27489214386776 18.403080061443987 68.35
    endloop
  endfacet
  facet normal 0 0 1
    outer loop
      vertex 19.148221109004627 1.2515188272185362 68.35
      vertex 19.234405232152582 1.4909044383729437 68.35
      vertex 18.27489214386776 18.403080061443987 68.35
    endloop
  endfacet
  facet normal 0 0 1
    outer loop
      vertex 19.234405232152582 1.4909044383729437 68.35
      vertex 19.33545043751262 1.7244061308385419 68.35
      vertex 18.27489214386776 18.403080061443987 68.35
    endloop
  endfacet
  facet normal 0 0 1
    outer loop
      vertex 19.33545043751262 1.7244061308385419 68.35
      vertex 19.450957945822353 1.9511023801119478 68.35
      vertex 18.27489214386776 18.403080061443987 68.35
    endloop
  endfacet
  facet normal 0 0 1
    outer loop
      vertex 19.450957945822353 1.9511023801119478 68.35
      vertex 19.58047190171684 2.1700985196649363 68.35
      vertex 19.43975502287123 18.663457763845088 68.35
    endloop
  endfacet
  facet normal 0 0 1
    outer loop
      vertex 19.58047190171684 2.1700985196649363 68.35
      vertex 19.72348117278146 2.380530271784515 68.35
      vertex 19.43975502287123 18.663457763845088 68.35
    endloop
  endfacet
  facet normal 0 0 1
    outer loop
      vertex 19.72348117278146 2.380530271784515 68.35
      vertex 19.879421366758052 2.581567158482194 68.35
      vertex 19.43975502287123 18.663457763845088 68.35
    endloop
  endfacet
  facet normal 0 0 1
    outer loop
      vertex 19.879421366758052 2.581567158482194 68.35
      vertex 20.047677058943282 2.7724157790111903 68.35
      vertex 19.43975502287123 18.663457763845088 68.35
    endloop
  endfacet
  facet normal 0 0 1
    outer loop
      vertex 20.047677058943282 2.7724157790111903 68.35
      vertex 20.22758422098881 2.9523229410567176 68.35
      vertex 19.43975502287123 18.663457763845088 68.35
    endloop
  endfacet
  facet normal 0 0 1
    outer loop
      vertex 20.22758422098881 2.9523229410567176 68.35
      vertex 20.418432841517806 3.120578633241948 68.35
      vertex 19.43975502287123 18.663457763845088 68.35
    endloop
  endfacet
  facet normal 0 0 1
    outer loop
      vertex 20.418432841517806 3.120578633241948 68.35
      vertex 20.619469728215485 3.2765188272185384 68.35
      vertex 19.43975502287123 18.663457763845088 68.35
    endloop
  endfacet
  facet normal 0 0 1
    outer loop
      vertex 20.619469728215485 3.2765188272185384 68.35
      vertex 20.829901480335064 3.419528098283159 68.35
      vertex 20.618668562278224 18.85017932497508 68.35
    endloop
  endfacet
  facet normal 0 0 1
    outer loop
      vertex 20.829901480335064 3.419528098283159 68.35
      vertex 21.048897619888052 3.5490420541776473 68.35
      vertex 20.618668562278224 18.85017932497508 68.35
    endloop
  endfacet
  facet normal 0 0 1
    outer loop
      vertex 21.048897619888052 3.5490420541776473 68.35
      vertex 21.275593869161458 3.6645495624873803 68.35
      vertex 20.618668562278224 18.85017932497508 68.35
    endloop
  endfacet
  facet normal 0 0 1
    outer loop
      vertex 21.275593869161458 3.6645495624873803 68.35
      vertex 21.509095561627056 3.7655947678474178 68.35
      vertex 20.618668562278224 18.85017932497508 68.35
    endloop
  endfacet
  facet normal 0 0 1
    outer loop
      vertex 21.509095561627056 3.7655947678474178 68.35
      vertex 21.748481172781464 3.851778890995373 68.35
      vertex 20.618668562278224 18.85017932497508 68.35
    endloop
  endfacet
  facet normal 0 0 1
    outer loop
      vertex 21.748481172781464 3.851778890995373 68.35
      vertex 21.992805956982338 3.9227618025709567 68.35
      vertex 20.618668562278224 18.85017932497508 68.35
    endloop
  endfacet
  facet normal 0 0 1
    outer loop
      vertex 21.992805956982338 3.9227618025709567 68.35
      vertex 22.241105675927816 3.9782633654511876 68.35
      vertex 21.80698012894304 18.962507840137164 68.35
    endloop
  endfacet
  facet normal 0 0 1
    outer loop
      vertex 22.241105675927816 3.9782633654511876 68.35
      vertex 22.49240040406457 4.0180645403236355 68.35
      vertex 21.80698012894304 18.962507840137164 68.35
    endloop
  endfacet
  facet normal 0 0 1
    outer loop
      vertex 22.49240040406457 4.0180645403236355 68.35
      vertex 22.74569839590628 4.042008250134501 68.35
      vertex 21.80698012894304 18.962507840137164 68.35
    endloop
  endfacet
  facet normal 0 0 1
    outer loop
      vertex 22.74569839590628 4.042008250134501 68.35
      vertex 23 4.050000000000001 68.35
      vertex 21.80698012894304 18.962507840137164 68.35
    endloop
  endfacet
  facet normal 0 0 1
    outer loop
      vertex 23 4.050000000000001 68.35
      vertex 23.25430160409372 4.042008250134501 68.35
      vertex 23 19 68.35
    endloop
  endfacet
  facet normal 0 0 1
    outer loop
      vertex 23.25430160409372 4.042008250134501 68.35
      vertex 23.50759959593543 4.0180645403236355 68.35
      vertex 23 19 68.35
    endloop
  endfacet
  facet normal 0 0 1
    outer loop
      vertex 23.50759959593543 4.0180645403236355 68.35
      vertex 23.758894324072184 3.9782633654511876 68.35
      vertex 24.19301987105696 18.962507840137164 68.35
    endloop
  endfacet
  facet normal 0 0 1
    outer loop
      vertex 24.251518827218536 3.851778890995373 68.35
      vertex 24.490904438372947 3.7655947678474178 68.35
      vertex 24.19301987105696 18.962507840137164 68.35
    endloop
  endfacet
  facet normal 0 0 1
    outer loop
      vertex 23.758894324072184 3.9782633654511876 68.35
      vertex 24.00719404301766 3.9227618025709567 68.35
      vertex 24.19301987105696 18.962507840137164 68.35
    endloop
  endfacet
  facet normal 0 0 1
    outer loop
      vertex 24.00719404301766 3.9227618025709567 68.35
      vertex 24.251518827218536 3.851778890995373 68.35
      vertex 24.19301987105696 18.962507840137164 68.35
    endloop
  endfacet
  facet normal 0 0 1
    outer loop
      vertex 26.56024497712877 18.663457763845088 68.35
      vertex 25.95 1.8731279813890858 68.35
      vertex 25.95 -1.8731279813890893 68.35
    endloop
  endfacet
  facet normal 0 0 1
    outer loop
      vertex 27.72510785613224 -18.40308006144399 68.35
      vertex 27.725107856132233 18.403080061443994 68.35
      vertex 26.56024497712877 18.663457763845088 68.35
    endloop
  endfacet
  facet normal 0 0 1
    outer loop
      vertex 28.871322893124002 -18.070073809607916 68.35
      vertex 28.871322893124002 18.07007380960792 68.35
      vertex 27.725107856132233 18.403080061443994 68.35
    endloop
  endfacet
  facet normal 0 0 1
    outer loop
      vertex 29.99436650100888 -17.665753231876778 68.35
      vertex 29.99436650100889 17.665753231876778 68.35
      vertex 28.871322893124002 18.07007380960792 68.35
    endloop
  endfacet
  facet normal 0 0 1
    outer loop
      vertex 31.08980653973638 -17.19171399685437 68.35
      vertex 31.089806539736376 17.191713996854375 68.35
      vertex 29.99436650100889 17.665753231876778 68.35
    endloop
  endfacet
  facet normal 0 0 1
    outer loop
      vertex 26.56024497712877 18.663457763845088 68.35
      vertex 25.95 2.774738720067905 68.35
      vertex 25.95 1.8731279813890858 68.35
    endloop
  endfacet
  facet normal 0 0 1
    outer loop
      vertex 24.724406130838542 3.6645495624873803 68.35
      vertex 24.951102380111948 3.5490420541776473 68.35
      vertex 25.381331437721776 18.85017932497508 68.35
    endloop
  endfacet
  facet normal 0 0 1
    outer loop
      vertex 25.170098519664933 3.4195280982831626 68.35
      vertex 25.381331437721776 18.85017932497508 68.35
      vertex 24.951102380111948 3.5490420541776473 68.35
    endloop
  endfacet
  facet normal 0 0 1
    outer loop
      vertex 25.95 2.774738720067905 68.35
      vertex 25.381331437721776 18.85017932497508 68.35
      vertex 25.77241577901119 2.9523229410567176 68.35
    endloop
  endfacet
  facet normal 0 0 1
    outer loop
      vertex 25.581567158482194 3.1205786332419443 68.35
      vertex 25.381331437721776 18.85017932497508 68.35
      vertex 25.380530271784515 3.2765188272185384 68.35
    endloop
  endfacet
  facet normal 0 0 1
    outer loop
      vertex 25.581567158482194 3.1205786332419443 68.35
      vertex 25.77241577901119 2.9523229410567176 68.35
      vertex 25.381331437721776 18.85017932497508 68.35
    endloop
  endfacet
  facet normal 0 0 1
    outer loop
      vertex 25.170098519664933 3.4195280982831626 68.35
      vertex 25.380530271784515 3.2765188272185384 68.35
      vertex 25.381331437721776 18.85017932497508 68.35
    endloop
  endfacet
  facet normal 0 0 1
    outer loop
      vertex 24.724406130838542 3.6645495624873803 68.35
      vertex 24.19301987105696 18.962507840137164 68.35
      vertex 24.490904438372947 3.7655947678474178 68.35
    endloop
  endfacet
  facet normal -0.8270805742745633 0.5620833778521285 4.687525478351429e-19
    outer loop
      vertex 6.957769415461716 10.180709104600936 58.35
      vertex 7.6286771068759975 11.16791979355699 60.85
      vertex 7.6286771068759975 11.16791979355699 58.35
    endloop
  endfacet
  facet normal -0.8270805742745633 0.5620833778521285 0
    outer loop
      vertex 6.957769415461716 10.180709104600936 58.35
      vertex 6.957769415461716 10.180709104600936 60.85
      vertex 7.6286771068759975 11.16791979355699 60.85
    endloop
  endfacet
  facet normal 0 0 1
    outer loop
      vertex 6.827900927874783 9.895615776765322 60.85
      vertex 7.6286771068759975 11.16791979355699 60.85
      vertex 6.957769415461716 10.180709104600936 60.85
    endloop
  endfacet
  facet normal 0 0 1
    outer loop
      vertex 6.827900927874783 9.895615776765322 60.85
      vertex 7.709578806313493 11.109141268327743 60.85
      vertex 7.6286771068759975 11.16791979355699 60.85
    endloop
  endfacet
  facet normal -0.7901550123756911 0.6129070536529755 -1.3791885965298429e-18
    outer loop
      vertex 7.6286771068759975 11.16791979355699 58.35
      vertex 8.360248387260002 12.111055805225106 60.85
      vertex 8.360248387260002 12.111055805225106 58.35
    endloop
  endfacet
  facet normal -0.7901550123756911 0.6129070536529755 0
    outer loop
      vertex 7.6286771068759975 11.16791979355699 58.35
      vertex 7.6286771068759975 11.16791979355699 60.85
      vertex 8.360248387260002 12.111055805225106 60.85
    endloop
  endfacet
  facet normal 0 0 1
    outer loop
      vertex 7.6286771068759975 11.16791979355699 60.85
      vertex 7.709578806313493 11.109141268327743 60.85
      vertex 8.360248387260002 12.111055805225106 60.85
    endloop
  endfacet
  facet normal -0.7501110696304566 0.6613118653236552 0
    outer loop
      vertex 8.360248387260002 12.111055805225106 58.35
      vertex 8.360248387260002 12.111055805225106 60.85
      vertex 9.149596078993179 13.00639501264508 60.85
    endloop
  endfacet
  facet normal 0 0 1
    outer loop
      vertex 7.709578806313493 11.109141268327743 60.85
      vertex 9.149596078993179 13.00639501264508 60.85
      vertex 8.360248387260002 12.111055805225106 60.85
    endloop
  endfacet
  facet normal -0.7501110696304566 0.6613118653236552 -2.438513700405758e-18
    outer loop
      vertex 8.360248387260002 12.111055805225106 58.35
      vertex 9.149596078993179 13.00639501264508 60.85
      vertex 9.149596078993179 13.00639501264508 58.35
    endloop
  endfacet
  facet normal -0.707106781186549 0.707106781186546 -1.681644789965524e-17
    outer loop
      vertex 9.149596078993179 13.00639501264508 58.35
      vertex 9.993604987354919 13.850403921006823 60.85
      vertex 9.993604987354919 13.850403921006823 58.35
    endloop
  endfacet
  facet normal 0 0 1
    outer loop
      vertex 7.709578806313493 11.109141268327743 60.85
      vertex 9.993604987354919 13.850403921006823 60.85
      vertex 9.149596078993179 13.00639501264508 60.85
    endloop
  endfacet
  facet normal -0.707106781186549 0.707106781186546 0
    outer loop
      vertex 9.149596078993179 13.00639501264508 58.35
      vertex 9.149596078993179 13.00639501264508 60.85
      vertex 9.993604987354919 13.850403921006823 60.85
    endloop
  endfacet
  facet normal 0 0 1
    outer loop
      vertex 11.44230135836316 9.561359846230346 60.85
      vertex 12.065470588678824 10.268206588930326 60.85
      vertex 7.709578806313493 11.109141268327743 60.85
    endloop
  endfacet
  facet normal 0 0 1
    outer loop
      vertex 7.709578806313493 11.109141268327743 60.85
      vertex 12.065470588678824 10.268206588930326 60.85
      vertex 12.731793411069672 10.934529411321176 60.85
    endloop
  endfacet
  facet normal 0 0 1
    outer loop
      vertex 7.709578806313493 11.109141268327743 60.85
      vertex 12.731793411069672 10.934529411321176 60.85
      vertex 13.018105156622765 11.18694716941274 60.85
    endloop
  endfacet
  facet normal 0 0 1
    outer loop
      vertex 7.709578806313493 11.109141268327743 60.85
      vertex 13.018105156622765 11.18694716941274 60.85
      vertex 9.993604987354919 13.850403921006823 60.85
    endloop
  endfacet
  facet normal 0 0 1
    outer loop
      vertex 9.993604987354919 13.850403921006823 60.85
      vertex 13.018105156622765 11.18694716941274 60.85
      vertex 10.677333240109837 14.408743315247797 60.85
    endloop
  endfacet
  facet normal -0.8090169943749478 -0.5877852522924726 -8.1348316252127615e-16
    outer loop
      vertex 13.018105156622765 11.18694716941274 60.85
      vertex 12.063903578851054 12.500292969542791 62.016666666666666
      vertex 10.677333240109837 14.408743315247797 60.85
    endloop
  endfacet
  facet normal 0 0 1
    outer loop
      vertex 14.183221215612903 12.135254915624216 60.85
      vertex 14.96259807531505 12.664918882530223 60.85
      vertex 11.890858731672257 15.290421193686505 60.85
    endloop
  endfacet
  facet normal -0.6613118653236529 0.7501110696304585 0
    outer loop
      vertex 9.993604987354919 13.850403921006823 58.35
      vertex 9.993604987354919 13.850403921006823 60.85
      vertex 10.888944194774897 14.63975161274 58.35
    endloop
  endfacet
  facet normal -0.612907053652976 0.7901550123756909 0
    outer loop
      vertex 10.888944194774897 14.63975161274 58.35
      vertex 10.888944194774897 14.63975161274 60.85
      vertex 11.83208020644301 15.371322893124002 58.35
    endloop
  endfacet
  facet normal 0 0 1
    outer loop
      vertex 9.993604987354919 13.850403921006823 60.85
      vertex 10.677333240109837 14.408743315247797 60.85
      vertex 10.888944194774897 14.63975161274 60.85
    endloop
  endfacet
  facet normal -0.6613118653236529 0.7501110696304585 -6.579897539038372e-18
    outer loop
      vertex 9.993604987354919 13.850403921006823 60.85
      vertex 10.888944194774897 14.63975161274 60.85
      vertex 10.888944194774897 14.63975161274 58.35
    endloop
  endfacet
  facet normal 0 0 1
    outer loop
      vertex 10.677333240109837 14.408743315247797 60.85
      vertex 11.83208020644301 15.371322893124002 60.85
      vertex 10.888944194774897 14.63975161274 60.85
    endloop
  endfacet
  facet normal 0 0 1
    outer loop
      vertex 14.96259807531505 12.664918882530223 60.85
      vertex 15.77369488847427 13.144600200657948 60.85
      vertex 14.910193460263624 17.191713996854375 60.85
    endloop
  endfacet
  facet normal 0 0 1
    outer loop
      vertex 15.77369488847427 13.144600200657948 60.85
      vertex 16.613310626523912 13.572405786990295 60.85
      vertex 14.910193460263624 17.191713996854375 60.85
    endloop
  endfacet
  facet normal 0 0 1
    outer loop
      vertex 16.613310626523912 13.572405786990295 60.85
      vertex 16.96361065475634 13.723994145586829 60.85
      vertex 14.910193460263624 17.191713996854375 60.85
    endloop
  endfacet
  facet normal -0.6890060516147376 0.5005921985511625 0.5240974256643348
    outer loop
      vertex 8.072542457682395 8.991330773238438 63.35
      vertex 8.954220336121104 10.20485626480086 63.35
      vertex 7.709578806313493 11.109141268327743 60.85
    endloop
  endfacet
  facet normal 0.5877852522924735 0.8090169943749473 5.021356383278501e-16
    outer loop
      vertex 10.864745084375787 8.816778784387097 60.85
      vertex 7.709578806313493 11.109141268327743 60.85
      vertex 8.954220336121104 10.20485626480086 63.35
    endloop
  endfacet
  facet normal -0.689006051614737 0.5005921985511622 -0.5240974256643358
    outer loop
      vertex 8.072542457682395 8.991330773238438 63.35
      vertex 7.709578806313493 11.109141268327743 65.85
      vertex 8.954220336121104 10.20485626480086 63.35
    endloop
  endfacet
  facet normal 0.5877852522924728 0.8090169943749477 -9.81683450805124e-16
    outer loop
      vertex 9.618029152018497 9.722570929586524 64.68333333333334
      vertex 8.954220336121104 10.20485626480086 63.35
      vertex 7.709578806313493 11.109141268327743 65.85
    endloop
  endfacet
  facet normal 0 0 -1
    outer loop
      vertex 6.827900927874783 9.895615776765322 65.85
      vertex 6.957769415461716 10.180709104600936 65.85
      vertex 7.709578806313493 11.109141268327743 65.85
    endloop
  endfacet
  facet normal 0 0 -1
    outer loop
      vertex 6.957769415461716 10.180709104600936 65.85
      vertex 7.6286771068759975 11.16791979355699 65.85
      vertex 7.709578806313493 11.109141268327743 65.85
    endloop
  endfacet
  facet normal 0 0 -1
    outer loop
      vertex 10.864745084375787 8.816778784387097 65.85
      vertex 7.709578806313493 11.109141268327743 65.85
      vertex 8.360248387260002 12.111055805225106 65.85
    endloop
  endfacet
  facet normal -0.8270805742745633 0.5620833778521285 0
    outer loop
      vertex 6.957769415461716 10.180709104600936 65.85
      vertex 6.957769415461716 10.180709104600936 68.35
      vertex 7.6286771068759975 11.16791979355699 68.35
    endloop
  endfacet
  facet normal -0.8270805742745633 0.5620833778521285 4.687525478351429e-19
    outer loop
      vertex 6.957769415461716 10.180709104600936 65.85
      vertex 7.6286771068759975 11.16791979355699 68.35
      vertex 7.6286771068759975 11.16791979355699 65.85
    endloop
  endfacet
  facet normal 0 0 -1
    outer loop
      vertex 7.6286771068759975 11.16791979355699 65.85
      vertex 8.360248387260002 12.111055805225106 65.85
      vertex 7.709578806313493 11.109141268327743 65.85
    endloop
  endfacet
  facet normal 0 0 -1
    outer loop
      vertex 10.864745084375787 8.816778784387097 65.85
      vertex 8.360248387260002 12.111055805225106 65.85
      vertex 9.149596078993179 13.00639501264508 65.85
    endloop
  endfacet
  facet normal 0 0 -1
    outer loop
      vertex 10.864745084375787 8.816778784387097 65.85
      vertex 9.149596078993179 13.00639501264508 65.85
      vertex 9.993604987354919 13.850403921006823 65.85
    endloop
  endfacet
  facet normal -0.7901550123756911 0.6129070536529755 -1.3791885965298429e-18
    outer loop
      vertex 7.6286771068759975 11.16791979355699 65.85
      vertex 8.360248387260002 12.111055805225106 68.35
      vertex 8.360248387260002 12.111055805225106 65.85
    endloop
  endfacet
  facet normal -0.7901550123756911 0.6129070536529755 0
    outer loop
      vertex 7.6286771068759975 11.16791979355699 65.85
      vertex 7.6286771068759975 11.16791979355699 68.35
      vertex 8.360248387260002 12.111055805225106 68.35
    endloop
  endfacet
  facet normal -0.7501110696304566 0.6613118653236552 0
    outer loop
      vertex 8.360248387260002 12.111055805225106 65.85
      vertex 8.360248387260002 12.111055805225106 68.35
      vertex 9.149596078993179 13.00639501264508 68.35
    endloop
  endfacet
  facet normal -0.7501110696304566 0.6613118653236552 -2.438513700405758e-18
    outer loop
      vertex 8.360248387260002 12.111055805225106 65.85
      vertex 9.149596078993179 13.00639501264508 68.35
      vertex 9.149596078993179 13.00639501264508 65.85
    endloop
  endfacet
  facet normal -0.707106781186549 0.707106781186546 -1.681644789965524e-17
    outer loop
      vertex 9.149596078993179 13.00639501264508 65.85
      vertex 9.993604987354919 13.850403921006823 68.35
      vertex 9.993604987354919 13.850403921006823 65.85
    endloop
  endfacet
  facet normal -0.707106781186549 0.707106781186546 0
    outer loop
      vertex 9.149596078993179 13.00639501264508 65.85
      vertex 9.149596078993179 13.00639501264508 68.35
      vertex 9.993604987354919 13.850403921006823 68.35
    endloop
  endfacet
  facet normal -0.7501110696304584 0.6613118653236533 9.63212598133632e-19
    outer loop
      vertex 11.44230135836316 9.561359846230346 60.85
      vertex 12.065470588678824 10.268206588930326 65.85
      vertex 12.065470588678824 10.268206588930326 60.85
    endloop
  endfacet
  facet normal -0.6613118653236504 0.7501110696304608 -5.9792339775507305e-18
    outer loop
      vertex 12.731793411069672 10.934529411321176 60.85
      vertex 13.018105156622765 11.18694716941274 63.3356667247929
      vertex 13.018105156622765 11.18694716941274 60.85
    endloop
  endfacet
  facet normal -0.7071067811865485 0.7071067811865466 2.2023592103811784e-18
    outer loop
      vertex 12.065470588678824 10.268206588930326 60.85
      vertex 12.731793411069672 10.934529411321176 65.85
      vertex 12.731793411069672 10.934529411321176 60.85
    endloop
  endfacet
  facet normal -0.7071067811865485 0.7071067811865466 0
    outer loop
      vertex 12.065470588678824 10.268206588930326 60.85
      vertex 12.065470588678824 10.268206588930326 65.85
      vertex 12.731793411069672 10.934529411321176 65.85
    endloop
  endfacet
  facet normal -0.6613118653236505 0.7501110696304608 -5.911063216758648e-18
    outer loop
      vertex 12.731793411069672 10.934529411321176 60.85
      vertex 13.018105156622765 11.18694716941274 65.85
      vertex 13.018105156622765 11.18694716941274 63.3356667247929
    endloop
  endfacet
  facet normal -0.6613118653236504 0.7501110696304608 0
    outer loop
      vertex 12.731793411069672 10.934529411321176 60.85
      vertex 12.731793411069672 10.934529411321176 65.85
      vertex 13.018105156622765 11.18694716941274 65.85
    endloop
  endfacet
  facet normal -0.8090169943749475 -0.5877852522924731 0
    outer loop
      vertex 13.018105156622765 11.18694716941274 60.85
      vertex 13.018105156622765 11.18694716941274 63.3356667247929
      vertex 12.063903578851054 12.500292969542791 62.016666666666666
    endloop
  endfacet
  facet normal -0.8090169943749473 -0.5877852522924731 1.2058523165398517e-17
    outer loop
      vertex 12.063903578851054 12.500292969542791 62.016666666666666
      vertex 13.018105156622765 11.18694716941274 63.3356667247929
      vertex 13.018105156622765 11.18694716941274 65.85
    endloop
  endfacet
  facet normal -0.8090169943749491 -0.5877852522924709 1.1506401496805779e-15
    outer loop
      vertex 12.063903578851054 12.500292969542791 62.016666666666666
      vertex 13.018105156622765 11.18694716941274 65.85
      vertex 11.581618243636719 13.164101785440188 63.35
    endloop
  endfacet
  facet normal -0.5620833778521253 0.8270805742745653 0
    outer loop
      vertex 14.183221215612903 12.135254915624216 60.85
      vertex 14.183221215612903 12.135254915624216 65.77890625
      vertex 14.96259807531505 12.664918882530223 60.85
    endloop
  endfacet
  facet normal -0.5620833778521231 0.827080574274567 3.8960685125481783e-16
    outer loop
      vertex 14.96259807531505 12.664918882530223 60.85
      vertex 14.183221215612903 12.135254915624216 65.77890625
      vertex 14.183221215612903 12.135254915624216 65.85
    endloop
  endfacet
  facet normal -0.5620833778521254 0.8270805742745655 0
    outer loop
      vertex 14.96259807531505 12.664918882530223 60.85
      vertex 14.183221215612903 12.135254915624216 65.85
      vertex 14.96259807531505 12.664918882530223 65.85
    endloop
  endfacet
  facet normal 0 0 -1
    outer loop
      vertex 10.864745084375787 8.816778784387097 65.85
      vertex 10.677333240109837 14.408743315247797 65.85
      vertex 11.44230135836316 9.561359846230346 65.85
    endloop
  endfacet
  facet normal 0 0 -1
    outer loop
      vertex 11.44230135836316 9.561359846230346 65.85
      vertex 10.677333240109837 14.408743315247797 65.85
      vertex 12.065470588678824 10.268206588930326 65.85
    endloop
  endfacet
  facet normal 0 0 -1
    outer loop
      vertex 12.065470588678824 10.268206588930326 65.85
      vertex 10.677333240109837 14.408743315247797 65.85
      vertex 12.731793411069672 10.934529411321176 65.85
    endloop
  endfacet
  facet normal 0 0 -1
    outer loop
      vertex 10.864745084375787 8.816778784387097 65.85
      vertex 9.993604987354919 13.850403921006823 65.85
      vertex 10.677333240109837 14.408743315247797 65.85
    endloop
  endfacet
  facet normal 0 0 -1
    outer loop
      vertex 12.731793411069672 10.934529411321176 65.85
      vertex 10.677333240109837 14.408743315247797 65.85
      vertex 13.018105156622765 11.18694716941274 65.85
    endloop
  endfacet
  facet normal -0.8090169943749485 -0.5877852522924717 1.6896973655308544e-15
    outer loop
      vertex 10.677333240109837 14.408743315247797 60.85
      vertex 12.063903578851054 12.500292969542791 62.016666666666666
      vertex 11.581618243636719 13.164101785440188 63.35
    endloop
  endfacet
  facet normal 0.8090169943749471 0.5877852522924736 4.7060011400281305e-17
    outer loop
      vertex 14.183221215612903 12.135254915624216 60.85
      vertex 12.79514373519914 14.045779663878896 63.35
      vertex 13.277429070413476 13.381970847981506 64.68333333333334
    endloop
  endfacet
  facet normal -0.5005921985511633 0.6890060516147376 0.5240974256643341
    outer loop
      vertex 10.677333240109837 14.408743315247797 60.85
      vertex 11.581618243636719 13.164101785440188 63.35
      vertex 11.890858731672257 15.290421193686505 60.85
    endloop
  endfacet
  facet normal 0.8090169943749468 0.5877852522924741 -4.377075892318793e-16
    outer loop
      vertex 14.183221215612903 12.135254915624216 60.85
      vertex 11.890858731672257 15.290421193686505 60.85
      vertex 12.79514373519914 14.045779663878896 63.35
    endloop
  endfacet
  facet normal -0.5005921985511627 0.6890060516147377 0.5240974256643345
    outer loop
      vertex 11.581618243636719 13.164101785440188 63.35
      vertex 12.79514373519914 14.045779663878896 63.35
      vertex 11.890858731672257 15.290421193686505 60.85
    endloop
  endfacet
  facet normal -0.5005921985511624 0.6890060516147374 -0.5240974256643355
    outer loop
      vertex 11.581618243636719 13.164101785440188 63.35
      vertex 11.890858731672257 15.290421193686505 65.85
      vertex 12.79514373519914 14.045779663878896 63.35
    endloop
  endfacet
  facet normal 0.8090169943749467 0.587785252292474 4.078733950245421e-16
    outer loop
      vertex 13.277429070413476 13.381970847981506 64.68333333333334
      vertex 12.79514373519914 14.045779663878896 63.35
      vertex 11.890858731672257 15.290421193686505 65.85
    endloop
  endfacet
  facet normal -0.5090414157503692 0.860742027003945 0
    outer loop
      vertex 14.96259807531505 12.664918882530223 60.85
      vertex 14.96259807531505 12.664918882530223 65.85
      vertex 15.77369488847427 13.144600200657948 60.85
    endloop
  endfacet
  facet normal -0.397147890634776 0.9177546256839831 -3.3604059380981044e-18
    outer loop
      vertex 16.613310626523912 13.572405786990295 60.85
      vertex 16.96361065475634 13.723994145586829 63.3356667247929
      vertex 16.96361065475634 13.723994145586829 60.85
    endloop
  endfacet
  facet normal -0.4539904997395522 0.8910065241883651 0
    outer loop
      vertex 15.77369488847427 13.144600200657948 60.85
      vertex 15.77369488847427 13.144600200657948 65.85
      vertex 16.613310626523912 13.572405786990295 60.85
    endloop
  endfacet
  facet normal 0.8090169943749469 0.5877852522924738 0
    outer loop
      vertex 14.183221215612903 12.135254915624216 60.85
      vertex 13.277429070413476 13.381970847981506 64.68333333333334
      vertex 14.183221215612903 12.135254915624216 65.77890625
    endloop
  endfacet
  facet normal -0.5090414157503692 0.860742027003945 0
    outer loop
      vertex 15.77369488847427 13.144600200657948 60.85
      vertex 14.96259807531505 12.664918882530223 65.85
      vertex 15.77369488847427 13.144600200657948 65.85
    endloop
  endfacet
  facet normal -0.39714789063477596 0.9177546256839831 -3.322093098990206e-18
    outer loop
      vertex 16.613310626523912 13.572405786990295 60.85
      vertex 16.96361065475634 13.723994145586829 65.85
      vertex 16.96361065475634 13.723994145586829 63.3356667247929
    endloop
  endfacet
  facet normal -0.4539904997395522 0.8910065241883651 0
    outer loop
      vertex 16.613310626523912 13.572405786990295 60.85
      vertex 15.77369488847427 13.144600200657948 65.85
      vertex 16.613310626523912 13.572405786990295 65.85
    endloop
  endfacet
  facet normal -0.397147890634776 0.9177546256839831 0
    outer loop
      vertex 16.613310626523912 13.572405786990295 60.85
      vertex 16.613310626523912 13.572405786990295 65.85
      vertex 16.96361065475634 13.723994145586829 65.85
    endloop
  endfacet
  facet normal -0.9510565162951541 -0.3090169943749461 0
    outer loop
      vertex 16.96361065475634 13.723994145586829 60.85
      vertex 16.96361065475634 13.723994145586829 63.3356667247929
      vertex 16.46195719808859 15.26792473054023 62.016666666666666
    endloop
  endfacet
  facet normal -0.951056516295154 -0.30901699437494606 0
    outer loop
      vertex 16.96361065475634 13.723994145586829 63.3356667247929
      vertex 16.96361065475634 13.723994145586829 65.85
      vertex 16.46195719808859 15.26792473054023 62.016666666666666
    endloop
  endfacet
  facet normal -0.8090169943749478 -0.5877852522924726 -9.11739667727018e-16
    outer loop
      vertex 13.018105156622765 11.18694716941274 65.85
      vertex 10.677333240109837 14.408743315247797 65.85
      vertex 11.581618243636719 13.164101785440188 63.35
    endloop
  endfacet
  facet normal 0.8090169943749466 0.587785252292474 4.530941125578507e-16
    outer loop
      vertex 13.277429070413476 13.381970847981506 64.68333333333334
      vertex 11.890858731672257 15.290421193686505 65.85
      vertex 14.183221215612903 12.135254915624216 65.85
    endloop
  endfacet
  facet normal -0.5005921985511629 0.689006051614737 -0.5240974256643353
    outer loop
      vertex 11.581618243636719 13.164101785440188 63.35
      vertex 10.677333240109837 14.408743315247797 65.85
      vertex 11.890858731672257 15.290421193686505 65.85
    endloop
  endfacet
  facet normal 0 0 -1
    outer loop
      vertex 9.993604987354919 13.850403921006823 65.85
      vertex 10.888944194774897 14.63975161274 65.85
      vertex 10.677333240109837 14.408743315247797 65.85
    endloop
  endfacet
  facet normal 0 0 -1
    outer loop
      vertex 10.677333240109837 14.408743315247797 65.85
      vertex 10.888944194774897 14.63975161274 65.85
      vertex 11.890858731672257 15.290421193686505 65.85
    endloop
  endfacet
  facet normal 0 0 -1
    outer loop
      vertex 14.183221215612903 12.135254915624216 65.85
      vertex 11.890858731672257 15.290421193686505 65.85
      vertex 12.819290895399064 16.042230584538288 65.85
    endloop
  endfacet
  facet normal 0 0 -1
    outer loop
      vertex 14.183221215612903 12.135254915624216 65.85
      vertex 12.819290895399064 16.042230584538288 65.85
      vertex 13.846680192067408 16.649826920833405 65.85
    endloop
  endfacet
  facet normal -0.6613118653236529 0.7501110696304585 0
    outer loop
      vertex 9.993604987354919 13.850403921006823 65.85
      vertex 9.993604987354919 13.850403921006823 68.35
      vertex 10.888944194774897 14.63975161274 65.85
    endloop
  endfacet
  facet normal -0.612907053652976 0.7901550123756909 0
    outer loop
      vertex 10.888944194774897 14.63975161274 65.85
      vertex 10.888944194774897 14.63975161274 68.35
      vertex 11.83208020644301 15.371322893124002 65.85
    endloop
  endfacet
  facet normal -0.6613118653236529 0.7501110696304585 -6.579897539038372e-18
    outer loop
      vertex 9.993604987354919 13.850403921006823 68.35
      vertex 10.888944194774897 14.63975161274 68.35
      vertex 10.888944194774897 14.63975161274 65.85
    endloop
  endfacet
  facet normal 0.8090169943749472 0.5877852522924736 -1.6305668463698037e-16
    outer loop
      vertex 13.277429070413476 13.381970847981506 64.68333333333334
      vertex 14.183221215612903 12.135254915624216 65.85
      vertex 14.183221215612903 12.135254915624216 65.77890625
    endloop
  endfacet
  facet normal 0 0 -1
    outer loop
      vertex 14.183221215612903 12.135254915624216 65.85
      vertex 14.910193460263624 17.191713996854375 65.85
      vertex 14.96259807531505 12.664918882530223 65.85
    endloop
  endfacet
  facet normal 0 0 -1
    outer loop
      vertex 14.96259807531505 12.664918882530223 65.85
      vertex 15.732994031870764 17.51144266641598 65.85
      vertex 15.77369488847427 13.144600200657948 65.85
    endloop
  endfacet
  facet normal 0 0 -1
    outer loop
      vertex 15.77369488847427 13.144600200657948 65.85
      vertex 15.732994031870764 17.51144266641598 65.85
      vertex 16.613310626523912 13.572405786990295 65.85
    endloop
  endfacet
  facet normal 0 0 -1
    outer loop
      vertex 16.613310626523912 13.572405786990295 65.85
      vertex 15.732994031870764 17.51144266641598 65.85
      vertex 16.96361065475634 13.723994145586829 65.85
    endloop
  endfacet
  facet normal -0.5620833778521305 0.8270805742745619 0
    outer loop
      vertex 11.83208020644301 15.371322893124002 58.35
      vertex 11.83208020644301 15.371322893124002 60.85
      vertex 12.819290895399064 16.042230584538288 58.35
    endloop
  endfacet
  facet normal -0.5090414157503689 0.8607420270039452 0
    outer loop
      vertex 12.819290895399064 16.042230584538288 58.35
      vertex 12.819290895399064 16.042230584538288 60.85
      vertex 13.846680192067408 16.649826920833405 58.35
    endloop
  endfacet
  facet normal -0.612907053652976 0.7901550123756909 1.7206597399511628e-17
    outer loop
      vertex 10.888944194774897 14.63975161274 60.85
      vertex 11.83208020644301 15.371322893124002 60.85
      vertex 11.83208020644301 15.371322893124002 58.35
    endloop
  endfacet
  facet normal 0 0 1
    outer loop
      vertex 10.677333240109837 14.408743315247797 60.85
      vertex 11.890858731672257 15.290421193686505 60.85
      vertex 11.83208020644301 15.371322893124002 60.85
    endloop
  endfacet
  facet normal 0 0 1
    outer loop
      vertex 11.890858731672257 15.290421193686505 60.85
      vertex 12.819290895399064 16.042230584538288 60.85
      vertex 11.83208020644301 15.371322893124002 60.85
    endloop
  endfacet
  facet normal -0.5620833778521305 0.8270805742745619 0
    outer loop
      vertex 12.819290895399064 16.042230584538288 58.35
      vertex 11.83208020644301 15.371322893124002 60.85
      vertex 12.819290895399064 16.042230584538288 60.85
    endloop
  endfacet
  facet normal 0 0 1
    outer loop
      vertex 11.890858731672257 15.290421193686505 60.85
      vertex 13.846680192067408 16.649826920833405 60.85
      vertex 12.819290895399064 16.042230584538288 60.85
    endloop
  endfacet
  facet normal -0.5090414157503689 0.8607420270039452 0
    outer loop
      vertex 13.846680192067408 16.649826920833405 58.35
      vertex 12.819290895399064 16.042230584538288 60.85
      vertex 13.846680192067408 16.649826920833405 60.85
    endloop
  endfacet
  facet normal 0 0 1
    outer loop
      vertex 11.890858731672257 15.290421193686505 60.85
      vertex 14.910193460263624 17.191713996854375 60.85
      vertex 13.846680192067408 16.649826920833405 60.85
    endloop
  endfacet
  facet normal 0 0 1
    outer loop
      vertex 14.96259807531505 12.664918882530223 60.85
      vertex 14.910193460263624 17.191713996854375 60.85
      vertex 11.890858731672257 15.290421193686505 60.85
    endloop
  endfacet
  facet normal -0.9510565162951535 -0.3090169943749472 1.5898422189963246e-15
    outer loop
      vertex 16.96361065475634 13.723994145586829 60.85
      vertex 16.46195719808859 15.26792473054023 62.016666666666666
      vertex 15.732994031870764 17.51144266641598 60.85
    endloop
  endfacet
  facet normal 0 0 1
    outer loop
      vertex 16.96361065475634 13.723994145586829 60.85
      vertex 15.732994031870764 17.51144266641598 60.85
      vertex 14.910193460263624 17.191713996854375 60.85
    endloop
  endfacet
  facet normal -0.45399049973954947 0.8910065241883665 0
    outer loop
      vertex 13.846680192067408 16.649826920833405 58.35
      vertex 13.846680192067408 16.649826920833405 60.85
      vertex 14.910193460263624 17.191713996854375 58.35
    endloop
  endfacet
  facet normal -0.39714789063477957 0.9177546256839816 0
    outer loop
      vertex 14.910193460263624 17.191713996854375 58.35
      vertex 14.910193460263624 17.191713996854375 60.85
      vertex 16.00563349899112 17.665753231876778 58.35
    endloop
  endfacet
  facet normal -0.45399049973954947 0.8910065241883665 -1.9463181261549833e-18
    outer loop
      vertex 13.846680192067408 16.649826920833405 60.85
      vertex 14.910193460263624 17.191713996854375 60.85
      vertex 14.910193460263624 17.191713996854375 58.35
    endloop
  endfacet
  facet normal 0 0 1
    outer loop
      vertex 14.910193460263624 17.191713996854375 60.85
      vertex 15.732994031870764 17.51144266641598 60.85
      vertex 16.00563349899112 17.665753231876778 60.85
    endloop
  endfacet
  facet normal -0.33873792024529226 0.9408807689542252 0
    outer loop
      vertex 16.00563349899112 17.665753231876778 58.35
      vertex 16.00563349899112 17.665753231876778 60.85
      vertex 17.128677106875998 18.07007380960792 58.35
    endloop
  endfacet
  facet normal -0.39714789063477957 0.9177546256839816 -3.535490187730732e-18
    outer loop
      vertex 14.910193460263624 17.191713996854375 60.85
      vertex 16.00563349899112 17.665753231876778 60.85
      vertex 16.00563349899112 17.665753231876778 58.35
    endloop
  endfacet
  facet normal -0.33873792024529226 0.9408807689542252 0
    outer loop
      vertex 17.128677106875998 18.07007380960792 58.35
      vertex 16.00563349899112 17.665753231876778 60.85
      vertex 17.128677106875998 18.07007380960792 60.85
    endloop
  endfacet
  facet normal 0 0 1
    outer loop
      vertex 15.732994031870764 17.51144266641598 60.85
      vertex 17.128677106875998 18.07007380960792 60.85
      vertex 16.00563349899112 17.665753231876778 60.85
    endloop
  endfacet
  facet normal 0 0 1
    outer loop
      vertex 15.732994031870764 17.51144266641598 60.85
      vertex 17.159578806313494 17.974968157978402 60.85
      vertex 17.128677106875998 18.07007380960792 60.85
    endloop
  endfacet
  facet normal -0.9510565162951538 -0.3090169943749465 -1.7116762878713724e-16
    outer loop
      vertex 16.96361065475634 13.723994145586829 65.85
      vertex 16.208404792447606 16.048278795192672 63.35
      vertex 16.46195719808859 15.26792473054023 62.016666666666666
    endloop
  endfacet
  facet normal -0.9510565162951536 -0.3090169943749477 5.467305943209525e-16
    outer loop
      vertex 16.46195719808859 15.26792473054023 62.016666666666666
      vertex 16.208404792447606 16.048278795192672 63.35
      vertex 15.732994031870764 17.51144266641598 60.85
    endloop
  endfacet
  facet normal -0.2631768932624657 0.8099751917588187 0.5240974256643336
    outer loop
      vertex 17.159578806313494 17.974968157978402 60.85
      vertex 16.208404792447606 16.048278795192672 63.35
      vertex 17.634989566890336 16.511804286755094 63.35
    endloop
  endfacet
  facet normal -0.2631768932624657 0.8099751917588187 0.5240974256643336
    outer loop
      vertex 15.732994031870764 17.51144266641598 60.85
      vertex 16.208404792447606 16.048278795192672 63.35
      vertex 17.159578806313494 17.974968157978402 60.85
    endloop
  endfacet
  facet normal -0.26317689326246546 0.8099751917588179 -0.5240974256643346
    outer loop
      vertex 16.208404792447606 16.048278795192672 63.35
      vertex 17.159578806313494 17.974968157978402 65.85
      vertex 17.634989566890336 16.511804286755094 63.35
    endloop
  endfacet
  facet normal 0 0 -1
    outer loop
      vertex 10.888944194774897 14.63975161274 65.85
      vertex 11.83208020644301 15.371322893124002 65.85
      vertex 11.890858731672257 15.290421193686505 65.85
    endloop
  endfacet
  facet normal 0 0 -1
    outer loop
      vertex 11.890858731672257 15.290421193686505 65.85
      vertex 11.83208020644301 15.371322893124002 65.85
      vertex 12.819290895399064 16.042230584538288 65.85
    endloop
  endfacet
  facet normal -0.612907053652976 0.7901550123756909 1.7206597399511628e-17
    outer loop
      vertex 10.888944194774897 14.63975161274 68.35
      vertex 11.83208020644301 15.371322893124002 68.35
      vertex 11.83208020644301 15.371322893124002 65.85
    endloop
  endfacet
  facet normal -0.5620833778521305 0.8270805742745619 0
    outer loop
      vertex 11.83208020644301 15.371322893124002 65.85
      vertex 11.83208020644301 15.371322893124002 68.35
      vertex 12.819290895399064 16.042230584538288 65.85
    endloop
  endfacet
  facet normal -0.5090414157503689 0.8607420270039452 0
    outer loop
      vertex 12.819290895399064 16.042230584538288 65.85
      vertex 12.819290895399064 16.042230584538288 68.35
      vertex 13.846680192067408 16.649826920833405 65.85
    endloop
  endfacet
  facet normal -0.5620833778521305 0.8270805742745619 -1.4757930960679114e-17
    outer loop
      vertex 11.83208020644301 15.371322893124002 68.35
      vertex 12.819290895399064 16.042230584538288 68.35
      vertex 12.819290895399064 16.042230584538288 65.85
    endloop
  endfacet
  facet normal -0.5090414157503689 0.8607420270039452 1.7839224199026038e-17
    outer loop
      vertex 12.819290895399064 16.042230584538288 68.35
      vertex 13.846680192067408 16.649826920833405 68.35
      vertex 13.846680192067408 16.649826920833405 65.85
    endloop
  endfacet
  facet normal 0 0 -1
    outer loop
      vertex 14.183221215612903 12.135254915624216 65.85
      vertex 13.846680192067408 16.649826920833405 65.85
      vertex 14.910193460263624 17.191713996854375 65.85
    endloop
  endfacet
  facet normal 0 0 -1
    outer loop
      vertex 14.96259807531505 12.664918882530223 65.85
      vertex 14.910193460263624 17.191713996854375 65.85
      vertex 15.732994031870764 17.51144266641598 65.85
    endloop
  endfacet
  facet normal -0.9510565162951536 -0.3090169943749471 -8.967393363574515e-16
    outer loop
      vertex 16.96361065475634 13.723994145586829 65.85
      vertex 15.732994031870764 17.51144266641598 65.85
      vertex 16.208404792447606 16.048278795192672 63.35
    endloop
  endfacet
  facet normal -0.2631768932624655 0.8099751917588179 -0.5240974256643346
    outer loop
      vertex 16.208404792447606 16.048278795192672 63.35
      vertex 15.732994031870764 17.51144266641598 65.85
      vertex 17.159578806313494 17.974968157978402 65.85
    endloop
  endfacet
  facet normal 0 0 -1
    outer loop
      vertex 14.910193460263624 17.191713996854375 65.85
      vertex 16.00563349899112 17.665753231876778 65.85
      vertex 15.732994031870764 17.51144266641598 65.85
    endloop
  endfacet
  facet normal -0.45399049973954947 0.8910065241883665 0
    outer loop
      vertex 13.846680192067408 16.649826920833405 65.85
      vertex 13.846680192067408 16.649826920833405 68.35
      vertex 14.910193460263624 17.191713996854375 65.85
    endloop
  endfacet
  facet normal -0.39714789063477957 0.9177546256839816 0
    outer loop
      vertex 14.910193460263624 17.191713996854375 65.85
      vertex 14.910193460263624 17.191713996854375 68.35
      vertex 16.00563349899112 17.665753231876778 65.85
    endloop
  endfacet
  facet normal -0.45399049973954947 0.8910065241883665 -1.9463181261549833e-18
    outer loop
      vertex 13.846680192067408 16.649826920833405 68.35
      vertex 14.910193460263624 17.191713996854375 68.35
      vertex 14.910193460263624 17.191713996854375 65.85
    endloop
  endfacet
  facet normal 0 0 -1
    outer loop
      vertex 15.732994031870764 17.51144266641598 65.85
      vertex 16.00563349899112 17.665753231876778 65.85
      vertex 17.159578806313494 17.974968157978402 65.85
    endloop
  endfacet
  facet normal 0 0 -1
    outer loop
      vertex 16.00563349899112 17.665753231876778 65.85
      vertex 17.128677106875998 18.07007380960792 65.85
      vertex 17.159578806313494 17.974968157978402 65.85
    endloop
  endfacet
  facet normal -0.33873792024529226 0.9408807689542252 0
    outer loop
      vertex 16.00563349899112 17.665753231876778 65.85
      vertex 16.00563349899112 17.665753231876778 68.35
      vertex 17.128677106875998 18.07007380960792 65.85
    endloop
  endfacet
  facet normal -0.39714789063477957 0.9177546256839816 -3.535490187730732e-18
    outer loop
      vertex 14.910193460263624 17.191713996854375 68.35
      vertex 16.00563349899112 17.665753231876778 68.35
      vertex 16.00563349899112 17.665753231876778 65.85
    endloop
  endfacet
  facet normal -0.33873792024529226 0.9408807689542252 0
    outer loop
      vertex 17.128677106875998 18.07007380960792 65.85
      vertex 16.00563349899112 17.665753231876778 68.35
      vertex 17.128677106875998 18.07007380960792 68.35
    endloop
  endfacet
  facet normal 0 0 -1
    outer loop
      vertex 20.047677058943282 2.7724157790111903 58.35
      vertex 19.43975502287123 18.663457763845088 58.35
      vertex 20.618668562278224 18.85017932497508 58.35
    endloop
  endfacet
  facet normal 0 0 -1
    outer loop
      vertex 21.275593869161458 3.6645495624873803 58.35
      vertex 20.618668562278224 18.85017932497508 58.35
      vertex 21.80698012894304 18.962507840137164 58.35
    endloop
  endfacet
  facet normal 0 0 -1
    outer loop
      vertex 22.49240040406457 4.0180645403236355 58.35
      vertex 21.80698012894304 18.962507840137164 58.35
      vertex 23 19 58.35
    endloop
  endfacet
  facet normal 0 0 -1
    outer loop
      vertex 23 4.050000000000001 58.35
      vertex 23 19 58.35
      vertex 24.19301987105696 18.962507840137164 58.35
    endloop
  endfacet
  facet normal 0 0 -1
    outer loop
      vertex 25.380530271784515 3.2765188272185384 58.35
      vertex 25.381331437721776 18.85017932497508 58.35
      vertex 26.56024497712877 18.663457763845088 58.35
    endloop
  endfacet
  facet normal 0 0 -1
    outer loop
      vertex 24.00719404301766 3.9227618025709567 58.35
      vertex 24.19301987105696 18.962507840137164 58.35
      vertex 25.381331437721776 18.85017932497508 58.35
    endloop
  endfacet
  facet normal 0 0 1
    outer loop
      vertex 30.55484386025239 12.950302926290163 60.85
      vertex 29.99436650100889 17.665753231876778 60.85
      vertex 30.226305111525733 13.144600200657948 60.85
    endloop
  endfacet
  facet normal 0 0 1
    outer loop
      vertex 29.386689373476088 13.572405786990295 60.85
      vertex 30.226305111525733 13.144600200657948 60.85
      vertex 29.99436650100889 17.665753231876778 60.85
    endloop
  endfacet
  facet normal -0.2789911060392252 0.9602936856769443 0
    outer loop
      vertex 18.36474508437579 14.265847744427305 60.85
      vertex 18.36474508437579 14.265847744427305 65.77890625
      vertex 19.269651692527177 14.528747416929463 60.85
    endloop
  endfacet
  facet normal -0.21814324139654934 0.9759167619387458 0
    outer loop
      vertex 19.269651692527177 14.528747416929463 60.85
      vertex 19.269651692527177 14.528747416929463 65.85
      vertex 20.189280281214128 14.734308760930332 60.85
    endloop
  endfacet
  facet normal -0.15643446504023023 0.9876883405951378 0
    outer loop
      vertex 20.189280281214128 14.734308760930332 60.85
      vertex 20.189280281214128 14.734308760930332 65.85
      vertex 21.12000149653544 14.88172051971717 60.85
    endloop
  endfacet
  facet normal -0.2789911060392251 0.9602936856769443 -1.8792534214798323e-16
    outer loop
      vertex 19.269651692527177 14.528747416929463 60.85
      vertex 18.36474508437579 14.265847744427305 65.77890625
      vertex 18.36474508437579 14.265847744427305 65.85
    endloop
  endfacet
  facet normal 0.9510565162951526 0.30901699437495006 0
    outer loop
      vertex 18.36474508437579 14.265847744427305 60.85
      vertex 17.888541972531318 15.731450222102652 64.68333333333334
      vertex 18.36474508437579 14.265847744427305 65.77890625
    endloop
  endfacet
  facet normal -0.2789911060392252 0.9602936856769443 0
    outer loop
      vertex 19.269651692527177 14.528747416929463 60.85
      vertex 18.36474508437579 14.265847744427305 65.85
      vertex 19.269651692527177 14.528747416929463 65.85
    endloop
  endfacet
  facet normal -0.21814324139654934 0.9759167619387458 0
    outer loop
      vertex 20.189280281214128 14.734308760930332 60.85
      vertex 19.269651692527177 14.528747416929463 65.85
      vertex 20.189280281214128 14.734308760930332 65.85
    endloop
  endfacet
  facet normal -0.15643446504023023 0.9876883405951378 0
    outer loop
      vertex 21.12000149653544 14.88172051971717 60.85
      vertex 20.189280281214128 14.734308760930332 65.85
      vertex 21.12000149653544 14.88172051971717 65.85
    endloop
  endfacet
  facet normal -0.09410831331850858 0.9955619646030806 7.78843584641916e-19
    outer loop
      vertex 21.12000149653544 14.88172051971717 60.85
      vertex 21.5 14.917640954101046 63.3356667247929
      vertex 21.5 14.917640954101046 60.85
    endloop
  endfacet
  facet normal 0.03141075907812459 0.9995065603657317 1.0975400264933854e-19
    outer loop
      vertex 23.941857792939707 14.970400926424077 60.85
      vertex 23 15 60.85
      vertex 23 15 65.77890625
    endloop
  endfacet
  facet normal 0.09410831331851595 0.9955619646030798 0
    outer loop
      vertex 23.941857792939707 14.970400926424077 60.85
      vertex 23.941857792939707 14.970400926424077 65.85
      vertex 24.87999850346456 14.88172051971717 60.85
    endloop
  endfacet
  facet normal -0.09410831331850858 0.9955619646030806 7.699637916947897e-19
    outer loop
      vertex 21.12000149653544 14.88172051971717 60.85
      vertex 21.5 14.917640954101046 65.85
      vertex 21.5 14.917640954101046 63.3356667247929
    endloop
  endfacet
  facet normal -0.09410831331850858 0.9955619646030806 0
    outer loop
      vertex 21.12000149653544 14.88172051971717 60.85
      vertex 21.12000149653544 14.88172051971717 65.85
      vertex 21.5 14.917640954101046 65.85
    endloop
  endfacet
  facet normal 0.031410759078124594 0.9995065603657316 7.609208821041676e-18
    outer loop
      vertex 23.941857792939707 14.970400926424077 60.85
      vertex 23 15 65.77890625
      vertex 23 15 65.85
    endloop
  endfacet
  facet normal 0.03141075907812459 0.9995065603657317 0
    outer loop
      vertex 23.941857792939707 14.970400926424077 60.85
      vertex 23 15 65.85
      vertex 23.941857792939707 14.970400926424077 65.85
    endloop
  endfacet
  facet normal 0 0 1
    outer loop
      vertex 19.450957945822353 1.9511023801119478 68.35
      vertex 19.43975502287123 18.663457763845088 68.35
      vertex 18.27489214386776 18.403080061443987 68.35
    endloop
  endfacet
  facet normal 0 0 1
    outer loop
      vertex 20.619469728215485 3.2765188272185384 68.35
      vertex 20.618668562278224 18.85017932497508 68.35
      vertex 19.43975502287123 18.663457763845088 68.35
    endloop
  endfacet
  facet normal 0.9510565162951528 0.3090169943749501 0
    outer loop
      vertex 18.36474508437579 14.265847744427305 65.77890625
      vertex 17.888541972531318 15.731450222102652 64.68333333333334
      vertex 18.36474508437579 14.265847744427305 65.85
    endloop
  endfacet
  facet normal 0 0 1
    outer loop
      vertex 21.992805956982338 3.9227618025709567 68.35
      vertex 21.80698012894304 18.962507840137164 68.35
      vertex 20.618668562278224 18.85017932497508 68.35
    endloop
  endfacet
  facet normal 0 0 1
    outer loop
      vertex 23 4.050000000000001 68.35
      vertex 23 19 68.35
      vertex 21.80698012894304 18.962507840137164 68.35
    endloop
  endfacet
  facet normal 0 0 1
    outer loop
      vertex 23.50759959593543 4.0180645403236355 68.35
      vertex 24.19301987105696 18.962507840137164 68.35
      vertex 23 19 68.35
    endloop
  endfacet
  facet normal 0.21814324139654992 0.9759167619387458 -1.4607083923884162e-18
    outer loop
      vertex 25.810719718785872 14.734308760930332 60.85
      vertex 26.1832197963582 14.651045128711672 63.3356667247929
      vertex 26.1832197963582 14.651045128711672 60.85
    endloop
  endfacet
  facet normal 0.15643446504023023 0.9876883405951378 0
    outer loop
      vertex 24.87999850346456 14.88172051971717 60.85
      vertex 24.87999850346456 14.88172051971717 65.85
      vertex 25.810719718785872 14.734308760930332 60.85
    endloop
  endfacet
  facet normal 0.33873792024529265 0.9408807689542249 0
    outer loop
      vertex 27.63525491562421 14.265847744427305 60.85
      vertex 27.63525491562421 14.265847744427305 65.77890625
      vertex 28.521868290270177 13.946647288323767 60.85
    endloop
  endfacet
  facet normal 0.21814324139654986 0.9759167619387457 -1.4440544860889858e-18
    outer loop
      vertex 25.810719718785872 14.734308760930332 60.85
      vertex 26.1832197963582 14.651045128711672 65.85
      vertex 26.1832197963582 14.651045128711672 63.3356667247929
    endloop
  endfacet
  facet normal 0.09410831331851595 0.9955619646030798 1.0665099971521122e-18
    outer loop
      vertex 23.941857792939707 14.970400926424077 65.85
      vertex 24.87999850346456 14.88172051971717 65.85
      vertex 24.87999850346456 14.88172051971717 60.85
    endloop
  endfacet
  facet normal 0.15643446504023023 0.9876883405951378 0
    outer loop
      vertex 25.810719718785872 14.734308760930332 60.85
      vertex 24.87999850346456 14.88172051971717 65.85
      vertex 25.810719718785872 14.734308760930332 65.85
    endloop
  endfacet
  facet normal 0.2181432413965499 0.9759167619387458 0
    outer loop
      vertex 25.810719718785872 14.734308760930332 60.85
      vertex 25.810719718785872 14.734308760930332 65.85
      vertex 26.1832197963582 14.651045128711672 65.85
    endloop
  endfacet
  facet normal 0.33873792024529287 0.940880768954225 -9.349579478679484e-17
    outer loop
      vertex 28.521868290270177 13.946647288323767 60.85
      vertex 27.63525491562421 14.265847744427305 65.77890625
      vertex 27.63525491562421 14.265847744427305 65.85
    endloop
  endfacet
  facet normal 0.9510565162951526 -0.30901699437495006 0
    outer loop
      vertex 27.63525491562421 14.265847744427305 60.85
      vertex 28.111458027468682 15.731450222102652 64.68333333333334
      vertex 27.63525491562421 14.265847744427305 65.77890625
    endloop
  endfacet
  facet normal 0.4539904997395514 0.8910065241883655 0
    outer loop
      vertex 29.386689373476088 13.572405786990295 60.85
      vertex 29.386689373476088 13.572405786990295 65.85
      vertex 30.226305111525733 13.144600200657948 60.85
    endloop
  endfacet
  facet normal 0.5090414157503593 0.8607420270039506 0
    outer loop
      vertex 30.55484386025239 12.950302926290163 60.85
      vertex 30.226305111525733 13.144600200657948 60.85
      vertex 30.55484386025239 12.950302926290163 63.3356667247929
    endloop
  endfacet
  facet normal -0.8090169943749469 0.5877852522924738 0
    outer loop
      vertex 30.55484386025239 12.950302926290163 60.85
      vertex 30.55484386025239 12.950302926290163 63.3356667247929
      vertex 31.509045438024103 14.263648726420215 62.016666666666666
    endloop
  endfacet
  facet normal 0.39714789063477896 0.9177546256839818 0
    outer loop
      vertex 29.386689373476088 13.572405786990295 60.85
      vertex 28.521868290270177 13.946647288323767 65.85
      vertex 29.386689373476088 13.572405786990295 65.85
    endloop
  endfacet
  facet normal 0.5090414157503593 0.8607420270039507 -5.7256480636245196e-18
    outer loop
      vertex 30.226305111525733 13.144600200657948 60.85
      vertex 30.55484386025239 12.950302926290163 65.85
      vertex 30.55484386025239 12.950302926290163 63.3356667247929
    endloop
  endfacet
  facet normal 0.5090414157503593 0.8607420270039505 0
    outer loop
      vertex 30.226305111525733 13.144600200657948 60.85
      vertex 30.226305111525733 13.144600200657948 65.85
      vertex 30.55484386025239 12.950302926290163 65.85
    endloop
  endfacet
  facet normal -0.8090169943749468 0.5877852522924738 1.5509381016679687e-17
    outer loop
      vertex 31.509045438024103 14.263648726420215 62.016666666666666
      vertex 30.55484386025239 12.950302926290163 63.3356667247929
      vertex 30.55484386025239 12.950302926290163 65.85
    endloop
  endfacet
  facet normal 0.4539904997395514 0.8910065241883655 0
    outer loop
      vertex 30.226305111525733 13.144600200657948 60.85
      vertex 29.386689373476088 13.572405786990295 65.85
      vertex 30.226305111525733 13.144600200657948 65.85
    endloop
  endfacet
  facet normal 0.39714789063477896 0.9177546256839818 2.6814668450557523e-18
    outer loop
      vertex 29.386689373476088 13.572405786990295 60.85
      vertex 28.521868290270177 13.946647288323767 60.85
      vertex 28.521868290270177 13.946647288323767 65.85
    endloop
  endfacet
  facet normal 0.33873792024529265 0.9408807689542249 0
    outer loop
      vertex 28.521868290270177 13.946647288323767 60.85
      vertex 27.63525491562421 14.265847744427305 65.85
      vertex 28.521868290270177 13.946647288323767 65.85
    endloop
  endfacet
  facet normal -0.8090169943749471 0.5877852522924737 -9.58290564368506e-17
    outer loop
      vertex 31.509045438024103 14.263648726420215 62.016666666666666
      vertex 30.55484386025239 12.950302926290163 65.85
      vertex 31.991330773238438 14.927457542317605 63.35
    endloop
  endfacet
  facet normal 0 0 1
    outer loop
      vertex 25.95 2.774738720067905 68.35
      vertex 26.56024497712877 18.663457763845088 68.35
      vertex 25.381331437721776 18.85017932497508 68.35
    endloop
  endfacet
  facet normal 0.9510565162951528 -0.3090169943749501 0
    outer loop
      vertex 27.63525491562421 14.265847744427305 65.77890625
      vertex 28.111458027468682 15.731450222102652 64.68333333333334
      vertex 27.63525491562421 14.265847744427305 65.85
    endloop
  endfacet
  facet normal 0 0 1
    outer loop
      vertex 24.724406130838542 3.6645495624873803 68.35
      vertex 25.381331437721776 18.85017932497508 68.35
      vertex 24.19301987105696 18.962507840137164 68.35
    endloop
  endfacet
  facet normal 0 0 -1
    outer loop
      vertex 30.55484386025239 12.950302926290163 65.85
      vertex 30.226305111525733 13.144600200657948 65.85
      vertex 32.895615776765325 16.17209907212522 65.85
    endloop
  endfacet
  facet normal 0 0 -1
    outer loop
      vertex 29.386689373476088 13.572405786990295 65.85
      vertex 29.99436650100889 17.665753231876778 65.85
      vertex 30.226305111525733 13.144600200657948 65.85
    endloop
  endfacet
  facet normal 0 0 1
    outer loop
      vertex 17.159578806313494 17.974968157978402 60.85
      vertex 18.36474508437579 14.265847744427305 60.85
      vertex 19.269651692527177 14.528747416929463 60.85
    endloop
  endfacet
  facet normal 0 0 1
    outer loop
      vertex 19.269651692527177 14.528747416929463 60.85
      vertex 20.189280281214128 14.734308760930332 60.85
      vertex 18.27489214386776 18.403080061443987 60.85
    endloop
  endfacet
  facet normal 0 0 1
    outer loop
      vertex 20.189280281214128 14.734308760930332 60.85
      vertex 21.12000149653544 14.88172051971717 60.85
      vertex 19.43975502287123 18.663457763845088 60.85
    endloop
  endfacet
  facet normal 0 0 1
    outer loop
      vertex 17.159578806313494 17.974968157978402 60.85
      vertex 19.269651692527177 14.528747416929463 60.85
      vertex 18.27489214386776 18.403080061443987 60.85
    endloop
  endfacet
  facet normal 0 0 1
    outer loop
      vertex 20.189280281214128 14.734308760930332 60.85
      vertex 19.43975502287123 18.663457763845088 60.85
      vertex 18.27489214386776 18.403080061443987 60.85
    endloop
  endfacet
  facet normal 0 0 1
    outer loop
      vertex 21.12000149653544 14.88172051971717 60.85
      vertex 20.618668562278224 18.85017932497508 60.85
      vertex 19.43975502287123 18.663457763845088 60.85
    endloop
  endfacet
  facet normal 0 0 1
    outer loop
      vertex 21.12000149653544 14.88172051971717 60.85
      vertex 21.5 14.917640954101046 60.85
      vertex 20.618668562278224 18.85017932497508 60.85
    endloop
  endfacet
  facet normal -1 0 0
    outer loop
      vertex 21.5 14.917640954101046 60.85
      vertex 21.5 16.54102564102564 62.016666666666666
      vertex 21.5 18.9 60.85
    endloop
  endfacet
  facet normal 0 0 1
    outer loop
      vertex 23.941857792939707 14.970400926424077 60.85
      vertex 23 18.9 60.85
      vertex 23 15 60.85
    endloop
  endfacet
  facet normal 0 0 1
    outer loop
      vertex 23.941857792939707 14.970400926424077 60.85
      vertex 24.87999850346456 14.88172051971717 60.85
      vertex 24.19301987105696 18.962507840137164 60.85
    endloop
  endfacet
  facet normal -0.27899110603922433 0.9602936856769445 0
    outer loop
      vertex 17.128677106875998 18.07007380960792 58.35
      vertex 17.128677106875998 18.07007380960792 60.85
      vertex 18.27489214386776 18.403080061443987 58.35
    endloop
  endfacet
  facet normal -0.21814324139654914 0.975916761938746 0
    outer loop
      vertex 18.27489214386776 18.403080061443987 58.35
      vertex 18.27489214386776 18.403080061443987 60.85
      vertex 19.43975502287123 18.663457763845088 58.35
    endloop
  endfacet
  facet normal -0.15643446504022884 0.9876883405951381 0
    outer loop
      vertex 19.43975502287123 18.663457763845088 58.35
      vertex 19.43975502287123 18.663457763845088 60.85
      vertex 20.618668562278224 18.85017932497508 58.35
    endloop
  endfacet
  facet normal -0.27899110603922433 0.9602936856769445 3.3214076256695174e-18
    outer loop
      vertex 17.128677106875998 18.07007380960792 60.85
      vertex 18.27489214386776 18.403080061443987 60.85
      vertex 18.27489214386776 18.403080061443987 58.35
    endloop
  endfacet
  facet normal 0 0 1
    outer loop
      vertex 17.159578806313494 17.974968157978402 60.85
      vertex 18.27489214386776 18.403080061443987 60.85
      vertex 17.128677106875998 18.07007380960792 60.85
    endloop
  endfacet
  facet normal -0.21814324139654914 0.975916761938746 0
    outer loop
      vertex 19.43975502287123 18.663457763845088 58.35
      vertex 18.27489214386776 18.403080061443987 60.85
      vertex 19.43975502287123 18.663457763845088 60.85
    endloop
  endfacet
  facet normal -0.15643446504022884 0.9876883405951381 0
    outer loop
      vertex 20.618668562278224 18.85017932497508 58.35
      vertex 19.43975502287123 18.663457763845088 60.85
      vertex 20.618668562278224 18.85017932497508 60.85
    endloop
  endfacet
  facet normal 0 0 1
    outer loop
      vertex 21.5 14.917640954101046 60.85
      vertex 21.5 18.9 60.85
      vertex 20.618668562278224 18.85017932497508 60.85
    endloop
  endfacet
  facet normal 0 0 1
    outer loop
      vertex 23.941857792939707 14.970400926424077 60.85
      vertex 24.19301987105696 18.962507840137164 60.85
      vertex 23 18.9 60.85
    endloop
  endfacet
  facet normal -0.09410831331851731 0.9955619646030797 0
    outer loop
      vertex 20.618668562278224 18.85017932497508 58.35
      vertex 20.618668562278224 18.85017932497508 60.85
      vertex 21.80698012894304 18.962507840137164 58.35
    endloop
  endfacet
  facet normal -0.03141075907812462 0.9995065603657317 0
    outer loop
      vertex 21.80698012894304 18.962507840137164 58.35
      vertex 21.80698012894304 18.962507840137164 60.85
      vertex 23 19 58.35
    endloop
  endfacet
  facet normal 0.03141075907812462 0.9995065603657317 0
    outer loop
      vertex 23 19 58.35
      vertex 23 19 60.85
      vertex 24.19301987105696 18.962507840137164 58.35
    endloop
  endfacet
  facet normal -0.09410831331851731 0.9955619646030797 2.9138997482186528e-18
    outer loop
      vertex 20.618668562278224 18.85017932497508 60.85
      vertex 21.80698012894304 18.962507840137164 60.85
      vertex 21.80698012894304 18.962507840137164 58.35
    endloop
  endfacet
  facet normal 0 0 1
    outer loop
      vertex 20.618668562278224 18.85017932497508 60.85
      vertex 21.5 18.9 60.85
      vertex 21.80698012894304 18.962507840137164 60.85
    endloop
  endfacet
  facet normal 0 0 1
    outer loop
      vertex 21.5 18.9 60.85
      vertex 23 19 60.85
      vertex 21.80698012894304 18.962507840137164 60.85
    endloop
  endfacet
  facet normal 0 0 1
    outer loop
      vertex 21.5 18.9 60.85
      vertex 23 18.9 60.85
      vertex 23 19 60.85
    endloop
  endfacet
  facet normal -0.03141075907812462 0.9995065603657317 0
    outer loop
      vertex 23 19 58.35
      vertex 21.80698012894304 18.962507840137164 60.85
      vertex 23 19 60.85
    endloop
  endfacet
  facet normal 0.03141075907812462 0.9995065603657317 0
    outer loop
      vertex 24.19301987105696 18.962507840137164 58.35
      vertex 23 19 60.85
      vertex 24.19301987105696 18.962507840137164 60.85
    endloop
  endfacet
  facet normal 0 0 1
    outer loop
      vertex 23 18.9 60.85
      vertex 24.19301987105696 18.962507840137164 60.85
      vertex 23 19 60.85
    endloop
  endfacet
  facet normal 0 0 1
    outer loop
      vertex 24.87999850346456 14.88172051971717 60.85
      vertex 25.810719718785872 14.734308760930332 60.85
      vertex 25.381331437721776 18.85017932497508 60.85
    endloop
  endfacet
  facet normal 0 0 1
    outer loop
      vertex 25.810719718785872 14.734308760930332 60.85
      vertex 26.1832197963582 14.651045128711672 60.85
      vertex 25.381331437721776 18.85017932497508 60.85
    endloop
  endfacet
  facet normal 0 0 1
    outer loop
      vertex 26.1832197963582 14.651045128711672 60.85
      vertex 26.56024497712877 18.663457763845088 60.85
      vertex 25.381331437721776 18.85017932497508 60.85
    endloop
  endfacet
  facet normal -0.9510565162951535 0.3090169943749472 1.3062990622215186e-15
    outer loop
      vertex 26.1832197963582 14.651045128711672 60.85
      vertex 26.684873253025952 16.194975713665073 62.016666666666666
      vertex 27.413836419243776 18.438493649540824 60.85
    endloop
  endfacet
  facet normal 0 0 1
    outer loop
      vertex 26.1832197963582 14.651045128711672 60.85
      vertex 27.413836419243776 18.438493649540824 60.85
      vertex 26.56024497712877 18.663457763845088 60.85
    endloop
  endfacet
  facet normal 0 0 1
    outer loop
      vertex 27.63525491562421 14.265847744427305 60.85
      vertex 28.521868290270177 13.946647288323767 60.85
      vertex 28.840421193686506 17.974968157978402 60.85
    endloop
  endfacet
  facet normal 0 0 1
    outer loop
      vertex 29.386689373476088 13.572405786990295 60.85
      vertex 28.840421193686506 17.974968157978402 60.85
      vertex 28.521868290270177 13.946647288323767 60.85
    endloop
  endfacet
  facet normal 0 0 1
    outer loop
      vertex 30.55484386025239 12.950302926290163 60.85
      vertex 32.15331980793259 16.649826920833405 60.85
      vertex 31.089806539736376 17.191713996854375 60.85
    endloop
  endfacet
  facet normal 0 0 1
    outer loop
      vertex 30.55484386025239 12.950302926290163 60.85
      vertex 31.089806539736376 17.191713996854375 60.85
      vertex 29.99436650100889 17.665753231876778 60.85
    endloop
  endfacet
  facet normal 0.4539904997395501 0.8910065241883661 0
    outer loop
      vertex 31.089806539736376 17.191713996854375 58.35
      vertex 31.089806539736376 17.191713996854375 60.85
      vertex 32.15331980793259 16.649826920833405 58.35
    endloop
  endfacet
  facet normal 0 0 1
    outer loop
      vertex 29.386689373476088 13.572405786990295 60.85
      vertex 28.871322893124002 18.07007380960792 60.85
      vertex 28.840421193686506 17.974968157978402 60.85
    endloop
  endfacet
  facet normal 0 0 1
    outer loop
      vertex 29.386689373476088 13.572405786990295 60.85
      vertex 29.99436650100889 17.665753231876778 60.85
      vertex 28.871322893124002 18.07007380960792 60.85
    endloop
  endfacet
  facet normal 0.39714789063478284 0.9177546256839803 0
    outer loop
      vertex 31.089806539736376 17.191713996854375 58.35
      vertex 29.99436650100889 17.665753231876778 60.85
      vertex 31.089806539736376 17.191713996854375 60.85
    endloop
  endfacet
  facet normal 0.2181432413965447 0.9759167619387469 0
    outer loop
      vertex 26.56024497712877 18.663457763845088 58.35
      vertex 26.56024497712877 18.663457763845088 60.85
      vertex 27.725107856132233 18.403080061443994 58.35
    endloop
  endfacet
  facet normal 0 0 1
    outer loop
      vertex 24.19301987105696 18.962507840137164 60.85
      vertex 24.87999850346456 14.88172051971717 60.85
      vertex 25.381331437721776 18.85017932497508 60.85
    endloop
  endfacet
  facet normal 0.15643446504022884 0.9876883405951381 0
    outer loop
      vertex 26.56024497712877 18.663457763845088 58.35
      vertex 25.381331437721776 18.85017932497508 60.85
      vertex 26.56024497712877 18.663457763845088 60.85
    endloop
  endfacet
  facet normal 0.2181432413965447 0.9759167619387469 0
    outer loop
      vertex 27.725107856132233 18.403080061443994 58.35
      vertex 26.56024497712877 18.663457763845088 60.85
      vertex 27.725107856132233 18.403080061443994 60.85
    endloop
  endfacet
  facet normal 0 0 1
    outer loop
      vertex 26.56024497712877 18.663457763845088 60.85
      vertex 27.413836419243776 18.438493649540824 60.85
      vertex 27.725107856132233 18.403080061443994 60.85
    endloop
  endfacet
  facet normal 0.09410831331851731 0.9955619646030797 0
    outer loop
      vertex 24.19301987105696 18.962507840137164 58.35
      vertex 24.19301987105696 18.962507840137164 60.85
      vertex 25.381331437721776 18.85017932497508 58.35
    endloop
  endfacet
  facet normal 0.15643446504022884 0.9876883405951381 -2.0094423669238025e-18
    outer loop
      vertex 26.56024497712877 18.663457763845088 58.35
      vertex 25.381331437721776 18.85017932497508 58.35
      vertex 25.381331437721776 18.85017932497508 60.85
    endloop
  endfacet
  facet normal 0.09410831331851731 0.9955619646030797 -2.9138997482186528e-18
    outer loop
      vertex 24.19301987105696 18.962507840137164 60.85
      vertex 25.381331437721776 18.85017932497508 60.85
      vertex 25.381331437721776 18.85017932497508 58.35
    endloop
  endfacet
  facet normal 0.33873792024528937 0.9408807689542262 0
    outer loop
      vertex 28.871322893124002 18.07007380960792 58.35
      vertex 28.871322893124002 18.07007380960792 60.85
      vertex 29.99436650100889 17.665753231876778 58.35
    endloop
  endfacet
  facet normal 0.2789911060392282 0.9602936856769433 0
    outer loop
      vertex 27.725107856132233 18.403080061443994 58.35
      vertex 27.725107856132233 18.403080061443994 60.85
      vertex 28.871322893124002 18.07007380960792 58.35
    endloop
  endfacet
  facet normal 0.39714789063478284 0.9177546256839803 -1.4778345152689682e-17
    outer loop
      vertex 31.089806539736376 17.191713996854375 58.35
      vertex 29.99436650100889 17.665753231876778 58.35
      vertex 29.99436650100889 17.665753231876778 60.85
    endloop
  endfacet
  facet normal 0.33873792024528937 0.9408807689542262 0
    outer loop
      vertex 29.99436650100889 17.665753231876778 58.35
      vertex 28.871322893124002 18.07007380960792 60.85
      vertex 29.99436650100889 17.665753231876778 60.85
    endloop
  endfacet
  facet normal 0.2789911060392282 0.9602936856769433 8.950391635943654e-18
    outer loop
      vertex 27.725107856132233 18.403080061443994 60.85
      vertex 28.871322893124002 18.07007380960792 60.85
      vertex 28.871322893124002 18.07007380960792 58.35
    endloop
  endfacet
  facet normal 0 0 1
    outer loop
      vertex 27.413836419243776 18.438493649540824 60.85
      vertex 28.840421193686506 17.974968157978402 60.85
      vertex 28.871322893124002 18.07007380960792 60.85
    endloop
  endfacet
  facet normal 0 0 1
    outer loop
      vertex 27.413836419243776 18.438493649540824 60.85
      vertex 28.871322893124002 18.07007380960792 60.85
      vertex 27.725107856132233 18.403080061443994 60.85
    endloop
  endfacet
  facet normal 0.9510565162951541 0.30901699437494573 1.832921807852322e-15
    outer loop
      vertex 18.36474508437579 14.265847744427305 60.85
      vertex 17.634989566890336 16.511804286755094 63.35
      vertex 17.888541972531318 15.731450222102652 64.68333333333334
    endloop
  endfacet
  facet normal 0.9510565162951534 0.309016994374948 -3.575141664221358e-16
    outer loop
      vertex 17.159578806313494 17.974968157978402 60.85
      vertex 17.634989566890336 16.511804286755094 63.35
      vertex 18.36474508437579 14.265847744427305 60.85
    endloop
  endfacet
  facet normal 0.9510565162951541 0.3090169943749457 1.79779068051711e-15
    outer loop
      vertex 17.159578806313494 17.974968157978402 65.85
      vertex 17.888541972531318 15.731450222102652 64.68333333333334
      vertex 17.634989566890336 16.511804286755094 63.35
    endloop
  endfacet
  facet normal -1 0 0
    outer loop
      vertex 21.5 14.917640954101046 60.85
      vertex 21.5 14.917640954101046 63.3356667247929
      vertex 21.5 16.54102564102564 62.016666666666666
    endloop
  endfacet
  facet normal -1 0 0
    outer loop
      vertex 21.5 14.917640954101046 63.3356667247929
      vertex 21.5 14.917640954101046 65.85
      vertex 21.5 16.54102564102564 62.016666666666666
    endloop
  endfacet
  facet normal 1 0 0
    outer loop
      vertex 23 15 60.85
      vertex 23 16.54102564102564 64.68333333333334
      vertex 23 15 65.77890625
    endloop
  endfacet
  facet normal 1 0 0
    outer loop
      vertex 23 15 60.85
      vertex 23 17.36153846153846 63.35
      vertex 23 16.54102564102564 64.68333333333334
    endloop
  endfacet
  facet normal 1 0 0
    outer loop
      vertex 23 15 60.85
      vertex 23 18.9 60.85
      vertex 23 17.36153846153846 63.35
    endloop
  endfacet
  facet normal -1 0 0
    outer loop
      vertex 21.5 14.917640954101046 65.85
      vertex 21.5 17.36153846153846 63.35
      vertex 21.5 16.54102564102564 62.016666666666666
    endloop
  endfacet
  facet normal 0.9510565162951534 0.309016994374948 -2.9483010719367304e-15
    outer loop
      vertex 17.159578806313494 17.974968157978402 65.85
      vertex 18.36474508437579 14.265847744427305 65.85
      vertex 17.888541972531318 15.731450222102652 64.68333333333334
    endloop
  endfacet
  facet normal 0 0 -1
    outer loop
      vertex 18.36474508437579 14.265847744427305 65.85
      vertex 19.43975502287123 18.663457763845088 65.85
      vertex 19.269651692527177 14.528747416929463 65.85
    endloop
  endfacet
  facet normal 0 0 -1
    outer loop
      vertex 19.269651692527177 14.528747416929463 65.85
      vertex 19.43975502287123 18.663457763845088 65.85
      vertex 20.189280281214128 14.734308760930332 65.85
    endloop
  endfacet
  facet normal 0 0 -1
    outer loop
      vertex 20.189280281214128 14.734308760930332 65.85
      vertex 20.618668562278224 18.85017932497508 65.85
      vertex 21.12000149653544 14.88172051971717 65.85
    endloop
  endfacet
  facet normal 0 0 -1
    outer loop
      vertex 17.159578806313494 17.974968157978402 65.85
      vertex 18.27489214386776 18.403080061443987 65.85
      vertex 18.36474508437579 14.265847744427305 65.85
    endloop
  endfacet
  facet normal 0 0 -1
    outer loop
      vertex 18.36474508437579 14.265847744427305 65.85
      vertex 18.27489214386776 18.403080061443987 65.85
      vertex 19.43975502287123 18.663457763845088 65.85
    endloop
  endfacet
  facet normal 0 0 -1
    outer loop
      vertex 20.189280281214128 14.734308760930332 65.85
      vertex 19.43975502287123 18.663457763845088 65.85
      vertex 20.618668562278224 18.85017932497508 65.85
    endloop
  endfacet
  facet normal 0 0 -1
    outer loop
      vertex 21.12000149653544 14.88172051971717 65.85
      vertex 21.5 18.9 65.85
      vertex 21.5 14.917640954101046 65.85
    endloop
  endfacet
  facet normal 1 0 0
    outer loop
      vertex 23 16.54102564102564 64.68333333333334
      vertex 23 15 65.85
      vertex 23 15 65.77890625
    endloop
  endfacet
  facet normal -1 0 0
    outer loop
      vertex 21.5 14.917640954101046 65.85
      vertex 21.5 18.9 65.85
      vertex 21.5 17.36153846153846 63.35
    endloop
  endfacet
  facet normal 1 0 0
    outer loop
      vertex 23 16.54102564102564 64.68333333333334
      vertex 23 18.9 65.85
      vertex 23 15 65.85
    endloop
  endfacet
  facet normal 0 0 -1
    outer loop
      vertex 23.941857792939707 14.970400926424077 65.85
      vertex 23 15 65.85
      vertex 24.19301987105696 18.962507840137164 65.85
    endloop
  endfacet
  facet normal -1 0 0
    outer loop
      vertex 21.5 16.54102564102564 62.016666666666666
      vertex 21.5 17.36153846153846 63.35
      vertex 21.5 18.9 60.85
    endloop
  endfacet
  facet normal 0 0.8516583167045437 0.5240974256643351
    outer loop
      vertex 23 18.9 60.85
      vertex 21.5 17.36153846153846 63.35
      vertex 23 17.36153846153846 63.35
    endloop
  endfacet
  facet normal 0 0.8516583167045437 0.5240974256643351
    outer loop
      vertex 21.5 18.9 60.85
      vertex 21.5 17.36153846153846 63.35
      vertex 23 18.9 60.85
    endloop
  endfacet
  facet normal 0 0.8516583167045431 -0.5240974256643363
    outer loop
      vertex 21.5 17.36153846153846 63.35
      vertex 23 18.9 65.85
      vertex 23 17.36153846153846 63.35
    endloop
  endfacet
  facet normal 1 0 0
    outer loop
      vertex 23 17.36153846153846 63.35
      vertex 23 18.9 65.85
      vertex 23 16.54102564102564 64.68333333333334
    endloop
  endfacet
  facet normal 0 0 -1
    outer loop
      vertex 17.159578806313494 17.974968157978402 65.85
      vertex 17.128677106875998 18.07007380960792 65.85
      vertex 18.27489214386776 18.403080061443987 65.85
    endloop
  endfacet
  facet normal -0.27899110603922433 0.9602936856769445 0
    outer loop
      vertex 17.128677106875998 18.07007380960792 65.85
      vertex 17.128677106875998 18.07007380960792 68.35
      vertex 18.27489214386776 18.403080061443987 65.85
    endloop
  endfacet
  facet normal -0.21814324139654914 0.975916761938746 0
    outer loop
      vertex 18.27489214386776 18.403080061443987 65.85
      vertex 18.27489214386776 18.403080061443987 68.35
      vertex 19.43975502287123 18.663457763845088 65.85
    endloop
  endfacet
  facet normal -0.27899110603922433 0.9602936856769445 3.3214076256695174e-18
    outer loop
      vertex 17.128677106875998 18.07007380960792 68.35
      vertex 18.27489214386776 18.403080061443987 68.35
      vertex 18.27489214386776 18.403080061443987 65.85
    endloop
  endfacet
  facet normal -0.15643446504022884 0.9876883405951381 0
    outer loop
      vertex 19.43975502287123 18.663457763845088 65.85
      vertex 19.43975502287123 18.663457763845088 68.35
      vertex 20.618668562278224 18.85017932497508 65.85
    endloop
  endfacet
  facet normal -0.21814324139654914 0.975916761938746 -5.7334575733647725e-18
    outer loop
      vertex 18.27489214386776 18.403080061443987 68.35
      vertex 19.43975502287123 18.663457763845088 68.35
      vertex 19.43975502287123 18.663457763845088 65.85
    endloop
  endfacet
  facet normal -0.15643446504022884 0.9876883405951381 2.0094423669238025e-18
    outer loop
      vertex 19.43975502287123 18.663457763845088 68.35
      vertex 20.618668562278224 18.85017932497508 68.35
      vertex 20.618668562278224 18.85017932497508 65.85
    endloop
  endfacet
  facet normal 0 0 -1
    outer loop
      vertex 21.12000149653544 14.88172051971717 65.85
      vertex 20.618668562278224 18.85017932497508 65.85
      vertex 21.5 18.9 65.85
    endloop
  endfacet
  facet normal 3.879100194128514e-17 0.8516583167045431 -0.5240974256643363
    outer loop
      vertex 21.5 17.36153846153846 63.35
      vertex 21.5 18.9 65.85
      vertex 23 18.9 65.85
    endloop
  endfacet
  facet normal 0 0 -1
    outer loop
      vertex 23 15 65.85
      vertex 23 18.9 65.85
      vertex 24.19301987105696 18.962507840137164 65.85
    endloop
  endfacet
  facet normal 0 0 -1
    outer loop
      vertex 20.618668562278224 18.85017932497508 65.85
      vertex 21.80698012894304 18.962507840137164 65.85
      vertex 21.5 18.9 65.85
    endloop
  endfacet
  facet normal 0 0 -1
    outer loop
      vertex 21.5 18.9 65.85
      vertex 21.80698012894304 18.962507840137164 65.85
      vertex 23 18.9 65.85
    endloop
  endfacet
  facet normal 0 0 -1
    outer loop
      vertex 21.80698012894304 18.962507840137164 65.85
      vertex 23 19 65.85
      vertex 23 18.9 65.85
    endloop
  endfacet
  facet normal 0 0 -1
    outer loop
      vertex 23 18.9 65.85
      vertex 23 19 65.85
      vertex 24.19301987105696 18.962507840137164 65.85
    endloop
  endfacet
  facet normal -0.09410831331851731 0.9955619646030797 0
    outer loop
      vertex 20.618668562278224 18.85017932497508 65.85
      vertex 20.618668562278224 18.85017932497508 68.35
      vertex 21.80698012894304 18.962507840137164 65.85
    endloop
  endfacet
  facet normal -0.03141075907812462 0.9995065603657317 0
    outer loop
      vertex 21.80698012894304 18.962507840137164 65.85
      vertex 21.80698012894304 18.962507840137164 68.35
      vertex 23 19 65.85
    endloop
  endfacet
  facet normal -0.09410831331851731 0.9955619646030797 2.9138997482186528e-18
    outer loop
      vertex 20.618668562278224 18.85017932497508 68.35
      vertex 21.80698012894304 18.962507840137164 68.35
      vertex 21.80698012894304 18.962507840137164 65.85
    endloop
  endfacet
  facet normal 0.03141075907812462 0.9995065603657317 0
    outer loop
      vertex 23 19 65.85
      vertex 23 19 68.35
      vertex 24.19301987105696 18.962507840137164 65.85
    endloop
  endfacet
  facet normal -0.03141075907812462 0.9995065603657317 -1.6492851339021292e-21
    outer loop
      vertex 21.80698012894304 18.962507840137164 68.35
      vertex 23 19 68.35
      vertex 23 19 65.85
    endloop
  endfacet
  facet normal 0.03141075907812462 0.9995065603657317 0
    outer loop
      vertex 24.19301987105696 18.962507840137164 65.85
      vertex 23 19 68.35
      vertex 24.19301987105696 18.962507840137164 68.35
    endloop
  endfacet
  facet normal -0.9510565162951535 0.30901699437494806 0
    outer loop
      vertex 26.1832197963582 14.651045128711672 60.85
      vertex 26.1832197963582 14.651045128711672 63.3356667247929
      vertex 26.684873253025952 16.194975713665073 62.016666666666666
    endloop
  endfacet
  facet normal -0.9510565162951534 0.30901699437494806 0
    outer loop
      vertex 26.1832197963582 14.651045128711672 63.3356667247929
      vertex 26.1832197963582 14.651045128711672 65.85
      vertex 26.684873253025952 16.194975713665073 62.016666666666666
    endloop
  endfacet
  facet normal -0.9510565162951539 0.30901699437494656 -7.070059580898846e-16
    outer loop
      vertex 26.1832197963582 14.651045128711672 65.85
      vertex 26.938425658666933 16.97532977831751 63.35
      vertex 26.684873253025952 16.194975713665073 62.016666666666666
    endloop
  endfacet
  facet normal -0.9510565162951539 0.3090169943749463 -5.681789818126782e-16
    outer loop
      vertex 26.684873253025952 16.194975713665073 62.016666666666666
      vertex 26.938425658666933 16.97532977831751 63.35
      vertex 27.413836419243776 18.438493649540824 60.85
    endloop
  endfacet
  facet normal 0.9510565162951541 -0.30901699437494573 -1.832921807852322e-15
    outer loop
      vertex 27.63525491562421 14.265847744427305 60.85
      vertex 28.365010433109664 16.511804286755094 63.35
      vertex 28.111458027468682 15.731450222102652 64.68333333333334
    endloop
  endfacet
  facet normal 0.9510565162951534 -0.309016994374948 3.628381718718725e-16
    outer loop
      vertex 27.63525491562421 14.265847744427305 60.85
      vertex 28.840421193686506 17.974968157978402 60.85
      vertex 28.365010433109664 16.511804286755094 63.35
    endloop
  endfacet
  facet normal 0.263176893262462 0.8099751917588198 0.5240974256643336
    outer loop
      vertex 28.840421193686506 17.974968157978402 60.85
      vertex 26.938425658666933 16.97532977831751 63.35
      vertex 28.365010433109664 16.511804286755094 63.35
    endloop
  endfacet
  facet normal 0.9510565162951541 -0.3090169943749457 -1.813016548173631e-15
    outer loop
      vertex 28.111458027468682 15.731450222102652 64.68333333333334
      vertex 28.365010433109664 16.511804286755094 63.35
      vertex 28.840421193686506 17.974968157978402 65.85
    endloop
  endfacet
  facet normal 0.2631768932624618 0.8099751917588192 -0.5240974256643347
    outer loop
      vertex 26.938425658666933 16.97532977831751 63.35
      vertex 28.840421193686506 17.974968157978402 65.85
      vertex 28.365010433109664 16.511804286755094 63.35
    endloop
  endfacet
  facet normal 0 0 -1
    outer loop
      vertex 23.941857792939707 14.970400926424077 65.85
      vertex 25.381331437721776 18.85017932497508 65.85
      vertex 24.87999850346456 14.88172051971717 65.85
    endloop
  endfacet
  facet normal 0 0 -1
    outer loop
      vertex 24.87999850346456 14.88172051971717 65.85
      vertex 25.381331437721776 18.85017932497508 65.85
      vertex 25.810719718785872 14.734308760930332 65.85
    endloop
  endfacet
  facet normal 0 0 -1
    outer loop
      vertex 25.810719718785872 14.734308760930332 65.85
      vertex 27.413836419243776 18.438493649540824 65.85
      vertex 26.1832197963582 14.651045128711672 65.85
    endloop
  endfacet
  facet normal -0.9510565162951536 0.3090169943749471 1.846021403929531e-17
    outer loop
      vertex 26.1832197963582 14.651045128711672 65.85
      vertex 27.413836419243776 18.438493649540824 65.85
      vertex 26.938425658666933 16.97532977831751 63.35
    endloop
  endfacet
  facet normal 0 0 -1
    outer loop
      vertex 25.810719718785872 14.734308760930332 65.85
      vertex 25.381331437721776 18.85017932497508 65.85
      vertex 27.413836419243776 18.438493649540824 65.85
    endloop
  endfacet
  facet normal 0 0 -1
    outer loop
      vertex 27.63525491562421 14.265847744427305 65.85
      vertex 28.840421193686506 17.974968157978402 65.85
      vertex 28.521868290270177 13.946647288323767 65.85
    endloop
  endfacet
  facet normal 0 0 -1
    outer loop
      vertex 29.386689373476088 13.572405786990295 65.85
      vertex 28.521868290270177 13.946647288323767 65.85
      vertex 29.99436650100889 17.665753231876778 65.85
    endloop
  endfacet
  facet normal 0.9510565162951534 -0.309016994374948 2.9915267039889546e-15
    outer loop
      vertex 27.63525491562421 14.265847744427305 65.85
      vertex 28.111458027468682 15.731450222102652 64.68333333333334
      vertex 28.840421193686506 17.974968157978402 65.85
    endloop
  endfacet
  facet normal 0 0 -1
    outer loop
      vertex 30.226305111525733 13.144600200657948 65.85
      vertex 29.99436650100889 17.665753231876778 65.85
      vertex 32.895615776765325 16.17209907212522 65.85
    endloop
  endfacet
  facet normal 0 0 -1
    outer loop
      vertex 28.521868290270177 13.946647288323767 65.85
      vertex 28.840421193686506 17.974968157978402 65.85
      vertex 28.871322893124002 18.07007380960792 65.85
    endloop
  endfacet
  facet normal 0 0 -1
    outer loop
      vertex 28.521868290270177 13.946647288323767 65.85
      vertex 28.871322893124002 18.07007380960792 65.85
      vertex 29.99436650100889 17.665753231876778 65.85
    endloop
  endfacet
  facet normal 0 0 -1
    outer loop
      vertex 31.089806539736376 17.191713996854375 65.85
      vertex 32.895615776765325 16.17209907212522 65.85
      vertex 29.99436650100889 17.665753231876778 65.85
    endloop
  endfacet
  facet normal 0.4539904997395501 0.8910065241883661 0
    outer loop
      vertex 31.089806539736376 17.191713996854375 65.85
      vertex 31.089806539736376 17.191713996854375 68.35
      vertex 32.15331980793259 16.649826920833405 65.85
    endloop
  endfacet
  facet normal 0.39714789063478284 0.9177546256839803 0
    outer loop
      vertex 31.089806539736376 17.191713996854375 65.85
      vertex 29.99436650100889 17.665753231876778 68.35
      vertex 31.089806539736376 17.191713996854375 68.35
    endloop
  endfacet
  facet normal 0.26317689326246535 0.8099751917588177 0.5240974256643353
    outer loop
      vertex 27.413836419243776 18.438493649540824 60.85
      vertex 26.938425658666933 16.97532977831751 63.35
      vertex 28.840421193686506 17.974968157978402 60.85
    endloop
  endfacet
  facet normal 0 0 -1
    outer loop
      vertex 23.941857792939707 14.970400926424077 65.85
      vertex 24.19301987105696 18.962507840137164 65.85
      vertex 25.381331437721776 18.85017932497508 65.85
    endloop
  endfacet
  facet normal 0.26317689326246513 0.809975191758817 -0.5240974256643363
    outer loop
      vertex 26.938425658666933 16.97532977831751 63.35
      vertex 27.413836419243776 18.438493649540824 65.85
      vertex 28.840421193686506 17.974968157978402 65.85
    endloop
  endfacet
  facet normal 0 0 -1
    outer loop
      vertex 26.56024497712877 18.663457763845088 65.85
      vertex 27.413836419243776 18.438493649540824 65.85
      vertex 25.381331437721776 18.85017932497508 65.85
    endloop
  endfacet
  facet normal 0 0 -1
    outer loop
      vertex 26.56024497712877 18.663457763845088 65.85
      vertex 27.725107856132233 18.403080061443994 65.85
      vertex 27.413836419243776 18.438493649540824 65.85
    endloop
  endfacet
  facet normal 0.2181432413965447 0.9759167619387469 0
    outer loop
      vertex 26.56024497712877 18.663457763845088 65.85
      vertex 26.56024497712877 18.663457763845088 68.35
      vertex 27.725107856132233 18.403080061443994 65.85
    endloop
  endfacet
  facet normal 0.15643446504022884 0.9876883405951381 0
    outer loop
      vertex 26.56024497712877 18.663457763845088 65.85
      vertex 25.381331437721776 18.85017932497508 68.35
      vertex 26.56024497712877 18.663457763845088 68.35
    endloop
  endfacet
  facet normal 0.2181432413965447 0.9759167619387469 -4.855357071644506e-18
    outer loop
      vertex 26.56024497712877 18.663457763845088 68.35
      vertex 27.725107856132233 18.403080061443994 68.35
      vertex 27.725107856132233 18.403080061443994 65.85
    endloop
  endfacet
  facet normal 0.09410831331851731 0.9955619646030797 0
    outer loop
      vertex 24.19301987105696 18.962507840137164 65.85
      vertex 24.19301987105696 18.962507840137164 68.35
      vertex 25.381331437721776 18.85017932497508 65.85
    endloop
  endfacet
  facet normal 0.15643446504022884 0.9876883405951381 -2.0094423669238025e-18
    outer loop
      vertex 26.56024497712877 18.663457763845088 65.85
      vertex 25.381331437721776 18.85017932497508 65.85
      vertex 25.381331437721776 18.85017932497508 68.35
    endloop
  endfacet
  facet normal 0.09410831331851731 0.9955619646030797 -2.9138997482186528e-18
    outer loop
      vertex 24.19301987105696 18.962507840137164 68.35
      vertex 25.381331437721776 18.85017932497508 68.35
      vertex 25.381331437721776 18.85017932497508 65.85
    endloop
  endfacet
  facet normal 0 0 -1
    outer loop
      vertex 27.413836419243776 18.438493649540824 65.85
      vertex 27.725107856132233 18.403080061443994 65.85
      vertex 28.840421193686506 17.974968157978402 65.85
    endloop
  endfacet
  facet normal 0 0 -1
    outer loop
      vertex 27.725107856132233 18.403080061443994 65.85
      vertex 28.871322893124002 18.07007380960792 65.85
      vertex 28.840421193686506 17.974968157978402 65.85
    endloop
  endfacet
  facet normal 0.33873792024528937 0.9408807689542262 0
    outer loop
      vertex 28.871322893124002 18.07007380960792 65.85
      vertex 28.871322893124002 18.07007380960792 68.35
      vertex 29.99436650100889 17.665753231876778 65.85
    endloop
  endfacet
  facet normal 0.33873792024528937 0.9408807689542262 0
    outer loop
      vertex 29.99436650100889 17.665753231876778 65.85
      vertex 28.871322893124002 18.07007380960792 68.35
      vertex 29.99436650100889 17.665753231876778 68.35
    endloop
  endfacet
  facet normal 0.2789911060392282 0.9602936856769433 0
    outer loop
      vertex 27.725107856132233 18.403080061443994 65.85
      vertex 27.725107856132233 18.403080061443994 68.35
      vertex 28.871322893124002 18.07007380960792 65.85
    endloop
  endfacet
  facet normal 0.2789911060392282 0.9602936856769433 8.950391635943654e-18
    outer loop
      vertex 27.725107856132233 18.403080061443994 68.35
      vertex 28.871322893124002 18.07007380960792 68.35
      vertex 28.871322893124002 18.07007380960792 65.85
    endloop
  endfacet
  facet normal 0.39714789063478284 0.9177546256839803 -1.4778345152689682e-17
    outer loop
      vertex 31.089806539736376 17.191713996854375 65.85
      vertex 29.99436650100889 17.665753231876778 65.85
      vertex 29.99436650100889 17.665753231876778 68.35
    endloop
  endfacet
  facet normal 0 0 1
    outer loop
      vertex 3 20 53.35
      vertex 61 -20 53.35
      vertex 61 20 53.35
    endloop
  endfacet
  facet normal 0 0 -1
    outer loop
      vertex 34.16791979355699 -15.371322893124002 58.35
      vertex 34.16791979355699 15.371322893124002 58.35
      vertex 35.11105580522511 14.639751612739992 58.35
    endloop
  endfacet
  facet normal 0 0 -1
    outer loop
      vertex 38.371322893124 -11.16791979355699 58.35
      vertex 38.371322893124 11.16791979355699 58.35
      vertex 39.04223058453829 10.180709104600929 58.35
    endloop
  endfacet
  facet normal 0 0 -1
    outer loop
      vertex 37.63975161273999 -12.111055805225105 58.35
      vertex 37.63975161273999 12.111055805225106 58.35
      vertex 38.371322893124 11.16791979355699 58.35
    endloop
  endfacet
  facet normal 0 0 -1
    outer loop
      vertex 36.006395012645086 -13.85040392100682 58.35
      vertex 36.00639501264508 13.850403921006823 58.35
      vertex 36.85040392100682 13.00639501264508 58.35
    endloop
  endfacet
  facet normal 0 0 -1
    outer loop
      vertex 35.11105580522511 -14.639751612739994 58.35
      vertex 35.11105580522511 14.639751612739992 58.35
      vertex 36.00639501264508 13.850403921006823 58.35
    endloop
  endfacet
  facet normal 0 0 -1
    outer loop
      vertex 36.850403921006816 -13.006395012645086 58.35
      vertex 36.85040392100682 13.00639501264508 58.35
      vertex 37.63975161273999 12.111055805225106 58.35
    endloop
  endfacet
  facet normal 0 0 1
    outer loop
      vertex 37.265847744427305 4.635254915624209 60.85
      vertex 37.52874741692947 3.7303483074728163 60.85
      vertex 40.9749681579784 5.840421193686506 60.85
    endloop
  endfacet
  facet normal 0 0 -1
    outer loop
      vertex 41.962507840137164 -1.1930198710569542 58.35
      vertex 41.962507840137164 1.1930198710569613 58.35
      vertex 42 0 58.35
    endloop
  endfacet
  facet normal 0 0 -1
    outer loop
      vertex 41.85017932497508 -2.38133143772178 58.35
      vertex 41.85017932497508 2.3813314377217765 58.35
      vertex 41.962507840137164 1.1930198710569613 58.35
    endloop
  endfacet
  facet normal 0.9995065603657317 0.03141075907812462 1.6492851339021292e-21
    outer loop
      vertex 41.962507840137164 1.1930198710569613 58.35
      vertex 42 0 60.85
      vertex 42 0 58.35
    endloop
  endfacet
  facet normal 0 0 -1
    outer loop
      vertex 41.66345776384509 -3.560244977128768 58.35
      vertex 41.66345776384509 3.5602449771287716 58.35
      vertex 41.85017932497508 2.3813314377217765 58.35
    endloop
  endfacet
  facet normal 0 0 -1
    outer loop
      vertex 41.40308006144399 -4.72510785613224 58.35
      vertex 41.403080061443994 4.725107856132233 58.35
      vertex 41.66345776384509 3.5602449771287716 58.35
    endloop
  endfacet
  facet normal 0 0 1
    outer loop
      vertex 41.962507840137164 -1.1930198710569542 60.85
      vertex 41.9 1.5 60.85
      vertex 41.9 0 60.85
    endloop
  endfacet
  facet normal 0 0 1
    outer loop
      vertex 41.962507840137164 -1.1930198710569542 60.85
      vertex 42 0 60.85
      vertex 41.962507840137164 1.1930198710569613 60.85
    endloop
  endfacet
  facet normal 0 0 1
    outer loop
      vertex 41.962507840137164 -1.1930198710569542 60.85
      vertex 41.962507840137164 1.1930198710569613 60.85
      vertex 41.9 1.5 60.85
    endloop
  endfacet
  facet normal 0.9995065603657317 0.03141075907812462 0
    outer loop
      vertex 41.962507840137164 1.1930198710569613 58.35
      vertex 41.962507840137164 1.1930198710569613 60.85
      vertex 42 0 60.85
    endloop
  endfacet
  facet normal 0 0 -1
    outer loop
      vertex 40.191713996854375 -8.089806539736381 58.35
      vertex 40.191713996854375 8.089806539736376 58.35
      vertex 40.66575323187678 6.994366501008891 58.35
    endloop
  endfacet
  facet normal 0 0 -1
    outer loop
      vertex 41.07007380960792 -5.871322893124001 58.35
      vertex 41.07007380960792 5.8713228931240025 58.35
      vertex 41.403080061443994 4.725107856132233 58.35
    endloop
  endfacet
  facet normal 0.9955619646030797 0.09410831331851731 0
    outer loop
      vertex 41.962507840137164 1.1930198710569613 58.35
      vertex 41.85017932497508 2.3813314377217765 58.35
      vertex 41.962507840137164 1.1930198710569613 60.85
    endloop
  endfacet
  facet normal 0 0 -1
    outer loop
      vertex 40.66575323187678 -6.994366501008882 58.35
      vertex 40.66575323187678 6.994366501008891 58.35
      vertex 41.07007380960792 5.8713228931240025 58.35
    endloop
  endfacet
  facet normal 0 1 0
    outer loop
      vertex 37.917640954101046 1.5 60.85
      vertex 39.54102564102564 1.5 62.016666666666666
      vertex 41.9 1.5 60.85
    endloop
  endfacet
  facet normal 0 0 1
    outer loop
      vertex 37.917640954101046 1.5 60.85
      vertex 41.9 1.5 60.85
      vertex 41.85017932497508 2.3813314377217765 60.85
    endloop
  endfacet
  facet normal 0 0 1
    outer loop
      vertex 41.962507840137164 1.1930198710569613 60.85
      vertex 41.85017932497508 2.3813314377217765 60.85
      vertex 41.9 1.5 60.85
    endloop
  endfacet
  facet normal 0.9955619646030797 0.09410831331851731 0
    outer loop
      vertex 41.85017932497508 2.3813314377217765 58.35
      vertex 41.85017932497508 2.3813314377217765 60.85
      vertex 41.962507840137164 1.1930198710569613 60.85
    endloop
  endfacet
  facet normal 0 0 1
    outer loop
      vertex 37.917640954101046 1.5 60.85
      vertex 41.85017932497508 2.3813314377217765 60.85
      vertex 41.66345776384509 3.5602449771287716 60.85
    endloop
  endfacet
  facet normal 0 0 -1
    outer loop
      vertex 39.04223058453829 -10.180709104600936 58.35
      vertex 39.04223058453829 10.180709104600929 58.35
      vertex 39.649826920833405 9.15331980793259 58.35
    endloop
  endfacet
  facet normal 0 0 -1
    outer loop
      vertex 39.649826920833405 -9.153319807932592 58.35
      vertex 39.649826920833405 9.15331980793259 58.35
      vertex 40.191713996854375 8.089806539736376 58.35
    endloop
  endfacet
  facet normal 0.9876883405951381 0.15643446504022884 0
    outer loop
      vertex 41.85017932497508 2.3813314377217765 58.35
      vertex 41.66345776384509 3.5602449771287716 58.35
      vertex 41.85017932497508 2.3813314377217765 60.85
    endloop
  endfacet
  facet normal 0 0 1
    outer loop
      vertex 37.917640954101046 1.5 60.85
      vertex 40.9749681579784 5.840421193686506 60.85
      vertex 37.88172051971717 1.8799985034645594 60.85
    endloop
  endfacet
  facet normal 0 0 1
    outer loop
      vertex 37.88172051971717 1.8799985034645594 60.85
      vertex 40.9749681579784 5.840421193686506 60.85
      vertex 37.73430876093033 2.8107197187858723 60.85
    endloop
  endfacet
  facet normal 0 0 1
    outer loop
      vertex 37.917640954101046 1.5 60.85
      vertex 41.66345776384509 3.5602449771287716 60.85
      vertex 41.403080061443994 4.725107856132233 60.85
    endloop
  endfacet
  facet normal 0.9876883405951381 0.15643446504022884 -2.0094423669238025e-18
    outer loop
      vertex 41.85017932497508 2.3813314377217765 60.85
      vertex 41.66345776384509 3.5602449771287716 58.35
      vertex 41.66345776384509 3.5602449771287716 60.85
    endloop
  endfacet
  facet normal 0.9759167619387469 0.2181432413965447 0
    outer loop
      vertex 41.66345776384509 3.5602449771287716 58.35
      vertex 41.403080061443994 4.725107856132233 58.35
      vertex 41.66345776384509 3.5602449771287716 60.85
    endloop
  endfacet
  facet normal 0 0 1
    outer loop
      vertex 37.73430876093033 2.8107197187858723 60.85
      vertex 40.9749681579784 5.840421193686506 60.85
      vertex 37.52874741692947 3.7303483074728163 60.85
    endloop
  endfacet
  facet normal 0 0 1
    outer loop
      vertex 37.917640954101046 1.5 60.85
      vertex 41.403080061443994 4.725107856132233 60.85
      vertex 41.07007380960792 5.8713228931240025 60.85
    endloop
  endfacet
  facet normal 0 0 1
    outer loop
      vertex 37.917640954101046 1.5 60.85
      vertex 41.07007380960792 5.8713228931240025 60.85
      vertex 40.9749681579784 5.840421193686506 60.85
    endloop
  endfacet
  facet normal 0.9759167619387469 0.2181432413965447 0
    outer loop
      vertex 41.403080061443994 4.725107856132233 58.35
      vertex 41.403080061443994 4.725107856132233 60.85
      vertex 41.66345776384509 3.5602449771287716 60.85
    endloop
  endfacet
  facet normal 0 -1 0
    outer loop
      vertex 38 0 60.85
      vertex 39.54102564102564 0 64.68333333333334
      vertex 38 0 65.77890625
    endloop
  endfacet
  facet normal 0 1 0
    outer loop
      vertex 37.917640954101046 1.5 60.85
      vertex 37.917640954101046 1.5 63.3356667247929
      vertex 39.54102564102564 1.5 62.016666666666666
    endloop
  endfacet
  facet normal 0.9955619646030806 0.09410831331850858 0
    outer loop
      vertex 37.917640954101046 1.5 60.85
      vertex 37.88172051971717 1.8799985034645594 60.85
      vertex 37.917640954101046 1.5 63.3356667247929
    endloop
  endfacet
  facet normal 0.9876883405951378 0.15643446504023023 0
    outer loop
      vertex 37.88172051971717 1.8799985034645594 60.85
      vertex 37.73430876093033 2.8107197187858723 60.85
      vertex 37.88172051971717 1.8799985034645594 65.85
    endloop
  endfacet
  facet normal 0 1 0
    outer loop
      vertex 37.917640954101046 1.5 63.3356667247929
      vertex 37.917640954101046 1.5 65.85
      vertex 39.54102564102564 1.5 62.016666666666666
    endloop
  endfacet
  facet normal 0.9955619646030806 0.09410831331850858 0
    outer loop
      vertex 37.88172051971717 1.8799985034645594 60.85
      vertex 37.88172051971717 1.8799985034645594 65.85
      vertex 37.917640954101046 1.5 63.3356667247929
    endloop
  endfacet
  facet normal 0 -1 0
    outer loop
      vertex 38 0 65.77890625
      vertex 39.54102564102564 0 64.68333333333334
      vertex 38 0 65.85
    endloop
  endfacet
  facet normal 0.9955619646030806 0.09410831331850857 0
    outer loop
      vertex 37.917640954101046 1.5 63.3356667247929
      vertex 37.88172051971717 1.8799985034645594 65.85
      vertex 37.917640954101046 1.5 65.85
    endloop
  endfacet
  facet normal 0.9759167619387471 0.21814324139654376 0
    outer loop
      vertex 37.73430876093033 2.8107197187858723 60.85
      vertex 37.52874741692947 3.7303483074728163 60.85
      vertex 37.73430876093033 2.8107197187858723 65.85
    endloop
  endfacet
  facet normal 0.9876883405951378 0.15643446504023023 0
    outer loop
      vertex 37.73430876093033 2.8107197187858723 60.85
      vertex 37.73430876093033 2.8107197187858723 65.85
      vertex 37.88172051971717 1.8799985034645594 65.85
    endloop
  endfacet
  facet normal 0.9759167619387471 0.21814324139654376 0
    outer loop
      vertex 37.52874741692947 3.7303483074728163 60.85
      vertex 37.52874741692947 3.7303483074728163 65.85
      vertex 37.73430876093033 2.8107197187858723 65.85
    endloop
  endfacet
  facet normal 0.9602936856769428 0.27899110603923016 2.917078048764813e-18
    outer loop
      vertex 37.265847744427305 4.635254915624209 60.85
      vertex 37.52874741692947 3.7303483074728163 65.85
      vertex 37.52874741692947 3.7303483074728163 60.85
    endloop
  endfacet
  facet normal 0.9602936856769427 0.2789911060392301 0
    outer loop
      vertex 37.265847744427305 4.635254915624209 60.85
      vertex 37.265847744427305 4.635254915624209 65.77890625
      vertex 37.52874741692947 3.7303483074728163 65.85
    endloop
  endfacet
  facet normal 0.30901699437495006 -0.9510565162951526 0
    outer loop
      vertex 37.265847744427305 4.635254915624209 60.85
      vertex 38.73145022210265 5.111458027468682 64.68333333333334
      vertex 37.265847744427305 4.635254915624209 65.77890625
    endloop
  endfacet
  facet normal 0.9602936856769426 0.2789911060392301 0
    outer loop
      vertex 37.265847744427305 4.635254915624209 65.77890625
      vertex 37.265847744427305 4.635254915624209 65.85
      vertex 37.52874741692947 3.7303483074728163 65.85
    endloop
  endfacet
  facet normal 0.3090169943749501 -0.9510565162951528 0
    outer loop
      vertex 37.265847744427305 4.635254915624209 65.77890625
      vertex 38.73145022210265 5.111458027468682 64.68333333333334
      vertex 37.265847744427305 4.635254915624209 65.85
    endloop
  endfacet
  facet normal 0 0 1
    outer loop
      vertex 36.006395012645086 -13.85040392100682 68.35
      vertex 36.00639501264508 13.850403921006823 68.35
      vertex 35.11105580522511 14.639751612739992 68.35
    endloop
  endfacet
  facet normal 0 0 1
    outer loop
      vertex 36.850403921006816 -13.006395012645086 68.35
      vertex 36.85040392100682 13.00639501264508 68.35
      vertex 36.00639501264508 13.850403921006823 68.35
    endloop
  endfacet
  facet normal 0 0 1
    outer loop
      vertex 37.63975161273999 -12.111055805225105 68.35
      vertex 37.63975161273999 12.111055805225106 68.35
      vertex 36.85040392100682 13.00639501264508 68.35
    endloop
  endfacet
  facet normal 0 0 1
    outer loop
      vertex 38.371322893124 -11.16791979355699 68.35
      vertex 38.371322893124 11.16791979355699 68.35
      vertex 37.63975161273999 12.111055805225106 68.35
    endloop
  endfacet
  facet normal 0 -1 0
    outer loop
      vertex 38 0 60.85
      vertex 41.9 0 60.85
      vertex 40.36153846153846 0 63.35
    endloop
  endfacet
  facet normal 0 -1 0
    outer loop
      vertex 38 0 60.85
      vertex 40.36153846153846 0 63.35
      vertex 39.54102564102564 0 64.68333333333334
    endloop
  endfacet
  facet normal 0.8516583167045437 0 0.5240974256643351
    outer loop
      vertex 41.9 0 60.85
      vertex 40.36153846153846 1.5 63.35
      vertex 40.36153846153846 0 63.35
    endloop
  endfacet
  facet normal 0.8516583167045437 0 0.5240974256643351
    outer loop
      vertex 41.9 0 60.85
      vertex 41.9 1.5 60.85
      vertex 40.36153846153846 1.5 63.35
    endloop
  endfacet
  facet normal 0 -1 0
    outer loop
      vertex 40.36153846153846 0 63.35
      vertex 41.9 0 65.85
      vertex 39.54102564102564 0 64.68333333333334
    endloop
  endfacet
  facet normal 0.8516583167045431 0 -0.5240974256643363
    outer loop
      vertex 40.36153846153846 0 63.35
      vertex 40.36153846153846 1.5 63.35
      vertex 41.9 0 65.85
    endloop
  endfacet
  facet normal 0 1 0
    outer loop
      vertex 39.54102564102564 1.5 62.016666666666666
      vertex 40.36153846153846 1.5 63.35
      vertex 41.9 1.5 60.85
    endloop
  endfacet
  facet normal 0 1 0
    outer loop
      vertex 37.917640954101046 1.5 65.85
      vertex 40.36153846153846 1.5 63.35
      vertex 39.54102564102564 1.5 62.016666666666666
    endloop
  endfacet
  facet normal 0 -1 0
    outer loop
      vertex 38 0 65.85
      vertex 39.54102564102564 0 64.68333333333334
      vertex 41.9 0 65.85
    endloop
  endfacet
  facet normal 0 0 -1
    outer loop
      vertex 41.962507840137164 -1.1930198710569542 65.85
      vertex 41.962507840137164 1.1930198710569613 65.85
      vertex 42 0 65.85
    endloop
  endfacet
  facet normal 0.8516583167045431 3.879100194128514e-17 -0.5240974256643363
    outer loop
      vertex 40.36153846153846 1.5 63.35
      vertex 41.9 1.5 65.85
      vertex 41.9 0 65.85
    endloop
  endfacet
  facet normal 0 0 -1
    outer loop
      vertex 41.9 0 65.85
      vertex 41.9 1.5 65.85
      vertex 41.962507840137164 1.1930198710569613 65.85
    endloop
  endfacet
  facet normal 0.9995065603657317 0.03141075907812462 1.6492851339021292e-21
    outer loop
      vertex 41.962507840137164 1.1930198710569613 65.85
      vertex 42 0 68.35
      vertex 42 0 65.85
    endloop
  endfacet
  facet normal 0 0 1
    outer loop
      vertex 41.962507840137164 -1.1930198710569542 68.35
      vertex 42 0 68.35
      vertex 41.962507840137164 1.1930198710569613 68.35
    endloop
  endfacet
  facet normal 0.9995065603657317 0.03141075907812462 0
    outer loop
      vertex 41.962507840137164 1.1930198710569613 65.85
      vertex 41.962507840137164 1.1930198710569613 68.35
      vertex 42 0 68.35
    endloop
  endfacet
  facet normal 0 0 1
    outer loop
      vertex 41.962507840137164 -1.1930198710569542 68.35
      vertex 41.962507840137164 1.1930198710569613 68.35
      vertex 41.85017932497508 2.3813314377217765 68.35
    endloop
  endfacet
  facet normal 0 0 1
    outer loop
      vertex 41.85017932497508 -2.38133143772178 68.35
      vertex 41.85017932497508 2.3813314377217765 68.35
      vertex 41.66345776384509 3.5602449771287716 68.35
    endloop
  endfacet
  facet normal 0 1 0
    outer loop
      vertex 37.917640954101046 1.5 65.85
      vertex 41.9 1.5 65.85
      vertex 40.36153846153846 1.5 63.35
    endloop
  endfacet
  facet normal 0 0 -1
    outer loop
      vertex 37.917640954101046 1.5 65.85
      vertex 37.88172051971717 1.8799985034645594 65.85
      vertex 41.9 1.5 65.85
    endloop
  endfacet
  facet normal 0 0 -1
    outer loop
      vertex 37.88172051971717 1.8799985034645594 65.85
      vertex 37.73430876093033 2.8107197187858723 65.85
      vertex 41.9 1.5 65.85
    endloop
  endfacet
  facet normal 0 0 -1
    outer loop
      vertex 41.962507840137164 1.1930198710569613 65.85
      vertex 41.9 1.5 65.85
      vertex 41.85017932497508 2.3813314377217765 65.85
    endloop
  endfacet
  facet normal 0 0 -1
    outer loop
      vertex 41.9 1.5 65.85
      vertex 41.66345776384509 3.5602449771287716 65.85
      vertex 41.85017932497508 2.3813314377217765 65.85
    endloop
  endfacet
  facet normal 0.9955619646030797 0.09410831331851731 0
    outer loop
      vertex 41.962507840137164 1.1930198710569613 65.85
      vertex 41.85017932497508 2.3813314377217765 65.85
      vertex 41.962507840137164 1.1930198710569613 68.35
    endloop
  endfacet
  facet normal 0 0 1
    outer loop
      vertex 41.66345776384509 -3.560244977128768 68.35
      vertex 41.66345776384509 3.5602449771287716 68.35
      vertex 41.403080061443994 4.725107856132233 68.35
    endloop
  endfacet
  facet normal 0 0 1
    outer loop
      vertex 41.40308006144399 -4.72510785613224 68.35
      vertex 41.403080061443994 4.725107856132233 68.35
      vertex 41.07007380960792 5.8713228931240025 68.35
    endloop
  endfacet
  facet normal 0 0 1
    outer loop
      vertex 41.07007380960792 -5.871322893124001 68.35
      vertex 41.07007380960792 5.8713228931240025 68.35
      vertex 40.66575323187678 6.994366501008891 68.35
    endloop
  endfacet
  facet normal 0.9955619646030797 0.09410831331851731 -2.9138997482186528e-18
    outer loop
      vertex 41.962507840137164 1.1930198710569613 68.35
      vertex 41.85017932497508 2.3813314377217765 65.85
      vertex 41.85017932497508 2.3813314377217765 68.35
    endloop
  endfacet
  facet normal 0 0 -1
    outer loop
      vertex 37.73430876093033 2.8107197187858723 65.85
      vertex 37.52874741692947 3.7303483074728163 65.85
      vertex 41.9 1.5 65.85
    endloop
  endfacet
  facet normal 0 0 -1
    outer loop
      vertex 37.265847744427305 4.635254915624209 65.85
      vertex 41.9 1.5 65.85
      vertex 37.52874741692947 3.7303483074728163 65.85
    endloop
  endfacet
  facet normal 0 0 -1
    outer loop
      vertex 41.9 1.5 65.85
      vertex 41.403080061443994 4.725107856132233 65.85
      vertex 41.66345776384509 3.5602449771287716 65.85
    endloop
  endfacet
  facet normal 0 0 1
    outer loop
      vertex 40.191713996854375 -8.089806539736381 68.35
      vertex 40.191713996854375 8.089806539736376 68.35
      vertex 39.649826920833405 9.15331980793259 68.35
    endloop
  endfacet
  facet normal 0 0 1
    outer loop
      vertex 39.649826920833405 -9.153319807932592 68.35
      vertex 39.649826920833405 9.15331980793259 68.35
      vertex 39.04223058453829 10.180709104600929 68.35
    endloop
  endfacet
  facet normal 0 0 1
    outer loop
      vertex 39.04223058453829 -10.180709104600936 68.35
      vertex 39.04223058453829 10.180709104600929 68.35
      vertex 38.371322893124 11.16791979355699 68.35
    endloop
  endfacet
  facet normal 0.9876883405951381 0.15643446504022884 0
    outer loop
      vertex 41.85017932497508 2.3813314377217765 65.85
      vertex 41.66345776384509 3.5602449771287716 65.85
      vertex 41.85017932497508 2.3813314377217765 68.35
    endloop
  endfacet
  facet normal 0 0 1
    outer loop
      vertex 40.66575323187678 -6.994366501008882 68.35
      vertex 40.66575323187678 6.994366501008891 68.35
      vertex 40.191713996854375 8.089806539736376 68.35
    endloop
  endfacet
  facet normal 0.9876883405951381 0.15643446504022884 -2.0094423669238025e-18
    outer loop
      vertex 41.85017932497508 2.3813314377217765 68.35
      vertex 41.66345776384509 3.5602449771287716 65.85
      vertex 41.66345776384509 3.5602449771287716 68.35
    endloop
  endfacet
  facet normal 0 0 -1
    outer loop
      vertex 37.265847744427305 4.635254915624209 65.85
      vertex 40.9749681579784 5.840421193686506 65.85
      vertex 41.9 1.5 65.85
    endloop
  endfacet
  facet normal 0 0 -1
    outer loop
      vertex 41.9 1.5 65.85
      vertex 41.07007380960792 5.8713228931240025 65.85
      vertex 41.403080061443994 4.725107856132233 65.85
    endloop
  endfacet
  facet normal 0 0 -1
    outer loop
      vertex 41.9 1.5 65.85
      vertex 40.9749681579784 5.840421193686506 65.85
      vertex 41.07007380960792 5.8713228931240025 65.85
    endloop
  endfacet
  facet normal 0.9759167619387469 0.2181432413965447 0
    outer loop
      vertex 41.66345776384509 3.5602449771287716 65.85
      vertex 41.403080061443994 4.725107856132233 65.85
      vertex 41.66345776384509 3.5602449771287716 68.35
    endloop
  endfacet
  facet normal 0.9759167619387469 0.2181432413965447 -4.855357071644506e-18
    outer loop
      vertex 41.66345776384509 3.5602449771287716 68.35
      vertex 41.403080061443994 4.725107856132233 65.85
      vertex 41.403080061443994 4.725107856132233 68.35
    endloop
  endfacet
  facet normal 0 0 -1
    outer loop
      vertex 32.15331980793259 -16.64982692083341 58.35
      vertex 32.15331980793259 16.649826920833405 58.35
      vertex 33.18070910460093 16.042230584538288 58.35
    endloop
  endfacet
  facet normal 0 0 -1
    outer loop
      vertex 33.180709104600936 -16.042230584538288 58.35
      vertex 33.18070910460093 16.042230584538288 58.35
      vertex 34.16791979355699 15.371322893124002 58.35
    endloop
  endfacet
  facet normal -0.3090169943749472 0.9510565162951535 1.591718134842681e-15
    outer loop
      vertex 36.72399414558683 6.036389345243659 60.85
      vertex 38.26792473054023 6.538042801911409 62.016666666666666
      vertex 40.51144266641598 7.2670059681292365 60.85
    endloop
  endfacet
  facet normal 0 0 1
    outer loop
      vertex 36.72399414558683 6.036389345243659 60.85
      vertex 38.290421193686505 11.109141268327743 60.85
      vertex 36.572405786990295 6.386689373476088 60.85
    endloop
  endfacet
  facet normal 0 0 1
    outer loop
      vertex 36.14460020065795 7.226305111525733 60.85
      vertex 36.572405786990295 6.386689373476088 60.85
      vertex 38.290421193686505 11.109141268327743 60.85
    endloop
  endfacet
  facet normal 0 0 1
    outer loop
      vertex 36.72399414558683 6.036389345243659 60.85
      vertex 39.649826920833405 9.15331980793259 60.85
      vertex 39.04223058453829 10.180709104600929 60.85
    endloop
  endfacet
  facet normal 0 0 1
    outer loop
      vertex 36.14460020065795 7.226305111525733 60.85
      vertex 38.290421193686505 11.109141268327743 60.85
      vertex 35.66491888253023 8.037401924684943 60.85
    endloop
  endfacet
  facet normal 0 0 1
    outer loop
      vertex 35.135254915624216 8.816778784387097 60.85
      vertex 35.66491888253023 8.037401924684943 60.85
      vertex 38.290421193686505 11.109141268327743 60.85
    endloop
  endfacet
  facet normal 0 0 1
    outer loop
      vertex 36.72399414558683 6.036389345243659 60.85
      vertex 39.04223058453829 10.180709104600929 60.85
      vertex 38.371322893124 11.16791979355699 60.85
    endloop
  endfacet
  facet normal 0 0 1
    outer loop
      vertex 36.72399414558683 6.036389345243659 60.85
      vertex 38.371322893124 11.16791979355699 60.85
      vertex 38.290421193686505 11.109141268327743 60.85
    endloop
  endfacet
  facet normal 0.9602936856769433 0.2789911060392282 0
    outer loop
      vertex 41.403080061443994 4.725107856132233 58.35
      vertex 41.07007380960792 5.8713228931240025 58.35
      vertex 41.403080061443994 4.725107856132233 60.85
    endloop
  endfacet
  facet normal 0.9408807689542262 0.33873792024528937 3.42210340666486e-18
    outer loop
      vertex 40.66575323187678 6.994366501008891 58.35
      vertex 41.07007380960792 5.8713228931240025 60.85
      vertex 41.07007380960792 5.8713228931240025 58.35
    endloop
  endfacet
  facet normal 0.9602936856769433 0.2789911060392282 8.950391635943654e-18
    outer loop
      vertex 41.403080061443994 4.725107856132233 60.85
      vertex 41.07007380960792 5.8713228931240025 58.35
      vertex 41.07007380960792 5.8713228931240025 60.85
    endloop
  endfacet
  facet normal 0.9177546256839803 0.39714789063478284 0
    outer loop
      vertex 40.66575323187678 6.994366501008891 58.35
      vertex 40.191713996854375 8.089806539736376 58.35
      vertex 40.66575323187678 6.994366501008891 60.85
    endloop
  endfacet
  facet normal 0 0 1
    outer loop
      vertex 36.72399414558683 6.036389345243659 60.85
      vertex 40.51144266641598 7.2670059681292365 60.85
      vertex 40.191713996854375 8.089806539736376 60.85
    endloop
  endfacet
  facet normal 0.9408807689542262 0.33873792024528937 0
    outer loop
      vertex 40.66575323187678 6.994366501008891 58.35
      vertex 40.66575323187678 6.994366501008891 60.85
      vertex 41.07007380960792 5.8713228931240025 60.85
    endloop
  endfacet
  facet normal 0 0 1
    outer loop
      vertex 40.9749681579784 5.840421193686506 60.85
      vertex 41.07007380960792 5.8713228931240025 60.85
      vertex 40.51144266641598 7.2670059681292365 60.85
    endloop
  endfacet
  facet normal 0 0 1
    outer loop
      vertex 40.51144266641598 7.2670059681292365 60.85
      vertex 41.07007380960792 5.8713228931240025 60.85
      vertex 40.66575323187678 6.994366501008891 60.85
    endloop
  endfacet
  facet normal 0 0 1
    outer loop
      vertex 40.51144266641598 7.2670059681292365 60.85
      vertex 40.66575323187678 6.994366501008891 60.85
      vertex 40.191713996854375 8.089806539736376 60.85
    endloop
  endfacet
  facet normal 0.8910065241883661 0.4539904997395501 0
    outer loop
      vertex 40.191713996854375 8.089806539736376 58.35
      vertex 39.649826920833405 9.15331980793259 58.35
      vertex 40.191713996854375 8.089806539736376 60.85
    endloop
  endfacet
  facet normal 0.9177546256839803 0.39714789063478284 -1.4778345152689682e-17
    outer loop
      vertex 40.66575323187678 6.994366501008891 60.85
      vertex 40.191713996854375 8.089806539736376 58.35
      vertex 40.191713996854375 8.089806539736376 60.85
    endloop
  endfacet
  facet normal 0 0 1
    outer loop
      vertex 36.72399414558683 6.036389345243659 60.85
      vertex 40.191713996854375 8.089806539736376 60.85
      vertex 39.649826920833405 9.15331980793259 60.85
    endloop
  endfacet
  facet normal 0.8607420270039439 0.5090414157503708 0
    outer loop
      vertex 39.649826920833405 9.15331980793259 58.35
      vertex 39.04223058453829 10.180709104600929 58.35
      vertex 39.649826920833405 9.15331980793259 60.85
    endloop
  endfacet
  facet normal 0.8910065241883661 0.4539904997395501 0
    outer loop
      vertex 39.649826920833405 9.15331980793259 58.35
      vertex 39.649826920833405 9.15331980793259 60.85
      vertex 40.191713996854375 8.089806539736376 60.85
    endloop
  endfacet
  facet normal 0.8607420270039439 0.5090414157503708 -1.1714285905821513e-17
    outer loop
      vertex 39.649826920833405 9.15331980793259 60.85
      vertex 39.04223058453829 10.180709104600929 58.35
      vertex 39.04223058453829 10.180709104600929 60.85
    endloop
  endfacet
  facet normal 0.9177546256839831 0.397147890634776 0
    outer loop
      vertex 36.72399414558683 6.036389345243659 60.85
      vertex 36.572405786990295 6.386689373476088 60.85
      vertex 36.72399414558683 6.036389345243659 63.3356667247929
    endloop
  endfacet
  facet normal 0.3090169943749458 -0.9510565162951541 1.8496497954822437e-15
    outer loop
      vertex 37.265847744427305 4.635254915624209 60.85
      vertex 39.511804286755094 5.3650104331096635 63.35
      vertex 38.73145022210265 5.111458027468682 64.68333333333334
    endloop
  endfacet
  facet normal -0.3090169943749461 0.9510565162951541 0
    outer loop
      vertex 36.72399414558683 6.036389345243659 60.85
      vertex 36.72399414558683 6.036389345243659 63.3356667247929
      vertex 38.26792473054023 6.538042801911409 62.016666666666666
    endloop
  endfacet
  facet normal -0.30901699437494606 0.9510565162951539 -1.1333974567520173e-17
    outer loop
      vertex 38.26792473054023 6.538042801911409 62.016666666666666
      vertex 36.72399414558683 6.036389345243659 63.3356667247929
      vertex 36.72399414558683 6.036389345243659 65.85
    endloop
  endfacet
  facet normal 0.8910065241883655 0.4539904997395514 -5.117996561819063e-18
    outer loop
      vertex 36.14460020065795 7.226305111525733 60.85
      vertex 36.572405786990295 6.386689373476088 65.85
      vertex 36.572405786990295 6.386689373476088 60.85
    endloop
  endfacet
  facet normal 0.8607420270039458 0.5090414157503678 0
    outer loop
      vertex 36.14460020065795 7.226305111525733 60.85
      vertex 35.66491888253023 8.037401924684943 60.85
      vertex 36.14460020065795 7.226305111525733 65.85
    endloop
  endfacet
  facet normal 0.9177546256839831 0.397147890634776 0
    outer loop
      vertex 36.572405786990295 6.386689373476088 60.85
      vertex 36.572405786990295 6.386689373476088 65.85
      vertex 36.72399414558683 6.036389345243659 63.3356667247929
    endloop
  endfacet
  facet normal 0.8910065241883655 0.4539904997395514 0
    outer loop
      vertex 36.14460020065795 7.226305111525733 60.85
      vertex 36.14460020065795 7.226305111525733 65.85
      vertex 36.572405786990295 6.386689373476088 65.85
    endloop
  endfacet
  facet normal -0.30901699437494645 0.9510565162951538 -1.9033466815127846e-16
    outer loop
      vertex 38.26792473054023 6.538042801911409 62.016666666666666
      vertex 36.72399414558683 6.036389345243659 65.85
      vertex 39.04827879519267 6.791595207552394 63.35
    endloop
  endfacet
  facet normal 0 0 1
    outer loop
      vertex 33.180709104600936 -16.042230584538288 68.35
      vertex 33.18070910460093 16.042230584538288 68.35
      vertex 32.15331980793259 16.649826920833405 68.35
    endloop
  endfacet
  facet normal 0 0 1
    outer loop
      vertex 31.089806539736376 17.191713996854375 68.35
      vertex 32.15331980793259 -16.64982692083341 68.35
      vertex 32.15331980793259 16.649826920833405 68.35
    endloop
  endfacet
  facet normal 0 0 1
    outer loop
      vertex 34.16791979355699 -15.371322893124002 68.35
      vertex 34.16791979355699 15.371322893124002 68.35
      vertex 33.18070910460093 16.042230584538288 68.35
    endloop
  endfacet
  facet normal 0 0 1
    outer loop
      vertex 35.11105580522511 -14.639751612739994 68.35
      vertex 35.11105580522511 14.639751612739992 68.35
      vertex 34.16791979355699 15.371322893124002 68.35
    endloop
  endfacet
  facet normal 0.9177546256839831 0.397147890634776 0
    outer loop
      vertex 36.72399414558683 6.036389345243659 63.3356667247929
      vertex 36.572405786990295 6.386689373476088 65.85
      vertex 36.72399414558683 6.036389345243659 65.85
    endloop
  endfacet
  facet normal 0 0 -1
    outer loop
      vertex 36.72399414558683 6.036389345243659 65.85
      vertex 36.572405786990295 6.386689373476088 65.85
      vertex 40.51144266641598 7.2670059681292365 65.85
    endloop
  endfacet
  facet normal 0 0 -1
    outer loop
      vertex 36.14460020065795 7.226305111525733 65.85
      vertex 40.51144266641598 7.2670059681292365 65.85
      vertex 36.572405786990295 6.386689373476088 65.85
    endloop
  endfacet
  facet normal 0.8270805742745643 0.562083377852127 -3.2305866274898e-19
    outer loop
      vertex 35.135254915624216 8.816778784387097 60.85
      vertex 35.66491888253023 8.037401924684943 65.85
      vertex 35.66491888253023 8.037401924684943 60.85
    endloop
  endfacet
  facet normal 0.8607420270039458 0.5090414157503678 0
    outer loop
      vertex 35.66491888253023 8.037401924684943 60.85
      vertex 35.66491888253023 8.037401924684943 65.85
      vertex 36.14460020065795 7.226305111525733 65.85
    endloop
  endfacet
  facet normal 0.8270805742745643 0.562083377852127 0
    outer loop
      vertex 35.135254915624216 8.816778784387097 60.85
      vertex 35.135254915624216 8.816778784387097 65.77890625
      vertex 35.66491888253023 8.037401924684943 65.85
    endloop
  endfacet
  facet normal 0.5877852522924737 -0.8090169943749471 6.330410481160484e-17
    outer loop
      vertex 35.135254915624216 8.816778784387097 60.85
      vertex 37.045779663878896 10.20485626480086 63.35
      vertex 36.381970847981506 9.722570929586524 64.68333333333334
    endloop
  endfacet
  facet normal 0.5877852522924738 -0.8090169943749469 0
    outer loop
      vertex 35.135254915624216 8.816778784387097 60.85
      vertex 36.381970847981506 9.722570929586524 64.68333333333334
      vertex 35.135254915624216 8.816778784387097 65.77890625
    endloop
  endfacet
  facet normal 0.8270805742745642 0.5620833778521269 0
    outer loop
      vertex 35.135254915624216 8.816778784387097 65.77890625
      vertex 35.135254915624216 8.816778784387097 65.85
      vertex 35.66491888253023 8.037401924684943 65.85
    endloop
  endfacet
  facet normal 0 0 -1
    outer loop
      vertex 36.14460020065795 7.226305111525733 65.85
      vertex 35.66491888253023 8.037401924684943 65.85
      vertex 40.51144266641598 7.2670059681292365 65.85
    endloop
  endfacet
  facet normal 0 0 -1
    outer loop
      vertex 35.135254915624216 8.816778784387097 65.85
      vertex 40.51144266641598 7.2670059681292365 65.85
      vertex 35.66491888253023 8.037401924684943 65.85
    endloop
  endfacet
  facet normal 0.5877852522924738 -0.8090169943749469 0
    outer loop
      vertex 35.135254915624216 8.816778784387097 65.77890625
      vertex 36.381970847981506 9.722570929586524 64.68333333333334
      vertex 35.135254915624216 8.816778784387097 65.85
    endloop
  endfacet
  facet normal 0.587785252292474 -0.8090169943749468 5.058212891912583e-16
    outer loop
      vertex 35.135254915624216 8.816778784387097 65.85
      vertex 36.381970847981506 9.722570929586524 64.68333333333334
      vertex 38.290421193686505 11.109141268327743 65.85
    endloop
  endfacet
  facet normal 0 0 -1
    outer loop
      vertex 35.135254915624216 8.816778784387097 65.85
      vertex 38.290421193686505 11.109141268327743 65.85
      vertex 40.51144266641598 7.2670059681292365 65.85
    endloop
  endfacet
  facet normal 0.309016994374948 -0.9510565162951534 -3.6435071743199986e-16
    outer loop
      vertex 37.265847744427305 4.635254915624209 60.85
      vertex 40.9749681579784 5.840421193686506 60.85
      vertex 39.511804286755094 5.3650104331096635 63.35
    endloop
  endfacet
  facet normal 0.8099751917588187 0.2631768932624657 0.5240974256643336
    outer loop
      vertex 39.04827879519267 6.791595207552394 63.35
      vertex 39.511804286755094 5.3650104331096635 63.35
      vertex 40.9749681579784 5.840421193686506 60.85
    endloop
  endfacet
  facet normal 0.3090169943749457 -0.9510565162951541 1.8243598366076697e-15
    outer loop
      vertex 38.73145022210265 5.111458027468682 64.68333333333334
      vertex 39.511804286755094 5.3650104331096635 63.35
      vertex 40.9749681579784 5.840421193686506 65.85
    endloop
  endfacet
  facet normal 0.8099751917588179 0.26317689326246546 -0.5240974256643346
    outer loop
      vertex 39.04827879519267 6.791595207552394 63.35
      vertex 40.9749681579784 5.840421193686506 65.85
      vertex 39.511804286755094 5.3650104331096635 63.35
    endloop
  endfacet
  facet normal -0.3090169943749477 0.9510565162951536 5.516847273413588e-16
    outer loop
      vertex 38.26792473054023 6.538042801911409 62.016666666666666
      vertex 39.04827879519267 6.791595207552394 63.35
      vertex 40.51144266641598 7.2670059681292365 60.85
    endloop
  endfacet
  facet normal 0.8099751917588187 0.2631768932624657 0.5240974256643336
    outer loop
      vertex 39.04827879519267 6.791595207552394 63.35
      vertex 40.9749681579784 5.840421193686506 60.85
      vertex 40.51144266641598 7.2670059681292365 60.85
    endloop
  endfacet
  facet normal 0.309016994374948 -0.9510565162951534 -2.9629508241007246e-15
    outer loop
      vertex 37.265847744427305 4.635254915624209 65.85
      vertex 38.73145022210265 5.111458027468682 64.68333333333334
      vertex 40.9749681579784 5.840421193686506 65.85
    endloop
  endfacet
  facet normal 0 0 -1
    outer loop
      vertex 40.9749681579784 5.840421193686506 65.85
      vertex 40.66575323187678 6.994366501008891 65.85
      vertex 41.07007380960792 5.8713228931240025 65.85
    endloop
  endfacet
  facet normal 0.9602936856769433 0.2789911060392282 0
    outer loop
      vertex 41.403080061443994 4.725107856132233 65.85
      vertex 41.07007380960792 5.8713228931240025 65.85
      vertex 41.403080061443994 4.725107856132233 68.35
    endloop
  endfacet
  facet normal 0.9602936856769433 0.2789911060392282 8.950391635943654e-18
    outer loop
      vertex 41.403080061443994 4.725107856132233 68.35
      vertex 41.07007380960792 5.8713228931240025 65.85
      vertex 41.07007380960792 5.8713228931240025 68.35
    endloop
  endfacet
  facet normal 0.9408807689542262 0.33873792024528937 3.42210340666486e-18
    outer loop
      vertex 40.66575323187678 6.994366501008891 65.85
      vertex 41.07007380960792 5.8713228931240025 68.35
      vertex 41.07007380960792 5.8713228931240025 65.85
    endloop
  endfacet
  facet normal -0.3090169943749471 0.9510565162951536 -8.706865373168743e-16
    outer loop
      vertex 39.04827879519267 6.791595207552394 63.35
      vertex 36.72399414558683 6.036389345243659 65.85
      vertex 40.51144266641598 7.2670059681292365 65.85
    endloop
  endfacet
  facet normal 0.8099751917588182 0.26317689326246546 -0.5240974256643347
    outer loop
      vertex 39.04827879519267 6.791595207552394 63.35
      vertex 40.51144266641598 7.2670059681292365 65.85
      vertex 40.9749681579784 5.840421193686506 65.85
    endloop
  endfacet
  facet normal 0 0 -1
    outer loop
      vertex 40.9749681579784 5.840421193686506 65.85
      vertex 40.51144266641598 7.2670059681292365 65.85
      vertex 40.66575323187678 6.994366501008891 65.85
    endloop
  endfacet
  facet normal 0 0 -1
    outer loop
      vertex 40.51144266641598 7.2670059681292365 65.85
      vertex 40.191713996854375 8.089806539736376 65.85
      vertex 40.66575323187678 6.994366501008891 65.85
    endloop
  endfacet
  facet normal 0.9408807689542262 0.33873792024528937 0
    outer loop
      vertex 40.66575323187678 6.994366501008891 65.85
      vertex 40.66575323187678 6.994366501008891 68.35
      vertex 41.07007380960792 5.8713228931240025 68.35
    endloop
  endfacet
  facet normal 0.9177546256839803 0.39714789063478284 0
    outer loop
      vertex 40.66575323187678 6.994366501008891 65.85
      vertex 40.191713996854375 8.089806539736376 65.85
      vertex 40.66575323187678 6.994366501008891 68.35
    endloop
  endfacet
  facet normal 0 0 -1
    outer loop
      vertex 40.51144266641598 7.2670059681292365 65.85
      vertex 39.649826920833405 9.15331980793259 65.85
      vertex 40.191713996854375 8.089806539736376 65.85
    endloop
  endfacet
  facet normal 0.9177546256839803 0.39714789063478284 -1.4778345152689682e-17
    outer loop
      vertex 40.66575323187678 6.994366501008891 68.35
      vertex 40.191713996854375 8.089806539736376 65.85
      vertex 40.191713996854375 8.089806539736376 68.35
    endloop
  endfacet
  facet normal 0.8910065241883661 0.4539904997395501 0
    outer loop
      vertex 40.191713996854375 8.089806539736376 65.85
      vertex 39.649826920833405 9.15331980793259 65.85
      vertex 40.191713996854375 8.089806539736376 68.35
    endloop
  endfacet
  facet normal 0 0 -1
    outer loop
      vertex 40.51144266641598 7.2670059681292365 65.85
      vertex 39.04223058453829 10.180709104600929 65.85
      vertex 39.649826920833405 9.15331980793259 65.85
    endloop
  endfacet
  facet normal 0 0 -1
    outer loop
      vertex 40.51144266641598 7.2670059681292365 65.85
      vertex 38.371322893124 11.16791979355699 65.85
      vertex 39.04223058453829 10.180709104600929 65.85
    endloop
  endfacet
  facet normal 0 0 -1
    outer loop
      vertex 40.51144266641598 7.2670059681292365 65.85
      vertex 38.290421193686505 11.109141268327743 65.85
      vertex 38.371322893124 11.16791979355699 65.85
    endloop
  endfacet
  facet normal 0.8910065241883661 0.4539904997395501 -1.032433775731143e-17
    outer loop
      vertex 40.191713996854375 8.089806539736376 68.35
      vertex 39.649826920833405 9.15331980793259 65.85
      vertex 39.649826920833405 9.15331980793259 68.35
    endloop
  endfacet
  facet normal 0.8607420270039439 0.5090414157503708 0
    outer loop
      vertex 39.649826920833405 9.15331980793259 65.85
      vertex 39.04223058453829 10.180709104600929 65.85
      vertex 39.649826920833405 9.15331980793259 68.35
    endloop
  endfacet
  facet normal 0.8607420270039439 0.5090414157503708 -1.1714285905821513e-17
    outer loop
      vertex 39.649826920833405 9.15331980793259 68.35
      vertex 39.04223058453829 10.180709104600929 65.85
      vertex 39.04223058453829 10.180709104600929 68.35
    endloop
  endfacet
  facet normal 0 1 0
    outer loop
      vertex 3 20 53.35
      vertex 61 20 53.35
      vertex 61 20 18.35
    endloop
  endfacet
  facet normal 0 0 1
    outer loop
      vertex 34.18694716941274 9.981894843377233 60.85
      vertex 34.10914126832775 15.290421193686505 60.85
      vertex 33.93452941132118 10.268206588930326 60.85
    endloop
  endfacet
  facet normal 0 0 1
    outer loop
      vertex 33.268206588930326 10.934529411321176 60.85
      vertex 33.93452941132118 10.268206588930326 60.85
      vertex 34.10914126832775 15.290421193686505 60.85
    endloop
  endfacet
  facet normal -0.5877852522924726 0.8090169943749478 -2.038227260390761e-15
    outer loop
      vertex 34.18694716941274 9.981894843377233 60.85
      vertex 35.50029296954279 10.936096421148946 62.016666666666666
      vertex 37.4087433152478 12.322666759890161 60.85
    endloop
  endfacet
  facet normal 0.8270805742745638 0.5620833778521277 0
    outer loop
      vertex 38.371322893124 11.16791979355699 58.35
      vertex 38.371322893124 11.16791979355699 60.85
      vertex 39.04223058453829 10.180709104600929 60.85
    endloop
  endfacet
  facet normal 0.790155012375689 0.6129070536529783 0
    outer loop
      vertex 38.371322893124 11.16791979355699 58.35
      vertex 37.63975161273999 12.111055805225106 58.35
      vertex 38.371322893124 11.16791979355699 60.85
    endloop
  endfacet
  facet normal 0.7501110696304595 0.6613118653236518 0
    outer loop
      vertex 37.63975161273999 12.111055805225106 58.35
      vertex 36.85040392100682 13.00639501264508 58.35
      vertex 37.63975161273999 12.111055805225106 60.85
    endloop
  endfacet
  facet normal 0 0 1
    outer loop
      vertex 34.18694716941274 9.981894843377233 60.85
      vertex 37.4087433152478 12.322666759890161 60.85
      vertex 36.85040392100682 13.00639501264508 60.85
    endloop
  endfacet
  facet normal 0 0 1
    outer loop
      vertex 34.18694716941274 9.981894843377233 60.85
      vertex 36.85040392100682 13.00639501264508 60.85
      vertex 36.00639501264508 13.850403921006823 60.85
    endloop
  endfacet
  facet normal 0.790155012375689 0.6129070536529783 0
    outer loop
      vertex 37.63975161273999 12.111055805225106 58.35
      vertex 37.63975161273999 12.111055805225106 60.85
      vertex 38.371322893124 11.16791979355699 60.85
    endloop
  endfacet
  facet normal 0 0 1
    outer loop
      vertex 37.4087433152478 12.322666759890161 60.85
      vertex 38.290421193686505 11.109141268327743 60.85
      vertex 38.371322893124 11.16791979355699 60.85
    endloop
  endfacet
  facet normal 0 0 1
    outer loop
      vertex 37.4087433152478 12.322666759890161 60.85
      vertex 38.371322893124 11.16791979355699 60.85
      vertex 37.63975161273999 12.111055805225106 60.85
    endloop
  endfacet
  facet normal 0 0 1
    outer loop
      vertex 37.4087433152478 12.322666759890161 60.85
      vertex 37.63975161273999 12.111055805225106 60.85
      vertex 36.85040392100682 13.00639501264508 60.85
    endloop
  endfacet
  facet normal 0 0 1
    outer loop
      vertex 31.816778784387097 12.135254915624216 60.85
      vertex 32.561359846230346 11.557698641636836 60.85
      vertex 34.10914126832775 15.290421193686505 60.85
    endloop
  endfacet
  facet normal 0 0 1
    outer loop
      vertex 33.268206588930326 10.934529411321176 60.85
      vertex 34.10914126832775 15.290421193686505 60.85
      vertex 32.561359846230346 11.557698641636836 60.85
    endloop
  endfacet
  facet normal 0 0 1
    outer loop
      vertex 34.18694716941274 9.981894843377233 60.85
      vertex 34.16791979355699 15.371322893124002 60.85
      vertex 34.10914126832775 15.290421193686505 60.85
    endloop
  endfacet
  facet normal 0 0 1
    outer loop
      vertex 34.18694716941274 9.981894843377233 60.85
      vertex 35.11105580522511 14.639751612739992 60.85
      vertex 34.16791979355699 15.371322893124002 60.85
    endloop
  endfacet
  facet normal -0.809016994374947 0.5877852522924739 3.803171064434191e-17
    outer loop
      vertex 30.55484386025239 12.950302926290163 60.85
      vertex 31.509045438024103 14.263648726420215 62.016666666666666
      vertex 32.895615776765325 16.17209907212522 60.85
    endloop
  endfacet
  facet normal 0.6129070536529783 0.790155012375689 0
    outer loop
      vertex 35.11105580522511 14.639751612739992 58.35
      vertex 34.16791979355699 15.371322893124002 60.85
      vertex 35.11105580522511 14.639751612739992 60.85
    endloop
  endfacet
  facet normal 0.7071067811865476 0.7071067811865476 0
    outer loop
      vertex 36.85040392100682 13.00639501264508 58.35
      vertex 36.00639501264508 13.850403921006823 58.35
      vertex 36.85040392100682 13.00639501264508 60.85
    endloop
  endfacet
  facet normal 0 0 1
    outer loop
      vertex 34.18694716941274 9.981894843377233 60.85
      vertex 36.00639501264508 13.850403921006823 60.85
      vertex 35.11105580522511 14.639751612739992 60.85
    endloop
  endfacet
  facet normal 0.7071067811865476 0.7071067811865476 0
    outer loop
      vertex 36.00639501264508 13.850403921006823 58.35
      vertex 36.00639501264508 13.850403921006823 60.85
      vertex 36.85040392100682 13.00639501264508 60.85
    endloop
  endfacet
  facet normal 0.7501110696304595 0.6613118653236518 1.366378519951332e-17
    outer loop
      vertex 37.63975161273999 12.111055805225106 60.85
      vertex 36.85040392100682 13.00639501264508 58.35
      vertex 36.85040392100682 13.00639501264508 60.85
    endloop
  endfacet
  facet normal 0.6613118653236518 0.7501110696304595 0
    outer loop
      vertex 35.11105580522511 14.639751612739992 58.35
      vertex 35.11105580522511 14.639751612739992 60.85
      vertex 36.00639501264508 13.850403921006823 58.35
    endloop
  endfacet
  facet normal 0.6613118653236518 0.7501110696304595 1.366378519951332e-17
    outer loop
      vertex 35.11105580522511 14.639751612739992 60.85
      vertex 36.00639501264508 13.850403921006823 60.85
      vertex 36.00639501264508 13.850403921006823 58.35
    endloop
  endfacet
  facet normal 0.8270805742745638 0.5620833778521277 0
    outer loop
      vertex 39.04223058453829 10.180709104600929 58.35
      vertex 38.371322893124 11.16791979355699 58.35
      vertex 39.04223058453829 10.180709104600929 60.85
    endloop
  endfacet
  facet normal 0.7501110696304655 0.6613118653236453 0
    outer loop
      vertex 34.18694716941274 9.981894843377233 60.85
      vertex 33.93452941132118 10.268206588930326 60.85
      vertex 34.18694716941274 9.981894843377233 63.3356667247929
    endloop
  endfacet
  facet normal -0.5877852522924738 0.8090169943749469 0
    outer loop
      vertex 34.18694716941274 9.981894843377233 60.85
      vertex 34.18694716941274 9.981894843377233 63.3356667247929
      vertex 35.50029296954279 10.936096421148946 62.016666666666666
    endloop
  endfacet
  facet normal 0.7071067811865456 0.7071067811865493 -1.8134541670380127e-18
    outer loop
      vertex 33.268206588930326 10.934529411321176 60.85
      vertex 33.93452941132118 10.268206588930326 65.85
      vertex 33.93452941132118 10.268206588930326 60.85
    endloop
  endfacet
  facet normal 0.661311865323651 0.7501110696304603 0
    outer loop
      vertex 33.268206588930326 10.934529411321176 60.85
      vertex 32.561359846230346 11.557698641636836 65.85
      vertex 33.268206588930326 10.934529411321176 65.85
    endloop
  endfacet
  facet normal 0.7501110696304654 0.6613118653236452 -2.148212850176258e-18
    outer loop
      vertex 34.18694716941274 9.981894843377233 63.3356667247929
      vertex 33.93452941132118 10.268206588930326 60.85
      vertex 33.93452941132118 10.268206588930326 65.85
    endloop
  endfacet
  facet normal -0.5877852522924738 0.8090169943749468 0
    outer loop
      vertex 34.18694716941274 9.981894843377233 63.3356667247929
      vertex 34.18694716941274 9.981894843377233 65.85
      vertex 35.50029296954279 10.936096421148946 62.016666666666666
    endloop
  endfacet
  facet normal 0.7071067811865456 0.7071067811865493 0
    outer loop
      vertex 33.268206588930326 10.934529411321176 60.85
      vertex 33.268206588930326 10.934529411321176 65.85
      vertex 33.93452941132118 10.268206588930326 65.85
    endloop
  endfacet
  facet normal 0.661311865323651 0.7501110696304603 1.8431052766446634e-18
    outer loop
      vertex 33.268206588930326 10.934529411321176 60.85
      vertex 32.561359846230346 11.557698641636836 60.85
      vertex 32.561359846230346 11.557698641636836 65.85
    endloop
  endfacet
  facet normal 0.612907053652981 0.7901550123756869 0
    outer loop
      vertex 31.816778784387097 12.135254915624216 60.85
      vertex 31.816778784387097 12.135254915624216 65.77890625
      vertex 32.561359846230346 11.557698641636836 60.85
    endloop
  endfacet
  facet normal 0.612907053652981 0.7901550123756869 5.593117553950146e-18
    outer loop
      vertex 31.816778784387097 12.135254915624216 65.85
      vertex 32.561359846230346 11.557698641636836 65.85
      vertex 32.561359846230346 11.557698641636836 60.85
    endloop
  endfacet
  facet normal 0.612907053652981 0.790155012375687 0
    outer loop
      vertex 31.816778784387097 12.135254915624216 65.77890625
      vertex 31.816778784387097 12.135254915624216 65.85
      vertex 32.561359846230346 11.557698641636836 60.85
    endloop
  endfacet
  facet normal 0.5877852522924741 -0.8090169943749468 -4.4096199735864427e-16
    outer loop
      vertex 35.135254915624216 8.816778784387097 60.85
      vertex 38.290421193686505 11.109141268327743 60.85
      vertex 37.045779663878896 10.20485626480086 63.35
    endloop
  endfacet
  facet normal 0.6890060516147377 0.5005921985511627 0.5240974256643345
    outer loop
      vertex 38.290421193686505 11.109141268327743 60.85
      vertex 36.16410178544019 11.418381756363281 63.35
      vertex 37.045779663878896 10.20485626480086 63.35
    endloop
  endfacet
  facet normal -0.5877852522924711 0.8090169943749489 1.3637256831362447e-15
    outer loop
      vertex 34.18694716941274 9.981894843377233 65.85
      vertex 36.16410178544019 11.418381756363281 63.35
      vertex 35.50029296954279 10.936096421148946 62.016666666666666
    endloop
  endfacet
  facet normal 0.587785252292474 -0.8090169943749467 4.033684280260159e-16
    outer loop
      vertex 36.381970847981506 9.722570929586524 64.68333333333334
      vertex 37.045779663878896 10.20485626480086 63.35
      vertex 38.290421193686505 11.109141268327743 65.85
    endloop
  endfacet
  facet normal 0.6890060516147372 0.5005921985511623 -0.5240974256643355
    outer loop
      vertex 37.045779663878896 10.20485626480086 63.35
      vertex 36.16410178544019 11.418381756363281 63.35
      vertex 38.290421193686505 11.109141268327743 65.85
    endloop
  endfacet
  facet normal -0.5877852522924712 0.8090169943749488 1.3910826185032102e-15
    outer loop
      vertex 35.50029296954279 10.936096421148946 62.016666666666666
      vertex 36.16410178544019 11.418381756363281 63.35
      vertex 37.4087433152478 12.322666759890161 60.85
    endloop
  endfacet
  facet normal 0.6890060516147373 0.5005921985511638 0.5240974256643339
    outer loop
      vertex 37.4087433152478 12.322666759890161 60.85
      vertex 36.16410178544019 11.418381756363281 63.35
      vertex 38.290421193686505 11.109141268327743 60.85
    endloop
  endfacet
  facet normal 0.7501110696304654 0.6613118653236452 0
    outer loop
      vertex 34.18694716941274 9.981894843377233 63.3356667247929
      vertex 33.93452941132118 10.268206588930326 65.85
      vertex 34.18694716941274 9.981894843377233 65.85
    endloop
  endfacet
  facet normal 0 0 -1
    outer loop
      vertex 33.268206588930326 10.934529411321176 65.85
      vertex 34.10914126832775 15.290421193686505 65.85
      vertex 33.93452941132118 10.268206588930326 65.85
    endloop
  endfacet
  facet normal -0.5877852522924726 0.8090169943749478 -3.200508247969316e-16
    outer loop
      vertex 34.18694716941274 9.981894843377233 65.85
      vertex 37.4087433152478 12.322666759890161 65.85
      vertex 36.16410178544019 11.418381756363281 63.35
    endloop
  endfacet
  facet normal 0 0 -1
    outer loop
      vertex 34.18694716941274 9.981894843377233 65.85
      vertex 33.93452941132118 10.268206588930326 65.85
      vertex 37.4087433152478 12.322666759890161 65.85
    endloop
  endfacet
  facet normal 0.8270805742745638 0.5620833778521277 0
    outer loop
      vertex 38.371322893124 11.16791979355699 65.85
      vertex 38.371322893124 11.16791979355699 68.35
      vertex 39.04223058453829 10.180709104600929 68.35
    endloop
  endfacet
  facet normal 0.6890060516147368 0.5005921985511635 -0.524097425664335
    outer loop
      vertex 36.16410178544019 11.418381756363281 63.35
      vertex 37.4087433152478 12.322666759890161 65.85
      vertex 38.290421193686505 11.109141268327743 65.85
    endloop
  endfacet
  facet normal 0 0 -1
    outer loop
      vertex 38.290421193686505 11.109141268327743 65.85
      vertex 37.63975161273999 12.111055805225106 65.85
      vertex 38.371322893124 11.16791979355699 65.85
    endloop
  endfacet
  facet normal 0 0 -1
    outer loop
      vertex 37.4087433152478 12.322666759890161 65.85
      vertex 37.63975161273999 12.111055805225106 65.85
      vertex 38.290421193686505 11.109141268327743 65.85
    endloop
  endfacet
  facet normal 0 0 -1
    outer loop
      vertex 37.4087433152478 12.322666759890161 65.85
      vertex 36.85040392100682 13.00639501264508 65.85
      vertex 37.63975161273999 12.111055805225106 65.85
    endloop
  endfacet
  facet normal 0.790155012375689 0.6129070536529783 0
    outer loop
      vertex 38.371322893124 11.16791979355699 65.85
      vertex 37.63975161273999 12.111055805225106 65.85
      vertex 38.371322893124 11.16791979355699 68.35
    endloop
  endfacet
  facet normal 0.790155012375689 0.6129070536529783 -8.685986019892082e-18
    outer loop
      vertex 38.371322893124 11.16791979355699 68.35
      vertex 37.63975161273999 12.111055805225106 65.85
      vertex 37.63975161273999 12.111055805225106 68.35
    endloop
  endfacet
  facet normal 0.7501110696304595 0.6613118653236518 0
    outer loop
      vertex 37.63975161273999 12.111055805225106 65.85
      vertex 36.85040392100682 13.00639501264508 65.85
      vertex 37.63975161273999 12.111055805225106 68.35
    endloop
  endfacet
  facet normal 0.8090169943749471 -0.5877852522924736 -4.7060011400281305e-17
    outer loop
      vertex 31.816778784387097 12.135254915624216 60.85
      vertex 33.20485626480086 14.045779663878896 63.35
      vertex 32.722570929586524 13.381970847981506 64.68333333333334
    endloop
  endfacet
  facet normal 0.8090169943749469 -0.5877852522924738 0
    outer loop
      vertex 31.816778784387097 12.135254915624216 60.85
      vertex 32.722570929586524 13.381970847981506 64.68333333333334
      vertex 31.816778784387097 12.135254915624216 65.77890625
    endloop
  endfacet
  facet normal 0.8090169943749462 -0.5877852522924746 1.1338662976227804e-15
    outer loop
      vertex 31.816778784387097 12.135254915624216 60.85
      vertex 34.10914126832775 15.290421193686505 60.85
      vertex 33.20485626480086 14.045779663878896 63.35
    endloop
  endfacet
  facet normal 0.5005921985511625 0.6890060516147375 0.5240974256643349
    outer loop
      vertex 31.991330773238438 14.927457542317605 63.35
      vertex 33.20485626480086 14.045779663878896 63.35
      vertex 34.10914126832775 15.290421193686505 60.85
    endloop
  endfacet
  facet normal 0.5005921985511621 0.6890060516147369 -0.524097425664336
    outer loop
      vertex 31.991330773238438 14.927457542317605 63.35
      vertex 34.10914126832775 15.290421193686505 65.85
      vertex 33.20485626480086 14.045779663878896 63.35
    endloop
  endfacet
  facet normal 0.8090169943749461 -0.5877852522924747 -9.76168805754545e-16
    outer loop
      vertex 32.722570929586524 13.381970847981506 64.68333333333334
      vertex 33.20485626480086 14.045779663878896 63.35
      vertex 34.10914126832775 15.290421193686505 65.85
    endloop
  endfacet
  facet normal 0.8090169943749469 -0.5877852522924738 0
    outer loop
      vertex 31.816778784387097 12.135254915624216 65.77890625
      vertex 32.722570929586524 13.381970847981506 64.68333333333334
      vertex 31.816778784387097 12.135254915624216 65.85
    endloop
  endfacet
  facet normal 0 0 -1
    outer loop
      vertex 31.816778784387097 12.135254915624216 65.85
      vertex 34.10914126832775 15.290421193686505 65.85
      vertex 32.561359846230346 11.557698641636836 65.85
    endloop
  endfacet
  facet normal 0.8090169943749463 -0.5877852522924747 -1.42226413373689e-15
    outer loop
      vertex 31.816778784387097 12.135254915624216 65.85
      vertex 32.722570929586524 13.381970847981506 64.68333333333334
      vertex 34.10914126832775 15.290421193686505 65.85
    endloop
  endfacet
  facet normal 0 0 -1
    outer loop
      vertex 33.268206588930326 10.934529411321176 65.85
      vertex 32.561359846230346 11.557698641636836 65.85
      vertex 34.10914126832775 15.290421193686505 65.85
    endloop
  endfacet
  facet normal 0 0 -1
    outer loop
      vertex 33.93452941132118 10.268206588930326 65.85
      vertex 34.10914126832775 15.290421193686505 65.85
      vertex 34.16791979355699 15.371322893124002 65.85
    endloop
  endfacet
  facet normal -0.8090169943749469 0.5877852522924738 8.314042748320335e-17
    outer loop
      vertex 31.991330773238438 14.927457542317605 63.35
      vertex 30.55484386025239 12.950302926290163 65.85
      vertex 32.895615776765325 16.17209907212522 65.85
    endloop
  endfacet
  facet normal 0.6129070536529783 0.790155012375689 0
    outer loop
      vertex 35.11105580522511 14.639751612739992 65.85
      vertex 34.16791979355699 15.371322893124002 68.35
      vertex 35.11105580522511 14.639751612739992 68.35
    endloop
  endfacet
  facet normal 0 0 -1
    outer loop
      vertex 33.93452941132118 10.268206588930326 65.85
      vertex 34.16791979355699 15.371322893124002 65.85
      vertex 37.4087433152478 12.322666759890161 65.85
    endloop
  endfacet
  facet normal 0 0 -1
    outer loop
      vertex 37.4087433152478 12.322666759890161 65.85
      vertex 36.00639501264508 13.850403921006823 65.85
      vertex 36.85040392100682 13.00639501264508 65.85
    endloop
  endfacet
  facet normal 0 0 -1
    outer loop
      vertex 35.11105580522511 14.639751612739992 65.85
      vertex 36.00639501264508 13.850403921006823 65.85
      vertex 37.4087433152478 12.322666759890161 65.85
    endloop
  endfacet
  facet normal 0.7071067811865476 0.7071067811865476 0
    outer loop
      vertex 36.85040392100682 13.00639501264508 65.85
      vertex 36.00639501264508 13.850403921006823 65.85
      vertex 36.85040392100682 13.00639501264508 68.35
    endloop
  endfacet
  facet normal 0.7071067811865476 0.7071067811865476 1.6508197074537827e-17
    outer loop
      vertex 36.85040392100682 13.00639501264508 68.35
      vertex 36.00639501264508 13.850403921006823 65.85
      vertex 36.00639501264508 13.850403921006823 68.35
    endloop
  endfacet
  facet normal 0.7501110696304595 0.6613118653236518 1.366378519951332e-17
    outer loop
      vertex 37.63975161273999 12.111055805225106 68.35
      vertex 36.85040392100682 13.00639501264508 65.85
      vertex 36.85040392100682 13.00639501264508 68.35
    endloop
  endfacet
  facet normal 0 0 -1
    outer loop
      vertex 35.11105580522511 14.639751612739992 65.85
      vertex 37.4087433152478 12.322666759890161 65.85
      vertex 34.16791979355699 15.371322893124002 65.85
    endloop
  endfacet
  facet normal 0.6613118653236518 0.7501110696304595 1.366378519951332e-17
    outer loop
      vertex 35.11105580522511 14.639751612739992 68.35
      vertex 36.00639501264508 13.850403921006823 68.35
      vertex 36.00639501264508 13.850403921006823 65.85
    endloop
  endfacet
  facet normal 0.6613118653236518 0.7501110696304595 0
    outer loop
      vertex 35.11105580522511 14.639751612739992 65.85
      vertex 35.11105580522511 14.639751612739992 68.35
      vertex 36.00639501264508 13.850403921006823 65.85
    endloop
  endfacet
  facet normal 0.8270805742745638 0.5620833778521277 0
    outer loop
      vertex 39.04223058453829 10.180709104600929 65.85
      vertex 38.371322893124 11.16791979355699 65.85
      vertex 39.04223058453829 10.180709104600929 68.35
    endloop
  endfacet
  facet normal 0.6129070536529783 0.790155012375689 -8.685986019892082e-18
    outer loop
      vertex 35.11105580522511 14.639751612739992 58.35
      vertex 34.16791979355699 15.371322893124002 58.35
      vertex 34.16791979355699 15.371322893124002 60.85
    endloop
  endfacet
  facet normal 0.5620833778521277 0.8270805742745638 0
    outer loop
      vertex 33.18070910460093 16.042230584538288 58.35
      vertex 33.18070910460093 16.042230584538288 60.85
      vertex 34.16791979355699 15.371322893124002 58.35
    endloop
  endfacet
  facet normal 0 0 1
    outer loop
      vertex 30.55484386025239 12.950302926290163 60.85
      vertex 32.895615776765325 16.17209907212522 60.85
      vertex 32.15331980793259 16.649826920833405 60.85
    endloop
  endfacet
  facet normal 0.5090414157503708 0.8607420270039439 0
    outer loop
      vertex 33.18070910460093 16.042230584538288 58.35
      vertex 32.15331980793259 16.649826920833405 60.85
      vertex 33.18070910460093 16.042230584538288 60.85
    endloop
  endfacet
  facet normal 0.5620833778521277 0.8270805742745638 0
    outer loop
      vertex 34.16791979355699 15.371322893124002 58.35
      vertex 33.18070910460093 16.042230584538288 60.85
      vertex 34.16791979355699 15.371322893124002 60.85
    endloop
  endfacet
  facet normal 0 0 1
    outer loop
      vertex 32.895615776765325 16.17209907212522 60.85
      vertex 34.10914126832775 15.290421193686505 60.85
      vertex 34.16791979355699 15.371322893124002 60.85
    endloop
  endfacet
  facet normal 0 0 1
    outer loop
      vertex 32.895615776765325 16.17209907212522 60.85
      vertex 34.16791979355699 15.371322893124002 60.85
      vertex 33.18070910460093 16.042230584538288 60.85
    endloop
  endfacet
  facet normal 0.5090414157503708 0.8607420270039439 -1.1714285905821513e-17
    outer loop
      vertex 33.18070910460093 16.042230584538288 58.35
      vertex 32.15331980793259 16.649826920833405 58.35
      vertex 32.15331980793259 16.649826920833405 60.85
    endloop
  endfacet
  facet normal 0.4539904997395501 0.8910065241883661 -1.032433775731143e-17
    outer loop
      vertex 31.089806539736376 17.191713996854375 60.85
      vertex 32.15331980793259 16.649826920833405 60.85
      vertex 32.15331980793259 16.649826920833405 58.35
    endloop
  endfacet
  facet normal 0 0 1
    outer loop
      vertex 32.895615776765325 16.17209907212522 60.85
      vertex 33.18070910460093 16.042230584538288 60.85
      vertex 32.15331980793259 16.649826920833405 60.85
    endloop
  endfacet
  facet normal -0.809016994374947 0.5877852522924738 -1.408757233478763e-16
    outer loop
      vertex 31.509045438024103 14.263648726420215 62.016666666666666
      vertex 31.991330773238438 14.927457542317605 63.35
      vertex 32.895615776765325 16.17209907212522 60.85
    endloop
  endfacet
  facet normal 0.5005921985511647 0.6890060516147348 0.5240974256643364
    outer loop
      vertex 31.991330773238438 14.927457542317605 63.35
      vertex 34.10914126832775 15.290421193686505 60.85
      vertex 32.895615776765325 16.17209907212522 60.85
    endloop
  endfacet
  facet normal 0.5005921985511643 0.6890060516147343 -0.5240974256643376
    outer loop
      vertex 31.991330773238438 14.927457542317605 63.35
      vertex 32.895615776765325 16.17209907212522 65.85
      vertex 34.10914126832775 15.290421193686505 65.85
    endloop
  endfacet
  facet normal 0 0 -1
    outer loop
      vertex 33.18070910460093 16.042230584538288 65.85
      vertex 34.16791979355699 15.371322893124002 65.85
      vertex 34.10914126832775 15.290421193686505 65.85
    endloop
  endfacet
  facet normal 0 0 -1
    outer loop
      vertex 32.895615776765325 16.17209907212522 65.85
      vertex 33.18070910460093 16.042230584538288 65.85
      vertex 34.10914126832775 15.290421193686505 65.85
    endloop
  endfacet
  facet normal 0.5090414157503708 0.8607420270039439 0
    outer loop
      vertex 33.18070910460093 16.042230584538288 65.85
      vertex 32.15331980793259 16.649826920833405 68.35
      vertex 33.18070910460093 16.042230584538288 68.35
    endloop
  endfacet
  facet normal 0.6129070536529783 0.790155012375689 -8.685986019892082e-18
    outer loop
      vertex 35.11105580522511 14.639751612739992 65.85
      vertex 34.16791979355699 15.371322893124002 65.85
      vertex 34.16791979355699 15.371322893124002 68.35
    endloop
  endfacet
  facet normal 0.5620833778521277 0.8270805742745638 1.7061245289204202e-17
    outer loop
      vertex 33.18070910460093 16.042230584538288 68.35
      vertex 34.16791979355699 15.371322893124002 68.35
      vertex 34.16791979355699 15.371322893124002 65.85
    endloop
  endfacet
  facet normal 0.5620833778521277 0.8270805742745638 0
    outer loop
      vertex 33.18070910460093 16.042230584538288 65.85
      vertex 33.18070910460093 16.042230584538288 68.35
      vertex 34.16791979355699 15.371322893124002 65.85
    endloop
  endfacet
  facet normal 0 0 -1
    outer loop
      vertex 31.089806539736376 17.191713996854375 65.85
      vertex 32.15331980793259 16.649826920833405 65.85
      vertex 32.895615776765325 16.17209907212522 65.85
    endloop
  endfacet
  facet normal 0 0 -1
    outer loop
      vertex 32.895615776765325 16.17209907212522 65.85
      vertex 32.15331980793259 16.649826920833405 65.85
      vertex 33.18070910460093 16.042230584538288 65.85
    endloop
  endfacet
  facet normal 0.5090414157503708 0.8607420270039439 -1.1714285905821513e-17
    outer loop
      vertex 33.18070910460093 16.042230584538288 65.85
      vertex 32.15331980793259 16.649826920833405 65.85
      vertex 32.15331980793259 16.649826920833405 68.35
    endloop
  endfacet
  facet normal 0.4539904997395501 0.8910065241883661 -1.032433775731143e-17
    outer loop
      vertex 31.089806539736376 17.191713996854375 68.35
      vertex 32.15331980793259 16.649826920833405 68.35
      vertex 32.15331980793259 16.649826920833405 65.85
    endloop
  endfacet
  facet normal 1 0 0
    outer loop
      vertex 61 -20 18.35
      vertex 61 -12.539763412811686 19.739328589466666
      vertex 61 -14.159954593460313 22.5455820323251
    endloop
  endfacet
  facet normal 1 0 0
    outer loop
      vertex 61 -20 18.35
      vertex 61 -14.159954593460313 22.5455820323251
      vertex 61 -15.161287811373988 25.62736879232473
    endloop
  endfacet
  facet normal 1 0 0
    outer loop
      vertex 61 -20 18.35
      vertex 61 -15.161287811373988 25.62736879232473
      vertex 61 -15.5 28.85
    endloop
  endfacet
  facet normal 0 0 -1
    outer loop
      vertex 61 -20 18.35
      vertex 60 -11.288806331997286 18.35
      vertex 61 -11.288806331997286 18.35
    endloop
  endfacet
  facet normal 1 0 0
    outer loop
      vertex 61 -20 18.35
      vertex 61 -11.288806331997286 18.35
      vertex 61 -12.539763412811686 19.739328589466666
    endloop
  endfacet
  facet normal -2.00896761351549e-17 -0.743144825477394 -0.6691306063588583
    outer loop
      vertex 60 -10.371524398562302 17.33125520510039
      vertex 61 -11.288806331997286 18.35
      vertex 60 -11.288806331997286 18.35
    endloop
  endfacet
  facet normal 0 -0.9945218953682734 -0.10452846326765321
    outer loop
      vertex 117 -15.161287811373988 25.62736879232473
      vertex 61 -15.5 28.85
      vertex 61 -15.161287811373988 25.62736879232473
    endloop
  endfacet
  facet normal -1.828183292211427e-17 -0.7431448254773941 -0.6691306063588585
    outer loop
      vertex 60 -10.371524398562302 17.33125520510039
      vertex 117 -12.539763412811686 19.739328589466666
      vertex 61 -11.288806331997286 18.35
    endloop
  endfacet
  facet normal 0 -0.7431448254773937 -0.6691306063588588
    outer loop
      vertex 117 -12.539763412811686 19.739328589466666
      vertex 61 -12.539763412811686 19.739328589466666
      vertex 61 -11.288806331997286 18.35
    endloop
  endfacet
  facet normal 0 -0.9510565162951533 -0.30901699437494823
    outer loop
      vertex 117 -14.159954593460313 22.5455820323251
      vertex 61 -15.161287811373988 25.62736879232473
      vertex 61 -14.159954593460313 22.5455820323251
    endloop
  endfacet
  facet normal 0 -0.8660254037844393 -0.49999999999999906
    outer loop
      vertex 117 -12.539763412811686 19.739328589466666
      vertex 61 -14.159954593460313 22.5455820323251
      vertex 61 -12.539763412811686 19.739328589466666
    endloop
  endfacet
  facet normal 1 0 0
    outer loop
      vertex 61 -20 18.35
      vertex 61 -15.5 28.85
      vertex 61 -20 53.35
    endloop
  endfacet
  facet normal 1 0 0
    outer loop
      vertex 61 -20 53.35
      vertex 61 -15.5 28.85
      vertex 61 -15.161287811373988 32.07263120767527
    endloop
  endfacet
  facet normal 1 0 0
    outer loop
      vertex 61 -20 53.35
      vertex 61 -15.161287811373988 32.07263120767527
      vertex 61 -14.159954593460313 35.1544179676749
    endloop
  endfacet
  facet normal 0 -0.9945218953682734 0.10452846326765321
    outer loop
      vertex 117 -15.5 28.85
      vertex 61 -15.161287811373988 32.07263120767527
      vertex 61 -15.5 28.85
    endloop
  endfacet
  facet normal 0 -0.9510565162951533 0.30901699437494823
    outer loop
      vertex 117 -15.161287811373988 32.07263120767527
      vertex 61 -14.159954593460313 35.1544179676749
      vertex 61 -15.161287811373988 32.07263120767527
    endloop
  endfacet
  facet normal 0 -0.8660254037844393 0.49999999999999906
    outer loop
      vertex 117 -14.159954593460313 35.1544179676749
      vertex 61 -12.539763412811686 37.96067141053334
      vertex 61 -14.159954593460313 35.1544179676749
    endloop
  endfacet
  facet normal 0 -0.7431448254773938 0.6691306063588586
    outer loop
      vertex 117 -12.539763412811686 37.96067141053334
      vertex 61 -10.371524398562302 40.36874479489961
      vertex 61 -12.539763412811686 37.96067141053334
    endloop
  endfacet
  facet normal -1 0 0
    outer loop
      vertex 60 -7.75 15.426606241341203
      vertex 60 -11.288806331997286 18.35
      vertex 60 -4.789763412811684 14.108623997425122
    endloop
  endfacet
  facet normal -1 0 0
    outer loop
      vertex 60 -10.371524398562302 17.33125520510039
      vertex 60 -11.288806331997286 18.35
      vertex 60 -7.75 15.426606241341203
    endloop
  endfacet
  facet normal -1 0 0
    outer loop
      vertex 60 -4.789763412811684 14.108623997425122
      vertex 60 -11.288806331997286 18.35
      vertex 60 -1.6201911806486287 13.434910621791765
    endloop
  endfacet
  facet normal -1 0 0
    outer loop
      vertex 60 -1.6201911806486287 13.434910621791765
      vertex 60 -11.288806331997286 18.35
      vertex 60 1.6201911806486287 13.434910621791765
    endloop
  endfacet
  facet normal -1 0 0
    outer loop
      vertex 60 1.6201911806486287 13.434910621791765
      vertex 60 -11.288806331997286 18.35
      vertex 60 4.789763412811684 14.108623997425122
    endloop
  endfacet
  facet normal 2.0389543334548964e-18 -0.587785252292473 -0.8090169943749475
    outer loop
      vertex 60 -10.371524398562302 17.33125520510039
      vertex 60 -7.75 15.426606241341203
      vertex 117 -7.75 15.426606241341203
    endloop
  endfacet
  facet normal -2.725672613894864e-19 -0.40673664307579993 -0.913545457642601
    outer loop
      vertex 60 -7.75 15.426606241341203
      vertex 60 -4.789763412811684 14.108623997425122
      vertex 117 -4.789763412811684 14.108623997425122
    endloop
  endfacet
  facet normal 1.0378421201709652e-19 -0.20791169081775945 -0.9781476007338057
    outer loop
      vertex 60 -4.789763412811684 14.108623997425122
      vertex 60 -1.6201911806486287 13.434910621791765
      vertex 117 -1.6201911806486287 13.434910621791765
    endloop
  endfacet
  facet normal 0 -0.7431448254773939 -0.6691306063588586
    outer loop
      vertex 60 -10.371524398562302 17.33125520510039
      vertex 117 -10.371524398562302 17.33125520510039
      vertex 117 -12.539763412811686 19.739328589466666
    endloop
  endfacet
  facet normal 1.3045728332665386e-18 -0.8660254037844393 -0.49999999999999906
    outer loop
      vertex 117 -12.539763412811686 19.739328589466666
      vertex 117 -14.159954593460313 22.5455820323251
      vertex 61 -14.159954593460313 22.5455820323251
    endloop
  endfacet
  facet normal 3.1687079573522653e-19 -0.9510565162951533 -0.30901699437494823
    outer loop
      vertex 117 -14.159954593460313 22.5455820323251
      vertex 117 -15.161287811373988 25.62736879232473
      vertex 61 -15.161287811373988 25.62736879232473
    endloop
  endfacet
  facet normal 1 0 0
    outer loop
      vertex 117 -14.159954593460313 22.5455820323251
      vertex 117 -15.161287811373988 32.07263120767527
      vertex 117 -15.161287811373988 25.62736879232473
    endloop
  endfacet
  facet normal 1 0 0
    outer loop
      vertex 117 -12.539763412811686 19.739328589466666
      vertex 117 -14.159954593460313 35.1544179676749
      vertex 117 -14.159954593460313 22.5455820323251
    endloop
  endfacet
  facet normal 1 0 0
    outer loop
      vertex 117 -12.539763412811686 19.739328589466666
      vertex 117 -10.371524398562302 17.33125520510039
      vertex 117 -12.539763412811686 37.96067141053334
    endloop
  endfacet
  facet normal -4.0815474810512145e-19 -0.9945218953682734 -0.10452846326765321
    outer loop
      vertex 117 -15.161287811373988 25.62736879232473
      vertex 117 -15.5 28.85
      vertex 61 -15.5 28.85
    endloop
  endfacet
  facet normal 4.0815474810512145e-19 -0.9945218953682734 0.10452846326765321
    outer loop
      vertex 117 -15.5 28.85
      vertex 117 -15.161287811373988 32.07263120767527
      vertex 61 -15.161287811373988 32.07263120767527
    endloop
  endfacet
  facet normal -3.1687079573522653e-19 -0.9510565162951533 0.30901699437494823
    outer loop
      vertex 117 -15.161287811373988 32.07263120767527
      vertex 117 -14.159954593460313 35.1544179676749
      vertex 61 -14.159954593460313 35.1544179676749
    endloop
  endfacet
  facet normal -1.3045728332665386e-18 -0.8660254037844393 0.49999999999999906
    outer loop
      vertex 117 -14.159954593460313 35.1544179676749
      vertex 117 -12.539763412811686 37.96067141053334
      vertex 61 -12.539763412811686 37.96067141053334
    endloop
  endfacet
  facet normal -1.2752027917947598e-18 -0.7431448254773938 0.6691306063588586
    outer loop
      vertex 117 -12.539763412811686 37.96067141053334
      vertex 117 -10.371524398562302 40.36874479489961
      vertex 61 -10.371524398562302 40.36874479489961
    endloop
  endfacet
  facet normal 1 0 0
    outer loop
      vertex 117 -15.161287811373988 25.62736879232473
      vertex 117 -15.161287811373988 32.07263120767527
      vertex 117 -15.5 28.85
    endloop
  endfacet
  facet normal 1 0 0
    outer loop
      vertex 117 -14.159954593460313 22.5455820323251
      vertex 117 -14.159954593460313 35.1544179676749
      vertex 117 -15.161287811373988 32.07263120767527
    endloop
  endfacet
  facet normal 1 0 0
    outer loop
      vertex 117 -12.539763412811686 19.739328589466666
      vertex 117 -12.539763412811686 37.96067141053334
      vertex 117 -14.159954593460313 35.1544179676749
    endloop
  endfacet
  facet normal 1 0 0
    outer loop
      vertex 117 -10.371524398562302 17.33125520510039
      vertex 117 -10.371524398562302 40.36874479489961
      vertex 117 -12.539763412811686 37.96067141053334
    endloop
  endfacet
  facet normal 0 -0.587785252292473 -0.8090169943749475
    outer loop
      vertex 60 -10.371524398562302 17.33125520510039
      vertex 117 -7.75 15.426606241341203
      vertex 117 -10.371524398562302 17.33125520510039
    endloop
  endfacet
  facet normal 0 -0.40673664307579993 -0.913545457642601
    outer loop
      vertex 60 -7.75 15.426606241341203
      vertex 117 -4.789763412811684 14.108623997425122
      vertex 117 -7.75 15.426606241341203
    endloop
  endfacet
  facet normal 0 -0.20791169081775945 -0.9781476007338057
    outer loop
      vertex 60 -4.789763412811684 14.108623997425122
      vertex 117 -1.6201911806486287 13.434910621791765
      vertex 117 -4.789763412811684 14.108623997425122
    endloop
  endfacet
  facet normal 0 0 -1
    outer loop
      vertex 60 -1.6201911806486287 13.434910621791765
      vertex 117 1.6201911806486287 13.434910621791765
      vertex 117 -1.6201911806486287 13.434910621791765
    endloop
  endfacet
  facet normal 1 0 0
    outer loop
      vertex 117 -10.371524398562302 17.33125520510039
      vertex 117 -7.75 15.426606241341203
      vertex 117 -10.371524398562302 40.36874479489961
    endloop
  endfacet
  facet normal 1 0 0
    outer loop
      vertex 117 -7.75 15.426606241341203
      vertex 117 -4.789763412811684 14.108623997425122
      vertex 117 -7.75 42.2733937586588
    endloop
  endfacet
  facet normal 1 0 0
    outer loop
      vertex 117 -4.789763412811684 14.108623997425122
      vertex 117 -1.6201911806486287 13.434910621791765
      vertex 117 -4.789763412811684 43.59137600257488
    endloop
  endfacet
  facet normal 1 0 0
    outer loop
      vertex 117 -1.6201911806486287 13.434910621791765
      vertex 117 1.6201911806486287 13.434910621791765
      vertex 117 -1.6201911806486287 44.26508937820824
    endloop
  endfacet
  facet normal 1 0 0
    outer loop
      vertex 117 -10.371524398562302 40.36874479489961
      vertex 117 -7.75 15.426606241341203
      vertex 117 -7.75 42.2733937586588
    endloop
  endfacet
  facet normal 1 0 0
    outer loop
      vertex 117 -4.789763412811684 14.108623997425122
      vertex 117 -4.789763412811684 43.59137600257488
      vertex 117 -7.75 42.2733937586588
    endloop
  endfacet
  facet normal 1 0 0
    outer loop
      vertex 117 -1.6201911806486287 13.434910621791765
      vertex 117 -1.6201911806486287 44.26508937820824
      vertex 117 -4.789763412811684 43.59137600257488
    endloop
  endfacet
  facet normal 1 0 0
    outer loop
      vertex 61 -20 53.35
      vertex 61 -14.159954593460313 35.1544179676749
      vertex 61 -12.539763412811686 37.96067141053334
    endloop
  endfacet
  facet normal 1 0 0
    outer loop
      vertex 61 -20 53.35
      vertex 61 -12.539763412811686 37.96067141053334
      vertex 61 -10.371524398562302 40.36874479489961
    endloop
  endfacet
  facet normal 1 0 0
    outer loop
      vertex 61 -20 53.35
      vertex 61 -10.371524398562302 40.36874479489961
      vertex 61 -7.75 42.2733937586588
    endloop
  endfacet
  facet normal 1 0 0
    outer loop
      vertex 61 -20 53.35
      vertex 61 -7.75 42.2733937586588
      vertex 61 -4.789763412811684 43.59137600257488
    endloop
  endfacet
  facet normal 1 0 0
    outer loop
      vertex 61 -20 53.35
      vertex 61 -4.789763412811684 43.59137600257488
      vertex 61 -1.6201911806486287 44.26508937820824
    endloop
  endfacet
  facet normal 1 0 0
    outer loop
      vertex 61 -20 53.35
      vertex 61 -1.6201911806486287 44.26508937820824
      vertex 61 20 53.35
    endloop
  endfacet
  facet normal 0 -0.5877852522924727 0.8090169943749478
    outer loop
      vertex 117 -10.371524398562302 40.36874479489961
      vertex 61 -7.75 42.2733937586588
      vertex 61 -10.371524398562302 40.36874479489961
    endloop
  endfacet
  facet normal 0 -0.40673664307580093 0.9135454576426006
    outer loop
      vertex 117 -7.75 42.2733937586588
      vertex 61 -4.789763412811684 43.59137600257488
      vertex 61 -7.75 42.2733937586588
    endloop
  endfacet
  facet normal 0 -0.20791169081775893 0.9781476007338057
    outer loop
      vertex 117 -4.789763412811684 43.59137600257488
      vertex 61 -1.6201911806486287 44.26508937820824
      vertex 61 -4.789763412811684 43.59137600257488
    endloop
  endfacet
  facet normal 0 0 1
    outer loop
      vertex 117 -1.6201911806486287 44.26508937820824
      vertex 61 1.6201911806486287 44.26508937820824
      vertex 61 -1.6201911806486287 44.26508937820824
    endloop
  endfacet
  facet normal 1.6295982437116712e-18 -0.5877852522924727 0.8090169943749478
    outer loop
      vertex 117 -10.371524398562302 40.36874479489961
      vertex 117 -7.75 42.2733937586588
      vertex 61 -7.75 42.2733937586588
    endloop
  endfacet
  facet normal -5.01067180988844e-19 -0.40673664307580093 0.9135454576426006
    outer loop
      vertex 117 -7.75 42.2733937586588
      vertex 117 -4.789763412811684 43.59137600257488
      vertex 61 -4.789763412811684 43.59137600257488
    endloop
  endfacet
  facet normal 6.816836909997402e-19 -0.20791169081775893 0.9781476007338057
    outer loop
      vertex 117 -4.789763412811684 43.59137600257488
      vertex 117 -1.6201911806486287 44.26508937820824
      vertex 61 -1.6201911806486287 44.26508937820824
    endloop
  endfacet
  facet normal -1 0 0
    outer loop
      vertex 60 4.789763412811684 14.108623997425122
      vertex 60 -11.288806331997286 18.35
      vertex 60 7.75 15.426606241341203
    endloop
  endfacet
  facet normal -1 0 0
    outer loop
      vertex 60 7.75 15.426606241341203
      vertex 60 -11.288806331997286 18.35
      vertex 60 10.3715243985623 17.33125520510039
    endloop
  endfacet
  facet normal -1 0 0
    outer loop
      vertex 60 10.3715243985623 17.33125520510039
      vertex 60 -11.288806331997286 18.35
      vertex 60 11.288806331997286 18.35
    endloop
  endfacet
  facet normal 0 0 -1
    outer loop
      vertex 60 -1.6201911806486287 13.434910621791765
      vertex 60 1.6201911806486287 13.434910621791765
      vertex 117 1.6201911806486287 13.434910621791765
    endloop
  endfacet
  facet normal -1.0378421201709652e-19 0.20791169081775945 -0.9781476007338057
    outer loop
      vertex 60 1.6201911806486287 13.434910621791765
      vertex 60 4.789763412811684 14.108623997425122
      vertex 117 4.789763412811684 14.108623997425122
    endloop
  endfacet
  facet normal 2.725672613894864e-19 0.40673664307579993 -0.913545457642601
    outer loop
      vertex 60 4.789763412811684 14.108623997425122
      vertex 60 7.75 15.426606241341203
      vertex 117 7.75 15.426606241341203
    endloop
  endfacet
  facet normal -1.1219222832648358e-18 0.5877852522924732 -0.8090169943749473
    outer loop
      vertex 60 7.75 15.426606241341203
      vertex 60 10.3715243985623 17.33125520510039
      vertex 117 10.3715243985623 17.33125520510039
    endloop
  endfacet
  facet normal -3.660835678096463e-17 0.7431448254773935 -0.6691306063588591
    outer loop
      vertex 60 10.3715243985623 17.33125520510039
      vertex 60 11.288806331997286 18.35
      vertex 61 11.288806331997286 18.35
    endloop
  endfacet
  facet normal 0 0 -1
    outer loop
      vertex 61 20 18.35
      vertex 61 11.288806331997286 18.35
      vertex 60 11.288806331997286 18.35
    endloop
  endfacet
  facet normal 1 0 0
    outer loop
      vertex 61 20 18.35
      vertex 61 12.539763412811688 19.739328589466666
      vertex 61 11.288806331997286 18.35
    endloop
  endfacet
  facet normal 1 0 0
    outer loop
      vertex 61 20 18.35
      vertex 61 14.159954593460313 22.5455820323251
      vertex 61 12.539763412811688 19.739328589466666
    endloop
  endfacet
  facet normal 1 0 0
    outer loop
      vertex 61 20 18.35
      vertex 61 15.161287811373988 25.62736879232473
      vertex 61 14.159954593460313 22.5455820323251
    endloop
  endfacet
  facet normal 0 0.7431448254773934 -0.6691306063588591
    outer loop
      vertex 60 10.3715243985623 17.33125520510039
      vertex 61 11.288806331997286 18.35
      vertex 117 10.3715243985623 17.33125520510039
    endloop
  endfacet
  facet normal 0 0.7431448254773932 -0.6691306063588592
    outer loop
      vertex 117 12.539763412811688 19.739328589466666
      vertex 61 11.288806331997286 18.35
      vertex 61 12.539763412811688 19.739328589466666
    endloop
  endfacet
  facet normal 0 0.8660254037844394 -0.4999999999999986
    outer loop
      vertex 117 14.159954593460313 22.5455820323251
      vertex 61 12.539763412811688 19.739328589466666
      vertex 61 14.159954593460313 22.5455820323251
    endloop
  endfacet
  facet normal 0 0.9510565162951533 -0.30901699437494823
    outer loop
      vertex 117 15.161287811373988 25.62736879232473
      vertex 61 14.159954593460313 22.5455820323251
      vertex 61 15.161287811373988 25.62736879232473
    endloop
  endfacet
  facet normal 1 0 0
    outer loop
      vertex 61 20 18.35
      vertex 61 20 53.35
      vertex 61 15.161287811373988 25.62736879232473
    endloop
  endfacet
  facet normal 1 0 0
    outer loop
      vertex 61 20 53.35
      vertex 61 15.5 28.85
      vertex 61 15.161287811373988 25.62736879232473
    endloop
  endfacet
  facet normal 1 0 0
    outer loop
      vertex 61 20 53.35
      vertex 61 15.161287811373988 32.07263120767527
      vertex 61 15.5 28.85
    endloop
  endfacet
  facet normal 1 0 0
    outer loop
      vertex 61 20 53.35
      vertex 61 14.159954593460313 35.1544179676749
      vertex 61 15.161287811373988 32.07263120767527
    endloop
  endfacet
  facet normal 0 0.7431448254773934 0.6691306063588592
    outer loop
      vertex 117 10.3715243985623 40.36874479489961
      vertex 61 12.539763412811688 37.96067141053334
      vertex 61 10.3715243985623 40.36874479489961
    endloop
  endfacet
  facet normal 0 0.8660254037844394 0.4999999999999986
    outer loop
      vertex 117 12.539763412811688 37.96067141053334
      vertex 61 14.159954593460313 35.1544179676749
      vertex 61 12.539763412811688 37.96067141053334
    endloop
  endfacet
  facet normal 0 0.9510565162951533 0.30901699437494823
    outer loop
      vertex 117 14.159954593460313 35.1544179676749
      vertex 61 15.161287811373988 32.07263120767527
      vertex 61 14.159954593460313 35.1544179676749
    endloop
  endfacet
  facet normal 0 0.9945218953682734 -0.10452846326765321
    outer loop
      vertex 117 15.5 28.85
      vertex 61 15.161287811373988 25.62736879232473
      vertex 61 15.5 28.85
    endloop
  endfacet
  facet normal 0 0.9945218953682734 0.10452846326765321
    outer loop
      vertex 117 15.161287811373988 32.07263120767527
      vertex 61 15.5 28.85
      vertex 61 15.161287811373988 32.07263120767527
    endloop
  endfacet
  facet normal 0 0.20791169081775945 -0.9781476007338057
    outer loop
      vertex 60 1.6201911806486287 13.434910621791765
      vertex 117 4.789763412811684 14.108623997425122
      vertex 117 1.6201911806486287 13.434910621791765
    endloop
  endfacet
  facet normal 0 0.40673664307579993 -0.913545457642601
    outer loop
      vertex 60 4.789763412811684 14.108623997425122
      vertex 117 7.75 15.426606241341203
      vertex 117 4.789763412811684 14.108623997425122
    endloop
  endfacet
  facet normal 0 0.5877852522924732 -0.8090169943749473
    outer loop
      vertex 60 7.75 15.426606241341203
      vertex 117 10.3715243985623 17.33125520510039
      vertex 117 7.75 15.426606241341203
    endloop
  endfacet
  facet normal 1 0 0
    outer loop
      vertex 117 1.6201911806486287 13.434910621791765
      vertex 117 4.789763412811684 14.108623997425122
      vertex 117 1.6201911806486287 44.26508937820824
    endloop
  endfacet
  facet normal 1 0 0
    outer loop
      vertex 117 4.789763412811684 14.108623997425122
      vertex 117 7.75 15.426606241341203
      vertex 117 4.789763412811684 43.59137600257488
    endloop
  endfacet
  facet normal 1 0 0
    outer loop
      vertex 117 7.75 15.426606241341203
      vertex 117 10.3715243985623 17.33125520510039
      vertex 117 7.75 42.2733937586588
    endloop
  endfacet
  facet normal 1 0 0
    outer loop
      vertex 117 -1.6201911806486287 44.26508937820824
      vertex 117 1.6201911806486287 13.434910621791765
      vertex 117 1.6201911806486287 44.26508937820824
    endloop
  endfacet
  facet normal 1 0 0
    outer loop
      vertex 117 4.789763412811684 14.108623997425122
      vertex 117 4.789763412811684 43.59137600257488
      vertex 117 1.6201911806486287 44.26508937820824
    endloop
  endfacet
  facet normal 1 0 0
    outer loop
      vertex 117 7.75 15.426606241341203
      vertex 117 7.75 42.2733937586588
      vertex 117 4.789763412811684 43.59137600257488
    endloop
  endfacet
  facet normal 1 0 0
    outer loop
      vertex 117 10.3715243985623 17.33125520510039
      vertex 117 10.3715243985623 40.36874479489961
      vertex 117 7.75 42.2733937586588
    endloop
  endfacet
  facet normal -3.2051799456266307e-18 0.7431448254773934 -0.6691306063588592
    outer loop
      vertex 117 10.3715243985623 17.33125520510039
      vertex 61 11.288806331997286 18.35
      vertex 117 12.539763412811688 19.739328589466666
    endloop
  endfacet
  facet normal 0 0.8660254037844394 -0.4999999999999986
    outer loop
      vertex 117 12.539763412811688 19.739328589466666
      vertex 61 12.539763412811688 19.739328589466666
      vertex 117 14.159954593460313 22.5455820323251
    endloop
  endfacet
  facet normal 0 0.9510565162951533 -0.30901699437494823
    outer loop
      vertex 117 14.159954593460313 22.5455820323251
      vertex 61 14.159954593460313 22.5455820323251
      vertex 117 15.161287811373988 25.62736879232473
    endloop
  endfacet
  facet normal 0 0.9945218953682734 -0.10452846326765321
    outer loop
      vertex 117 15.161287811373988 25.62736879232473
      vertex 61 15.161287811373988 25.62736879232473
      vertex 117 15.5 28.85
    endloop
  endfacet
  facet normal 1 0 0
    outer loop
      vertex 117 10.3715243985623 17.33125520510039
      vertex 117 12.539763412811688 19.739328589466666
      vertex 117 10.3715243985623 40.36874479489961
    endloop
  endfacet
  facet normal 1 0 0
    outer loop
      vertex 117 12.539763412811688 19.739328589466666
      vertex 117 14.159954593460313 22.5455820323251
      vertex 117 12.539763412811688 37.96067141053334
    endloop
  endfacet
  facet normal 0 0.9510565162951533 0.30901699437494823
    outer loop
      vertex 117 15.161287811373988 32.07263120767527
      vertex 61 15.161287811373988 32.07263120767527
      vertex 117 14.159954593460313 35.1544179676749
    endloop
  endfacet
  facet normal -1.8196120670930285e-18 0.7431448254773934 0.6691306063588592
    outer loop
      vertex 117 10.3715243985623 40.36874479489961
      vertex 117 12.539763412811688 37.96067141053334
      vertex 61 12.539763412811688 37.96067141053334
    endloop
  endfacet
  facet normal -5.920453934638368e-19 0.8660254037844394 0.4999999999999986
    outer loop
      vertex 117 12.539763412811688 37.96067141053334
      vertex 117 14.159954593460313 35.1544179676749
      vertex 61 14.159954593460313 35.1544179676749
    endloop
  endfacet
  facet normal 0 0.9945218953682734 0.10452846326765321
    outer loop
      vertex 117 15.5 28.85
      vertex 61 15.5 28.85
      vertex 117 15.161287811373988 32.07263120767527
    endloop
  endfacet
  facet normal 1 0 0
    outer loop
      vertex 117 12.539763412811688 19.739328589466666
      vertex 117 12.539763412811688 37.96067141053334
      vertex 117 10.3715243985623 40.36874479489961
    endloop
  endfacet
  facet normal 1 0 0
    outer loop
      vertex 117 14.159954593460313 22.5455820323251
      vertex 117 15.161287811373988 25.62736879232473
      vertex 117 14.159954593460313 35.1544179676749
    endloop
  endfacet
  facet normal 1 0 0
    outer loop
      vertex 117 14.159954593460313 22.5455820323251
      vertex 117 14.159954593460313 35.1544179676749
      vertex 117 12.539763412811688 37.96067141053334
    endloop
  endfacet
  facet normal 1 0 0
    outer loop
      vertex 117 15.161287811373988 25.62736879232473
      vertex 117 15.161287811373988 32.07263120767527
      vertex 117 14.159954593460313 35.1544179676749
    endloop
  endfacet
  facet normal 1 0 0
    outer loop
      vertex 117 15.161287811373988 25.62736879232473
      vertex 117 15.5 28.85
      vertex 117 15.161287811373988 32.07263120767527
    endloop
  endfacet
  facet normal 1 0 0
    outer loop
      vertex 61 20 53.35
      vertex 61 -1.6201911806486287 44.26508937820824
      vertex 61 1.6201911806486287 44.26508937820824
    endloop
  endfacet
  facet normal 1 0 0
    outer loop
      vertex 61 20 53.35
      vertex 61 1.6201911806486287 44.26508937820824
      vertex 61 4.789763412811684 43.59137600257488
    endloop
  endfacet
  facet normal 0 0.20791169081775893 0.9781476007338057
    outer loop
      vertex 117 1.6201911806486287 44.26508937820824
      vertex 61 4.789763412811684 43.59137600257488
      vertex 61 1.6201911806486287 44.26508937820824
    endloop
  endfacet
  facet normal 0 0.40673664307580093 0.9135454576426006
    outer loop
      vertex 117 4.789763412811684 43.59137600257488
      vertex 61 7.75 42.2733937586588
      vertex 61 4.789763412811684 43.59137600257488
    endloop
  endfacet
  facet normal 0 0.5877852522924729 0.8090169943749476
    outer loop
      vertex 117 7.75 42.2733937586588
      vertex 61 10.3715243985623 40.36874479489961
      vertex 61 7.75 42.2733937586588
    endloop
  endfacet
  facet normal 1 0 0
    outer loop
      vertex 61 20 53.35
      vertex 61 4.789763412811684 43.59137600257488
      vertex 61 7.75 42.2733937586588
    endloop
  endfacet
  facet normal 1 0 0
    outer loop
      vertex 61 20 53.35
      vertex 61 10.3715243985623 40.36874479489961
      vertex 61 12.539763412811688 37.96067141053334
    endloop
  endfacet
  facet normal 1 0 0
    outer loop
      vertex 61 20 53.35
      vertex 61 7.75 42.2733937586588
      vertex 61 10.3715243985623 40.36874479489961
    endloop
  endfacet
  facet normal 1 0 0
    outer loop
      vertex 61 20 53.35
      vertex 61 12.539763412811688 37.96067141053334
      vertex 61 14.159954593460313 35.1544179676749
    endloop
  endfacet
  facet normal 0 0 1
    outer loop
      vertex 117 -1.6201911806486287 44.26508937820824
      vertex 117 1.6201911806486287 44.26508937820824
      vertex 61 1.6201911806486287 44.26508937820824
    endloop
  endfacet
  facet normal -6.816836909997402e-19 0.20791169081775893 0.9781476007338057
    outer loop
      vertex 117 1.6201911806486287 44.26508937820824
      vertex 117 4.789763412811684 43.59137600257488
      vertex 61 4.789763412811684 43.59137600257488
    endloop
  endfacet
  facet normal 5.01067180988844e-19 0.40673664307580093 0.9135454576426006
    outer loop
      vertex 117 4.789763412811684 43.59137600257488
      vertex 117 7.75 42.2733937586588
      vertex 61 7.75 42.2733937586588
    endloop
  endfacet
  facet normal 0 0.5877852522924729 0.8090169943749476
    outer loop
      vertex 117 10.3715243985623 40.36874479489961
      vertex 61 10.3715243985623 40.36874479489961
      vertex 117 7.75 42.2733937586588
    endloop
  endfacet
endsolid OpenSCAD_Model
