solid OpenSCAD_Model
  facet normal -1 0 0
    outer loop
      vertex 0 -36.325 11.35
      vertex 0 -36.325 55.85
      vertex 0 -36.11557294116686 60.88120168377988
    endloop
  endfacet
  facet normal 1 0 0
    outer loop
      vertex 3 -33.325 11.35
      vertex 3 -25.5 56.35
      vertex 3 -33.325 57.48636363636364
    endloop
  endfacet
  facet normal -1 0 0
    outer loop
      vertex 0 -36.325 11.35
      vertex 0 -25.5 61.75454545454546
      vertex 0 -25.5 56.35
    endloop
  endfacet
  facet normal 0 1 0
    outer loop
      vertex 3 -33.325 11.35
      vertex 3 -33.325 57.48636363636364
      vertex 19 -33.325 57.486363636363635
    endloop
  endfacet
  facet normal -1 0 0
    outer loop
      vertex 0 -36.325 11.35
      vertex 0 -25.5 56.35
      vertex 0 -10.5 56.35
    endloop
  endfacet
  facet normal 0 0 -1
    outer loop
      vertex 0 -36.325 11.35
      vertex 3 33.325 11.35
      vertex 3 -33.325 11.35
    endloop
  endfacet
  facet normal 1 0 0
    outer loop
      vertex 3 -33.325 11.35
      vertex 3 33.325 11.35
      vertex 3 -25.5 56.35
    endloop
  endfacet
  facet normal -1 0 0
    outer loop
      vertex 0 -36.325 11.35
      vertex 0 -10.5 56.35
      vertex 0 10.5 56.35
    endloop
  endfacet
  facet normal -1 0 0
    outer loop
      vertex 0 -36.325 11.35
      vertex 0 10.5 56.35
      vertex 0 25.5 56.35
    endloop
  endfacet
  facet normal 1 0 0
    outer loop
      vertex 3 -25.5 56.35
      vertex 3 33.325 11.35
      vertex 3 -10.5 56.35
    endloop
  endfacet
  facet normal 0 0 -1
    outer loop
      vertex 0 -36.325 11.35
      vertex 3 -33.325 11.35
      vertex 129.0000001 -36.325 11.35
    endloop
  endfacet
  facet normal 0 -1 0
    outer loop
      vertex 0 -36.325 11.35
      vertex 129.0000001 -36.325 11.35
      vertex 0 -36.325 55.85
    endloop
  endfacet
  facet normal 0 1 0
    outer loop
      vertex 3 -33.325 11.35
      vertex 19 -33.325 57.486363636363635
      vertex 110 -33.325 57.486363636363635
    endloop
  endfacet
  facet normal 0 -1 0
    outer loop
      vertex 0 -36.325 55.85
      vertex 129.0000001 -36.325 11.35
      vertex 19 -36.325 61.85
    endloop
  endfacet
  facet normal -1 0 0
    outer loop
      vertex 0 -36.325 11.35
      vertex 0 -36.11557294116686 60.88120168377988
      vertex 0 -35.52226250376891 61.08122820984617
    endloop
  endfacet
  facet normal -1 0 0
    outer loop
      vertex 0 -36.325 11.35
      vertex 0 -35.52226250376891 61.08122820984617
      vertex 0 -34.59806886682155 61.50885179322491
    endloop
  endfacet
  facet normal -1 0 0
    outer loop
      vertex 0 -36.325 11.35
      vertex 0 -34.59806886682155 61.50885179322491
      vertex 0 -33.94419298919938 61.85
    endloop
  endfacet
  facet normal -1 0 0
    outer loop
      vertex 0 -36.325 11.35
      vertex 0 -33.94419298919938 61.85
      vertex 0 -25.5 69.85000000000001
    endloop
  endfacet
  facet normal -1 0 0
    outer loop
      vertex 0 -36.325 11.35
      vertex 0 -25.5 61.85
      vertex 0 -25.5 61.75454545454546
    endloop
  endfacet
  facet normal -1 0 0
    outer loop
      vertex 0 -36.325 11.35
      vertex 0 -25.5 69.85000000000001
      vertex 0 -25.5 61.85
    endloop
  endfacet
  facet normal -1 0 0
    outer loop
      vertex 0 -36.325 55.85
      vertex 0 -36.325 60.93571428571429
      vertex 0 -36.11557294116686 60.88120168377988
    endloop
  endfacet
  facet normal 0 -1 0
    outer loop
      vertex 0 -36.325 55.85
      vertex 19 -36.325 61.85
      vertex 0 -36.325 60.93571428571429
    endloop
  endfacet
  facet normal 1 0 0
    outer loop
      vertex 3 -33.325 57.48636363636364
      vertex 3 -25.5 56.35
      vertex 3 -25.5 61.75454545454546
    endloop
  endfacet
  facet normal 4.755819330487728e-18 0.478852130680573 -0.8778955729143846
    outer loop
      vertex 3 -33.325 57.48636363636364
      vertex 3 -25.5 61.75454545454546
      vertex 19 -25.325000000000003 61.85
    endloop
  endfacet
  facet normal -3.898639513064169e-16 0.47885213068057353 -0.8778955729143841
    outer loop
      vertex 3 -33.325 57.48636363636364
      vertex 19 -25.325000000000003 61.85
      vertex 19 -33.325 57.486363636363635
    endloop
  endfacet
  facet normal 0 1 0
    outer loop
      vertex 0 -25.5 56.35
      vertex 3 -25.5 61.75454545454546
      vertex 3 -25.5 56.35
    endloop
  endfacet
  facet normal 0 1 0
    outer loop
      vertex 0 -25.5 56.35
      vertex 0 -25.5 61.75454545454546
      vertex 3 -25.5 61.75454545454546
    endloop
  endfacet
  facet normal 0 0 1
    outer loop
      vertex 0 -25.5 56.35
      vertex 3 -25.5 56.35
      vertex 0 -10.5 56.35
    endloop
  endfacet
  facet normal 1 0 0
    outer loop
      vertex 19 -33.325 57.486363636363635
      vertex 19 -25.325000000000003 61.85
      vertex 19 -33.325 61.85
    endloop
  endfacet
  facet normal -1 0 0
    outer loop
      vertex 0 -36.325 60.93571428571429
      vertex 0 -36.325 61.85
      vertex 0 -36.11557294116686 60.88120168377988
    endloop
  endfacet
  facet normal -1 0 0
    outer loop
      vertex 0 -36.11557294116686 60.88120168377988
      vertex 0 -36.325 61.85
      vertex 0 -35.52226250376891 61.08122820984617
    endloop
  endfacet
  facet normal -1 0 0
    outer loop
      vertex 0 -35.52226250376891 61.08122820984617
      vertex 0 -36.325 61.85
      vertex 0 -34.59806886682155 61.50885179322491
    endloop
  endfacet
  facet normal -1 0 0
    outer loop
      vertex 0 -36.325 61.85
      vertex 0 -36.325 62.812406015037595
      vertex 0 -36.10656349973584 63.01200781296251
    endloop
  endfacet
  facet normal -1 0 0
    outer loop
      vertex 0 -36.325 61.85
      vertex 0 -36.10656349973584 63.01200781296251
      vertex 0 -35.48825474605584 63.188078291814946
    endloop
  endfacet
  facet normal -1 0 0
    outer loop
      vertex 0 -36.325 61.85
      vertex 0 -35.48825474605584 63.188078291814946
      vertex 0 -34.53529258798378 63.332193793295545
    endloop
  endfacet
  facet normal -1 0 0
    outer loop
      vertex 0 -36.325 61.85
      vertex 0 -33.94419298919938 61.85
      vertex 0 -34.59806886682155 61.50885179322491
    endloop
  endfacet
  facet normal -1 0 0
    outer loop
      vertex 0 -36.325 61.85
      vertex 0 -34.25300210467218 63.35690756023842
      vertex 0 -33.94419298919938 61.85
    endloop
  endfacet
  facet normal -1 0 0
    outer loop
      vertex 0 -36.325 61.85
      vertex 0 -34.53529258798378 63.332193793295545
      vertex 0 -34.25300210467218 63.35690756023842
    endloop
  endfacet
  facet normal 0 -1 0
    outer loop
      vertex 0 -36.325 60.93571428571429
      vertex 19 -36.325 61.85
      vertex 0 -36.325 61.85
    endloop
  endfacet
  facet normal 0 -1 0
    outer loop
      vertex 0 -36.325 61.85
      vertex 19 -36.325 69.85000000000001
      vertex 0 -36.325 62.812406015037595
    endloop
  endfacet
  facet normal -1 0 0
    outer loop
      vertex 0 -36.325 62.812406015037595
      vertex 0 -36.325 69.85000000000001
      vertex 0 -36.10656349973584 63.01200781296251
    endloop
  endfacet
  facet normal -1 0 0
    outer loop
      vertex 0 -36.10656349973584 63.01200781296251
      vertex 0 -25.5 69.85000000000001
      vertex 0 -35.48825474605584 63.188078291814946
    endloop
  endfacet
  facet normal -1 0 0
    outer loop
      vertex 0 -35.48825474605584 63.188078291814946
      vertex 0 -25.5 69.85000000000001
      vertex 0 -34.53529258798378 63.332193793295545
    endloop
  endfacet
  facet normal -1 0 0
    outer loop
      vertex 0 -36.10656349973584 63.01200781296251
      vertex 0 -36.325 69.85000000000001
      vertex 0 -25.5 69.85000000000001
    endloop
  endfacet
  facet normal 0 -1 0
    outer loop
      vertex 0 -36.325 62.812406015037595
      vertex 19 -36.325 69.85000000000001
      vertex 0 -36.325 69.85000000000001
    endloop
  endfacet
  facet normal 0.707106781186548 7.864092275730212e-15 0.707106781186547
    outer loop
      vertex 11 -33.325 61.85
      vertex 4.058857161731098 -33.06944369716801 68.79114283826891
      vertex 6 -33.325 66.85000000000001
    endloop
  endfacet
  facet normal 0 0.9914448613738103 -0.13052619222005335
    outer loop
      vertex 6 -33.325 66.85000000000001
      vertex 4.058857161731098 -33.06944369716801 68.79114283826891
      vertex 13.071067811865476 -33.325 66.85000000000001
    endloop
  endfacet
  facet normal -1 0 0
    outer loop
      vertex 0 -33.94419298919938 61.85
      vertex 0 -34.25300210467218 63.35690756023842
      vertex 0 -25.5 69.85000000000001
    endloop
  endfacet
  facet normal -1 0 0
    outer loop
      vertex 0 -34.53529258798378 63.332193793295545
      vertex 0 -25.5 69.85000000000001
      vertex 0 -34.25300210467218 63.35690756023842
    endloop
  endfacet
  facet normal 0.7071067811865479 1.6288444011047448e-16 0.7071067811865471
    outer loop
      vertex 11 -33.325 61.85
      vertex 3 -28.325000000000003 69.85000000000001
      vertex 4.058857161731098 -33.06944369716801 68.79114283826891
    endloop
  endfacet
  facet normal 0 -1 0
    outer loop
      vertex 11 -28.325000000000003 61.85
      vertex 10.071067811865476 -28.325000000000003 69.85000000000001
      vertex 3 -28.325000000000003 69.85000000000001
    endloop
  endfacet
  facet normal 0 1 0
    outer loop
      vertex 11 -33.325 61.85
      vertex 6 -33.325 66.85000000000001
      vertex 18.071067811865476 -33.325 61.85
    endloop
  endfacet
  facet normal 0 -1 0
    outer loop
      vertex 0 -36.325 61.85
      vertex 19 -36.325 61.85
      vertex 19 -36.325 69.85000000000001
    endloop
  endfacet
  facet normal 0 0.9914448613738103 -0.13052619222005335
    outer loop
      vertex 4.058857161731098 -33.06944369716801 68.79114283826891
      vertex 11.129924973596573 -33.06944369716801 68.79114283826891
      vertex 13.071067811865476 -33.325 66.85000000000001
    endloop
  endfacet
  facet normal 0 1 0
    outer loop
      vertex 6 -33.325 66.85000000000001
      vertex 13.071067811865476 -33.325 66.85000000000001
      vertex 18.071067811865476 -33.325 61.85
    endloop
  endfacet
  facet normal 0.7071067811865479 0 0.7071067811865472
    outer loop
      vertex 11 -33.325 61.85
      vertex 11 -28.325000000000003 61.85
      vertex 3 -28.325000000000003 69.85000000000001
    endloop
  endfacet
  facet normal 0 0 1
    outer loop
      vertex 11 -33.325 61.85
      vertex 18.071067811865476 -33.325 61.85
      vertex 11 -28.325000000000003 61.85
    endloop
  endfacet
  facet normal 0 0 1
    outer loop
      vertex 11 -28.325000000000003 61.85
      vertex 18.071067811865476 -33.325 61.85
      vertex 18.071067811865476 -28.325000000000003 61.85
    endloop
  endfacet
  facet normal 0 -1 0
    outer loop
      vertex 11 -28.325000000000003 61.85
      vertex 18.071067811865476 -28.325000000000003 61.85
      vertex 10.071067811865476 -28.325000000000003 69.85000000000001
    endloop
  endfacet
  facet normal -0.7071067811865476 -9.118054450020102e-16 -0.7071067811865475
    outer loop
      vertex 11.129924973596573 -33.06944369716801 68.79114283826891
      vertex 18.071067811865476 -28.325000000000003 61.85
      vertex 13.071067811865476 -33.325 66.85000000000001
    endloop
  endfacet
  facet normal -0.7071067811865479 -1.392742609443801e-16 -0.7071067811865472
    outer loop
      vertex 11.129924973596573 -33.06944369716801 68.79114283826891
      vertex 10.071067811865476 -28.325000000000003 69.85000000000001
      vertex 18.071067811865476 -28.325000000000003 61.85
    endloop
  endfacet
  facet normal -1 0 0
    outer loop
      vertex 0 -36.06944369716801 71.79114283826891
      vertex 0 -35.32019052838329 73.60000000000001
      vertex 0 -36.325 69.85000000000001
    endloop
  endfacet
  facet normal -1 0 0
    outer loop
      vertex 0 -35.32019052838329 73.60000000000001
      vertex 0 -34.12830085889911 75.15330085889912
      vertex 0 -36.325 69.85000000000001
    endloop
  endfacet
  facet normal 3.6902944476383786e-19 0.9238795325112864 -0.3826834323650905
    outer loop
      vertex 4.058857161731098 -33.06944369716801 68.79114283826891
      vertex 3 -32.63085070016311 69.85000000000001
      vertex 10.071067811865476 -32.63085070016311 69.85000000000001
    endloop
  endfacet
  facet normal -1 0 0
    outer loop
      vertex 0 -34.12830085889911 75.15330085889912
      vertex 0 -32.575 76.3451905283833
      vertex 0 -36.325 69.85000000000001
    endloop
  endfacet
  facet normal -1 0 0
    outer loop
      vertex 0 -32.575 76.3451905283833
      vertex 0 -30.76614283826891 77.09444369716802
      vertex 0 -36.325 69.85000000000001
    endloop
  endfacet
  facet normal -1 0 0
    outer loop
      vertex 0 -30.76614283826891 77.09444369716802
      vertex 0 -28.825000000000003 77.35000000000001
      vertex 0 -36.325 69.85000000000001
    endloop
  endfacet
  facet normal 1 0 0
    outer loop
      vertex 3 -32.32019052838329 70.60000000000001
      vertex 3 -32.63085070016311 69.85000000000001
      vertex 3 -28.325000000000003 69.85000000000001
    endloop
  endfacet
  facet normal 0.7071067811865476 1.1423565492484885e-17 0.7071067811865475
    outer loop
      vertex 4.058857161731098 -33.06944369716801 68.79114283826891
      vertex 3 -28.325000000000003 69.85000000000001
      vertex 3 -32.63085070016311 69.85000000000001
    endloop
  endfacet
  facet normal 1 0 0
    outer loop
      vertex 3 -32.32019052838329 70.60000000000001
      vertex 3 -28.325000000000003 69.85000000000001
      vertex 3 -25.325000000000003 69.85000000000001
    endloop
  endfacet
  facet normal 0 0 1
    outer loop
      vertex 10.071067811865476 -28.325000000000003 69.85000000000001
      vertex 3 -25.325000000000003 69.85000000000001
      vertex 3 -28.325000000000003 69.85000000000001
    endloop
  endfacet
  facet normal 0 0.9238795325112864 -0.3826834323650905
    outer loop
      vertex 4.058857161731098 -33.06944369716801 68.79114283826891
      vertex 10.071067811865476 -32.63085070016311 69.85000000000001
      vertex 11.129924973596573 -33.06944369716801 68.79114283826891
    endloop
  endfacet
  facet normal -1.350474260599029e-18 0.7933533402912343 -0.608761429008722
    outer loop
      vertex 3 -32.32019052838329 70.60000000000001
      vertex 3 -31.974893383792757 71.05000000000001
      vertex 19 -31.974893383792757 71.05000000000001
    endloop
  endfacet
  facet normal -0.7071067811865475 1.1423565492484885e-17 -0.7071067811865476
    outer loop
      vertex 11.129924973596573 -33.06944369716801 68.79114283826891
      vertex 10.071067811865476 -32.63085070016311 69.85000000000001
      vertex 10.071067811865476 -28.325000000000003 69.85000000000001
    endloop
  endfacet
  facet normal 0 0 -1
    outer loop
      vertex 3 -31.974893383792757 71.05000000000001
      vertex 3 -25.325000000000003 71.05000000000001
      vertex 19 -25.325000000000003 71.05000000000001
    endloop
  endfacet
  facet normal 0 0 1
    outer loop
      vertex 10.071067811865476 -28.325000000000003 69.85000000000001
      vertex 10.071067811865476 -32.63085070016311 69.85000000000001
      vertex 19 -32.630850700163116 69.85000000000001
    endloop
  endfacet
  facet normal 0 0 -1
    outer loop
      vertex 3 -31.974893383792757 71.05000000000001
      vertex 19 -25.325000000000003 71.05000000000001
      vertex 19 -31.974893383792757 71.05000000000001
    endloop
  endfacet
  facet normal 0 0 1
    outer loop
      vertex 10.071067811865476 -28.325000000000003 69.85000000000001
      vertex 19 -32.630850700163116 69.85000000000001
      vertex 19 -25.325000000000003 69.85000000000001
    endloop
  endfacet
  facet normal -1 0 0
    outer loop
      vertex 0 -25.5 61.75454545454546
      vertex 0 -25.5 61.85
      vertex 0 -25.325000000000003 61.85
    endloop
  endfacet
  facet normal 0 0.4788521306805733 -0.8778955729143844
    outer loop
      vertex 0 -25.5 61.75454545454546
      vertex 0 -25.325000000000003 61.85
      vertex 3 -25.5 61.75454545454546
    endloop
  endfacet
  facet normal -1 0 0
    outer loop
      vertex 0 -25.5 61.85
      vertex 0 -25.325000000000003 69.85000000000001
      vertex 0 -25.325000000000003 61.85
    endloop
  endfacet
  facet normal 0 0.4788521306805733 -0.8778955729143844
    outer loop
      vertex 0 -25.325000000000003 61.85
      vertex 19 -25.325000000000003 61.85
      vertex 3 -25.5 61.75454545454546
    endloop
  endfacet
  facet normal 0 1 0
    outer loop
      vertex 0 -25.325000000000003 61.85
      vertex 0 -25.325000000000003 69.85000000000001
      vertex 19 -25.325000000000003 61.85
    endloop
  endfacet
  facet normal -1 0 0
    outer loop
      vertex 0 -25.5 61.85
      vertex 0 -25.5 69.85000000000001
      vertex 0 -25.325000000000003 69.85000000000001
    endloop
  endfacet
  facet normal 0 1 0
    outer loop
      vertex 19 -25.325000000000003 61.85
      vertex 0 -25.325000000000003 69.85000000000001
      vertex 3 -25.325000000000003 69.85000000000001
    endloop
  endfacet
  facet normal 0 1 0
    outer loop
      vertex 19 -25.325000000000003 61.85
      vertex 3 -25.325000000000003 69.85000000000001
      vertex 19 -25.325000000000003 69.85000000000001
    endloop
  endfacet
  facet normal 1 0 0
    outer loop
      vertex 3 -32.32019052838329 70.60000000000001
      vertex 3 -25.325000000000003 69.85000000000001
      vertex 3 -10.5 69.85000000000001
    endloop
  endfacet
  facet normal 0 0 -1
    outer loop
      vertex 0 -10.5 69.85000000000001
      vertex 3 -25.325000000000003 69.85000000000001
      vertex 0 -25.325000000000003 69.85000000000001
    endloop
  endfacet
  facet normal 0 0 1
    outer loop
      vertex 10.071067811865476 -28.325000000000003 69.85000000000001
      vertex 19 -25.325000000000003 69.85000000000001
      vertex 3 -25.325000000000003 69.85000000000001
    endloop
  endfacet
  facet normal 0 1 0
    outer loop
      vertex 3 -25.325000000000003 71.05000000000001
      vertex 3 -25.325000000000003 74.35000000000001
      vertex 19 -25.325000000000003 71.05000000000001
    endloop
  endfacet
  facet normal 0 1 0
    outer loop
      vertex 19 -25.325000000000003 71.05000000000001
      vertex 3 -25.325000000000003 74.35000000000001
      vertex 19 -25.325000000000003 74.35000000000001
    endloop
  endfacet
  facet normal -0.7071067811865481 0 -0.707106781186547
    outer loop
      vertex 13.071067811865476 -33.325 66.85000000000001
      vertex 18.071067811865476 -28.325000000000003 61.85
      vertex 18.071067811865476 -33.325 61.85
    endloop
  endfacet
  facet normal 1 0 0
    outer loop
      vertex 19 -33.325 61.85
      vertex 19 -25.325000000000003 61.85
      vertex 19 -33.325 66.85000000000001
    endloop
  endfacet
  facet normal 1 0 0
    outer loop
      vertex 19 -33.325 66.85000000000001
      vertex 19 -25.325000000000003 61.85
      vertex 19 -33.06944369716801 68.79114283826891
    endloop
  endfacet
  facet normal 1 0 0
    outer loop
      vertex 19 -33.06944369716801 68.79114283826891
      vertex 19 -25.325000000000003 61.85
      vertex 19 -25.325000000000003 69.85000000000001
    endloop
  endfacet
  facet normal 1 0 0
    outer loop
      vertex 19 -33.06944369716801 68.79114283826891
      vertex 19 -25.325000000000003 69.85000000000001
      vertex 19 -32.630850700163116 69.85000000000001
    endloop
  endfacet
  facet normal 1 0 0
    outer loop
      vertex 19 -31.974893383792757 71.05000000000001
      vertex 19 -25.325000000000003 71.05000000000001
      vertex 19 -31.12830085889911 72.15330085889912
    endloop
  endfacet
  facet normal 1 0 0
    outer loop
      vertex 19 -25.325000000000003 71.05000000000001
      vertex 19 -29.575000000000003 73.3451905283833
      vertex 19 -31.12830085889911 72.15330085889912
    endloop
  endfacet
  facet normal 1 0 0
    outer loop
      vertex 19 -25.325000000000003 71.05000000000001
      vertex 19 -27.76614283826891 74.09444369716802
      vertex 19 -29.575000000000003 73.3451905283833
    endloop
  endfacet
  facet normal 1.1413705311144083e-19 -0.13052619222005313 0.9914448613738103
    outer loop
      vertex 0 -30.76614283826891 77.09444369716802
      vertex 69.75 -28.825000000000003 77.35000000000001
      vertex 0 -28.825000000000003 77.35000000000001
    endloop
  endfacet
  facet normal 1 0 0
    outer loop
      vertex 19 -25.325000000000003 71.05000000000001
      vertex 19 -25.825000000000003 74.35000000000001
      vertex 19 -27.76614283826891 74.09444369716802
    endloop
  endfacet
  facet normal 1 0 0
    outer loop
      vertex 19 -25.325000000000003 71.05000000000001
      vertex 19 -25.325000000000003 74.35000000000001
      vertex 19 -25.825000000000003 74.35000000000001
    endloop
  endfacet
  facet normal 0 0 -1
    outer loop
      vertex 3 -25.325000000000003 74.35000000000001
      vertex 62.16584529283875 -23.765555394145586 74.35000000000001
      vertex 19 -25.325000000000003 74.35000000000001
    endloop
  endfacet
  facet normal 0 0 1
    outer loop
      vertex 3 -25.5 56.35
      vertex 3 -10.5 56.35
      vertex 0 -10.5 56.35
    endloop
  endfacet
  facet normal 0 -1 0
    outer loop
      vertex 0 -10.5 56.35
      vertex 3 -10.5 56.35
      vertex 0 -10.5 69.85000000000001
    endloop
  endfacet
  facet normal 0 -1 0
    outer loop
      vertex 3 -10.5 56.35
      vertex 3 -10.5 69.85000000000001
      vertex 0 -10.5 69.85000000000001
    endloop
  endfacet
  facet normal 0 0 -1
    outer loop
      vertex 0 -10.5 69.85000000000001
      vertex 3 -10.5 69.85000000000001
      vertex 3 -25.325000000000003 69.85000000000001
    endloop
  endfacet
  facet normal 1 0 0
    outer loop
      vertex 3 -32.32019052838329 70.60000000000001
      vertex 3 -10.5 69.85000000000001
      vertex 3 10.5 69.85000000000001
    endloop
  endfacet
  facet normal 1 0 0
    outer loop
      vertex 3 -32.32019052838329 70.60000000000001
      vertex 3 32.630850700163116 69.85000000000001
      vertex 3 -31.974893383792757 71.05000000000001
    endloop
  endfacet
  facet normal -1 0 0
    outer loop
      vertex 0 -28.825000000000003 77.35000000000001
      vertex 0 28.825000000000003 77.35000000000001
      vertex 0 -36.325 69.85000000000001
    endloop
  endfacet
  facet normal 1 0 0
    outer loop
      vertex 3 -10.5 56.35
      vertex 3 10.5 56.35
      vertex 3 -10.5 69.85000000000001
    endloop
  endfacet
  facet normal -1 0 0
    outer loop
      vertex 0 -10.5 56.35
      vertex 0 -10.5 69.85000000000001
      vertex 0 10.5 69.85000000000001
    endloop
  endfacet
  facet normal -1 0 0
    outer loop
      vertex 0 35.32019052838329 73.60000000000001
      vertex 0 -25.5 69.85000000000001
      vertex 0 -36.325 69.85000000000001
    endloop
  endfacet
  facet normal 1 0 0
    outer loop
      vertex 3 -31.974893383792757 71.05000000000001
      vertex 3 32.630850700163116 69.85000000000001
      vertex 3 -25.325000000000003 71.05000000000001
    endloop
  endfacet
  facet normal -1 0 0
    outer loop
      vertex 0 35.32019052838329 73.60000000000001
      vertex 0 -25.325000000000003 69.85000000000001
      vertex 0 -25.5 69.85000000000001
    endloop
  endfacet
  facet normal 1 0 0
    outer loop
      vertex 3 -25.325000000000003 71.05000000000001
      vertex 3 25.325000000000003 74.35000000000001
      vertex 3 -25.325000000000003 74.35000000000001
    endloop
  endfacet
  facet normal -1 0 0
    outer loop
      vertex 0 35.32019052838329 73.60000000000001
      vertex 0 -10.5 69.85000000000001
      vertex 0 -25.325000000000003 69.85000000000001
    endloop
  endfacet
  facet normal 0 0 1
    outer loop
      vertex 0 -28.825000000000003 77.35000000000001
      vertex 62.16584529283875 -23.765555394145586 77.35000000000001
      vertex 0 28.825000000000003 77.35000000000001
    endloop
  endfacet
  facet normal 0 1 0
    outer loop
      vertex 19 -33.325 57.486363636363635
      vertex 19 -33.325 61.85
      vertex 110 -33.325 57.486363636363635
    endloop
  endfacet
  facet normal -7.899009115755143e-17 0.38268343236508834 -0.9238795325112873
    outer loop
      vertex 19 -29.575000000000003 73.3451905283833
      vertex 19 -27.76614283826891 74.09444369716802
      vertex 69.75 -28.825000000000003 73.65585070016311
    endloop
  endfacet
  facet normal 0 -0.99144486137381 0.13052619222005335
    outer loop
      vertex 0 -36.06944369716801 71.79114283826891
      vertex 0 -36.325 69.85000000000001
      vertex 129.0000001 -36.06944369716801 71.79114283826891
    endloop
  endfacet
  facet normal 0 -0.9238795325112876 0.3826834323650878
    outer loop
      vertex 0 -36.06944369716801 71.79114283826891
      vertex 129.0000001 -36.06944369716801 71.79114283826891
      vertex 0 -35.32019052838329 73.60000000000001
    endloop
  endfacet
  facet normal 0 0.9238795325112893 -0.38268343236508384
    outer loop
      vertex 3 -32.32019052838329 70.60000000000001
      vertex 126.0000001 -32.32019052838329 70.60000000000001
      vertex 3 -32.63085070016311 69.85000000000001
    endloop
  endfacet
  facet normal 0 0.9238795325112894 -0.3826834323650834
    outer loop
      vertex 126.0000001 -32.32019052838329 70.60000000000001
      vertex 10.071067811865476 -32.63085070016311 69.85000000000001
      vertex 3 -32.63085070016311 69.85000000000001
    endloop
  endfacet
  facet normal 0 -0.7933533402912353 0.6087614290087205
    outer loop
      vertex 0 -35.32019052838329 73.60000000000001
      vertex 129.0000001 -35.32019052838329 73.60000000000001
      vertex 0 -34.12830085889911 75.15330085889912
    endloop
  endfacet
  facet normal 1.104410614613159e-19 -0.6087614290087205 0.7933533402912353
    outer loop
      vertex 0 -34.12830085889911 75.15330085889912
      vertex 129.0000001 -32.575 76.3451905283833
      vertex 0 -32.575 76.3451905283833
    endloop
  endfacet
  facet normal 0 -0.38268343236508845 0.9238795325112874
    outer loop
      vertex 0 -32.575 76.3451905283833
      vertex 129.0000001 -32.575 76.3451905283833
      vertex 0 -30.76614283826891 77.09444369716802
    endloop
  endfacet
  facet normal 0 0 1
    outer loop
      vertex 0 -28.825000000000003 77.35000000000001
      vertex 69.75 -28.425000000000004 77.35000000000001
      vertex 65.22753248858406 -25.53322132078357 77.35000000000001
    endloop
  endfacet
  facet normal 0 0 1
    outer loop
      vertex 0 -28.825000000000003 77.35000000000001
      vertex 69.75 -28.825000000000003 77.35000000000001
      vertex 69.75 -28.425000000000004 77.35000000000001
    endloop
  endfacet
  facet normal 0 0 -1
    outer loop
      vertex 19 -25.825000000000003 74.35000000000001
      vertex 19 -25.325000000000003 74.35000000000001
      vertex 65.22753248858406 -25.53322132078357 74.35000000000001
    endloop
  endfacet
  facet normal 0 0.13052619222005313 -0.9914448613738103
    outer loop
      vertex 19 -27.76614283826891 74.09444369716802
      vertex 19 -25.825000000000003 74.35000000000001
      vertex 82.15 -27.76614283826891 74.09444369716802
    endloop
  endfacet
  facet normal 0 0 1
    outer loop
      vertex 0 -28.825000000000003 77.35000000000001
      vertex 63.375 -25.206569860407207 77.35000000000001
      vertex 62.16584529283875 -23.765555394145586 77.35000000000001
    endloop
  endfacet
  facet normal 0 0 1
    outer loop
      vertex 0 -28.825000000000003 77.35000000000001
      vertex 65.22753248858406 -25.53322132078357 77.35000000000001
      vertex 63.375 -25.206569860407207 77.35000000000001
    endloop
  endfacet
  facet normal 0 0 -1
    outer loop
      vertex 3 -25.325000000000003 74.35000000000001
      vertex 62.16584529283875 -21.884444605854412 74.35000000000001
      vertex 62.16584529283875 -23.765555394145586 74.35000000000001
    endloop
  endfacet
  facet normal 0 0 -1
    outer loop
      vertex 19 -25.325000000000003 74.35000000000001
      vertex 62.16584529283875 -23.765555394145586 74.35000000000001
      vertex 63.375 -25.206569860407207 74.35000000000001
    endloop
  endfacet
  facet normal 0 0 -1
    outer loop
      vertex 3 -25.325000000000003 74.35000000000001
      vertex 63.375 -20.44343013959279 74.35000000000001
      vertex 62.16584529283875 -21.884444605854412 74.35000000000001
    endloop
  endfacet
  facet normal 0 0 -1
    outer loop
      vertex 3 -25.325000000000003 74.35000000000001
      vertex 65.22753248858406 -20.116778679216427 74.35000000000001
      vertex 63.375 -20.44343013959279 74.35000000000001
    endloop
  endfacet
  facet normal 0 0 -1
    outer loop
      vertex 3 -25.325000000000003 74.35000000000001
      vertex 69.75 -16.825000000000003 74.35000000000001
      vertex 65.22753248858406 -20.116778679216427 74.35000000000001
    endloop
  endfacet
  facet normal 0 1 0
    outer loop
      vertex 19 -33.325 61.85
      vertex 19 -33.325 66.85000000000001
      vertex 110 -33.325 61.85
    endloop
  endfacet
  facet normal 0 0.9914448613738102 -0.13052619222005335
    outer loop
      vertex 19 -33.325 66.85000000000001
      vertex 19 -33.06944369716801 68.79114283826891
      vertex 110 -33.325 66.85000000000001
    endloop
  endfacet
  facet normal 0 -1 0
    outer loop
      vertex 19 -36.325 61.85
      vertex 129.0000001 -36.325 69.85000000000001
      vertex 19 -36.325 69.85000000000001
    endloop
  endfacet
  facet normal 0 -0.9914448613738102 0.13052619222005335
    outer loop
      vertex 19 -36.325 69.85000000000001
      vertex 129.0000001 -36.06944369716801 71.79114283826891
      vertex 0 -36.325 69.85000000000001
    endloop
  endfacet
  facet normal 0 0.9238795325112887 -0.3826834323650853
    outer loop
      vertex 19 -33.06944369716801 68.79114283826891
      vertex 19 -32.630850700163116 69.85000000000001
      vertex 110 -33.06944369716801 68.79114283826891
    endloop
  endfacet
  facet normal 0 0.7933533402912343 -0.6087614290087219
    outer loop
      vertex 3 -32.32019052838329 70.60000000000001
      vertex 19 -31.974893383792757 71.05000000000001
      vertex 126.0000001 -32.32019052838329 70.60000000000001
    endloop
  endfacet
  facet normal 7.352008915642307e-16 0.923879532511249 -0.38268343236518076
    outer loop
      vertex 126.0000001 -32.32019052838329 70.60000000000001
      vertex 19 -32.630850700163116 69.85000000000001
      vertex 10.071067811865476 -32.63085070016311 69.85000000000001
    endloop
  endfacet
  facet normal 1.2927910131247479e-17 0.7933533402912356 -0.60876142900872
    outer loop
      vertex 19 -31.974893383792757 71.05000000000001
      vertex 19 -31.12830085889911 72.15330085889912
      vertex 126.0000001 -32.32019052838329 70.60000000000001
    endloop
  endfacet
  facet normal 0 0.6087614290087205 -0.7933533402912353
    outer loop
      vertex 19 -31.12830085889911 72.15330085889912
      vertex 19 -29.575000000000003 73.3451905283833
      vertex 110 -31.12830085889911 72.15330085889912
    endloop
  endfacet
  facet normal -3.4355829231460163e-16 0.3826834323650775 -0.9238795325112917
    outer loop
      vertex 19 -27.76614283826891 74.09444369716802
      vertex 69.75 -28.425000000000004 73.82153612511235
      vertex 69.75 -28.825000000000003 73.65585070016311
    endloop
  endfacet
  facet normal 3.3171081060512496e-19 -0.13052619222005316 0.9914448613738102
    outer loop
      vertex 0 -30.76614283826891 77.09444369716802
      vertex 93.75 -28.825000000000003 77.35000000000001
      vertex 69.75 -28.825000000000003 77.35000000000001
    endloop
  endfacet
  facet normal 0 0.3826834323651002 -0.9238795325112825
    outer loop
      vertex 19 -27.76614283826891 74.09444369716802
      vertex 82.15 -27.76614283826891 74.09444369716802
      vertex 69.75 -28.425000000000004 73.82153612511235
    endloop
  endfacet
  facet normal 0 0.38268343236508384 -0.9238795325112892
    outer loop
      vertex 19 -29.575000000000003 73.3451905283833
      vertex 69.75 -28.825000000000003 73.65585070016311
      vertex 93.75 -28.825000000000003 73.65585070016311
    endloop
  endfacet
  facet normal 0 0 -1
    outer loop
      vertex 19 -25.325000000000003 74.35000000000001
      vertex 63.375 -25.206569860407207 74.35000000000001
      vertex 65.22753248858406 -25.53322132078357 74.35000000000001
    endloop
  endfacet
  facet normal 0 0 -1
    outer loop
      vertex 19 -25.825000000000003 74.35000000000001
      vertex 65.22753248858406 -25.53322132078357 74.35000000000001
      vertex 69.75 -25.825000000000003 74.35000000000001
    endloop
  endfacet
  facet normal 0 0.13052619222005313 -0.9914448613738102
    outer loop
      vertex 19 -25.825000000000003 74.35000000000001
      vertex 69.75 -25.825000000000003 74.35000000000001
      vertex 82.15 -27.76614283826891 74.09444369716802
    endloop
  endfacet
  facet normal 0.1736481776669295 0.9848077530122081 0
    outer loop
      vertex 63.375 -25.206569860407207 74.35000000000001
      vertex 63.375 -25.206569860407207 77.35000000000001
      vertex 65.22753248858406 -25.53322132078357 74.35000000000001
    endloop
  endfacet
  facet normal 1 0 0
    outer loop
      vertex 62.16584529283875 -23.765555394145586 74.35000000000001
      vertex 62.16584529283875 -21.884444605854412 77.35000000000001
      vertex 62.16584529283875 -23.765555394145586 77.35000000000001
    endloop
  endfacet
  facet normal 0.7660444431189791 0.6427876096865381 1.7360909509213728e-17
    outer loop
      vertex 63.375 -25.206569860407207 74.35000000000001
      vertex 62.16584529283875 -23.765555394145586 74.35000000000001
      vertex 62.16584529283875 -23.765555394145586 77.35000000000001
    endloop
  endfacet
  facet normal 0.7660444431189791 0.6427876096865381 0
    outer loop
      vertex 63.375 -25.206569860407207 74.35000000000001
      vertex 62.16584529283875 -23.765555394145586 77.35000000000001
      vertex 63.375 -25.206569860407207 77.35000000000001
    endloop
  endfacet
  facet normal 1 0 0
    outer loop
      vertex 62.16584529283875 -23.765555394145586 74.35000000000001
      vertex 62.16584529283875 -21.884444605854412 74.35000000000001
      vertex 62.16584529283875 -21.884444605854412 77.35000000000001
    endloop
  endfacet
  facet normal 0.7660444431189791 -0.6427876096865381 -1.7360909509213728e-17
    outer loop
      vertex 62.16584529283875 -21.884444605854412 74.35000000000001
      vertex 63.375 -20.44343013959279 74.35000000000001
      vertex 63.375 -20.44343013959279 77.35000000000001
    endloop
  endfacet
  facet normal 0.7660444431189791 -0.6427876096865381 0
    outer loop
      vertex 62.16584529283875 -21.884444605854412 74.35000000000001
      vertex 63.375 -20.44343013959279 77.35000000000001
      vertex 62.16584529283875 -21.884444605854412 77.35000000000001
    endloop
  endfacet
  facet normal 0.1736481776669295 -0.9848077530122081 0
    outer loop
      vertex 63.375 -20.44343013959279 74.35000000000001
      vertex 65.22753248858406 -20.116778679216427 77.35000000000001
      vertex 63.375 -20.44343013959279 77.35000000000001
    endloop
  endfacet
  facet normal 0 0 1
    outer loop
      vertex 62.16584529283875 -23.765555394145586 77.35000000000001
      vertex 62.16584529283875 -21.884444605854412 77.35000000000001
      vertex 0 28.825000000000003 77.35000000000001
    endloop
  endfacet
  facet normal 0 0 1
    outer loop
      vertex 62.16584529283875 -21.884444605854412 77.35000000000001
      vertex 63.375 -20.44343013959279 77.35000000000001
      vertex 0 28.825000000000003 77.35000000000001
    endloop
  endfacet
  facet normal 0 0 1
    outer loop
      vertex 63.375 -20.44343013959279 77.35000000000001
      vertex 65.22753248858406 -20.116778679216427 77.35000000000001
      vertex 0 28.825000000000003 77.35000000000001
    endloop
  endfacet
  facet normal 0 0 1
    outer loop
      vertex 0 28.825000000000003 77.35000000000001
      vertex 65.22753248858406 -20.116778679216427 77.35000000000001
      vertex 69.75 -16.825000000000003 77.35000000000001
    endloop
  endfacet
  facet normal 0 0 1
    outer loop
      vertex 0 28.825000000000003 77.35000000000001
      vertex 69.75 -16.825000000000003 77.35000000000001
      vertex 93.75 -16.825000000000003 77.35000000000001
    endloop
  endfacet
  facet normal -1 0 0
    outer loop
      vertex 0 -36.325 11.35
      vertex 0 25.5 56.35
      vertex 0 36.325 11.35
    endloop
  endfacet
  facet normal 0 0 -1
    outer loop
      vertex 0 -36.325 11.35
      vertex 0 36.325 11.35
      vertex 3 33.325 11.35
    endloop
  endfacet
  facet normal 1 0 0
    outer loop
      vertex 3 -10.5 56.35
      vertex 3 33.325 11.35
      vertex 3 10.5 56.35
    endloop
  endfacet
  facet normal 1 0 0
    outer loop
      vertex 3 33.325 11.35
      vertex 3 25.5 56.35
      vertex 3 10.5 56.35
    endloop
  endfacet
  facet normal -1 0 0
    outer loop
      vertex 0 36.325 11.35
      vertex 0 25.5 56.35
      vertex 0 25.5 61.75454545454546
    endloop
  endfacet
  facet normal 1 0 0
    outer loop
      vertex 3 33.325 11.35
      vertex 3 25.5 61.75454545454546
      vertex 3 25.5 56.35
    endloop
  endfacet
  facet normal 1 0 0
    outer loop
      vertex 3 33.325 11.35
      vertex 3 33.325 57.486363636363635
      vertex 3 25.5 61.75454545454546
    endloop
  endfacet
  facet normal -1 0 0
    outer loop
      vertex 0 36.325 11.35
      vertex 0 31.635408360222655 61.85
      vertex 0 36.325 55.85
    endloop
  endfacet
  facet normal 0 1 0
    outer loop
      vertex 0 36.325 11.35
      vertex 0 36.325 55.85
      vertex 19 36.325 55.85
    endloop
  endfacet
  facet normal 0 -1 0
    outer loop
      vertex 3 33.325 11.35
      vertex 19 33.325 57.486363636363635
      vertex 3 33.325 57.486363636363635
    endloop
  endfacet
  facet normal 0 0 -1
    outer loop
      vertex 3 33.325 11.35
      vertex 0 36.325 11.35
      vertex 126.0000001 33.325 11.35
    endloop
  endfacet
  facet normal 0 -1 0
    outer loop
      vertex 3 33.325 11.35
      vertex 126.0000001 33.325 11.35
      vertex 19 33.325 57.486363636363635
    endloop
  endfacet
  facet normal 0 1 0
    outer loop
      vertex 0 36.325 11.35
      vertex 19 36.325 55.85
      vertex 129.0000001 36.325 11.35
    endloop
  endfacet
  facet normal 0 1 0
    outer loop
      vertex 19 36.325 55.85
      vertex 19 36.325 61.85
      vertex 129.0000001 36.325 11.35
    endloop
  endfacet
  facet normal 0 0 1
    outer loop
      vertex 0 10.5 56.35
      vertex 3 10.5 56.35
      vertex 0 25.5 56.35
    endloop
  endfacet
  facet normal -1 0 0
    outer loop
      vertex 0 -10.5 56.35
      vertex 0 10.5 69.85000000000001
      vertex 0 10.5 56.35
    endloop
  endfacet
  facet normal 1 0 0
    outer loop
      vertex 3 -10.5 69.85000000000001
      vertex 3 10.5 56.35
      vertex 3 10.5 69.85000000000001
    endloop
  endfacet
  facet normal 1 0 0
    outer loop
      vertex 3 -32.32019052838329 70.60000000000001
      vertex 3 10.5 69.85000000000001
      vertex 3 25.325000000000003 69.85000000000001
    endloop
  endfacet
  facet normal 1 0 0
    outer loop
      vertex 3 -32.32019052838329 70.60000000000001
      vertex 3 25.325000000000003 69.85000000000001
      vertex 3 28.325000000000003 69.85000000000001
    endloop
  endfacet
  facet normal 1 0 0
    outer loop
      vertex 3 -25.325000000000003 71.05000000000001
      vertex 3 25.325000000000003 71.05000000000001
      vertex 3 25.325000000000003 74.35000000000001
    endloop
  endfacet
  facet normal -1 0 0
    outer loop
      vertex 0 28.825000000000003 77.35000000000001
      vertex 0 30.766142838268905 77.09444369716802
      vertex 0 -36.325 69.85000000000001
    endloop
  endfacet
  facet normal -1 0 0
    outer loop
      vertex 0 32.575 76.3451905283833
      vertex 0 -36.325 69.85000000000001
      vertex 0 30.766142838268905 77.09444369716802
    endloop
  endfacet
  facet normal 0 0 -1
    outer loop
      vertex 3 -25.325000000000003 74.35000000000001
      vertex 3 25.325000000000003 74.35000000000001
      vertex 19 25.325000000000003 74.35000000000001
    endloop
  endfacet
  facet normal 0 1 0
    outer loop
      vertex 0 10.5 56.35
      vertex 3 10.5 69.85000000000001
      vertex 3 10.5 56.35
    endloop
  endfacet
  facet normal 0 1 0
    outer loop
      vertex 0 10.5 56.35
      vertex 0 10.5 69.85000000000001
      vertex 3 10.5 69.85000000000001
    endloop
  endfacet
  facet normal 1 0 0
    outer loop
      vertex 3 -32.32019052838329 70.60000000000001
      vertex 3 28.325000000000003 69.85000000000001
      vertex 3 32.630850700163116 69.85000000000001
    endloop
  endfacet
  facet normal 1 0 0
    outer loop
      vertex 3 -25.325000000000003 71.05000000000001
      vertex 3 32.630850700163116 69.85000000000001
      vertex 3 25.325000000000003 71.05000000000001
    endloop
  endfacet
  facet normal -1 0 0
    outer loop
      vertex 0 35.32019052838329 73.60000000000001
      vertex 0 -36.325 69.85000000000001
      vertex 0 34.12830085889911 75.15330085889912
    endloop
  endfacet
  facet normal -1 0 0
    outer loop
      vertex 0 35.32019052838329 73.60000000000001
      vertex 0 10.5 69.85000000000001
      vertex 0 -10.5 69.85000000000001
    endloop
  endfacet
  facet normal -1 0 0
    outer loop
      vertex 0 34.12830085889911 75.15330085889912
      vertex 0 -36.325 69.85000000000001
      vertex 0 32.575 76.3451905283833
    endloop
  endfacet
  facet normal 0 0 -1
    outer loop
      vertex 3 10.5 69.85000000000001
      vertex 0 10.5 69.85000000000001
      vertex 0 25.325000000000003 69.85000000000001
    endloop
  endfacet
  facet normal 0 0 1
    outer loop
      vertex 3 10.5 56.35
      vertex 3 25.5 56.35
      vertex 0 25.5 56.35
    endloop
  endfacet
  facet normal 0 -1 0
    outer loop
      vertex 0 25.5 56.35
      vertex 3 25.5 56.35
      vertex 0 25.5 61.75454545454546
    endloop
  endfacet
  facet normal 0 -1 0
    outer loop
      vertex 3 25.5 56.35
      vertex 3 25.5 61.75454545454546
      vertex 0 25.5 61.75454545454546
    endloop
  endfacet
  facet normal -1 0 0
    outer loop
      vertex 0 36.325 11.35
      vertex 0 25.5 61.75454545454546
      vertex 0 25.5 61.85
    endloop
  endfacet
  facet normal -1 0 0
    outer loop
      vertex 0 36.325 11.35
      vertex 0 25.5 61.85
      vertex 0 25.5 69.85000000000001
    endloop
  endfacet
  facet normal -1 0 0
    outer loop
      vertex 0 36.325 11.35
      vertex 0 25.5 69.85000000000001
      vertex 0 31.635408360222655 61.85
    endloop
  endfacet
  facet normal -1 0 0
    outer loop
      vertex 0 31.635408360222655 61.85
      vertex 0 36.325 61.85
      vertex 0 36.325 55.85
    endloop
  endfacet
  facet normal 0 1 0
    outer loop
      vertex 0 36.325 55.85
      vertex 0 36.325 61.85
      vertex 19 36.325 55.85
    endloop
  endfacet
  facet normal -3.858441516342219e-18 -0.4788521306805736 -0.8778955729143842
    outer loop
      vertex 3 25.5 61.75454545454546
      vertex 3 33.325 57.486363636363635
      vertex 19 25.325000000000003 61.85
    endloop
  endfacet
  facet normal 0 -0.47885213068057353 -0.8778955729143841
    outer loop
      vertex 3 33.325 57.486363636363635
      vertex 19 33.325 57.486363636363635
      vertex 19 25.325000000000003 61.85
    endloop
  endfacet
  facet normal 0 1 0
    outer loop
      vertex 0 36.325 61.85
      vertex 19 36.325 61.85
      vertex 19 36.325 55.85
    endloop
  endfacet
  facet normal 1 0 0
    outer loop
      vertex 19 25.325000000000003 61.85
      vertex 19 33.325 57.486363636363635
      vertex 19 33.325 61.85
    endloop
  endfacet
  facet normal -1 0 0
    outer loop
      vertex 0 25.325000000000003 61.85
      vertex 0 25.5 61.85
      vertex 0 25.5 61.75454545454546
    endloop
  endfacet
  facet normal -1 0 0
    outer loop
      vertex 0 25.325000000000003 61.85
      vertex 0 25.5 69.85000000000001
      vertex 0 25.5 61.85
    endloop
  endfacet
  facet normal 0 -0.4788521306805733 -0.8778955729143844
    outer loop
      vertex 0 25.325000000000003 61.85
      vertex 0 25.5 61.75454545454546
      vertex 19 25.325000000000003 61.85
    endloop
  endfacet
  facet normal 0 -0.4788521306805733 -0.8778955729143844
    outer loop
      vertex 0 25.5 61.75454545454546
      vertex 3 25.5 61.75454545454546
      vertex 19 25.325000000000003 61.85
    endloop
  endfacet
  facet normal -1 0 0
    outer loop
      vertex 0 25.325000000000003 61.85
      vertex 0 25.325000000000003 69.85000000000001
      vertex 0 25.5 69.85000000000001
    endloop
  endfacet
  facet normal 0 -1 0
    outer loop
      vertex 0 25.325000000000003 61.85
      vertex 3 25.325000000000003 69.85000000000001
      vertex 0 25.325000000000003 69.85000000000001
    endloop
  endfacet
  facet normal 0 -1 0
    outer loop
      vertex 0 25.325000000000003 61.85
      vertex 19 25.325000000000003 69.85000000000001
      vertex 3 25.325000000000003 69.85000000000001
    endloop
  endfacet
  facet normal 0 -1 0
    outer loop
      vertex 0 25.325000000000003 61.85
      vertex 19 25.325000000000003 61.85
      vertex 19 25.325000000000003 69.85000000000001
    endloop
  endfacet
  facet normal 0 0 -1
    outer loop
      vertex 3 10.5 69.85000000000001
      vertex 0 25.325000000000003 69.85000000000001
      vertex 3 25.325000000000003 69.85000000000001
    endloop
  endfacet
  facet normal -1 0 0
    outer loop
      vertex 0 35.32019052838329 73.60000000000001
      vertex 0 25.325000000000003 69.85000000000001
      vertex 0 10.5 69.85000000000001
    endloop
  endfacet
  facet normal 0 0 1
    outer loop
      vertex 10.071067811865476 28.325000000000003 69.85000000000001
      vertex 3 25.325000000000003 69.85000000000001
      vertex 19 25.325000000000003 69.85000000000001
    endloop
  endfacet
  facet normal 0 -1 0
    outer loop
      vertex 3 25.325000000000003 71.05000000000001
      vertex 19 25.325000000000003 71.05000000000001
      vertex 19 25.325000000000003 74.35000000000001
    endloop
  endfacet
  facet normal 0 -1 0
    outer loop
      vertex 3 25.325000000000003 71.05000000000001
      vertex 19 25.325000000000003 74.35000000000001
      vertex 3 25.325000000000003 74.35000000000001
    endloop
  endfacet
  facet normal -1 0 0
    outer loop
      vertex 0 25.5 69.85000000000001
      vertex 0 36.325 69.85000000000001
      vertex 0 31.635408360222655 61.85
    endloop
  endfacet
  facet normal 0.7071067811865478 0 0.7071067811865471
    outer loop
      vertex 11 28.325000000000003 61.85
      vertex 4.058857161731097 33.06944369716801 68.79114283826891
      vertex 3 32.630850700163116 69.85000000000001
    endloop
  endfacet
  facet normal 0.7071067811865475 -1.1738576864929224e-15 0.7071067811865477
    outer loop
      vertex 11 28.325000000000003 61.85
      vertex 6 33.325 66.85000000000001
      vertex 4.058857161731097 33.06944369716801 68.79114283826891
    endloop
  endfacet
  facet normal 0.7071067811865479 0 0.7071067811865472
    outer loop
      vertex 11 28.325000000000003 61.85
      vertex 3 32.630850700163116 69.85000000000001
      vertex 3 28.325000000000003 69.85000000000001
    endloop
  endfacet
  facet normal -1 0 0
    outer loop
      vertex 0 31.635408360222655 61.85
      vertex 0 36.325 62.812406015037595
      vertex 0 36.325 61.85
    endloop
  endfacet
  facet normal -1 0 0
    outer loop
      vertex 0 31.635408360222655 61.85
      vertex 0 36.325 69.85000000000001
      vertex 0 36.325 62.812406015037595
    endloop
  endfacet
  facet normal 0 1 0
    outer loop
      vertex 0 36.325 61.85
      vertex 0 36.325 62.812406015037595
      vertex 19 36.325 61.85
    endloop
  endfacet
  facet normal 0 1 0
    outer loop
      vertex 0 36.325 62.812406015037595
      vertex 0 36.325 69.85000000000001
      vertex 19 36.325 61.85
    endloop
  endfacet
  facet normal 2.9998074465072775e-19 -0.99144486137381 -0.13052619222005335
    outer loop
      vertex 6 33.325 66.85000000000001
      vertex 11.129924973596573 33.06944369716801 68.79114283826891
      vertex 4.058857161731097 33.06944369716801 68.79114283826891
    endloop
  endfacet
  facet normal 0 1 0
    outer loop
      vertex 11 28.325000000000003 61.85
      vertex 3 28.325000000000003 69.85000000000001
      vertex 18.071067811865476 28.325000000000003 61.85
    endloop
  endfacet
  facet normal 0.7071067811865481 0 0.707106781186547
    outer loop
      vertex 11 28.325000000000003 61.85
      vertex 11 33.325 61.85
      vertex 6 33.325 66.85000000000001
    endloop
  endfacet
  facet normal 0 0 1
    outer loop
      vertex 11 28.325000000000003 61.85
      vertex 18.071067811865476 28.325000000000003 61.85
      vertex 11 33.325 61.85
    endloop
  endfacet
  facet normal 0 0 1
    outer loop
      vertex 11 33.325 61.85
      vertex 18.071067811865476 28.325000000000003 61.85
      vertex 18.071067811865476 33.325 61.85
    endloop
  endfacet
  facet normal -0.7071067811865479 0 -0.7071067811865472
    outer loop
      vertex 10.071067811865476 28.325000000000003 69.85000000000001
      vertex 18.071067811865476 33.325 61.85
      vertex 18.071067811865476 28.325000000000003 61.85
    endloop
  endfacet
  facet normal 0 1 0
    outer loop
      vertex 10.071067811865476 28.325000000000003 69.85000000000001
      vertex 18.071067811865476 28.325000000000003 61.85
      vertex 3 28.325000000000003 69.85000000000001
    endloop
  endfacet
  facet normal -0.7071067811865479 1.5383041830134956e-16 -0.7071067811865471
    outer loop
      vertex 10.071067811865476 28.325000000000003 69.85000000000001
      vertex 11.129924973596573 33.06944369716801 68.79114283826891
      vertex 18.071067811865476 33.325 61.85
    endloop
  endfacet
  facet normal 0 -1 0
    outer loop
      vertex 11 33.325 61.85
      vertex 18.071067811865476 33.325 61.85
      vertex 13.071067811865476 33.325 66.85000000000001
    endloop
  endfacet
  facet normal 0 -1 0
    outer loop
      vertex 11 33.325 61.85
      vertex 10.419417382415922 33.325 66.85000000000001
      vertex 6 33.325 66.85000000000001
    endloop
  endfacet
  facet normal 0 -1 0
    outer loop
      vertex 11 33.325 61.85
      vertex 13.071067811865476 33.325 66.85000000000001
      vertex 10.419417382415922 33.325 66.85000000000001
    endloop
  endfacet
  facet normal 0 -0.9914448613738102 -0.13052619222005335
    outer loop
      vertex 6 33.325 66.85000000000001
      vertex 10.419417382415922 33.325 66.85000000000001
      vertex 11.129924973596573 33.06944369716801 68.79114283826891
    endloop
  endfacet
  facet normal 0 -0.9914448613738102 -0.13052619222005335
    outer loop
      vertex 10.419417382415922 33.325 66.85000000000001
      vertex 13.071067811865476 33.325 66.85000000000001
      vertex 11.129924973596573 33.06944369716801 68.79114283826891
    endloop
  endfacet
  facet normal -0.707106781186548 7.659100072108845e-15 -0.707106781186547
    outer loop
      vertex 11.129924973596573 33.06944369716801 68.79114283826891
      vertex 13.071067811865476 33.325 66.85000000000001
      vertex 18.071067811865476 33.325 61.85
    endloop
  endfacet
  facet normal -1 0 0
    outer loop
      vertex 0 35.32019052838329 73.60000000000001
      vertex 0 25.5 69.85000000000001
      vertex 0 25.325000000000003 69.85000000000001
    endloop
  endfacet
  facet normal 1 0 0
    outer loop
      vertex 3 25.325000000000003 71.05000000000001
      vertex 3 32.32019052838329 70.60000000000001
      vertex 3 31.97489338379276 71.05000000000001
    endloop
  endfacet
  facet normal 1 0 0
    outer loop
      vertex 3 25.325000000000003 71.05000000000001
      vertex 3 32.630850700163116 69.85000000000001
      vertex 3 32.32019052838329 70.60000000000001
    endloop
  endfacet
  facet normal 0 0 1
    outer loop
      vertex 10.071067811865476 28.325000000000003 69.85000000000001
      vertex 3 28.325000000000003 69.85000000000001
      vertex 3 25.325000000000003 69.85000000000001
    endloop
  endfacet
  facet normal -1 0 0
    outer loop
      vertex 0 35.32019052838329 73.60000000000001
      vertex 0 36.325 69.85000000000001
      vertex 0 25.5 69.85000000000001
    endloop
  endfacet
  facet normal -1 0 0
    outer loop
      vertex 0 36.06944369716801 71.79114283826891
      vertex 0 36.325 69.85000000000001
      vertex 0 35.32019052838329 73.60000000000001
    endloop
  endfacet
  facet normal 3.2867837240197978e-18 -0.9238795325112885 -0.38268343236508523
    outer loop
      vertex 4.058857161731097 33.06944369716801 68.79114283826891
      vertex 10.071067811865476 32.630850700163116 69.85000000000001
      vertex 3 32.630850700163116 69.85000000000001
    endloop
  endfacet
  facet normal 0 -0.9238795325112862 -0.38268343236509134
    outer loop
      vertex 3 32.32019052838329 70.60000000000001
      vertex 3 32.630850700163116 69.85000000000001
      vertex 10.071067811865476 32.630850700163116 69.85000000000001
    endloop
  endfacet
  facet normal 0 0 -1
    outer loop
      vertex 3 25.325000000000003 71.05000000000001
      vertex 3 31.97489338379276 71.05000000000001
      vertex 19 25.325000000000003 71.05000000000001
    endloop
  endfacet
  facet normal -0.7071067811865476 0 -0.7071067811865476
    outer loop
      vertex 10.071067811865476 28.325000000000003 69.85000000000001
      vertex 10.071067811865476 32.630850700163116 69.85000000000001
      vertex 11.129924973596573 33.06944369716801 68.79114283826891
    endloop
  endfacet
  facet normal 0 0 1
    outer loop
      vertex 10.071067811865476 28.325000000000003 69.85000000000001
      vertex 19 25.325000000000003 69.85000000000001
      vertex 19 32.630850700163116 69.85000000000001
    endloop
  endfacet
  facet normal 0 0 -1
    outer loop
      vertex 3 31.97489338379276 71.05000000000001
      vertex 19 31.97489338379276 71.05000000000001
      vertex 19 25.325000000000003 71.05000000000001
    endloop
  endfacet
  facet normal 0 0 1
    outer loop
      vertex 10.071067811865476 28.325000000000003 69.85000000000001
      vertex 19 32.630850700163116 69.85000000000001
      vertex 10.071067811865476 32.630850700163116 69.85000000000001
    endloop
  endfacet
  facet normal 0 -0.9238795325112885 -0.38268343236508523
    outer loop
      vertex 4.058857161731097 33.06944369716801 68.79114283826891
      vertex 11.129924973596573 33.06944369716801 68.79114283826891
      vertex 10.071067811865476 32.630850700163116 69.85000000000001
    endloop
  endfacet
  facet normal 0 -0.9238795325112861 -0.3826834323650913
    outer loop
      vertex 3 32.32019052838329 70.60000000000001
      vertex 10.071067811865476 32.630850700163116 69.85000000000001
      vertex 19 32.630850700163116 69.85000000000001
    endloop
  endfacet
  facet normal 1 0 0
    outer loop
      vertex 19 25.325000000000003 61.85
      vertex 19 33.325 61.85
      vertex 19 25.325000000000003 69.85000000000001
    endloop
  endfacet
  facet normal 1 0 0
    outer loop
      vertex 19 25.325000000000003 69.85000000000001
      vertex 19 33.325 61.85
      vertex 19 33.325 66.85000000000001
    endloop
  endfacet
  facet normal 1 0 0
    outer loop
      vertex 19 25.325000000000003 69.85000000000001
      vertex 19 33.325 66.85000000000001
      vertex 19 33.06944369716801 68.79114283826891
    endloop
  endfacet
  facet normal 1 0 0
    outer loop
      vertex 19 25.325000000000003 71.05000000000001
      vertex 19 31.97489338379276 71.05000000000001
      vertex 19 25.325000000000003 74.35000000000001
    endloop
  endfacet
  facet normal 1 0 0
    outer loop
      vertex 19 31.97489338379276 71.05000000000001
      vertex 19 31.12830085889911 72.15330085889912
      vertex 19 25.325000000000003 74.35000000000001
    endloop
  endfacet
  facet normal 1 0 0
    outer loop
      vertex 19 31.12830085889911 72.15330085889912
      vertex 19 29.575000000000003 73.3451905283833
      vertex 19 27.766142838268905 74.09444369716802
    endloop
  endfacet
  facet normal 1 0 0
    outer loop
      vertex 19 25.325000000000003 69.85000000000001
      vertex 19 33.06944369716801 68.79114283826891
      vertex 19 32.630850700163116 69.85000000000001
    endloop
  endfacet
  facet normal 1 0 0
    outer loop
      vertex 19 31.12830085889911 72.15330085889912
      vertex 19 25.825000000000003 74.35000000000001
      vertex 19 25.325000000000003 74.35000000000001
    endloop
  endfacet
  facet normal 1 0 0
    outer loop
      vertex 19 31.12830085889911 72.15330085889912
      vertex 19 27.766142838268905 74.09444369716802
      vertex 19 25.825000000000003 74.35000000000001
    endloop
  endfacet
  facet normal 0 0 -1
    outer loop
      vertex 3 -25.325000000000003 74.35000000000001
      vertex 19 25.325000000000003 74.35000000000001
      vertex 110 25.325000000000003 74.35000000000001
    endloop
  endfacet
  facet normal 0 -1 0
    outer loop
      vertex 19 33.325 57.486363636363635
      vertex 110 33.325 61.85
      vertex 19 33.325 61.85
    endloop
  endfacet
  facet normal 1.6443288263836196e-20 0.13052619222005335 0.99144486137381
    outer loop
      vertex 0 28.825000000000003 77.35000000000001
      vertex 129.0000001 30.766142838268905 77.09444369716802
      vertex 0 30.766142838268905 77.09444369716802
    endloop
  endfacet
  facet normal 9.96596701987999e-20 0.3826834323650878 0.9238795325112876
    outer loop
      vertex 0 32.575 76.3451905283833
      vertex 0 30.766142838268905 77.09444369716802
      vertex 129.0000001 30.766142838268905 77.09444369716802
    endloop
  endfacet
  facet normal 0 -0.9238795325112862 -0.3826834323650914
    outer loop
      vertex 3 32.32019052838329 70.60000000000001
      vertex 19 32.630850700163116 69.85000000000001
      vertex 110.00000000000004 32.630850700163116 69.85000000000001
    endloop
  endfacet
  facet normal 0 -0.7933533402912372 -0.6087614290087179
    outer loop
      vertex 3 32.32019052838329 70.60000000000001
      vertex 126.0000001 32.32019052838329 70.60000000000001
      vertex 3 31.97489338379276 71.05000000000001
    endloop
  endfacet
  facet normal 0 0.99144486137381 0.13052619222005335
    outer loop
      vertex 0 36.06944369716801 71.79114283826891
      vertex 129.0000001 36.06944369716801 71.79114283826891
      vertex 0 36.325 69.85000000000001
    endloop
  endfacet
  facet normal 0 0.9238795325112876 0.3826834323650878
    outer loop
      vertex 0 36.06944369716801 71.79114283826891
      vertex 0 35.32019052838329 73.60000000000001
      vertex 129.0000001 36.06944369716801 71.79114283826891
    endloop
  endfacet
  facet normal 0 0.6087614290087205 0.7933533402912353
    outer loop
      vertex 0 34.12830085889911 75.15330085889912
      vertex 0 32.575 76.3451905283833
      vertex 129.0000001 34.12830085889911 75.15330085889912
    endloop
  endfacet
  facet normal 0 0.7933533402912353 0.6087614290087205
    outer loop
      vertex 0 35.32019052838329 73.60000000000001
      vertex 0 34.12830085889911 75.15330085889912
      vertex 129.0000001 35.32019052838329 73.60000000000001
    endloop
  endfacet
  facet normal 0 0 -1
    outer loop
      vertex 19 25.325000000000003 74.35000000000001
      vertex 19 25.825000000000003 74.35000000000001
      vertex 110 25.825000000000003 74.35000000000001
    endloop
  endfacet
  facet normal 0 -0.13052619222005335 -0.9914448613738102
    outer loop
      vertex 19 25.825000000000003 74.35000000000001
      vertex 19 27.766142838268905 74.09444369716802
      vertex 110 25.825000000000003 74.35000000000001
    endloop
  endfacet
  facet normal 0 -1 0
    outer loop
      vertex 19 33.325 61.85
      vertex 110 33.325 66.85000000000001
      vertex 19 33.325 66.85000000000001
    endloop
  endfacet
  facet normal 2.330971634812305e-20 -0.9914448613738102 -0.13052619222005335
    outer loop
      vertex 19 33.325 66.85000000000001
      vertex 110 33.06944369716801 68.79114283826891
      vertex 19 33.06944369716801 68.79114283826891
    endloop
  endfacet
  facet normal 0 1 0
    outer loop
      vertex 19 36.325 61.85
      vertex 0 36.325 69.85000000000001
      vertex 129.0000001 36.325 69.85000000000001
    endloop
  endfacet
  facet normal -1.5655930702806438e-19 -0.6087614290087205 -0.7933533402912353
    outer loop
      vertex 19 31.12830085889911 72.15330085889912
      vertex 110 29.575000000000003 73.3451905283833
      vertex 19 29.575000000000003 73.3451905283833
    endloop
  endfacet
  facet normal -4.038468718810998e-19 -0.7933533402912344 -0.6087614290087217
    outer loop
      vertex 19 31.97489338379276 71.05000000000001
      vertex 110 31.12830085889911 72.15330085889912
      vertex 19 31.12830085889911 72.15330085889912
    endloop
  endfacet
  facet normal 1.412757963253973e-19 -0.3826834323650878 -0.9238795325112875
    outer loop
      vertex 19 29.575000000000003 73.3451905283833
      vertex 110 27.766142838268905 74.09444369716802
      vertex 19 27.766142838268905 74.09444369716802
    endloop
  endfacet
  facet normal 2.553963801701068e-19 -0.9238795325112886 -0.3826834323650853
    outer loop
      vertex 19 33.06944369716801 68.79114283826891
      vertex 110.00000000000004 32.630850700163116 69.85000000000001
      vertex 19 32.630850700163116 69.85000000000001
    endloop
  endfacet
  facet normal 0 -0.7933533402912372 -0.608761429008718
    outer loop
      vertex 3 31.97489338379276 71.05000000000001
      vertex 126.0000001 32.32019052838329 70.60000000000001
      vertex 19 31.97489338379276 71.05000000000001
    endloop
  endfacet
  facet normal 0 1 0
    outer loop
      vertex 3 -33.325 11.35
      vertex 110 -33.325 57.486363636363635
      vertex 126.0000001 -33.325 11.35
    endloop
  endfacet
  facet normal 0 0 -1
    outer loop
      vertex 3 -33.325 11.35
      vertex 126.0000001 -33.325 11.35
      vertex 129.0000001 -36.325 11.35
    endloop
  endfacet
  facet normal 0 1 0
    outer loop
      vertex 126.0000001 -33.325 11.35
      vertex 110 -33.325 57.486363636363635
      vertex 126.0000001 -33.325 57.48636363636364
    endloop
  endfacet
  facet normal -1 0 0
    outer loop
      vertex 126.0000001 -33.325 11.35
      vertex 126.0000001 -33.325 57.48636363636364
      vertex 126.0000001 -25.325000000000003 61.85
    endloop
  endfacet
  facet normal -1 0 0
    outer loop
      vertex 126.0000001 -33.325 11.35
      vertex 126.0000001 -25.325000000000003 61.85
      vertex 126.0000001 -13.575 53.35
    endloop
  endfacet
  facet normal 0 0 -1
    outer loop
      vertex 129.0000001 -36.325 11.35
      vertex 126.0000001 -33.325 11.35
      vertex 129.0000001 36.325 11.35
    endloop
  endfacet
  facet normal -1 0 0
    outer loop
      vertex 126.0000001 -33.325 11.35
      vertex 126.0000001 -13.575 53.35
      vertex 126.0000001 -4.574999999999999 53.35
    endloop
  endfacet
  facet normal 1 0 0
    outer loop
      vertex 129.0000001 -36.325 11.35
      vertex 129.0000001 -4.574999999999999 53.35
      vertex 129.0000001 -13.575 53.35
    endloop
  endfacet
  facet normal -1 0 0
    outer loop
      vertex 126.0000001 -33.325 11.35
      vertex 126.0000001 -4.574999999999999 53.35
      vertex 126.0000001 8.424999999999997 53.35
    endloop
  endfacet
  facet normal 1 0 0
    outer loop
      vertex 129.0000001 -36.325 11.35
      vertex 129.0000001 8.424999999999997 63.35
      vertex 129.0000001 -4.574999999999999 53.35
    endloop
  endfacet
  facet normal 1 0 0
    outer loop
      vertex 129.0000001 -36.325 11.35
      vertex 129.0000001 8.424999999999997 53.35
      vertex 129.0000001 8.424999999999997 63.35
    endloop
  endfacet
  facet normal -1 0 0
    outer loop
      vertex 126.0000001 -33.325 11.35
      vertex 126.0000001 8.424999999999997 53.35
      vertex 126.0000001 18.424999999999997 53.35
    endloop
  endfacet
  facet normal 0 1 0
    outer loop
      vertex 19 -33.325 61.85
      vertex 110 -33.325 61.85
      vertex 110 -33.325 57.486363636363635
    endloop
  endfacet
  facet normal 0 -1 0
    outer loop
      vertex 19 -36.325 61.85
      vertex 129.0000001 -36.325 11.35
      vertex 129.0000001 -36.325 69.85000000000001
    endloop
  endfacet
  facet normal 0 1 0
    outer loop
      vertex 19 -33.325 66.85000000000001
      vertex 110 -33.325 66.85000000000001
      vertex 110 -33.325 61.85
    endloop
  endfacet
  facet normal 0 0.9914448613738102 -0.13052619222005335
    outer loop
      vertex 19 -33.06944369716801 68.79114283826891
      vertex 110 -33.06944369716801 68.79114283826891
      vertex 110 -33.325 66.85000000000001
    endloop
  endfacet
  facet normal 1 0 0
    outer loop
      vertex 69.75 -28.825000000000003 73.65585070016311
      vertex 69.75 -28.425000000000004 73.82153612511235
      vertex 69.75 -28.425000000000004 74.35000000000001
    endloop
  endfacet
  facet normal 1 0 0
    outer loop
      vertex 69.75 -28.825000000000003 73.65585070016311
      vertex 69.75 -28.425000000000004 74.35000000000001
      vertex 69.75 -28.425000000000004 76.35000000000001
    endloop
  endfacet
  facet normal 1 0 0
    outer loop
      vertex 69.75 -28.425000000000004 74.35000000000001
      vertex 69.75 -25.825000000000003 74.35000000000001
      vertex 69.75 -28.425000000000004 76.35000000000001
    endloop
  endfacet
  facet normal 1 0 0
    outer loop
      vertex 69.75 -28.825000000000003 73.65585070016311
      vertex 69.75 -28.425000000000004 76.35000000000001
      vertex 69.75 -28.425000000000004 77.35000000000001
    endloop
  endfacet
  facet normal 1 0 0
    outer loop
      vertex 69.75 -28.825000000000003 73.65585070016311
      vertex 69.75 -28.425000000000004 77.35000000000001
      vertex 69.75 -28.825000000000003 77.35000000000001
    endloop
  endfacet
  facet normal -7.210933487038262e-17 0.9238795325112864 -0.3826834323650905
    outer loop
      vertex 110 -33.06944369716801 68.79114283826891
      vertex 19 -32.630850700163116 69.85000000000001
      vertex 110 -32.63085070016311 69.85000000000001
    endloop
  endfacet
  facet normal 0 0.7933533402912356 -0.60876142900872
    outer loop
      vertex 19 -31.12830085889911 72.15330085889912
      vertex 110 -31.12830085889911 72.15330085889912
      vertex 110 -31.974893383792757 71.05000000000001
    endloop
  endfacet
  facet normal 0 0.6087614290087205 -0.7933533402912353
    outer loop
      vertex 19 -29.575000000000003 73.3451905283833
      vertex 110 -29.575000000000003 73.3451905283833
      vertex 110 -31.12830085889911 72.15330085889912
    endloop
  endfacet
  facet normal 0 0.38268343236508384 -0.9238795325112892
    outer loop
      vertex 19 -29.575000000000003 73.3451905283833
      vertex 93.75 -28.825000000000003 73.65585070016311
      vertex 110 -29.575000000000003 73.3451905283833
    endloop
  endfacet
  facet normal 0 -1 0
    outer loop
      vertex 69.75 -28.425000000000004 73.82153612511235
      vertex 82.15 -28.425000000000004 74.35000000000001
      vertex 69.75 -28.425000000000004 74.35000000000001
    endloop
  endfacet
  facet normal 2.258456576436435e-19 -0.13052619222005313 0.9914448613738102
    outer loop
      vertex 0 -30.76614283826891 77.09444369716802
      vertex 129.0000001 -28.825000000000003 77.35000000000001
      vertex 93.75 -28.825000000000003 77.35000000000001
    endloop
  endfacet
  facet normal 0 -1 0
    outer loop
      vertex 69.75 -28.425000000000004 76.35000000000001
      vertex 82.15 -28.425000000000004 77.35000000000001
      vertex 69.75 -28.425000000000004 77.35000000000001
    endloop
  endfacet
  facet normal 0 -1 0
    outer loop
      vertex 69.75 -28.425000000000004 73.82153612511235
      vertex 82.15 -28.425000000000004 73.82153612511236
      vertex 82.15 -28.425000000000004 74.35000000000001
    endloop
  endfacet
  facet normal 0 1 0
    outer loop
      vertex 69.75 -28.825000000000003 73.65585070016311
      vertex 69.75 -28.825000000000003 77.35000000000001
      vertex 93.75 -28.825000000000003 73.65585070016311
    endloop
  endfacet
  facet normal 1.05879982345699e-15 0.38268343236508323 -0.9238795325112895
    outer loop
      vertex 69.75 -28.425000000000004 73.82153612511235
      vertex 82.15 -27.76614283826891 74.09444369716802
      vertex 82.15 -28.425000000000004 73.82153612511236
    endloop
  endfacet
  facet normal 0 0 1
    outer loop
      vertex 69.75 -28.425000000000004 74.35000000000001
      vertex 82.15 -28.425000000000004 74.35000000000001
      vertex 82.15 -25.825000000000003 74.35000000000001
    endloop
  endfacet
  facet normal 0 -1 0
    outer loop
      vertex 69.75 -28.425000000000004 76.35000000000001
      vertex 82.15 -28.425000000000004 76.35000000000001
      vertex 82.15 -28.425000000000004 77.35000000000001
    endloop
  endfacet
  facet normal 0 0 -1
    outer loop
      vertex 65.22753248858406 -25.53322132078357 74.35000000000001
      vertex 66.85662221857719 -24.592665926637984 74.35000000000001
      vertex 69.75 -25.825000000000003 74.35000000000001
    endloop
  endfacet
  facet normal -0.5000000000000004 0.8660254037844384 0
    outer loop
      vertex 65.22753248858406 -25.53322132078357 74.35000000000001
      vertex 65.22753248858406 -25.53322132078357 77.35000000000001
      vertex 66.85662221857719 -24.592665926637984 74.35000000000001
    endloop
  endfacet
  facet normal 0.1736481776669295 0.9848077530122081 8.574832843811295e-18
    outer loop
      vertex 63.375 -25.206569860407207 77.35000000000001
      vertex 65.22753248858406 -25.53322132078357 77.35000000000001
      vertex 65.22753248858406 -25.53322132078357 74.35000000000001
    endloop
  endfacet
  facet normal 0 0 1
    outer loop
      vertex 69.75 -28.425000000000004 77.35000000000001
      vertex 66.85662221857719 -24.592665926637984 77.35000000000001
      vertex 65.22753248858406 -25.53322132078357 77.35000000000001
    endloop
  endfacet
  facet normal 0 0 -1
    outer loop
      vertex 66.85662221857719 -24.592665926637984 74.35000000000001
      vertex 67.5 -22.825 74.35000000000001
      vertex 69.75 -25.825000000000003 74.35000000000001
    endloop
  endfacet
  facet normal -0.5000000000000004 0.8660254037844384 0
    outer loop
      vertex 66.85662221857719 -24.592665926637984 74.35000000000001
      vertex 65.22753248858406 -25.53322132078357 77.35000000000001
      vertex 66.85662221857719 -24.592665926637984 77.35000000000001
    endloop
  endfacet
  facet normal -0.9396926207859079 0.34202014332566993 0
    outer loop
      vertex 66.85662221857719 -24.592665926637984 74.35000000000001
      vertex 66.85662221857719 -24.592665926637984 77.35000000000001
      vertex 67.5 -22.825 74.35000000000001
    endloop
  endfacet
  facet normal -0.9396926207859079 0.34202014332566993 0
    outer loop
      vertex 67.5 -22.825 74.35000000000001
      vertex 66.85662221857719 -24.592665926637984 77.35000000000001
      vertex 67.5 -22.825 77.35000000000001
    endloop
  endfacet
  facet normal 0 0 1
    outer loop
      vertex 69.75 -28.425000000000004 77.35000000000001
      vertex 71.75 -22.825000000000003 77.35000000000001
      vertex 66.85662221857719 -24.592665926637984 77.35000000000001
    endloop
  endfacet
  facet normal 1 0 0
    outer loop
      vertex 69.75 -25.825000000000003 74.35000000000001
      vertex 69.75 -17.225 74.35000000000001
      vertex 69.75 -28.425000000000004 76.35000000000001
    endloop
  endfacet
  facet normal 0 0 1
    outer loop
      vertex 66.85662221857719 -24.592665926637984 77.35000000000001
      vertex 71.75 -22.825000000000003 77.35000000000001
      vertex 67.5 -22.825 77.35000000000001
    endloop
  endfacet
  facet normal -0.5000000000000004 -0.8660254037844384 0
    outer loop
      vertex 66.85662221857719 -21.057334073362014 74.35000000000001
      vertex 66.85662221857719 -21.057334073362014 77.35000000000001
      vertex 65.22753248858406 -20.116778679216427 74.35000000000001
    endloop
  endfacet
  facet normal -0.9396926207859079 -0.34202014332566993 0
    outer loop
      vertex 67.5 -22.825 74.35000000000001
      vertex 67.5 -22.825 77.35000000000001
      vertex 66.85662221857719 -21.057334073362014 74.35000000000001
    endloop
  endfacet
  facet normal -0.9396926207859079 -0.34202014332566993 0
    outer loop
      vertex 66.85662221857719 -21.057334073362014 74.35000000000001
      vertex 67.5 -22.825 77.35000000000001
      vertex 66.85662221857719 -21.057334073362014 77.35000000000001
    endloop
  endfacet
  facet normal 0 0 -1
    outer loop
      vertex 66.85662221857719 -21.057334073362014 74.35000000000001
      vertex 65.22753248858406 -20.116778679216427 74.35000000000001
      vertex 69.75 -17.225 74.35000000000001
    endloop
  endfacet
  facet normal 0 0 -1
    outer loop
      vertex 67.5 -22.825 74.35000000000001
      vertex 66.85662221857719 -21.057334073362014 74.35000000000001
      vertex 69.75 -17.225 74.35000000000001
    endloop
  endfacet
  facet normal 0.1736481776669295 -0.9848077530122081 -8.574832843811295e-18
    outer loop
      vertex 63.375 -20.44343013959279 74.35000000000001
      vertex 65.22753248858406 -20.116778679216427 74.35000000000001
      vertex 65.22753248858406 -20.116778679216427 77.35000000000001
    endloop
  endfacet
  facet normal -0.5000000000000004 -0.8660254037844384 0
    outer loop
      vertex 65.22753248858406 -20.116778679216427 74.35000000000001
      vertex 66.85662221857719 -21.057334073362014 77.35000000000001
      vertex 65.22753248858406 -20.116778679216427 77.35000000000001
    endloop
  endfacet
  facet normal 0 0 1
    outer loop
      vertex 66.85662221857719 -21.057334073362014 77.35000000000001
      vertex 69.75 -17.225 77.35000000000001
      vertex 65.22753248858406 -20.116778679216427 77.35000000000001
    endloop
  endfacet
  facet normal 0 0 1
    outer loop
      vertex 67.5 -22.825 77.35000000000001
      vertex 69.75 -17.225 77.35000000000001
      vertex 66.85662221857719 -21.057334073362014 77.35000000000001
    endloop
  endfacet
  facet normal 0 0 -1
    outer loop
      vertex 67.5 -22.825 74.35000000000001
      vertex 69.75 -17.225 74.35000000000001
      vertex 69.75 -25.825000000000003 74.35000000000001
    endloop
  endfacet
  facet normal 1 0 0
    outer loop
      vertex 69.75 -28.425000000000004 76.35000000000001
      vertex 69.75 -17.225 74.35000000000001
      vertex 69.75 -17.225 76.35000000000001
    endloop
  endfacet
  facet normal 0 0 1
    outer loop
      vertex 67.5 -22.825 77.35000000000001
      vertex 71.75 -22.825000000000003 77.35000000000001
      vertex 69.75 -17.225 77.35000000000001
    endloop
  endfacet
  facet normal 0 0 1
    outer loop
      vertex 69.75 -28.425000000000004 74.35000000000001
      vertex 82.15 -25.825000000000003 74.35000000000001
      vertex 69.75 -25.825000000000003 74.35000000000001
    endloop
  endfacet
  facet normal 0 0 1
    outer loop
      vertex 69.75 -28.425000000000004 77.35000000000001
      vertex 82.15 -28.425000000000004 77.35000000000001
      vertex 71.75 -22.825000000000003 77.35000000000001
    endloop
  endfacet
  facet normal 0.4472135954999579 0.8944271909999159 0
    outer loop
      vertex 71.75 -22.825000000000003 76.85010000000001
      vertex 71.75 -22.825000000000003 77.35000000000001
      vertex 76.75 -25.325000000000003 76.85010000000001
    endloop
  endfacet
  facet normal 0.4472135954999579 0.8944271909999159 0
    outer loop
      vertex 71.75 -22.825000000000003 77.35000000000001
      vertex 76.75 -25.325000000000003 77.35000000000001
      vertex 76.75 -25.325000000000003 76.85010000000001
    endloop
  endfacet
  facet normal 0 0 1
    outer loop
      vertex 71.75 -22.825000000000003 76.85010000000001
      vertex 76.75 -25.325000000000003 76.85010000000001
      vertex 76.75 -20.325000000000003 76.85010000000001
    endloop
  endfacet
  facet normal 0 0.1305261922200531 -0.9914448613738102
    outer loop
      vertex 69.75 -25.825000000000003 74.35000000000001
      vertex 82.15 -25.825000000000003 74.35000000000001
      vertex 82.15 -27.76614283826891 74.09444369716802
    endloop
  endfacet
  facet normal 0 0 1
    outer loop
      vertex 71.75 -22.825000000000003 77.35000000000001
      vertex 82.15 -28.425000000000004 77.35000000000001
      vertex 76.75 -25.325000000000003 77.35000000000001
    endloop
  endfacet
  facet normal 0 0 -1
    outer loop
      vertex 69.75 -28.425000000000004 76.35000000000001
      vertex 82.15 -17.225 76.35000000000001
      vertex 82.15 -28.425000000000004 76.35000000000001
    endloop
  endfacet
  facet normal -1 0 0
    outer loop
      vertex 76.75 -25.325000000000003 76.85010000000001
      vertex 76.75 -25.325000000000003 77.35000000000001
      vertex 76.75 -20.325000000000003 76.85010000000001
    endloop
  endfacet
  facet normal 0 0 1
    outer loop
      vertex 76.75 -25.325000000000003 77.35000000000001
      vertex 82.15 -28.425000000000004 77.35000000000001
      vertex 82.15 -17.225 77.35000000000001
    endloop
  endfacet
  facet normal 0.4472135954999579 -0.8944271909999159 0
    outer loop
      vertex 71.75 -22.825000000000003 76.85010000000001
      vertex 76.75 -20.325000000000003 77.35000000000001
      vertex 71.75 -22.825000000000003 77.35000000000001
    endloop
  endfacet
  facet normal 0 0 -1
    outer loop
      vertex 69.75 -28.425000000000004 76.35000000000001
      vertex 69.75 -17.225 76.35000000000001
      vertex 82.15 -17.225 76.35000000000001
    endloop
  endfacet
  facet normal 0.4472135954999579 -0.8944271909999159 0
    outer loop
      vertex 71.75 -22.825000000000003 76.85010000000001
      vertex 76.75 -20.325000000000003 76.85010000000001
      vertex 76.75 -20.325000000000003 77.35000000000001
    endloop
  endfacet
  facet normal 0 0 1
    outer loop
      vertex 71.75 -22.825000000000003 77.35000000000001
      vertex 76.75 -20.325000000000003 77.35000000000001
      vertex 69.75 -17.225 77.35000000000001
    endloop
  endfacet
  facet normal 0 0 1
    outer loop
      vertex 76.75 -20.325000000000003 77.35000000000001
      vertex 82.15 -17.225 77.35000000000001
      vertex 69.75 -17.225 77.35000000000001
    endloop
  endfacet
  facet normal -1 0 0
    outer loop
      vertex 76.75 -25.325000000000003 77.35000000000001
      vertex 76.75 -20.325000000000003 77.35000000000001
      vertex 76.75 -20.325000000000003 76.85010000000001
    endloop
  endfacet
  facet normal 0 0 1
    outer loop
      vertex 76.75 -25.325000000000003 77.35000000000001
      vertex 82.15 -17.225 77.35000000000001
      vertex 76.75 -20.325000000000003 77.35000000000001
    endloop
  endfacet
  facet normal 0 -0.9238795325112876 0.3826834323650878
    outer loop
      vertex 0 -35.32019052838329 73.60000000000001
      vertex 129.0000001 -36.06944369716801 71.79114283826891
      vertex 129.0000001 -35.32019052838329 73.60000000000001
    endloop
  endfacet
  facet normal -7.213800994981695e-17 0.9238795325112897 -0.3826834323650825
    outer loop
      vertex 126.0000001 -32.32019052838329 70.60000000000001
      vertex 110 -32.63085070016311 69.85000000000001
      vertex 19 -32.630850700163116 69.85000000000001
    endloop
  endfacet
  facet normal -6.114362471105412e-17 0.7933533402912332 -0.6087614290087232
    outer loop
      vertex 19 -31.12830085889911 72.15330085889912
      vertex 110 -31.974893383792757 71.05000000000001
      vertex 126.0000001 -32.32019052838329 70.60000000000001
    endloop
  endfacet
  facet normal 0 -0.7933533402912353 0.6087614290087205
    outer loop
      vertex 0 -34.12830085889911 75.15330085889912
      vertex 129.0000001 -35.32019052838329 73.60000000000001
      vertex 129.0000001 -34.12830085889911 75.15330085889912
    endloop
  endfacet
  facet normal 0 -0.6087614290087205 0.7933533402912353
    outer loop
      vertex 0 -34.12830085889911 75.15330085889912
      vertex 129.0000001 -34.12830085889911 75.15330085889912
      vertex 129.0000001 -32.575 76.3451905283833
    endloop
  endfacet
  facet normal 1 0 0
    outer loop
      vertex 82.15 -28.425000000000004 73.82153612511236
      vertex 82.15 -27.76614283826891 74.09444369716802
      vertex 82.15 -28.425000000000004 74.35000000000001
    endloop
  endfacet
  facet normal -1 0 0
    outer loop
      vertex 82.55 -28.425000000000004 73.82153612511236
      vertex 82.55 -28.425000000000004 74.35000000000001
      vertex 82.55 -27.76614283826891 74.09444369716802
    endloop
  endfacet
  facet normal 1 0 0
    outer loop
      vertex 82.15 -27.76614283826891 74.09444369716802
      vertex 82.15 -25.825000000000003 74.35000000000001
      vertex 82.15 -28.425000000000004 74.35000000000001
    endloop
  endfacet
  facet normal -1 0 0
    outer loop
      vertex 82.55 -27.76614283826891 74.09444369716802
      vertex 82.55 -28.425000000000004 74.35000000000001
      vertex 82.55 -25.825000000000003 74.35000000000001
    endloop
  endfacet
  facet normal 0 -0.38268343236508845 0.9238795325112874
    outer loop
      vertex 0 -30.76614283826891 77.09444369716802
      vertex 129.0000001 -32.575 76.3451905283833
      vertex 129.0000001 -30.76614283826891 77.09444369716802
    endloop
  endfacet
  facet normal 0 -0.13052619222005313 0.9914448613738103
    outer loop
      vertex 0 -30.76614283826891 77.09444369716802
      vertex 129.0000001 -30.76614283826891 77.09444369716802
      vertex 129.0000001 -28.825000000000003 77.35000000000001
    endloop
  endfacet
  facet normal 0 -1 0
    outer loop
      vertex 82.55 -28.425000000000004 73.82153612511236
      vertex 93.75 -28.425000000000004 74.35000000000001
      vertex 82.55 -28.425000000000004 74.35000000000001
    endloop
  endfacet
  facet normal 0 1 0
    outer loop
      vertex 93.75 -28.825000000000003 73.65585070016311
      vertex 69.75 -28.825000000000003 77.35000000000001
      vertex 93.75 -28.825000000000003 77.35000000000001
    endloop
  endfacet
  facet normal 0 -1 0
    outer loop
      vertex 82.55 -28.425000000000004 76.35000000000001
      vertex 93.75 -28.425000000000004 77.35000000000001
      vertex 82.55 -28.425000000000004 77.35000000000001
    endloop
  endfacet
  facet normal 0 0 1
    outer loop
      vertex 82.55 -28.425000000000004 77.35000000000001
      vertex 93.75 -28.425000000000004 77.35000000000001
      vertex 86.75 -25.325000000000003 77.35000000000001
    endloop
  endfacet
  facet normal -1.928349259773499e-20 -0.9914448613738102 0.13052619222005335
    outer loop
      vertex 129.0000001 -36.06944369716801 71.79114283826891
      vertex 19 -36.325 69.85000000000001
      vertex 129.0000001 -36.325 69.85000000000001
    endloop
  endfacet
  facet normal 0 -1 0
    outer loop
      vertex 82.55 -28.425000000000004 73.82153612511236
      vertex 93.75 -28.425000000000004 73.82153612511235
      vertex 93.75 -28.425000000000004 74.35000000000001
    endloop
  endfacet
  facet normal 0 0 1
    outer loop
      vertex 82.55 -28.425000000000004 74.35000000000001
      vertex 93.75 -28.425000000000004 74.35000000000001
      vertex 93.75 -25.825000000000003 74.35000000000001
    endloop
  endfacet
  facet normal 2.703568836138849e-19 0.3826834323650831 -0.9238795325112894
    outer loop
      vertex 82.55 -28.425000000000004 73.82153612511236
      vertex 82.55 -27.76614283826891 74.09444369716802
      vertex 110 -27.76614283826891 74.09444369716802
    endloop
  endfacet
  facet normal 0 -1 0
    outer loop
      vertex 82.55 -28.425000000000004 76.35000000000001
      vertex 93.75 -28.425000000000004 76.35000000000001
      vertex 93.75 -28.425000000000004 77.35000000000001
    endloop
  endfacet
  facet normal -1 0 0
    outer loop
      vertex 93.75 -28.825000000000003 73.65585070016311
      vertex 93.75 -28.825000000000003 77.35000000000001
      vertex 93.75 -28.425000000000004 73.82153612511235
    endloop
  endfacet
  facet normal -1 0 0
    outer loop
      vertex 93.75 -28.425000000000004 73.82153612511235
      vertex 93.75 -28.825000000000003 77.35000000000001
      vertex 93.75 -28.425000000000004 74.35000000000001
    endloop
  endfacet
  facet normal -1.1722426616845028e-15 0.38268343236512486 -0.9238795325112722
    outer loop
      vertex 82.55 -28.425000000000004 73.82153612511236
      vertex 110 -27.76614283826891 74.09444369716802
      vertex 93.75 -28.425000000000004 73.82153612511235
    endloop
  endfacet
  facet normal -1 0 0
    outer loop
      vertex 93.75 -28.425000000000004 74.35000000000001
      vertex 93.75 -28.825000000000003 77.35000000000001
      vertex 93.75 -28.425000000000004 76.35000000000001
    endloop
  endfacet
  facet normal -1 0 0
    outer loop
      vertex 93.75 -28.425000000000004 76.35000000000001
      vertex 93.75 -28.825000000000003 77.35000000000001
      vertex 93.75 -28.425000000000004 77.35000000000001
    endloop
  endfacet
  facet normal -1 0 0
    outer loop
      vertex 82.55 -28.425000000000004 76.35000000000001
      vertex 82.55 -28.425000000000004 77.35000000000001
      vertex 82.55 -17.225 76.35000000000001
    endloop
  endfacet
  facet normal 1 0 0
    outer loop
      vertex 82.15 -28.425000000000004 76.35000000000001
      vertex 82.15 -17.225 77.35000000000001
      vertex 82.15 -28.425000000000004 77.35000000000001
    endloop
  endfacet
  facet normal 0 0 1
    outer loop
      vertex 82.55 -28.425000000000004 74.35000000000001
      vertex 93.75 -25.825000000000003 74.35000000000001
      vertex 82.55 -25.825000000000003 74.35000000000001
    endloop
  endfacet
  facet normal 0 0 1
    outer loop
      vertex 82.55 -28.425000000000004 77.35000000000001
      vertex 86.75 -25.325000000000003 77.35000000000001
      vertex 86.75 -20.325000000000003 77.35000000000001
    endloop
  endfacet
  facet normal -0.4472135954999579 0.8944271909999159 0
    outer loop
      vertex 86.75 -25.325000000000003 76.85010000000001
      vertex 86.75 -25.325000000000003 77.35000000000001
      vertex 91.75 -22.825000000000003 76.85010000000001
    endloop
  endfacet
  facet normal 1 0 0
    outer loop
      vertex 86.75 -25.325000000000003 76.85010000000001
      vertex 86.75 -20.325000000000003 77.35000000000001
      vertex 86.75 -25.325000000000003 77.35000000000001
    endloop
  endfacet
  facet normal 0 0 1
    outer loop
      vertex 86.75 -25.325000000000003 76.85010000000001
      vertex 91.75 -22.825000000000003 76.85010000000001
      vertex 86.75 -20.325000000000003 76.85010000000001
    endloop
  endfacet
  facet normal 1 0 0
    outer loop
      vertex 82.15 -28.425000000000004 76.35000000000001
      vertex 82.15 -17.225 76.35000000000001
      vertex 82.15 -17.225 77.35000000000001
    endloop
  endfacet
  facet normal -1 0 0
    outer loop
      vertex 82.55 -28.425000000000004 77.35000000000001
      vertex 82.55 -17.225 77.35000000000001
      vertex 82.55 -17.225 76.35000000000001
    endloop
  endfacet
  facet normal 0 0 1
    outer loop
      vertex 82.55 -28.425000000000004 77.35000000000001
      vertex 86.75 -20.325000000000003 77.35000000000001
      vertex 82.55 -17.225 77.35000000000001
    endloop
  endfacet
  facet normal 0 0 -1
    outer loop
      vertex 82.55 -28.425000000000004 76.35000000000001
      vertex 82.55 -17.225 76.35000000000001
      vertex 93.75 -17.225 76.35000000000001
    endloop
  endfacet
  facet normal 1 0 0
    outer loop
      vertex 86.75 -25.325000000000003 76.85010000000001
      vertex 86.75 -20.325000000000003 76.85010000000001
      vertex 86.75 -20.325000000000003 77.35000000000001
    endloop
  endfacet
  facet normal -0.4472135954999579 -0.8944271909999159 0
    outer loop
      vertex 86.75 -20.325000000000003 76.85010000000001
      vertex 91.75 -22.825000000000003 77.35000000000001
      vertex 86.75 -20.325000000000003 77.35000000000001
    endloop
  endfacet
  facet normal 0 0 1
    outer loop
      vertex 86.75 -20.325000000000003 77.35000000000001
      vertex 91.75 -22.825000000000003 77.35000000000001
      vertex 82.55 -17.225 77.35000000000001
    endloop
  endfacet
  facet normal 0 0.13052619222005313 -0.9914448613738102
    outer loop
      vertex 82.55 -27.76614283826891 74.09444369716802
      vertex 82.55 -25.825000000000003 74.35000000000001
      vertex 110 -27.76614283826891 74.09444369716802
    endloop
  endfacet
  facet normal 0 0 1
    outer loop
      vertex 93.75 -28.425000000000004 77.35000000000001
      vertex 91.75 -22.825000000000003 77.35000000000001
      vertex 86.75 -25.325000000000003 77.35000000000001
    endloop
  endfacet
  facet normal 0 0 -1
    outer loop
      vertex 82.55 -28.425000000000004 76.35000000000001
      vertex 93.75 -17.225 76.35000000000001
      vertex 93.75 -28.425000000000004 76.35000000000001
    endloop
  endfacet
  facet normal -0.4472135954999579 0.8944271909999159 0
    outer loop
      vertex 86.75 -25.325000000000003 77.35000000000001
      vertex 91.75 -22.825000000000003 77.35000000000001
      vertex 91.75 -22.825000000000003 76.85010000000001
    endloop
  endfacet
  facet normal 0 0.1305261922200531 -0.9914448613738102
    outer loop
      vertex 82.55 -25.825000000000003 74.35000000000001
      vertex 93.75 -25.825000000000003 74.35000000000001
      vertex 110 -27.76614283826891 74.09444369716802
    endloop
  endfacet
  facet normal -1 0 0
    outer loop
      vertex 93.75 -28.425000000000004 74.35000000000001
      vertex 93.75 -17.225 76.35000000000001
      vertex 93.75 -25.825000000000003 74.35000000000001
    endloop
  endfacet
  facet normal -1 0 0
    outer loop
      vertex 93.75 -28.425000000000004 74.35000000000001
      vertex 93.75 -28.425000000000004 76.35000000000001
      vertex 93.75 -17.225 76.35000000000001
    endloop
  endfacet
  facet normal -0.4472135954999579 -0.8944271909999159 0
    outer loop
      vertex 86.75 -20.325000000000003 76.85010000000001
      vertex 91.75 -22.825000000000003 76.85010000000001
      vertex 91.75 -22.825000000000003 77.35000000000001
    endloop
  endfacet
  facet normal 0 0 1
    outer loop
      vertex 91.75 -22.825000000000003 77.35000000000001
      vertex 93.75 -17.225 77.35000000000001
      vertex 82.55 -17.225 77.35000000000001
    endloop
  endfacet
  facet normal -1 0 0
    outer loop
      vertex 93.75 -25.825000000000003 74.35000000000001
      vertex 93.75 -17.225 76.35000000000001
      vertex 93.75 -17.225 74.35000000000001
    endloop
  endfacet
  facet normal 0 0 -1
    outer loop
      vertex 65.22753248858406 -20.116778679216427 74.35000000000001
      vertex 69.75 -16.825000000000003 74.35000000000001
      vertex 69.75 -17.225 74.35000000000001
    endloop
  endfacet
  facet normal 0 0 1
    outer loop
      vertex 65.22753248858406 -20.116778679216427 77.35000000000001
      vertex 69.75 -17.225 77.35000000000001
      vertex 69.75 -16.825000000000003 77.35000000000001
    endloop
  endfacet
  facet normal 1 0 0
    outer loop
      vertex 69.75 -17.225 74.35000000000001
      vertex 69.75 -16.825000000000003 77.35000000000001
      vertex 69.75 -17.225 76.35000000000001
    endloop
  endfacet
  facet normal 1 0 0
    outer loop
      vertex 69.75 -17.225 76.35000000000001
      vertex 69.75 -16.825000000000003 77.35000000000001
      vertex 69.75 -17.225 77.35000000000001
    endloop
  endfacet
  facet normal 1 0 0
    outer loop
      vertex 69.75 -17.225 74.35000000000001
      vertex 69.75 -16.825000000000003 74.35000000000001
      vertex 69.75 -16.825000000000003 77.35000000000001
    endloop
  endfacet
  facet normal 0 1 0
    outer loop
      vertex 69.75 -17.225 76.35000000000001
      vertex 69.75 -17.225 77.35000000000001
      vertex 82.15 -17.225 76.35000000000001
    endloop
  endfacet
  facet normal 0 1 0
    outer loop
      vertex 69.75 -17.225 77.35000000000001
      vertex 82.15 -17.225 77.35000000000001
      vertex 82.15 -17.225 76.35000000000001
    endloop
  endfacet
  facet normal 0 -1 0
    outer loop
      vertex 69.75 -16.825000000000003 74.35000000000001
      vertex 93.75 -16.825000000000003 77.35000000000001
      vertex 69.75 -16.825000000000003 77.35000000000001
    endloop
  endfacet
  facet normal 0 0 -1
    outer loop
      vertex 3 -25.325000000000003 74.35000000000001
      vertex 126 25.325000000000003 74.35000000000001
      vertex 69.75 -16.825000000000003 74.35000000000001
    endloop
  endfacet
  facet normal 0 0 1
    outer loop
      vertex 0 28.825000000000003 77.35000000000001
      vertex 93.75 -16.825000000000003 77.35000000000001
      vertex 129.0000001 -28.825000000000003 77.35000000000001
    endloop
  endfacet
  facet normal 0 -1 0
    outer loop
      vertex 69.75 -16.825000000000003 74.35000000000001
      vertex 93.75 -16.825000000000003 74.35000000000001
      vertex 93.75 -16.825000000000003 75.49285714285715
    endloop
  endfacet
  facet normal 0 1 0
    outer loop
      vertex 82.55 -17.225 76.35000000000001
      vertex 82.55 -17.225 77.35000000000001
      vertex 93.75 -17.225 76.35000000000001
    endloop
  endfacet
  facet normal 0 -1 0
    outer loop
      vertex 69.75 -16.825000000000003 74.35000000000001
      vertex 93.75 -16.825000000000003 75.49285714285715
      vertex 93.75 -16.825000000000003 76.35000000000001
    endloop
  endfacet
  facet normal 0 -1 0
    outer loop
      vertex 69.75 -16.825000000000003 74.35000000000001
      vertex 93.75 -16.825000000000003 76.35000000000001
      vertex 93.75 -16.825000000000003 77.35000000000001
    endloop
  endfacet
  facet normal 0 1 0
    outer loop
      vertex 93.75 -17.225 76.35000000000001
      vertex 82.55 -17.225 77.35000000000001
      vertex 93.75 -17.225 77.35000000000001
    endloop
  endfacet
  facet normal -1 0 0
    outer loop
      vertex 93.75 -17.225 74.35000000000001
      vertex 93.75 -16.825000000000003 75.49285714285715
      vertex 93.75 -16.825000000000003 74.35000000000001
    endloop
  endfacet
  facet normal -1 0 0
    outer loop
      vertex 93.75 -17.225 74.35000000000001
      vertex 93.75 -17.057258064516134 76.35000000000001
      vertex 93.75 -16.825000000000003 75.49285714285715
    endloop
  endfacet
  facet normal -1 0 0
    outer loop
      vertex 93.75 -17.225 74.35000000000001
      vertex 93.75 -17.225 76.35000000000001
      vertex 93.75 -17.057258064516134 76.35000000000001
    endloop
  endfacet
  facet normal -1 0 0
    outer loop
      vertex 93.75 -17.225 76.35000000000001
      vertex 93.75 -17.225 77.35000000000001
      vertex 93.75 -17.057258064516134 76.35000000000001
    endloop
  endfacet
  facet normal -1 0 0
    outer loop
      vertex 93.75 -17.057258064516134 76.35000000000001
      vertex 93.75 -17.225 77.35000000000001
      vertex 93.75 -16.825000000000003 76.35000000000001
    endloop
  endfacet
  facet normal -1 0 0
    outer loop
      vertex 93.75 -16.825000000000003 75.49285714285715
      vertex 93.75 -17.057258064516134 76.35000000000001
      vertex 93.75 -16.825000000000003 76.35000000000001
    endloop
  endfacet
  facet normal -1 0 0
    outer loop
      vertex 93.75 -16.825000000000003 76.35000000000001
      vertex 93.75 -17.225 77.35000000000001
      vertex 93.75 -16.825000000000003 77.35000000000001
    endloop
  endfacet
  facet normal 0 0 1
    outer loop
      vertex 0 28.825000000000003 77.35000000000001
      vertex 129.0000001 -28.825000000000003 77.35000000000001
      vertex 116.28078124672174 -9.688099999725821 77.35000000000001
    endloop
  endfacet
  facet normal 0 0 -1
    outer loop
      vertex 69.75 -16.825000000000003 74.35000000000001
      vertex 126 25.325000000000003 74.35000000000001
      vertex 93.75 -16.825000000000003 74.35000000000001
    endloop
  endfacet
  facet normal -1 0 0
    outer loop
      vertex 110 -33.325 57.486363636363635
      vertex 110 -33.325 61.85
      vertex 110 -25.325000000000003 61.85
    endloop
  endfacet
  facet normal 1 0 0
    outer loop
      vertex 129.0000001 -36.325 11.35
      vertex 129.0000001 -13.575 53.35
      vertex 129.0000001 -36.325 69.85000000000001
    endloop
  endfacet
  facet normal 3.8986394886976735e-16 0.47885213068057353 -0.8778955729143841
    outer loop
      vertex 110 -33.325 57.486363636363635
      vertex 110 -25.325000000000003 61.85
      vertex 126.0000001 -33.325 57.48636363636364
    endloop
  endfacet
  facet normal 0 0.47885213068057303 -0.8778955729143847
    outer loop
      vertex 110 -25.325000000000003 61.85
      vertex 126.0000001 -25.325000000000003 61.85
      vertex 126.0000001 -33.325 57.48636363636364
    endloop
  endfacet
  facet normal -1 0 0
    outer loop
      vertex 110 -33.325 61.85
      vertex 110 -25.325000000000003 69.85000000000001
      vertex 110 -25.325000000000003 61.85
    endloop
  endfacet
  facet normal -1 0 0
    outer loop
      vertex 110 -33.325 61.85
      vertex 110 -33.325 66.85000000000001
      vertex 110 -25.325000000000003 69.85000000000001
    endloop
  endfacet
  facet normal -1 0 0
    outer loop
      vertex 110 -33.325 66.85000000000001
      vertex 110 -33.06944369716801 68.79114283826891
      vertex 110 -25.325000000000003 69.85000000000001
    endloop
  endfacet
  facet normal -3.392740780452348e-16 0.3826834323650775 -0.9238795325112918
    outer loop
      vertex 110 -29.575000000000003 73.3451905283833
      vertex 93.75 -28.825000000000003 73.65585070016311
      vertex 93.75 -28.425000000000004 73.82153612511235
    endloop
  endfacet
  facet normal 5.604531668809926e-16 0.3826834323650884 -0.9238795325112873
    outer loop
      vertex 110 -29.575000000000003 73.3451905283833
      vertex 93.75 -28.425000000000004 73.82153612511235
      vertex 110 -27.76614283826891 74.09444369716802
    endloop
  endfacet
  facet normal -1 0 0
    outer loop
      vertex 110 -33.06944369716801 68.79114283826891
      vertex 110 -32.63085070016311 69.85000000000001
      vertex 110 -25.325000000000003 69.85000000000001
    endloop
  endfacet
  facet normal 0 0 1
    outer loop
      vertex 113 -28.325000000000003 69.85000000000001
      vertex 110 -32.63085070016311 69.85000000000001
      vertex 113 -32.63085070016311 69.85000000000001
    endloop
  endfacet
  facet normal 0 0 1
    outer loop
      vertex 110 -25.325000000000003 69.85000000000001
      vertex 110 -32.63085070016311 69.85000000000001
      vertex 113 -28.325000000000003 69.85000000000001
    endloop
  endfacet
  facet normal -1 0 0
    outer loop
      vertex 110 -31.974893383792757 71.05000000000001
      vertex 110 -31.12830085889911 72.15330085889912
      vertex 110 -25.325000000000003 74.35000000000001
    endloop
  endfacet
  facet normal -1 0 0
    outer loop
      vertex 110 -31.974893383792757 71.05000000000001
      vertex 110 -25.325000000000003 74.35000000000001
      vertex 110 -25.325000000000003 71.05000000000001
    endloop
  endfacet
  facet normal 0 0 1
    outer loop
      vertex 93.75 -28.825000000000003 77.35000000000001
      vertex 129.0000001 -28.825000000000003 77.35000000000001
      vertex 93.75 -28.425000000000004 77.35000000000001
    endloop
  endfacet
  facet normal -1 0 0
    outer loop
      vertex 110 -31.12830085889911 72.15330085889912
      vertex 110 -29.575000000000003 73.3451905283833
      vertex 110 -25.825000000000003 74.35000000000001
    endloop
  endfacet
  facet normal -1 0 0
    outer loop
      vertex 110 -31.12830085889911 72.15330085889912
      vertex 110 -25.825000000000003 74.35000000000001
      vertex 110 -25.325000000000003 74.35000000000001
    endloop
  endfacet
  facet normal -1 0 0
    outer loop
      vertex 110 -29.575000000000003 73.3451905283833
      vertex 110 -27.76614283826891 74.09444369716802
      vertex 110 -25.825000000000003 74.35000000000001
    endloop
  endfacet
  facet normal 0 0 -1
    outer loop
      vertex 93.75 -25.825000000000003 74.35000000000001
      vertex 93.75 -17.225 74.35000000000001
      vertex 110 -25.325000000000003 74.35000000000001
    endloop
  endfacet
  facet normal 0 0.13052619222005313 -0.9914448613738103
    outer loop
      vertex 93.75 -25.825000000000003 74.35000000000001
      vertex 110 -25.825000000000003 74.35000000000001
      vertex 110 -27.76614283826891 74.09444369716802
    endloop
  endfacet
  facet normal 0 0 -1
    outer loop
      vertex 93.75 -25.825000000000003 74.35000000000001
      vertex 110 -25.325000000000003 74.35000000000001
      vertex 110 -25.825000000000003 74.35000000000001
    endloop
  endfacet
  facet normal 0 0 1
    outer loop
      vertex 93.75 -28.425000000000004 77.35000000000001
      vertex 129.0000001 -28.825000000000003 77.35000000000001
      vertex 91.75 -22.825000000000003 77.35000000000001
    endloop
  endfacet
  facet normal 0 0 1
    outer loop
      vertex 91.75 -22.825000000000003 77.35000000000001
      vertex 129.0000001 -28.825000000000003 77.35000000000001
      vertex 93.75 -17.225 77.35000000000001
    endloop
  endfacet
  facet normal 0 0 1
    outer loop
      vertex 93.75 -17.225 77.35000000000001
      vertex 129.0000001 -28.825000000000003 77.35000000000001
      vertex 93.75 -16.825000000000003 77.35000000000001
    endloop
  endfacet
  facet normal 0 0.9914448613738103 -0.13052619222005335
    outer loop
      vertex 116 -33.325 66.85000000000001
      vertex 114.0588571617311 -33.06944369716801 68.79114283826891
      vertex 123.07106781186548 -33.325 66.85000000000001
    endloop
  endfacet
  facet normal 0 0.9914448613738103 -0.13052619222005335
    outer loop
      vertex 114.0588571617311 -33.06944369716801 68.79114283826891
      vertex 121.12992497359657 -33.06944369716801 68.79114283826891
      vertex 123.07106781186548 -33.325 66.85000000000001
    endloop
  endfacet
  facet normal 0.7071067811865479 0 0.7071067811865472
    outer loop
      vertex 121 -33.325 61.85
      vertex 121 -28.325000000000003 61.85
      vertex 113 -28.325000000000003 69.85000000000001
    endloop
  endfacet
  facet normal 0.7071067811865481 6.029155041345693e-16 0.707106781186547
    outer loop
      vertex 121 -33.325 61.85
      vertex 113 -28.325000000000003 69.85000000000001
      vertex 116 -33.325 66.85000000000001
    endloop
  endfacet
  facet normal 0.7071067811865476 0 0.7071067811865476
    outer loop
      vertex 116 -33.325 66.85000000000001
      vertex 113 -28.325000000000003 69.85000000000001
      vertex 114.0588571617311 -33.06944369716801 68.79114283826891
    endloop
  endfacet
  facet normal 0 -1 0
    outer loop
      vertex 121 -28.325000000000003 61.85
      vertex 120.07106781186548 -28.325000000000003 69.85000000000001
      vertex 113 -28.325000000000003 69.85000000000001
    endloop
  endfacet
  facet normal 0 1 0
    outer loop
      vertex 121 -33.325 61.85
      vertex 126.0000001 -33.325 63.92106771186548
      vertex 126.0000001 -33.325 61.85
    endloop
  endfacet
  facet normal 0 1 0
    outer loop
      vertex 121 -33.325 61.85
      vertex 116 -33.325 66.85000000000001
      vertex 126.0000001 -33.325 63.92106771186548
    endloop
  endfacet
  facet normal 0 1 0
    outer loop
      vertex 116 -33.325 66.85000000000001
      vertex 123.07106781186548 -33.325 66.85000000000001
      vertex 126.0000001 -33.325 63.92106771186548
    endloop
  endfacet
  facet normal 0 0 1
    outer loop
      vertex 121 -33.325 61.85
      vertex 126.0000001 -33.325 61.85
      vertex 121 -28.325000000000003 61.85
    endloop
  endfacet
  facet normal 0 0 1
    outer loop
      vertex 126.0000001 -33.325 61.85
      vertex 126.0000001 -28.325000000000003 61.85
      vertex 121 -28.325000000000003 61.85
    endloop
  endfacet
  facet normal 0 -1 0
    outer loop
      vertex 121 -28.325000000000003 61.85
      vertex 126.0000001 -28.325000000000003 61.85
      vertex 126.0000001 -28.325000000000003 63.92106771186548
    endloop
  endfacet
  facet normal -1 0 0
    outer loop
      vertex 126.0000001 -33.325 61.85
      vertex 126.0000001 -28.325000000000003 63.92106771186548
      vertex 126.0000001 -28.325000000000003 61.85
    endloop
  endfacet
  facet normal -1 0 0
    outer loop
      vertex 126.0000001 -33.325 61.85
      vertex 126.0000001 -33.325 63.92106771186548
      vertex 126.0000001 -28.325000000000003 63.92106771186548
    endloop
  endfacet
  facet normal -0.7071067811865483 0 -0.7071067811865467
    outer loop
      vertex 126.0000001 -33.325 63.92106771186548
      vertex 123.07106781186548 -33.325 66.85000000000001
      vertex 126.0000001 -28.325000000000003 63.92106771186548
    endloop
  endfacet
  facet normal -0.7071067811865476 -9.220144220408111e-16 -0.7071067811865475
    outer loop
      vertex 123.07106781186548 -33.325 66.85000000000001
      vertex 121.12992497359657 -33.06944369716801 68.79114283826891
      vertex 126.0000001 -28.325000000000003 63.92106771186548
    endloop
  endfacet
  facet normal -0.707106781186548 -1.9688947858465927e-16 -0.7071067811865471
    outer loop
      vertex 120.07106781186548 -28.325000000000003 69.85000000000001
      vertex 126.0000001 -28.325000000000003 63.92106771186548
      vertex 121.12992497359657 -33.06944369716801 68.79114283826891
    endloop
  endfacet
  facet normal 0 -1 0
    outer loop
      vertex 121 -28.325000000000003 61.85
      vertex 126.0000001 -28.325000000000003 63.92106771186548
      vertex 120.07106781186548 -28.325000000000003 69.85000000000001
    endloop
  endfacet
  facet normal 0 0.9238795325112864 -0.3826834323650905
    outer loop
      vertex 114.0588571617311 -33.06944369716801 68.79114283826891
      vertex 113 -32.63085070016311 69.85000000000001
      vertex 121.12992497359657 -33.06944369716801 68.79114283826891
    endloop
  endfacet
  facet normal 0 0.9238795325112892 -0.3826834323650839
    outer loop
      vertex 126.0000001 -32.32019052838329 70.60000000000001
      vertex 113 -32.63085070016311 69.85000000000001
      vertex 110 -32.63085070016311 69.85000000000001
    endloop
  endfacet
  facet normal 3.6902944476383795e-19 0.9238795325112865 -0.3826834323650906
    outer loop
      vertex 121.12992497359657 -33.06944369716801 68.79114283826891
      vertex 113 -32.63085070016311 69.85000000000001
      vertex 120.07106781186548 -32.63085070016311 69.85000000000001
    endloop
  endfacet
  facet normal 0 0.9238795325112892 -0.38268343236508384
    outer loop
      vertex 126.0000001 -32.32019052838329 70.60000000000001
      vertex 120.07106781186548 -32.63085070016311 69.85000000000001
      vertex 113 -32.63085070016311 69.85000000000001
    endloop
  endfacet
  facet normal 1.7615982901092168e-16 0.7933533402912372 -0.608761429008718
    outer loop
      vertex 110 -31.974893383792757 71.05000000000001
      vertex 126 -31.97489338379276 71.05000000000001
      vertex 126.0000001 -32.32019052838329 70.60000000000001
    endloop
  endfacet
  facet normal 0.7071067811865476 1.1423565492484885e-17 0.7071067811865475
    outer loop
      vertex 114.0588571617311 -33.06944369716801 68.79114283826891
      vertex 113 -28.325000000000003 69.85000000000001
      vertex 113 -32.63085070016311 69.85000000000001
    endloop
  endfacet
  facet normal 0 0 -1
    outer loop
      vertex 110 -31.974893383792757 71.05000000000001
      vertex 110 -25.325000000000003 71.05000000000001
      vertex 126 -31.97489338379276 71.05000000000001
    endloop
  endfacet
  facet normal 0 0 1
    outer loop
      vertex 110 -25.325000000000003 69.85000000000001
      vertex 113 -28.325000000000003 69.85000000000001
      vertex 120.07106781186548 -28.325000000000003 69.85000000000001
    endloop
  endfacet
  facet normal -0.7071067811865475 0 -0.7071067811865475
    outer loop
      vertex 120.07106781186548 -28.325000000000003 69.85000000000001
      vertex 121.12992497359657 -33.06944369716801 68.79114283826891
      vertex 120.07106781186548 -32.63085070016311 69.85000000000001
    endloop
  endfacet
  facet normal 0 0 -1
    outer loop
      vertex 110 -25.325000000000003 71.05000000000001
      vertex 126 -25.325000000000003 71.05000000000001
      vertex 126 -31.97489338379276 71.05000000000001
    endloop
  endfacet
  facet normal 0 0.9238795325112892 -0.38268343236508384
    outer loop
      vertex 126.0000001 -32.32019052838329 70.60000000000001
      vertex 126.0000001 -32.63085070016311 69.85000000000001
      vertex 120.07106781186548 -32.63085070016311 69.85000000000001
    endloop
  endfacet
  facet normal 1 0 0
    outer loop
      vertex 129.0000001 -36.06944369716801 71.79114283826891
      vertex 129.0000001 -36.325 69.85000000000001
      vertex 129.0000001 -35.32019052838329 73.60000000000001
    endloop
  endfacet
  facet normal 1 0 0
    outer loop
      vertex 129.0000001 -35.32019052838329 73.60000000000001
      vertex 129.0000001 -36.325 69.85000000000001
      vertex 129.0000001 -34.12830085889911 75.15330085889912
    endloop
  endfacet
  facet normal -1.830542701012354e-8 0.793353340291235 -0.6087614290087204
    outer loop
      vertex 126.0000001 -32.32019052838329 70.60000000000001
      vertex 126 -31.97489338379276 71.05000000000001
      vertex 126.0000001 -31.12830085889911 72.15330085889912
    endloop
  endfacet
  facet normal 1 0 0
    outer loop
      vertex 129.0000001 -34.12830085889911 75.15330085889912
      vertex 129.0000001 -36.325 69.85000000000001
      vertex 129.0000001 -32.575 76.3451905283833
    endloop
  endfacet
  facet normal 0 0 1
    outer loop
      vertex 120.07106781186548 -28.325000000000003 69.85000000000001
      vertex 120.07106781186548 -32.63085070016311 69.85000000000001
      vertex 126.0000001 -32.63085070016311 69.85000000000001
    endloop
  endfacet
  facet normal 0 0 1
    outer loop
      vertex 120.07106781186548 -28.325000000000003 69.85000000000001
      vertex 126.0000001 -32.63085070016311 69.85000000000001
      vertex 126.0000001 -25.325000000000003 69.85000000000001
    endloop
  endfacet
  facet normal 3.6750067522964564e-10 0.7933533402912344 -0.6087614290087217
    outer loop
      vertex 126 -31.97489338379276 71.05000000000001
      vertex 126 -31.12830085889911 72.15330085889912
      vertex 126.0000001 -31.12830085889911 72.15330085889912
    endloop
  endfacet
  facet normal 0 0.6087614290087207 -0.7933533402912353
    outer loop
      vertex 126.0000001 -31.12830085889911 72.15330085889912
      vertex 126 -31.12830085889911 72.15330085889912
      vertex 126 -29.575000000000003 73.3451905283833
    endloop
  endfacet
  facet normal 1.4246897785366197e-10 0.6087614290087207 -0.7933533402912353
    outer loop
      vertex 126.0000001 -31.12830085889911 72.15330085889912
      vertex 126 -29.575000000000003 73.3451905283833
      vertex 126.0000001 -29.575000000000003 73.3451905283833
    endloop
  endfacet
  facet normal 1 0 0
    outer loop
      vertex 126 -31.97489338379276 71.05000000000001
      vertex 126 -25.325000000000003 71.05000000000001
      vertex 126 -31.12830085889911 72.15330085889912
    endloop
  endfacet
  facet normal 1 0 0
    outer loop
      vertex 126 -25.325000000000003 71.05000000000001
      vertex 126 -29.575000000000003 73.3451905283833
      vertex 126 -31.12830085889911 72.15330085889912
    endloop
  endfacet
  facet normal 1 0 0
    outer loop
      vertex 126 -25.325000000000003 71.05000000000001
      vertex 126 -27.76614283826891 74.09444369716802
      vertex 126 -29.575000000000003 73.3451905283833
    endloop
  endfacet
  facet normal 0 0.3826834323650884 -0.9238795325112873
    outer loop
      vertex 126.0000001 -29.575000000000003 73.3451905283833
      vertex 126 -29.575000000000003 73.3451905283833
      vertex 126 -27.76614283826891 74.09444369716802
    endloop
  endfacet
  facet normal -1.1500928263002506e-10 0.3826834323650884 -0.9238795325112873
    outer loop
      vertex 126.0000001 -29.575000000000003 73.3451905283833
      vertex 126 -27.76614283826891 74.09444369716802
      vertex 126.0000001 -27.76614283826891 74.09444369716802
    endloop
  endfacet
  facet normal 0 1 0
    outer loop
      vertex 110 -25.325000000000003 61.85
      vertex 126.0000001 -25.325000000000003 69.85000000000001
      vertex 126.0000001 -25.325000000000003 61.85
    endloop
  endfacet
  facet normal 0 1 0
    outer loop
      vertex 110 -25.325000000000003 61.85
      vertex 110 -25.325000000000003 69.85000000000001
      vertex 126.0000001 -25.325000000000003 69.85000000000001
    endloop
  endfacet
  facet normal 1 0 0
    outer loop
      vertex 129.0000001 -13.575 53.35
      vertex 129.0000001 -13.575 63.35
      vertex 129.0000001 -36.325 69.85000000000001
    endloop
  endfacet
  facet normal -1 0 0
    outer loop
      vertex 126.0000001 -25.325000000000003 61.85
      vertex 126.0000001 -25.325000000000003 69.85000000000001
      vertex 126.0000001 -13.575 63.35
    endloop
  endfacet
  facet normal 0 1 0
    outer loop
      vertex 110 -25.325000000000003 71.05000000000001
      vertex 110 -25.325000000000003 74.35000000000001
      vertex 126 -25.325000000000003 71.05000000000001
    endloop
  endfacet
  facet normal 0 0 1
    outer loop
      vertex 110 -25.325000000000003 69.85000000000001
      vertex 120.07106781186548 -28.325000000000003 69.85000000000001
      vertex 126.0000001 -25.325000000000003 69.85000000000001
    endloop
  endfacet
  facet normal 0 1 0
    outer loop
      vertex 126 -25.325000000000003 71.05000000000001
      vertex 110 -25.325000000000003 74.35000000000001
      vertex 126 -25.325000000000003 74.35000000000001
    endloop
  endfacet
  facet normal 1 0 0
    outer loop
      vertex 126 -25.325000000000003 71.05000000000001
      vertex 126 -25.825000000000003 74.35000000000001
      vertex 126 -27.76614283826891 74.09444369716802
    endloop
  endfacet
  facet normal 0 0.13052619222005313 -0.9914448613738102
    outer loop
      vertex 126.0000001 -27.76614283826891 74.09444369716802
      vertex 126 -27.76614283826891 74.09444369716802
      vertex 126 -25.825000000000003 74.35000000000001
    endloop
  endfacet
  facet normal 7.961059927156606e-11 0.13052619222005313 -0.9914448613738102
    outer loop
      vertex 126.0000001 -27.76614283826891 74.09444369716802
      vertex 126 -25.825000000000003 74.35000000000001
      vertex 126.0000001 -25.825000000000003 74.35000000000001
    endloop
  endfacet
  facet normal 1 0 0
    outer loop
      vertex 126 -25.325000000000003 71.05000000000001
      vertex 126 -25.325000000000003 74.35000000000001
      vertex 126 -25.825000000000003 74.35000000000001
    endloop
  endfacet
  facet normal 0 0 -1
    outer loop
      vertex 126.0000001 -25.825000000000003 74.35000000000001
      vertex 126 -25.825000000000003 74.35000000000001
      vertex 126 -25.325000000000003 74.35000000000001
    endloop
  endfacet
  facet normal -1 0 0
    outer loop
      vertex 126.0000001 -25.325000000000003 61.85
      vertex 126.0000001 -13.575 63.35
      vertex 126.0000001 -13.575 53.35
    endloop
  endfacet
  facet normal 0 1 0
    outer loop
      vertex 126.0000001 -13.575 53.35
      vertex 129.0000001 -13.575 63.35
      vertex 129.0000001 -13.575 53.35
    endloop
  endfacet
  facet normal 0 0 1
    outer loop
      vertex 126.0000001 -13.575 53.35
      vertex 129.0000001 -13.575 53.35
      vertex 126.0000001 -4.574999999999999 53.35
    endloop
  endfacet
  facet normal 0 1 0
    outer loop
      vertex 126.0000001 -13.575 53.35
      vertex 126.0000001 -13.575 63.35
      vertex 129.0000001 -13.575 63.35
    endloop
  endfacet
  facet normal 0 0 1
    outer loop
      vertex 129.0000001 -13.575 53.35
      vertex 129.0000001 -4.574999999999999 53.35
      vertex 126.0000001 -4.574999999999999 53.35
    endloop
  endfacet
  facet normal 0 -1 0
    outer loop
      vertex 126.0000001 -4.574999999999999 53.35
      vertex 129.0000001 -4.574999999999999 53.35
      vertex 126.0000001 -4.574999999999999 63.35
    endloop
  endfacet
  facet normal 0 -1 0
    outer loop
      vertex 129.0000001 -4.574999999999999 53.35
      vertex 129.0000001 -4.574999999999999 63.35
      vertex 126.0000001 -4.574999999999999 63.35
    endloop
  endfacet
  facet normal -1 0 0
    outer loop
      vertex 126.0000001 -4.574999999999999 53.35
      vertex 126.0000001 -4.574999999999999 63.35
      vertex 126.0000001 8.424999999999997 53.35
    endloop
  endfacet
  facet normal 1 0 0
    outer loop
      vertex 129.0000001 -4.574999999999999 53.35
      vertex 129.0000001 8.424999999999997 63.35
      vertex 129.0000001 -4.574999999999999 63.35
    endloop
  endfacet
  facet normal 0 0 -1
    outer loop
      vertex 93.75 -17.225 74.35000000000001
      vertex 93.75 -16.825000000000003 74.35000000000001
      vertex 126 25.325000000000003 74.35000000000001
    endloop
  endfacet
  facet normal 0 0 -1
    outer loop
      vertex 93.75 -17.225 74.35000000000001
      vertex 126 25.325000000000003 74.35000000000001
      vertex 110 -25.325000000000003 74.35000000000001
    endloop
  endfacet
  facet normal 1 0 0
    outer loop
      vertex 129.0000001 -13.575 63.35
      vertex 129.0000001 -4.574999999999999 63.35
      vertex 129.0000001 -36.325 69.85000000000001
    endloop
  endfacet
  facet normal -1 0 0
    outer loop
      vertex 126.0000001 -13.575 63.35
      vertex 126.0000001 -25.325000000000003 69.85000000000001
      vertex 126.0000001 -4.574999999999999 63.35
    endloop
  endfacet
  facet normal 0 0 -1
    outer loop
      vertex 126.0000001 -13.575 63.35
      vertex 129.0000001 -4.574999999999999 63.35
      vertex 129.0000001 -13.575 63.35
    endloop
  endfacet
  facet normal 1 0 0
    outer loop
      vertex 129.0000001 -4.574999999999999 63.35
      vertex 129.0000001 8.424999999999997 63.35
      vertex 129.0000001 -36.325 69.85000000000001
    endloop
  endfacet
  facet normal 0 0 1
    outer loop
      vertex 129.0000001 -28.825000000000003 77.35000000000001
      vertex 116.85930000245571 -9.746800002455714 77.35000000000001
      vertex 116.28078124672174 -9.688099999725821 77.35000000000001
    endloop
  endfacet
  facet normal 0.5568491934207864 0.8306136140147352 0
    outer loop
      vertex 115.33483125269413 -9.218500000238421 76.35000000000001
      vertex 115.33483125269413 -9.218500000238421 77.35000000000001
      vertex 115.77262499928474 -9.511999998986724 76.35000000000001
    endloop
  endfacet
  facet normal 0.7454361059535339 0.6665770862704714 0
    outer loop
      vertex 115.33483125269413 -9.218500000238421 76.35000000000001
      vertex 114.96739999949932 -8.807600003480914 77.35000000000001
      vertex 115.33483125269413 -9.218500000238421 77.35000000000001
    endloop
  endfacet
  facet normal 0.5568491934207864 0.8306136140147352 0
    outer loop
      vertex 115.77262499928474 -9.511999998986724 76.35000000000001
      vertex 115.33483125269413 -9.218500000238421 77.35000000000001
      vertex 115.77262499928474 -9.511999998986724 77.35000000000001
    endloop
  endfacet
  facet normal 0.10094771657607018 0.9948917320583569 0
    outer loop
      vertex 116.28078124672174 -9.688099999725821 76.35000000000001
      vertex 116.28078124672174 -9.688099999725821 77.35000000000001
      vertex 116.85930000245571 -9.746800002455714 76.35000000000001
    endloop
  endfacet
  facet normal 0.10094771657607018 0.9948917320583569 0
    outer loop
      vertex 116.85930000245571 -9.746800002455714 76.35000000000001
      vertex 116.28078124672174 -9.688099999725821 77.35000000000001
      vertex 116.85930000245571 -9.746800002455714 77.35000000000001
    endloop
  endfacet
  facet normal 0.3274422375577988 0.9448711981339796 0
    outer loop
      vertex 115.77262499928474 -9.511999998986724 76.35000000000001
      vertex 115.77262499928474 -9.511999998986724 77.35000000000001
      vertex 116.28078124672174 -9.688099999725821 76.35000000000001
    endloop
  endfacet
  facet normal 0 0 1
    outer loop
      vertex 115.77262499928474 -9.511999998986724 76.35000000000001
      vertex 116.28078124672174 -9.688099999725821 76.35000000000001
      vertex 116.43846250325441 -8.447781246900561 76.35000000000001
    endloop
  endfacet
  facet normal 0 0 1
    outer loop
      vertex 116.28078124672174 -9.688099999725821 76.35000000000001
      vertex 116.85930000245571 -9.746800002455714 76.35000000000001
      vertex 116.79150000214577 -8.485499997437003 76.35000000000001
    endloop
  endfacet
  facet normal 0.3274422375577988 0.9448711981339796 0
    outer loop
      vertex 116.28078124672174 -9.688099999725821 76.35000000000001
      vertex 115.77262499928474 -9.511999998986724 77.35000000000001
      vertex 116.28078124672174 -9.688099999725821 77.35000000000001
    endloop
  endfacet
  facet normal -0.04311239308934001 0.9990702285435745 0
    outer loop
      vertex 116.85930000245571 -9.746800002455714 76.35000000000001
      vertex 116.85930000245571 -9.746800002455714 77.35000000000001
      vertex 117.11956875026226 -9.735568751394752 76.35000000000001
    endloop
  endfacet
  facet normal -0.13623974636686373 0.9906758963000425 0
    outer loop
      vertex 117.11956875026226 -9.735568751394752 76.35000000000001
      vertex 117.11956875026226 -9.735568751394752 77.35000000000001
      vertex 117.36457499861717 -9.701874998211863 76.35000000000001
    endloop
  endfacet
  facet normal -0.23743978364238952 0.9714022591819803 0
    outer loop
      vertex 117.36457499861717 -9.701874998211863 76.35000000000001
      vertex 117.36457499861717 -9.701874998211863 77.35000000000001
      vertex 117.59431874752045 -9.64571875035763 76.35000000000001
    endloop
  endfacet
  facet normal -0.04311239308934001 0.9990702285435745 0
    outer loop
      vertex 117.11956875026226 -9.735568751394752 76.35000000000001
      vertex 116.85930000245571 -9.746800002455714 77.35000000000001
      vertex 117.11956875026226 -9.735568751394752 77.35000000000001
    endloop
  endfacet
  facet normal -0.13623974636686373 0.9906758963000425 0
    outer loop
      vertex 117.36457499861717 -9.701874998211863 76.35000000000001
      vertex 117.11956875026226 -9.735568751394752 77.35000000000001
      vertex 117.36457499861717 -9.701874998211863 77.35000000000001
    endloop
  endfacet
  facet normal -0.23743978364238952 0.9714022591819803 0
    outer loop
      vertex 117.59431874752045 -9.64571875035763 76.35000000000001
      vertex 117.36457499861717 -9.701874998211863 77.35000000000001
      vertex 117.59431874752045 -9.64571875035763 77.35000000000001
    endloop
  endfacet
  facet normal 0 0 1
    outer loop
      vertex 116.85930000245571 -9.746800002455714 76.35000000000001
      vertex 117.11956875026226 -9.735568751394752 76.35000000000001
      vertex 116.79150000214577 -8.485499997437003 76.35000000000001
    endloop
  endfacet
  facet normal 0 0 1
    outer loop
      vertex 117.11956875026226 -9.735568751394752 76.35000000000001
      vertex 117.36457499861717 -9.701874998211863 76.35000000000001
      vertex 117.0023624971509 -8.470881250500682 76.35000000000001
    endloop
  endfacet
  facet normal 0 0 1
    outer loop
      vertex 117.36457499861717 -9.701874998211863 76.35000000000001
      vertex 117.59431874752045 -9.64571875035763 76.35000000000001
      vertex 117.19415000081062 -8.427025002241137 76.35000000000001
    endloop
  endfacet
  facet normal -0.34416058997292887 0.9389107989098248 0
    outer loop
      vertex 117.59431874752045 -9.64571875035763 76.35000000000001
      vertex 117.59431874752045 -9.64571875035763 77.35000000000001
      vertex 117.80879999697208 -9.567100000381473 76.35000000000001
    endloop
  endfacet
  facet normal -0.44611820896909476 0.8949740463422429 0
    outer loop
      vertex 117.80879999697208 -9.567100000381473 76.35000000000001
      vertex 117.80879999697208 -9.567100000381473 77.35000000000001
      vertex 118.00903750211 -9.467287500202659 76.35000000000001
    endloop
  endfacet
  facet normal 0 0 1
    outer loop
      vertex 117.59431874752045 -9.64571875035763 76.35000000000001
      vertex 117.80879999697208 -9.567100000381473 76.35000000000001
      vertex 117.19415000081062 -8.427025002241137 76.35000000000001
    endloop
  endfacet
  facet normal 0 0 1
    outer loop
      vertex 117.80879999697208 -9.567100000381473 76.35000000000001
      vertex 118.00903750211 -9.467287500202659 76.35000000000001
      vertex 117.36686249822378 -8.35393125265837 76.35000000000001
    endloop
  endfacet
  facet normal -0.34416058997292887 0.9389107989098248 0
    outer loop
      vertex 117.80879999697208 -9.567100000381473 76.35000000000001
      vertex 117.59431874752045 -9.64571875035763 77.35000000000001
      vertex 117.80879999697208 -9.567100000381473 77.35000000000001
    endloop
  endfacet
  facet normal -0.5390073943629913 0.8423010321862481 0
    outer loop
      vertex 118.00903750211 -9.467287500202659 76.35000000000001
      vertex 118.00903750211 -9.467287500202659 77.35000000000001
      vertex 118.19614999741316 -9.347550001740458 76.35000000000001
    endloop
  endfacet
  facet normal -0.6259855494689421 0.7798346567420985 0
    outer loop
      vertex 118.19614999741316 -9.347550001740458 76.35000000000001
      vertex 118.19614999741316 -9.347550001740458 77.35000000000001
      vertex 118.37013749778271 -9.207887497544291 76.35000000000001
    endloop
  endfacet
  facet normal -0.7042877612710449 0.7099146070646947 0
    outer loop
      vertex 118.37013749778271 -9.207887497544291 76.35000000000001
      vertex 118.37013749778271 -9.207887497544291 77.35000000000001
      vertex 118.53100000321865 -9.048300002515319 76.35000000000001
    endloop
  endfacet
  facet normal -0.44611820896909476 0.8949740463422429 0
    outer loop
      vertex 118.00903750211 -9.467287500202659 76.35000000000001
      vertex 117.80879999697208 -9.567100000381473 77.35000000000001
      vertex 118.00903750211 -9.467287500202659 77.35000000000001
    endloop
  endfacet
  facet normal -0.5390073943629913 0.8423010321862481 0
    outer loop
      vertex 118.19614999741316 -9.347550001740458 76.35000000000001
      vertex 118.00903750211 -9.467287500202659 77.35000000000001
      vertex 118.19614999741316 -9.347550001740458 77.35000000000001
    endloop
  endfacet
  facet normal -0.6259855494689421 0.7798346567420985 0
    outer loop
      vertex 118.37013749778271 -9.207887497544291 76.35000000000001
      vertex 118.19614999741316 -9.347550001740458 77.35000000000001
      vertex 118.37013749778271 -9.207887497544291 77.35000000000001
    endloop
  endfacet
  facet normal -0.7042877612710449 0.7099146070646947 0
    outer loop
      vertex 118.37013749778271 -9.207887497544291 77.35000000000001
      vertex 118.53100000321865 -9.048300002515319 77.35000000000001
      vertex 118.53100000321865 -9.048300002515319 76.35000000000001
    endloop
  endfacet
  facet normal 0 0 1
    outer loop
      vertex 118.19614999741316 -9.347550001740458 77.35000000000001
      vertex 121.70790000259876 -10.194300000369552 77.35000000000001
      vertex 118.37013749778271 -9.207887497544291 77.35000000000001
    endloop
  endfacet
  facet normal 0 0 1
    outer loop
      vertex 118.37013749778271 -9.207887497544291 77.35000000000001
      vertex 121.70790000259876 -10.194300000369552 77.35000000000001
      vertex 118.53100000321865 -9.048300002515319 77.35000000000001
    endloop
  endfacet
  facet normal 0 0 1
    outer loop
      vertex 121.70790000259876 -10.194300000369552 77.35000000000001
      vertex 118.68164999783039 -8.863287498056891 77.35000000000001
      vertex 118.53100000321865 -9.048300002515319 77.35000000000001
    endloop
  endfacet
  facet normal 0 0 1
    outer loop
      vertex 121.70790000259876 -10.194300000369552 77.35000000000001
      vertex 118.82509999722242 -8.647350002825263 77.35000000000001
      vertex 118.68164999783039 -8.863287498056891 77.35000000000001
    endloop
  endfacet
  facet normal 0 0 1
    outer loop
      vertex 121.70790000259876 -10.194300000369552 77.35000000000001
      vertex 121.45700000226498 -8.939799998700622 77.35000000000001
      vertex 118.82509999722242 -8.647350002825263 77.35000000000001
    endloop
  endfacet
  facet normal 0 0 1
    outer loop
      vertex 129.0000001 -28.825000000000003 77.35000000000001
      vertex 117.11956875026226 -9.735568751394752 77.35000000000001
      vertex 116.85930000245571 -9.746800002455714 77.35000000000001
    endloop
  endfacet
  facet normal 0 0 1
    outer loop
      vertex 129.0000001 -28.825000000000003 77.35000000000001
      vertex 117.36457499861717 -9.701874998211863 77.35000000000001
      vertex 117.11956875026226 -9.735568751394752 77.35000000000001
    endloop
  endfacet
  facet normal 0 0 1
    outer loop
      vertex 129.0000001 -28.825000000000003 77.35000000000001
      vertex 117.59431874752045 -9.64571875035763 77.35000000000001
      vertex 117.36457499861717 -9.701874998211863 77.35000000000001
    endloop
  endfacet
  facet normal 0 0 1
    outer loop
      vertex 129.0000001 -28.825000000000003 77.35000000000001
      vertex 117.80879999697208 -9.567100000381473 77.35000000000001
      vertex 117.59431874752045 -9.64571875035763 77.35000000000001
    endloop
  endfacet
  facet normal 0 0 1
    outer loop
      vertex 129.0000001 -28.825000000000003 77.35000000000001
      vertex 118.00903750211 -9.467287500202659 77.35000000000001
      vertex 117.80879999697208 -9.567100000381473 77.35000000000001
    endloop
  endfacet
  facet normal 0 0 1
    outer loop
      vertex 129.0000001 -28.825000000000003 77.35000000000001
      vertex 121.70790000259876 -10.194300000369552 77.35000000000001
      vertex 118.19614999741316 -9.347550001740458 77.35000000000001
    endloop
  endfacet
  facet normal 0 0 1
    outer loop
      vertex 129.0000001 -28.825000000000003 77.35000000000001
      vertex 122.77001874893904 -9.732774999737742 77.35000000000001
      vertex 121.70790000259876 -10.194300000369552 77.35000000000001
    endloop
  endfacet
  facet normal 0 0 1
    outer loop
      vertex 129.0000001 -28.825000000000003 77.35000000000001
      vertex 118.19614999741316 -9.347550001740458 77.35000000000001
      vertex 118.00903750211 -9.467287500202659 77.35000000000001
    endloop
  endfacet
  facet normal 0 0 1
    outer loop
      vertex 129.0000001 -28.825000000000003 77.35000000000001
      vertex 123.52867499738932 -8.90419999957085 77.35000000000001
      vertex 122.77001874893904 -9.732774999737742 77.35000000000001
    endloop
  endfacet
  facet normal 0 0 1
    outer loop
      vertex 129.0000001 -28.825000000000003 77.35000000000001
      vertex 123.9838687479496 -7.708574999868873 77.35000000000001
      vertex 123.52867499738932 -8.90419999957085 77.35000000000001
    endloop
  endfacet
  facet normal 0 0 1
    outer loop
      vertex 129.0000001 -28.825000000000003 77.35000000000001
      vertex 124.13560000061989 -6.145900000631812 77.35000000000001
      vertex 123.9838687479496 -7.708574999868873 77.35000000000001
    endloop
  endfacet
  facet normal -1 0 0
    outer loop
      vertex 126.0000001 -32.32019052838329 70.60000000000001
      vertex 126.0000001 27.766142838268905 74.09444369716802
      vertex 126.0000001 -32.63085070016311 69.85000000000001
    endloop
  endfacet
  facet normal -1 0 0
    outer loop
      vertex 126.0000001 -32.32019052838329 70.60000000000001
      vertex 126.0000001 -31.12830085889911 72.15330085889912
      vertex 126.0000001 27.766142838268905 74.09444369716802
    endloop
  endfacet
  facet normal -1 0 0
    outer loop
      vertex 126.0000001 -31.12830085889911 72.15330085889912
      vertex 126.0000001 -29.575000000000003 73.3451905283833
      vertex 126.0000001 27.766142838268905 74.09444369716802
    endloop
  endfacet
  facet normal 1 0 0
    outer loop
      vertex 129.0000001 -32.575 76.3451905283833
      vertex 129.0000001 -36.325 69.85000000000001
      vertex 129.0000001 36.325 69.85000000000001
    endloop
  endfacet
  facet normal 0.9805806756909202 0.19611613513818404 0
    outer loop
      vertex 121.70790000259876 -10.194300000369552 76.35000000000001
      vertex 121.45700000226498 -8.939799998700622 77.35000000000001
      vertex 121.70790000259876 -10.194300000369552 77.35000000000001
    endloop
  endfacet
  facet normal 0 0 1
    outer loop
      vertex 121.70790000259876 -10.194300000369552 76.35000000000001
      vertex 121.85899374634027 -8.800787498056891 76.35000000000001
      vertex 121.45700000226498 -8.939799998700622 76.35000000000001
    endloop
  endfacet
  facet normal 0.9805806756909202 0.19611613513818404 0
    outer loop
      vertex 121.70790000259876 -10.194300000369552 76.35000000000001
      vertex 121.45700000226498 -8.939799998700622 76.35000000000001
      vertex 121.45700000226498 -8.939799998700622 77.35000000000001
    endloop
  endfacet
  facet normal -0.3985331006790293 0.9171539498160377 0
    outer loop
      vertex 121.70790000259876 -10.194300000369552 76.35000000000001
      vertex 121.70790000259876 -10.194300000369552 77.35000000000001
      vertex 122.77001874893904 -9.732774999737742 76.35000000000001
    endloop
  endfacet
  facet normal -0.3985331006790293 0.9171539498160377 0
    outer loop
      vertex 122.77001874893904 -9.732774999737742 76.35000000000001
      vertex 121.70790000259876 -10.194300000369552 77.35000000000001
      vertex 122.77001874893904 -9.732774999737742 77.35000000000001
    endloop
  endfacet
  facet normal 0 0 1
    outer loop
      vertex 121.70790000259876 -10.194300000369552 76.35000000000001
      vertex 122.77001874893904 -9.732774999737742 76.35000000000001
      vertex 121.85899374634027 -8.800787498056891 76.35000000000001
    endloop
  endfacet
  facet normal -0.7375401358440872 0.6753033007612842 0
    outer loop
      vertex 122.77001874893904 -9.732774999737742 76.35000000000001
      vertex 122.77001874893904 -9.732774999737742 77.35000000000001
      vertex 123.52867499738932 -8.90419999957085 76.35000000000001
    endloop
  endfacet
  facet normal -0.7375401358440872 0.6753033007612842 0
    outer loop
      vertex 122.77001874893904 -9.732774999737742 77.35000000000001
      vertex 123.52867499738932 -8.90419999957085 77.35000000000001
      vertex 123.52867499738932 -8.90419999957085 76.35000000000001
    endloop
  endfacet
  facet normal 0 0 1
    outer loop
      vertex 129.0000001 -28.825000000000003 77.35000000000001
      vertex 124 -0.5982999995350866 77.35000000000001
      vertex 124.13560000061989 -6.145900000631812 77.35000000000001
    endloop
  endfacet
  facet normal -1 0 0
    outer loop
      vertex 126.0000001 -29.575000000000003 73.3451905283833
      vertex 126.0000001 -27.76614283826891 74.09444369716802
      vertex 126.0000001 27.766142838268905 74.09444369716802
    endloop
  endfacet
  facet normal 0 0 1
    outer loop
      vertex 129.0000001 -28.825000000000003 77.35000000000001
      vertex 124 0.6224000036716433 77.35000000000001
      vertex 124 -0.5982999995350866 77.35000000000001
    endloop
  endfacet
  facet normal 0 0 -1
    outer loop
      vertex 126.0000001 -13.575 63.35
      vertex 126.0000001 -4.574999999999999 63.35
      vertex 129.0000001 -4.574999999999999 63.35
    endloop
  endfacet
  facet normal 1 0 0
    outer loop
      vertex 129.0000001 8.424999999999997 63.35
      vertex 129.0000001 18.424999999999997 63.35
      vertex 129.0000001 -36.325 69.85000000000001
    endloop
  endfacet
  facet normal -1 0 0
    outer loop
      vertex 126.0000001 -4.574999999999999 63.35
      vertex 126.0000001 -25.325000000000003 69.85000000000001
      vertex 126.0000001 25.325000000000003 69.85000000000001
    endloop
  endfacet
  facet normal 0.8729187891288015 0.4878655425277614 0
    outer loop
      vertex 114.96739999949932 -8.807600003480914 76.35000000000001
      vertex 114.67663750052452 -8.28735000342131 77.35000000000001
      vertex 114.96739999949932 -8.807600003480914 77.35000000000001
    endloop
  endfacet
  facet normal 0.8729187891288015 0.4878655425277614 0
    outer loop
      vertex 114.67663750052452 -8.28735000342131 76.35000000000001
      vertex 114.67663750052452 -8.28735000342131 77.35000000000001
      vertex 114.96739999949932 -8.807600003480914 76.35000000000001
    endloop
  endfacet
  facet normal 0.9484522474166219 0.31692007568211705 0
    outer loop
      vertex 114.67663750052452 -8.28735000342131 76.35000000000001
      vertex 114.46895000338554 -7.665800002217296 77.35000000000001
      vertex 114.67663750052452 -8.28735000342131 77.35000000000001
    endloop
  endfacet
  facet normal 0 0 1
    outer loop
      vertex 114.67663750052452 -8.28735000342131 76.35000000000001
      vertex 115.49293749779463 -7.546299998462203 76.35000000000001
      vertex 114.46895000338554 -7.665800002217296 76.35000000000001
    endloop
  endfacet
  facet normal 0.9484522474166219 0.31692007568211705 0
    outer loop
      vertex 114.67663750052452 -8.28735000342131 76.35000000000001
      vertex 114.46895000338554 -7.665800002217296 76.35000000000001
      vertex 114.46895000338554 -7.665800002217296 77.35000000000001
    endloop
  endfacet
  facet normal 0.9854639521998121 0.16988466356539283 0
    outer loop
      vertex 114.46895000338554 -7.665800002217296 76.35000000000001
      vertex 114.34433750063181 -6.942949999868873 77.35000000000001
      vertex 114.46895000338554 -7.665800002217296 77.35000000000001
    endloop
  endfacet
  facet normal 0.9854639521998121 0.16988466356539283 0
    outer loop
      vertex 114.46895000338554 -7.665800002217296 76.35000000000001
      vertex 114.34433750063181 -6.942949999868873 76.35000000000001
      vertex 114.34433750063181 -6.942949999868873 77.35000000000001
    endloop
  endfacet
  facet normal 0 0 1
    outer loop
      vertex 114.46895000338554 -7.665800002217296 76.35000000000001
      vertex 115.37425000220537 -7.142800000309947 76.35000000000001
      vertex 114.34433750063181 -6.942949999868873 76.35000000000001
    endloop
  endfacet
  facet normal 0.7454361059535339 0.6665770862704714 0
    outer loop
      vertex 115.33483125269413 -9.218500000238421 76.35000000000001
      vertex 114.96739999949932 -8.807600003480914 76.35000000000001
      vertex 114.96739999949932 -8.807600003480914 77.35000000000001
    endloop
  endfacet
  facet normal 0 0 1
    outer loop
      vertex 115.33483125269413 -9.218500000238421 76.35000000000001
      vertex 115.8722625002265 -8.146031250059607 76.35000000000001
      vertex 114.96739999949932 -8.807600003480914 76.35000000000001
    endloop
  endfacet
  facet normal 0 0 1
    outer loop
      vertex 115.33483125269413 -9.218500000238421 76.35000000000001
      vertex 115.77262499928474 -9.511999998986724 76.35000000000001
      vertex 116.13205000013113 -8.334625002741817 76.35000000000001
    endloop
  endfacet
  facet normal 0 0 1
    outer loop
      vertex 115.33483125269413 -9.218500000238421 76.35000000000001
      vertex 116.13205000013113 -8.334625002741817 76.35000000000001
      vertex 115.8722625002265 -8.146031250059607 76.35000000000001
    endloop
  endfacet
  facet normal 0 0 1
    outer loop
      vertex 114.67663750052452 -8.28735000342131 76.35000000000001
      vertex 114.96739999949932 -8.807600003480914 76.35000000000001
      vertex 115.65910000354052 -7.881999996304515 76.35000000000001
    endloop
  endfacet
  facet normal 0 0 1
    outer loop
      vertex 114.96739999949932 -8.807600003480914 76.35000000000001
      vertex 115.8722625002265 -8.146031250059607 76.35000000000001
      vertex 115.65910000354052 -7.881999996304515 76.35000000000001
    endloop
  endfacet
  facet normal -0.7780758698413237 -0.6281703119144262 0
    outer loop
      vertex 115.8722625002265 -8.146031250059607 76.35000000000001
      vertex 115.8722625002265 -8.146031250059607 77.35000000000001
      vertex 115.65910000354052 -7.881999996304515 76.35000000000001
    endloop
  endfacet
  facet normal -0.7780758698413237 -0.6281703119144262 0
    outer loop
      vertex 115.65910000354052 -7.881999996304515 76.35000000000001
      vertex 115.8722625002265 -8.146031250059607 77.35000000000001
      vertex 115.65910000354052 -7.881999996304515 77.35000000000001
    endloop
  endfacet
  facet normal 0 0 1
    outer loop
      vertex 115.77262499928474 -9.511999998986724 76.35000000000001
      vertex 116.43846250325441 -8.447781246900561 76.35000000000001
      vertex 116.13205000013113 -8.334625002741817 76.35000000000001
    endloop
  endfacet
  facet normal 0 0 1
    outer loop
      vertex 116.28078124672174 -9.688099999725821 76.35000000000001
      vertex 116.79150000214577 -8.485499997437003 76.35000000000001
      vertex 116.43846250325441 -8.447781246900561 76.35000000000001
    endloop
  endfacet
  facet normal -0.587473445939984 -0.8092434431710898 0
    outer loop
      vertex 115.8722625002265 -8.146031250059607 76.35000000000001
      vertex 116.13205000013113 -8.334625002741817 76.35000000000001
      vertex 116.13205000013113 -8.334625002741817 77.35000000000001
    endloop
  endfacet
  facet normal -0.3464261336538132 -0.9380772537065752 0
    outer loop
      vertex 116.13205000013113 -8.334625002741817 76.35000000000001
      vertex 116.43846250325441 -8.447781246900561 76.35000000000001
      vertex 116.43846250325441 -8.447781246900561 77.35000000000001
    endloop
  endfacet
  facet normal -0.10623601756278853 -0.994340941816437 0
    outer loop
      vertex 116.43846250325441 -8.447781246900561 76.35000000000001
      vertex 116.79150000214577 -8.485499997437003 76.35000000000001
      vertex 116.79150000214577 -8.485499997437003 77.35000000000001
    endloop
  endfacet
  facet normal -0.3464261336538132 -0.9380772537065752 0
    outer loop
      vertex 116.13205000013113 -8.334625002741817 76.35000000000001
      vertex 116.43846250325441 -8.447781246900561 77.35000000000001
      vertex 116.13205000013113 -8.334625002741817 77.35000000000001
    endloop
  endfacet
  facet normal 0 0 1
    outer loop
      vertex 115.8722625002265 -8.146031250059607 77.35000000000001
      vertex 116.13205000013113 -8.334625002741817 77.35000000000001
      vertex 116.43846250325441 -8.447781246900561 77.35000000000001
    endloop
  endfacet
  facet normal 0 0 1
    outer loop
      vertex 116.43846250325441 -8.447781246900561 77.35000000000001
      vertex 116.79150000214577 -8.485499997437003 77.35000000000001
      vertex 115.65910000354052 -7.881999996304515 77.35000000000001
    endloop
  endfacet
  facet normal -0.587473445939984 -0.8092434431710898 0
    outer loop
      vertex 115.8722625002265 -8.146031250059607 76.35000000000001
      vertex 116.13205000013113 -8.334625002741817 77.35000000000001
      vertex 115.8722625002265 -8.146031250059607 77.35000000000001
    endloop
  endfacet
  facet normal 0 0 1
    outer loop
      vertex 115.8722625002265 -8.146031250059607 77.35000000000001
      vertex 116.43846250325441 -8.447781246900561 77.35000000000001
      vertex 115.65910000354052 -7.881999996304515 77.35000000000001
    endloop
  endfacet
  facet normal 0 0 1
    outer loop
      vertex 116.79150000214577 -8.485499997437003 77.35000000000001
      vertex 115.49293749779463 -7.546299998462203 77.35000000000001
      vertex 115.65910000354052 -7.881999996304515 77.35000000000001
    endloop
  endfacet
  facet normal -0.10623601756278853 -0.994340941816437 0
    outer loop
      vertex 116.43846250325441 -8.447781246900561 76.35000000000001
      vertex 116.79150000214577 -8.485499997437003 77.35000000000001
      vertex 116.43846250325441 -8.447781246900561 77.35000000000001
    endloop
  endfacet
  facet normal 0.06916232858011685 -0.9976054191439498 0
    outer loop
      vertex 116.79150000214577 -8.485499997437003 76.35000000000001
      vertex 117.0023624971509 -8.470881250500682 77.35000000000001
      vertex 116.79150000214577 -8.485499997437003 77.35000000000001
    endloop
  endfacet
  facet normal 0 0 1
    outer loop
      vertex 116.79150000214577 -8.485499997437003 77.35000000000001
      vertex 117.0023624971509 -8.470881250500682 77.35000000000001
      vertex 115.49293749779463 -7.546299998462203 77.35000000000001
    endloop
  endfacet
  facet normal 0 0 1
    outer loop
      vertex 115.49293749779463 -7.546299998462203 77.35000000000001
      vertex 117.0023624971509 -8.470881250500682 77.35000000000001
      vertex 117.19415000081062 -8.427025002241137 77.35000000000001
    endloop
  endfacet
  facet normal 0 0 1
    outer loop
      vertex 115.49293749779463 -7.546299998462203 77.35000000000001
      vertex 117.19415000081062 -8.427025002241137 77.35000000000001
      vertex 117.36686249822378 -8.35393125265837 77.35000000000001
    endloop
  endfacet
  facet normal 0 0 1
    outer loop
      vertex 115.49293749779463 -7.546299998462203 77.35000000000001
      vertex 117.36686249822378 -8.35393125265837 77.35000000000001
      vertex 117.52049999684095 -8.25160000175238 77.35000000000001
    endloop
  endfacet
  facet normal 0 0 1
    outer loop
      vertex 115.49293749779463 -7.546299998462203 77.35000000000001
      vertex 117.52049999684095 -8.25160000175238 77.35000000000001
      vertex 117.6590937525034 -8.121674996614459 77.35000000000001
    endloop
  endfacet
  facet normal 0 0 1
    outer loop
      vertex 114.67663750052452 -8.28735000342131 76.35000000000001
      vertex 115.65910000354052 -7.881999996304515 76.35000000000001
      vertex 115.49293749779463 -7.546299998462203 76.35000000000001
    endloop
  endfacet
  facet normal 0 0 1
    outer loop
      vertex 114.46895000338554 -7.665800002217296 76.35000000000001
      vertex 115.49293749779463 -7.546299998462203 76.35000000000001
      vertex 115.37425000220537 -7.142800000309947 76.35000000000001
    endloop
  endfacet
  facet normal -0.8962219772552629 -0.4436058695336063 0
    outer loop
      vertex 115.65910000354052 -7.881999996304515 76.35000000000001
      vertex 115.65910000354052 -7.881999996304515 77.35000000000001
      vertex 115.49293749779463 -7.546299998462203 76.35000000000001
    endloop
  endfacet
  facet normal -0.9593584050544254 -0.2821904510280763 0
    outer loop
      vertex 115.49293749779463 -7.546299998462203 76.35000000000001
      vertex 115.49293749779463 -7.546299998462203 77.35000000000001
      vertex 115.37425000220537 -7.142800000309947 76.35000000000001
    endloop
  endfacet
  facet normal -0.8962219772552629 -0.4436058695336063 0
    outer loop
      vertex 115.49293749779463 -7.546299998462203 76.35000000000001
      vertex 115.65910000354052 -7.881999996304515 77.35000000000001
      vertex 115.49293749779463 -7.546299998462203 77.35000000000001
    endloop
  endfacet
  facet normal 0 0 1
    outer loop
      vertex 114.34433750063181 -6.942949999868873 76.35000000000001
      vertex 115.37425000220537 -7.142800000309947 76.35000000000001
      vertex 115.30303750187159 -6.671500001847747 76.35000000000001
    endloop
  endfacet
  facet normal -0.9887765108232882 -0.14940218085464424 0
    outer loop
      vertex 115.37425000220537 -7.142800000309947 76.35000000000001
      vertex 115.37425000220537 -7.142800000309947 77.35000000000001
      vertex 115.30303750187159 -6.671500001847747 76.35000000000001
    endloop
  endfacet
  facet normal -0.9887765108232882 -0.14940218085464424 0
    outer loop
      vertex 115.30303750187159 -6.671500001847747 76.35000000000001
      vertex 115.37425000220537 -7.142800000309947 77.35000000000001
      vertex 115.30303750187159 -6.671500001847747 77.35000000000001
    endloop
  endfacet
  facet normal -0.9593584050544254 -0.2821904510280763 0
    outer loop
      vertex 115.37425000220537 -7.142800000309947 76.35000000000001
      vertex 115.49293749779463 -7.546299998462203 77.35000000000001
      vertex 115.37425000220537 -7.142800000309947 77.35000000000001
    endloop
  endfacet
  facet normal 0 0 1
    outer loop
      vertex 115.49293749779463 -7.546299998462203 77.35000000000001
      vertex 118.00879999995232 -7.576800000667575 77.35000000000001
      vertex 115.37425000220537 -7.142800000309947 77.35000000000001
    endloop
  endfacet
  facet normal 0 0 1
    outer loop
      vertex 115.37425000220537 -7.142800000309947 77.35000000000001
      vertex 118.11452499777079 -7.301724997162822 77.35000000000001
      vertex 115.30303750187159 -6.671500001847747 77.35000000000001
    endloop
  endfacet
  facet normal 0.9987323137856036 0.050336521537099305 0
    outer loop
      vertex 114.34433750063181 -6.942949999868873 76.35000000000001
      vertex 114.3027999997139 -6.11879999637604 76.35000000000001
      vertex 114.3027999997139 -6.11879999637604 77.35000000000001
    endloop
  endfacet
  facet normal 0 0 1
    outer loop
      vertex 114.34433750063181 -6.942949999868873 76.35000000000001
      vertex 115.30303750187159 -6.671500001847747 76.35000000000001
      vertex 114.3027999997139 -6.11879999637604 76.35000000000001
    endloop
  endfacet
  facet normal 0.9987323137856036 0.050336521537099305 0
    outer loop
      vertex 114.34433750063181 -6.942949999868873 76.35000000000001
      vertex 114.3027999997139 -6.11879999637604 77.35000000000001
      vertex 114.34433750063181 -6.942949999868873 77.35000000000001
    endloop
  endfacet
  facet normal 0 0 1
    outer loop
      vertex 114.3027999997139 -6.11879999637604 76.35000000000001
      vertex 115.30070625245571 -5.638643753528598 76.35000000000001
      vertex 114.33395624905825 -5.352943752706054 76.35000000000001
    endloop
  endfacet
  facet normal 0.9991735298462221 -0.04064796741093948 0
    outer loop
      vertex 114.3027999997139 -6.11879999637604 76.35000000000001
      vertex 114.33395624905825 -5.352943752706054 77.35000000000001
      vertex 114.3027999997139 -6.11879999637604 77.35000000000001
    endloop
  endfacet
  facet normal 0.9991735298462221 -0.04064796741093948 0
    outer loop
      vertex 114.3027999997139 -6.11879999637604 76.35000000000001
      vertex 114.33395624905825 -5.352943752706054 76.35000000000001
      vertex 114.33395624905825 -5.352943752706054 77.35000000000001
    endloop
  endfacet
  facet normal 0.9904108053529708 -0.13815367038222306 0
    outer loop
      vertex 114.33395624905825 -5.352943752706054 76.35000000000001
      vertex 114.4274249970913 -4.682874996960166 77.35000000000001
      vertex 114.33395624905825 -5.352943752706054 77.35000000000001
    endloop
  endfacet
  facet normal 0 0 1
    outer loop
      vertex 114.33395624905825 -5.352943752706054 76.35000000000001
      vertex 115.3649249970913 -5.2016750022769 76.35000000000001
      vertex 114.4274249970913 -4.682874996960166 76.35000000000001
    endloop
  endfacet
  facet normal 0.9904108053529708 -0.13815367038222306 0
    outer loop
      vertex 114.33395624905825 -5.352943752706054 76.35000000000001
      vertex 114.4274249970913 -4.682874996960166 76.35000000000001
      vertex 114.4274249970913 -4.682874996960166 77.35000000000001
    endloop
  endfacet
  facet normal 0 0 1
    outer loop
      vertex 114.3027999997139 -6.11879999637604 76.35000000000001
      vertex 115.30303750187159 -6.671500001847747 76.35000000000001
      vertex 115.27929999679327 -6.1324000030756025 76.35000000000001
    endloop
  endfacet
  facet normal -0.9990320107393379 -0.0439891068119779 0
    outer loop
      vertex 115.30303750187159 -6.671500001847747 76.35000000000001
      vertex 115.30303750187159 -6.671500001847747 77.35000000000001
      vertex 115.27929999679327 -6.1324000030756025 76.35000000000001
    endloop
  endfacet
  facet normal -0.9990320107393379 -0.0439891068119779 0
    outer loop
      vertex 115.27929999679327 -6.1324000030756025 76.35000000000001
      vertex 115.30303750187159 -6.671500001847747 77.35000000000001
      vertex 115.27929999679327 -6.1324000030756025 77.35000000000001
    endloop
  endfacet
  facet normal 0 0 1
    outer loop
      vertex 114.3027999997139 -6.11879999637604 76.35000000000001
      vertex 115.27929999679327 -6.1324000030756025 76.35000000000001
      vertex 115.30070625245571 -5.638643753528598 76.35000000000001
    endloop
  endfacet
  facet normal -0.9990615426844939 0.043313207326161285 0
    outer loop
      vertex 115.27929999679327 -6.1324000030756025 76.35000000000001
      vertex 115.27929999679327 -6.1324000030756025 77.35000000000001
      vertex 115.30070625245571 -5.638643753528598 76.35000000000001
    endloop
  endfacet
  facet normal -0.9990615426844939 0.043313207326161285 0
    outer loop
      vertex 115.30070625245571 -5.638643753528598 76.35000000000001
      vertex 115.27929999679327 -6.1324000030756025 77.35000000000001
      vertex 115.30070625245571 -5.638643753528598 77.35000000000001
    endloop
  endfacet
  facet normal 0 0 1
    outer loop
      vertex 115.30303750187159 -6.671500001847747 77.35000000000001
      vertex 118.23170000314713 -6.917299997806552 77.35000000000001
      vertex 115.27929999679327 -6.1324000030756025 77.35000000000001
    endloop
  endfacet
  facet normal 0 0 1
    outer loop
      vertex 115.27929999679327 -6.1324000030756025 77.35000000000001
      vertex 118.36032500118017 -6.423525002598765 77.35000000000001
      vertex 115.30070625245571 -5.638643753528598 77.35000000000001
    endloop
  endfacet
  facet normal 0 0 1
    outer loop
      vertex 114.33395624905825 -5.352943752706054 76.35000000000001
      vertex 115.30070625245571 -5.638643753528598 76.35000000000001
      vertex 115.3649249970913 -5.2016750022769 76.35000000000001
    endloop
  endfacet
  facet normal -0.9893726129956505 0.14540231309769044 0
    outer loop
      vertex 115.30070625245571 -5.638643753528598 76.35000000000001
      vertex 115.30070625245571 -5.638643753528598 77.35000000000001
      vertex 115.3649249970913 -5.2016750022769 76.35000000000001
    endloop
  endfacet
  facet normal -0.9893726129956505 0.14540231309769044 0
    outer loop
      vertex 115.3649249970913 -5.2016750022769 76.35000000000001
      vertex 115.30070625245571 -5.638643753528598 77.35000000000001
      vertex 115.3649249970913 -5.2016750022769 77.35000000000001
    endloop
  endfacet
  facet normal 0 0 1
    outer loop
      vertex 114.4274249970913 -4.682874996960166 76.35000000000001
      vertex 115.3649249970913 -5.2016750022769 76.35000000000001
      vertex 115.47195625305176 -4.82149374932051 76.35000000000001
    endloop
  endfacet
  facet normal -0.962581435317384 0.27099258362974593 0
    outer loop
      vertex 115.3649249970913 -5.2016750022769 76.35000000000001
      vertex 115.3649249970913 -5.2016750022769 77.35000000000001
      vertex 115.47195625305176 -4.82149374932051 76.35000000000001
    endloop
  endfacet
  facet normal -0.9073337778959649 0.42041100781144586 0
    outer loop
      vertex 115.47195625305176 -4.82149374932051 76.35000000000001
      vertex 115.47195625305176 -4.82149374932051 77.35000000000001
      vertex 115.62179999798536 -4.498100002110007 76.35000000000001
    endloop
  endfacet
  facet normal -0.962581435317384 0.27099258362974593 0
    outer loop
      vertex 115.47195625305176 -4.82149374932051 76.35000000000001
      vertex 115.3649249970913 -5.2016750022769 77.35000000000001
      vertex 115.47195625305176 -4.82149374932051 77.35000000000001
    endloop
  endfacet
  facet normal -0.9073337778959649 0.42041100781144586 0
    outer loop
      vertex 115.62179999798536 -4.498100002110007 76.35000000000001
      vertex 115.47195625305176 -4.82149374932051 77.35000000000001
      vertex 115.62179999798536 -4.498100002110007 77.35000000000001
    endloop
  endfacet
  facet normal 0 0 1
    outer loop
      vertex 115.30070625245571 -5.638643753528598 77.35000000000001
      vertex 118.5003999993205 -5.820399996638301 77.35000000000001
      vertex 115.3649249970913 -5.2016750022769 77.35000000000001
    endloop
  endfacet
  facet normal 0 0 1
    outer loop
      vertex 115.3649249970913 -5.2016750022769 77.35000000000001
      vertex 118.5003999993205 -5.820399996638301 77.35000000000001
      vertex 115.47195625305176 -4.82149374932051 77.35000000000001
    endloop
  endfacet
  facet normal 0 0 1
    outer loop
      vertex 115.47195625305176 -4.82149374932051 77.35000000000001
      vertex 118.60294999927282 -5.380524997413161 77.35000000000001
      vertex 115.62179999798536 -4.498100002110007 77.35000000000001
    endloop
  endfacet
  facet normal 0 0 1
    outer loop
      vertex 118.60294999927282 -5.380524997413161 77.35000000000001
      vertex 115.81906875222921 -4.226837497949603 77.35000000000001
      vertex 115.62179999798536 -4.498100002110007 77.35000000000001
    endloop
  endfacet
  facet normal 0 0 -1
    outer loop
      vertex 110 -25.325000000000003 74.35000000000001
      vertex 126 25.325000000000003 74.35000000000001
      vertex 126 -25.325000000000003 74.35000000000001
    endloop
  endfacet
  facet normal 0 0 1
    outer loop
      vertex 117.11956875026226 -9.735568751394752 76.35000000000001
      vertex 117.0023624971509 -8.470881250500682 76.35000000000001
      vertex 116.79150000214577 -8.485499997437003 76.35000000000001
    endloop
  endfacet
  facet normal 0 0 1
    outer loop
      vertex 117.36457499861717 -9.701874998211863 76.35000000000001
      vertex 117.19415000081062 -8.427025002241137 76.35000000000001
      vertex 117.0023624971509 -8.470881250500682 76.35000000000001
    endloop
  endfacet
  facet normal 0 0 1
    outer loop
      vertex 118.00903750211 -9.467287500202659 76.35000000000001
      vertex 118.19614999741316 -9.347550001740458 76.35000000000001
      vertex 117.36686249822378 -8.35393125265837 76.35000000000001
    endloop
  endfacet
  facet normal 0 0 1
    outer loop
      vertex 117.80879999697208 -9.567100000381473 76.35000000000001
      vertex 117.36686249822378 -8.35393125265837 76.35000000000001
      vertex 117.19415000081062 -8.427025002241137 76.35000000000001
    endloop
  endfacet
  facet normal 0 0 1
    outer loop
      vertex 118.19614999741316 -9.347550001740458 76.35000000000001
      vertex 117.52049999684095 -8.25160000175238 76.35000000000001
      vertex 117.36686249822378 -8.35393125265837 76.35000000000001
    endloop
  endfacet
  facet normal 0.06916232858011685 -0.9976054191439498 0
    outer loop
      vertex 116.79150000214577 -8.485499997437003 76.35000000000001
      vertex 117.0023624971509 -8.470881250500682 76.35000000000001
      vertex 117.0023624971509 -8.470881250500682 77.35000000000001
    endloop
  endfacet
  facet normal 0.22291708573931301 -0.9748374084356283 0
    outer loop
      vertex 117.0023624971509 -8.470881250500682 76.35000000000001
      vertex 117.19415000081062 -8.427025002241137 76.35000000000001
      vertex 117.19415000081062 -8.427025002241137 77.35000000000001
    endloop
  endfacet
  facet normal 0.3897443590399477 -0.920923088317662 0
    outer loop
      vertex 117.19415000081062 -8.427025002241137 76.35000000000001
      vertex 117.36686249822378 -8.35393125265837 76.35000000000001
      vertex 117.36686249822378 -8.35393125265837 77.35000000000001
    endloop
  endfacet
  facet normal 0 0 1
    outer loop
      vertex 117.52049999684095 -8.25160000175238 76.35000000000001
      vertex 118.53100000321865 -9.048300002515319 76.35000000000001
      vertex 117.6590937525034 -8.121674996614459 76.35000000000001
    endloop
  endfacet
  facet normal 0.5543485566301667 -0.8322846134358431 0
    outer loop
      vertex 117.36686249822378 -8.35393125265837 76.35000000000001
      vertex 117.52049999684095 -8.25160000175238 76.35000000000001
      vertex 117.52049999684095 -8.25160000175238 77.35000000000001
    endloop
  endfacet
  facet normal 0.6839225236806475 -0.7295546460699802 0
    outer loop
      vertex 117.52049999684095 -8.25160000175238 76.35000000000001
      vertex 117.6590937525034 -8.121674996614459 76.35000000000001
      vertex 117.6590937525034 -8.121674996614459 77.35000000000001
    endloop
  endfacet
  facet normal 0.773643269550918 -0.6336214102116229 0
    outer loop
      vertex 117.6590937525034 -8.121674996614459 76.35000000000001
      vertex 117.78667499870062 -7.965900000929835 76.35000000000001
      vertex 117.78667499870062 -7.965900000929835 77.35000000000001
    endloop
  endfacet
  facet normal 0.22291708573931301 -0.9748374084356283 0
    outer loop
      vertex 117.0023624971509 -8.470881250500682 76.35000000000001
      vertex 117.19415000081062 -8.427025002241137 77.35000000000001
      vertex 117.0023624971509 -8.470881250500682 77.35000000000001
    endloop
  endfacet
  facet normal 0.3897443590399477 -0.920923088317662 0
    outer loop
      vertex 117.19415000081062 -8.427025002241137 76.35000000000001
      vertex 117.36686249822378 -8.35393125265837 77.35000000000001
      vertex 117.19415000081062 -8.427025002241137 77.35000000000001
    endloop
  endfacet
  facet normal 0.5543485566301667 -0.8322846134358431 0
    outer loop
      vertex 117.36686249822378 -8.35393125265837 76.35000000000001
      vertex 117.52049999684095 -8.25160000175238 77.35000000000001
      vertex 117.36686249822378 -8.35393125265837 77.35000000000001
    endloop
  endfacet
  facet normal 0.6839225236806475 -0.7295546460699802 0
    outer loop
      vertex 117.52049999684095 -8.25160000175238 76.35000000000001
      vertex 117.6590937525034 -8.121674996614459 77.35000000000001
      vertex 117.52049999684095 -8.25160000175238 77.35000000000001
    endloop
  endfacet
  facet normal 0.773643269550918 -0.6336214102116229 0
    outer loop
      vertex 117.6590937525034 -8.121674996614459 76.35000000000001
      vertex 117.78667499870062 -7.965900000929835 77.35000000000001
      vertex 117.6590937525034 -8.121674996614459 77.35000000000001
    endloop
  endfacet
  facet normal 0 0 1
    outer loop
      vertex 118.19614999741316 -9.347550001740458 76.35000000000001
      vertex 118.37013749778271 -9.207887497544291 76.35000000000001
      vertex 117.52049999684095 -8.25160000175238 76.35000000000001
    endloop
  endfacet
  facet normal 0 0 1
    outer loop
      vertex 118.37013749778271 -9.207887497544291 76.35000000000001
      vertex 118.53100000321865 -9.048300002515319 76.35000000000001
      vertex 117.52049999684095 -8.25160000175238 76.35000000000001
    endloop
  endfacet
  facet normal 0 0 1
    outer loop
      vertex 117.6590937525034 -8.121674996614459 76.35000000000001
      vertex 118.53100000321865 -9.048300002515319 76.35000000000001
      vertex 118.68164999783039 -8.863287498056891 76.35000000000001
    endloop
  endfacet
  facet normal -0.7754421084045936 0.6314186697533091 0
    outer loop
      vertex 118.53100000321865 -9.048300002515319 76.35000000000001
      vertex 118.53100000321865 -9.048300002515319 77.35000000000001
      vertex 118.68164999783039 -8.863287498056891 76.35000000000001
    endloop
  endfacet
  facet normal -0.8329541843834345 0.5533419618266155 0
    outer loop
      vertex 118.68164999783039 -8.863287498056891 76.35000000000001
      vertex 118.68164999783039 -8.863287498056891 77.35000000000001
      vertex 118.82509999722242 -8.647350002825263 76.35000000000001
    endloop
  endfacet
  facet normal -0.8755026640870998 0.483213291597397 0
    outer loop
      vertex 118.82509999722242 -8.647350002825263 76.35000000000001
      vertex 118.82509999722242 -8.647350002825263 77.35000000000001
      vertex 118.96135000139475 -8.400487501919272 76.35000000000001
    endloop
  endfacet
  facet normal -0.7754421084045936 0.6314186697533091 0
    outer loop
      vertex 118.68164999783039 -8.863287498056891 76.35000000000001
      vertex 118.53100000321865 -9.048300002515319 77.35000000000001
      vertex 118.68164999783039 -8.863287498056891 77.35000000000001
    endloop
  endfacet
  facet normal -0.8329541843834345 0.5533419618266155 0
    outer loop
      vertex 118.82509999722242 -8.647350002825263 76.35000000000001
      vertex 118.68164999783039 -8.863287498056891 77.35000000000001
      vertex 118.82509999722242 -8.647350002825263 77.35000000000001
    endloop
  endfacet
  facet normal 0 0 1
    outer loop
      vertex 117.6590937525034 -8.121674996614459 76.35000000000001
      vertex 118.68164999783039 -8.863287498056891 76.35000000000001
      vertex 117.78667499870062 -7.965900000929835 76.35000000000001
    endloop
  endfacet
  facet normal 0 0 1
    outer loop
      vertex 117.78667499870062 -7.965900000929835 76.35000000000001
      vertex 118.82509999722242 -8.647350002825263 76.35000000000001
      vertex 117.90324375033379 -7.784274999797347 76.35000000000001
    endloop
  endfacet
  facet normal 0 0 1
    outer loop
      vertex 117.78667499870062 -7.965900000929835 76.35000000000001
      vertex 118.68164999783039 -8.863287498056891 76.35000000000001
      vertex 118.82509999722242 -8.647350002825263 76.35000000000001
    endloop
  endfacet
  facet normal 0 0 1
    outer loop
      vertex 118.82509999722242 -8.647350002825263 76.35000000000001
      vertex 118.96135000139475 -8.400487501919272 76.35000000000001
      vertex 117.90324375033379 -7.784274999797347 76.35000000000001
    endloop
  endfacet
  facet normal 0 0 1
    outer loop
      vertex 117.90324375033379 -7.784274999797347 76.35000000000001
      vertex 118.96135000139475 -8.400487501919272 76.35000000000001
      vertex 119.09040000289679 -8.1227000027895 76.35000000000001
    endloop
  endfacet
  facet normal -0.8755026640870998 0.483213291597397 0
    outer loop
      vertex 118.96135000139475 -8.400487501919272 76.35000000000001
      vertex 118.82509999722242 -8.647350002825263 77.35000000000001
      vertex 118.96135000139475 -8.400487501919272 77.35000000000001
    endloop
  endfacet
  facet normal 0.8415790829323448 -0.5401339159604343 0
    outer loop
      vertex 117.78667499870062 -7.965900000929835 76.35000000000001
      vertex 117.90324375033379 -7.784274999797347 76.35000000000001
      vertex 117.90324375033379 -7.784274999797347 77.35000000000001
    endloop
  endfacet
  facet normal 0 0 1
    outer loop
      vertex 115.49293749779463 -7.546299998462203 77.35000000000001
      vertex 117.6590937525034 -8.121674996614459 77.35000000000001
      vertex 117.78667499870062 -7.965900000929835 77.35000000000001
    endloop
  endfacet
  facet normal 0 0 1
    outer loop
      vertex 115.49293749779463 -7.546299998462203 77.35000000000001
      vertex 117.78667499870062 -7.965900000929835 77.35000000000001
      vertex 117.90324375033379 -7.784274999797347 77.35000000000001
    endloop
  endfacet
  facet normal 0 0 1
    outer loop
      vertex 115.49293749779463 -7.546299998462203 77.35000000000001
      vertex 117.90324375033379 -7.784274999797347 77.35000000000001
      vertex 118.00879999995232 -7.576800000667575 77.35000000000001
    endloop
  endfacet
  facet normal 0.8415790829323448 -0.5401339159604343 0
    outer loop
      vertex 117.78667499870062 -7.965900000929835 76.35000000000001
      vertex 117.90324375033379 -7.784274999797347 77.35000000000001
      vertex 117.78667499870062 -7.965900000929835 77.35000000000001
    endloop
  endfacet
  facet normal 0 0 1
    outer loop
      vertex 115.37425000220537 -7.142800000309947 77.35000000000001
      vertex 118.00879999995232 -7.576800000667575 77.35000000000001
      vertex 118.11452499777079 -7.301724997162822 77.35000000000001
    endloop
  endfacet
  facet normal 0 0 1
    outer loop
      vertex 115.30303750187159 -6.671500001847747 77.35000000000001
      vertex 118.11452499777079 -7.301724997162822 77.35000000000001
      vertex 118.23170000314713 -6.917299997806552 77.35000000000001
    endloop
  endfacet
  facet normal 0 0 1
    outer loop
      vertex 117.90324375033379 -7.784274999797347 76.35000000000001
      vertex 119.09040000289679 -8.1227000027895 76.35000000000001
      vertex 118.00879999995232 -7.576800000667575 76.35000000000001
    endloop
  endfacet
  facet normal 0.8912801247376043 -0.4534531279500898 0
    outer loop
      vertex 117.90324375033379 -7.784274999797347 76.35000000000001
      vertex 118.00879999995232 -7.576800000667575 76.35000000000001
      vertex 118.00879999995232 -7.576800000667575 77.35000000000001
    endloop
  endfacet
  facet normal 0.9334286700740556 -0.35876303862546943 0
    outer loop
      vertex 118.00879999995232 -7.576800000667575 76.35000000000001
      vertex 118.11452499777079 -7.301724997162822 76.35000000000001
      vertex 118.11452499777079 -7.301724997162822 77.35000000000001
    endloop
  endfacet
  facet normal 0 0 1
    outer loop
      vertex 118.00879999995232 -7.576800000667575 76.35000000000001
      vertex 119.09040000289679 -8.1227000027895 76.35000000000001
      vertex 119.21585000306368 -7.795281250774863 76.35000000000001
    endloop
  endfacet
  facet normal 0 0 1
    outer loop
      vertex 118.00879999995232 -7.576800000667575 76.35000000000001
      vertex 119.21585000306368 -7.795281250774863 76.35000000000001
      vertex 118.11452499777079 -7.301724997162822 76.35000000000001
    endloop
  endfacet
  facet normal 0 0 1
    outer loop
      vertex 118.11452499777079 -7.301724997162822 76.35000000000001
      vertex 119.21585000306368 -7.795281250774863 76.35000000000001
      vertex 119.34130000323057 -7.399625000357631 76.35000000000001
    endloop
  endfacet
  facet normal 0.8912801247376043 -0.4534531279500898 0
    outer loop
      vertex 117.90324375033379 -7.784274999797347 76.35000000000001
      vertex 118.00879999995232 -7.576800000667575 77.35000000000001
      vertex 117.90324375033379 -7.784274999797347 77.35000000000001
    endloop
  endfacet
  facet normal 0.9334286700740556 -0.35876303862546943 0
    outer loop
      vertex 118.00879999995232 -7.576800000667575 76.35000000000001
      vertex 118.11452499777079 -7.301724997162822 77.35000000000001
      vertex 118.00879999995232 -7.576800000667575 77.35000000000001
    endloop
  endfacet
  facet normal 0.9565517469323019 -0.29156260981264626 0
    outer loop
      vertex 118.11452499777079 -7.301724997162822 76.35000000000001
      vertex 118.23170000314713 -6.917299997806552 76.35000000000001
      vertex 118.23170000314713 -6.917299997806552 77.35000000000001
    endloop
  endfacet
  facet normal 0 0 1
    outer loop
      vertex 118.11452499777079 -7.301724997162822 76.35000000000001
      vertex 119.34130000323057 -7.399625000357631 76.35000000000001
      vertex 118.23170000314713 -6.917299997806552 76.35000000000001
    endloop
  endfacet
  facet normal 0.9565517469323019 -0.29156260981264626 0
    outer loop
      vertex 118.11452499777079 -7.301724997162822 76.35000000000001
      vertex 118.23170000314713 -6.917299997806552 77.35000000000001
      vertex 118.11452499777079 -7.301724997162822 77.35000000000001
    endloop
  endfacet
  facet normal 0 0 1
    outer loop
      vertex 118.82509999722242 -8.647350002825263 77.35000000000001
      vertex 121.45700000226498 -8.939799998700622 77.35000000000001
      vertex 118.96135000139475 -8.400487501919272 77.35000000000001
    endloop
  endfacet
  facet normal -0.9069126343254614 0.42131873172320733 0
    outer loop
      vertex 118.96135000139475 -8.400487501919272 76.35000000000001
      vertex 118.96135000139475 -8.400487501919272 77.35000000000001
      vertex 119.09040000289679 -8.1227000027895 76.35000000000001
    endloop
  endfacet
  facet normal -0.9338037945093101 0.3577855130661587 0
    outer loop
      vertex 119.09040000289679 -8.1227000027895 76.35000000000001
      vertex 119.09040000289679 -8.1227000027895 77.35000000000001
      vertex 119.21585000306368 -7.795281250774863 76.35000000000001
    endloop
  endfacet
  facet normal -0.9069126343254614 0.42131873172320733 0
    outer loop
      vertex 119.09040000289679 -8.1227000027895 76.35000000000001
      vertex 118.96135000139475 -8.400487501919272 77.35000000000001
      vertex 119.09040000289679 -8.1227000027895 77.35000000000001
    endloop
  endfacet
  facet normal 0 0 1
    outer loop
      vertex 118.96135000139475 -8.400487501919272 77.35000000000001
      vertex 121.45700000226498 -8.939799998700622 77.35000000000001
      vertex 119.09040000289679 -8.1227000027895 77.35000000000001
    endloop
  endfacet
  facet normal 0 0 1
    outer loop
      vertex 119.09040000289679 -8.1227000027895 77.35000000000001
      vertex 121.45700000226498 -8.939799998700622 77.35000000000001
      vertex 119.21585000306368 -7.795281250774863 77.35000000000001
    endloop
  endfacet
  facet normal 0 0 1
    outer loop
      vertex 119.21585000306368 -7.795281250774863 77.35000000000001
      vertex 121.45700000226498 -8.939799998700622 77.35000000000001
      vertex 119.34130000323057 -7.399625000357631 77.35000000000001
    endloop
  endfacet
  facet normal 0 0 1
    outer loop
      vertex 119.46675000339746 -6.935731251537803 77.35000000000001
      vertex 121.45700000226498 -8.939799998700622 77.35000000000001
      vertex 121.85899374634027 -8.800787498056891 77.35000000000001
    endloop
  endfacet
  facet normal -0.9532320132128981 0.30223952254145275 0
    outer loop
      vertex 119.21585000306368 -7.795281250774863 76.35000000000001
      vertex 119.21585000306368 -7.795281250774863 77.35000000000001
      vertex 119.34130000323057 -7.399625000357631 76.35000000000001
    endloop
  endfacet
  facet normal -0.9338037945093101 0.3577855130661587 0
    outer loop
      vertex 119.21585000306368 -7.795281250774863 76.35000000000001
      vertex 119.09040000289679 -8.1227000027895 77.35000000000001
      vertex 119.21585000306368 -7.795281250774863 77.35000000000001
    endloop
  endfacet
  facet normal -0.9532320132128981 0.30223952254145275 0
    outer loop
      vertex 119.34130000323057 -7.399625000357631 76.35000000000001
      vertex 119.21585000306368 -7.795281250774863 77.35000000000001
      vertex 119.34130000323057 -7.399625000357631 77.35000000000001
    endloop
  endfacet
  facet normal -0.9653249582701854 0.261051192183956 0
    outer loop
      vertex 119.34130000323057 -7.399625000357631 76.35000000000001
      vertex 119.34130000323057 -7.399625000357631 77.35000000000001
      vertex 119.46675000339746 -6.935731251537803 76.35000000000001
    endloop
  endfacet
  facet normal 0 0 1
    outer loop
      vertex 118.23170000314713 -6.917299997806552 76.35000000000001
      vertex 119.34130000323057 -7.399625000357631 76.35000000000001
      vertex 119.46675000339746 -6.935731251537803 76.35000000000001
    endloop
  endfacet
  facet normal -0.9653249582701854 0.261051192183956 0
    outer loop
      vertex 119.46675000339746 -6.935731251537803 76.35000000000001
      vertex 119.34130000323057 -7.399625000357631 77.35000000000001
      vertex 119.46675000339746 -6.935731251537803 77.35000000000001
    endloop
  endfacet
  facet normal 0 0 1
    outer loop
      vertex 119.34130000323057 -7.399625000357631 77.35000000000001
      vertex 121.45700000226498 -8.939799998700622 77.35000000000001
      vertex 119.46675000339746 -6.935731251537803 77.35000000000001
    endloop
  endfacet
  facet normal 0 0 1
    outer loop
      vertex 119.46675000339746 -6.935731251537803 77.35000000000001
      vertex 121.85899374634027 -8.800787498056891 77.35000000000001
      vertex 119.59220000356436 -6.4035999968647985 77.35000000000001
    endloop
  endfacet
  facet normal 0 0 1
    outer loop
      vertex 115.27929999679327 -6.1324000030756025 77.35000000000001
      vertex 118.23170000314713 -6.917299997806552 77.35000000000001
      vertex 118.36032500118017 -6.423525002598765 77.35000000000001
    endloop
  endfacet
  facet normal 0 0 1
    outer loop
      vertex 115.30070625245571 -5.638643753528598 77.35000000000001
      vertex 118.36032500118017 -6.423525002598765 77.35000000000001
      vertex 118.5003999993205 -5.820399996638301 77.35000000000001
    endloop
  endfacet
  facet normal 0.9677061846306222 -0.2520808208246793 0
    outer loop
      vertex 118.23170000314713 -6.917299997806552 76.35000000000001
      vertex 118.36032500118017 -6.423525002598765 76.35000000000001
      vertex 118.36032500118017 -6.423525002598765 77.35000000000001
    endloop
  endfacet
  facet normal 0 0 1
    outer loop
      vertex 118.23170000314713 -6.917299997806552 76.35000000000001
      vertex 119.46675000339746 -6.935731251537803 76.35000000000001
      vertex 118.36032500118017 -6.423525002598765 76.35000000000001
    endloop
  endfacet
  facet normal 0.9677061846306222 -0.2520808208246793 0
    outer loop
      vertex 118.23170000314713 -6.917299997806552 76.35000000000001
      vertex 118.36032500118017 -6.423525002598765 77.35000000000001
      vertex 118.23170000314713 -6.917299997806552 77.35000000000001
    endloop
  endfacet
  facet normal 0 0 1
    outer loop
      vertex 118.36032500118017 -6.423525002598765 76.35000000000001
      vertex 119.59220000356436 -6.4035999968647985 76.35000000000001
      vertex 118.5003999993205 -5.820399996638301 76.35000000000001
    endloop
  endfacet
  facet normal 0.9740744856674387 -0.22622753230257933 0
    outer loop
      vertex 118.36032500118017 -6.423525002598765 76.35000000000001
      vertex 118.5003999993205 -5.820399996638301 76.35000000000001
      vertex 118.5003999993205 -5.820399996638301 77.35000000000001
    endloop
  endfacet
  facet normal 0 0 1
    outer loop
      vertex 118.5003999993205 -5.820399996638301 76.35000000000001
      vertex 119.66553124785423 -6.085306246578696 76.35000000000001
      vertex 118.55146250128746 -5.600256246328357 76.35000000000001
    endloop
  endfacet
  facet normal 0.9740744856674387 -0.22622753230257933 0
    outer loop
      vertex 118.36032500118017 -6.423525002598765 76.35000000000001
      vertex 118.5003999993205 -5.820399996638301 77.35000000000001
      vertex 118.36032500118017 -6.423525002598765 77.35000000000001
    endloop
  endfacet
  facet normal 0.9741384114558888 -0.2259521084792029 0
    outer loop
      vertex 118.5003999993205 -5.820399996638301 76.35000000000001
      vertex 118.55146250128746 -5.600256246328357 77.35000000000001
      vertex 118.5003999993205 -5.820399996638301 77.35000000000001
    endloop
  endfacet
  facet normal 0 0 1
    outer loop
      vertex 115.47195625305176 -4.82149374932051 77.35000000000001
      vertex 118.5003999993205 -5.820399996638301 77.35000000000001
      vertex 118.55146250128746 -5.600256246328357 77.35000000000001
    endloop
  endfacet
  facet normal 0 0 1
    outer loop
      vertex 115.47195625305176 -4.82149374932051 77.35000000000001
      vertex 118.55146250128746 -5.600256246328357 77.35000000000001
      vertex 118.60294999927282 -5.380524997413161 77.35000000000001
    endloop
  endfacet
  facet normal 0.9741384114558888 -0.2259521084792029 0
    outer loop
      vertex 118.5003999993205 -5.820399996638301 76.35000000000001
      vertex 118.55146250128746 -5.600256246328357 76.35000000000001
      vertex 118.55146250128746 -5.600256246328357 77.35000000000001
    endloop
  endfacet
  facet normal 0.9736281357825477 -0.22814086265419645 0
    outer loop
      vertex 118.55146250128746 -5.600256246328357 76.35000000000001
      vertex 118.60294999927282 -5.380524997413161 76.35000000000001
      vertex 118.60294999927282 -5.380524997413161 77.35000000000001
    endloop
  endfacet
  facet normal 0.9731115353531966 -0.23033440855101192 0
    outer loop
      vertex 118.60294999927282 -5.380524997413161 76.35000000000001
      vertex 118.65486250072718 -5.1612062498927145 76.35000000000001
      vertex 118.65486250072718 -5.1612062498927145 77.35000000000001
    endloop
  endfacet
  facet normal 0.9736281357825477 -0.22814086265419645 0
    outer loop
      vertex 118.55146250128746 -5.600256246328357 76.35000000000001
      vertex 118.60294999927282 -5.380524997413161 77.35000000000001
      vertex 118.55146250128746 -5.600256246328357 77.35000000000001
    endloop
  endfacet
  facet normal 0.9731115353531966 -0.23033440855101192 0
    outer loop
      vertex 118.60294999927282 -5.380524997413161 76.35000000000001
      vertex 118.65486250072718 -5.1612062498927145 77.35000000000001
      vertex 118.60294999927282 -5.380524997413161 77.35000000000001
    endloop
  endfacet
  facet normal 0.9725885889459203 -0.232532657173533 0
    outer loop
      vertex 118.65486250072718 -5.1612062498927145 76.35000000000001
      vertex 118.70719999819994 -4.942299996316436 76.35000000000001
      vertex 118.70719999819994 -4.942299996316436 77.35000000000001
    endloop
  endfacet
  facet normal 0.9690778250500676 -0.24675528159743745 0
    outer loop
      vertex 118.70719999819994 -4.942299996316436 76.35000000000001
      vertex 118.76229374855757 -4.725931246578696 76.35000000000001
      vertex 118.76229374855757 -4.725931246578696 77.35000000000001
    endloop
  endfacet
  facet normal 0.9618906349329567 -0.2734344645948522 0
    outer loop
      vertex 118.76229374855757 -4.725931246578696 76.35000000000001
      vertex 118.82247500121593 -4.514225003123286 76.35000000000001
      vertex 118.82247500121593 -4.514225003123286 77.35000000000001
    endloop
  endfacet
  facet normal 0 0 1
    outer loop
      vertex 118.60294999927282 -5.380524997413161 77.35000000000001
      vertex 118.65486250072718 -5.1612062498927145 77.35000000000001
      vertex 116.72370000183582 -3.6979000017046957 77.35000000000001
    endloop
  endfacet
  facet normal 0 0 1
    outer loop
      vertex 118.65486250072718 -5.1612062498927145 77.35000000000001
      vertex 118.70719999819994 -4.942299996316436 77.35000000000001
      vertex 116.72370000183582 -3.6979000017046957 77.35000000000001
    endloop
  endfacet
  facet normal 0.9725885889459203 -0.232532657173533 0
    outer loop
      vertex 118.65486250072718 -5.1612062498927145 76.35000000000001
      vertex 118.70719999819994 -4.942299996316436 77.35000000000001
      vertex 118.65486250072718 -5.1612062498927145 77.35000000000001
    endloop
  endfacet
  facet normal 0.9690778250500676 -0.24675528159743745 0
    outer loop
      vertex 118.70719999819994 -4.942299996316436 76.35000000000001
      vertex 118.76229374855757 -4.725931246578696 77.35000000000001
      vertex 118.70719999819994 -4.942299996316436 77.35000000000001
    endloop
  endfacet
  facet normal 0.9618906349329567 -0.2734344645948522 0
    outer loop
      vertex 118.76229374855757 -4.725931246578696 76.35000000000001
      vertex 118.82247500121593 -4.514225003123286 77.35000000000001
      vertex 118.76229374855757 -4.725931246578696 77.35000000000001
    endloop
  endfacet
  facet normal 0 0 1
    outer loop
      vertex 119.46675000339746 -6.935731251537803 76.35000000000001
      vertex 119.59220000356436 -6.4035999968647985 76.35000000000001
      vertex 118.36032500118017 -6.423525002598765 76.35000000000001
    endloop
  endfacet
  facet normal -0.9733181268809512 0.22945985244690756 0
    outer loop
      vertex 119.46675000339746 -6.935731251537803 76.35000000000001
      vertex 119.46675000339746 -6.935731251537803 77.35000000000001
      vertex 119.59220000356436 -6.4035999968647985 76.35000000000001
    endloop
  endfacet
  facet normal -0.9744724046107585 0.22450731091019355 0
    outer loop
      vertex 119.59220000356436 -6.4035999968647985 76.35000000000001
      vertex 119.59220000356436 -6.4035999968647985 77.35000000000001
      vertex 119.66553124785423 -6.085306246578696 76.35000000000001
    endloop
  endfacet
  facet normal -0.9733181268809512 0.22945985244690756 0
    outer loop
      vertex 119.59220000356436 -6.4035999968647985 76.35000000000001
      vertex 119.46675000339746 -6.935731251537803 77.35000000000001
      vertex 119.59220000356436 -6.4035999968647985 77.35000000000001
    endloop
  endfacet
  facet normal 0 0 1
    outer loop
      vertex 118.5003999993205 -5.820399996638301 76.35000000000001
      vertex 119.59220000356436 -6.4035999968647985 76.35000000000001
      vertex 119.66553124785423 -6.085306246578696 76.35000000000001
    endloop
  endfacet
  facet normal 0 0 1
    outer loop
      vertex 118.55146250128746 -5.600256246328357 76.35000000000001
      vertex 119.66553124785423 -6.085306246578696 76.35000000000001
      vertex 119.73632500320673 -5.781425003707412 76.35000000000001
    endloop
  endfacet
  facet normal -0.9739204878813429 0.22688958390584382 0
    outer loop
      vertex 119.66553124785423 -6.085306246578696 76.35000000000001
      vertex 119.66553124785423 -6.085306246578696 77.35000000000001
      vertex 119.73632500320673 -5.781425003707412 76.35000000000001
    endloop
  endfacet
  facet normal -0.9733076462140939 0.22950430458093812 0
    outer loop
      vertex 119.73632500320673 -5.781425003707412 76.35000000000001
      vertex 119.73632500320673 -5.781425003707412 77.35000000000001
      vertex 119.80458124727011 -5.491956253349784 76.35000000000001
    endloop
  endfacet
  facet normal -0.9744724046107585 0.22450731091019355 0
    outer loop
      vertex 119.66553124785423 -6.085306246578696 76.35000000000001
      vertex 119.59220000356436 -6.4035999968647985 77.35000000000001
      vertex 119.66553124785423 -6.085306246578696 77.35000000000001
    endloop
  endfacet
  facet normal -0.9739204878813429 0.22688958390584382 0
    outer loop
      vertex 119.73632500320673 -5.781425003707412 76.35000000000001
      vertex 119.66553124785423 -6.085306246578696 77.35000000000001
      vertex 119.73632500320673 -5.781425003707412 77.35000000000001
    endloop
  endfacet
  facet normal 0 0 1
    outer loop
      vertex 119.59220000356436 -6.4035999968647985 77.35000000000001
      vertex 123.02432499825954 -7.185174998641017 77.35000000000001
      vertex 119.66553124785423 -6.085306246578696 77.35000000000001
    endloop
  endfacet
  facet normal 0 0 1
    outer loop
      vertex 119.66553124785423 -6.085306246578696 77.35000000000001
      vertex 123.09998124837875 -6.6736187532544164 77.35000000000001
      vertex 119.73632500320673 -5.781425003707412 77.35000000000001
    endloop
  endfacet
  facet normal 0 0 1
    outer loop
      vertex 119.73632500320673 -5.781425003707412 77.35000000000001
      vertex 123.12520000338554 -6.09850000292063 77.35000000000001
      vertex 119.80458124727011 -5.491956253349784 77.35000000000001
    endloop
  endfacet
  facet normal 0 0 1
    outer loop
      vertex 118.55146250128746 -5.600256246328357 76.35000000000001
      vertex 119.73632500320673 -5.781425003707412 76.35000000000001
      vertex 118.60294999927282 -5.380524997413161 76.35000000000001
    endloop
  endfacet
  facet normal 0 0 1
    outer loop
      vertex 118.60294999927282 -5.380524997413161 76.35000000000001
      vertex 119.73632500320673 -5.781425003707412 76.35000000000001
      vertex 119.80458124727011 -5.491956253349784 76.35000000000001
    endloop
  endfacet
  facet normal 0 0 1
    outer loop
      vertex 118.60294999927282 -5.380524997413161 76.35000000000001
      vertex 119.80458124727011 -5.491956253349784 76.35000000000001
      vertex 118.65486250072718 -5.1612062498927145 76.35000000000001
    endloop
  endfacet
  facet normal -0.9726233179696461 0.23238735194006774 0
    outer loop
      vertex 119.80458124727011 -5.491956253349784 76.35000000000001
      vertex 119.80458124727011 -5.491956253349784 77.35000000000001
      vertex 119.8703000023961 -5.216900002956393 76.35000000000001
    endloop
  endfacet
  facet normal 0 0 1
    outer loop
      vertex 118.65486250072718 -5.1612062498927145 76.35000000000001
      vertex 119.80458124727011 -5.491956253349784 76.35000000000001
      vertex 119.8703000023961 -5.216900002956393 76.35000000000001
    endloop
  endfacet
  facet normal -0.9669032476753868 0.25514331195386963 0
    outer loop
      vertex 119.8703000023961 -5.216900002956393 76.35000000000001
      vertex 119.8703000023961 -5.216900002956393 77.35000000000001
      vertex 119.93851874768734 -4.958374996483329 76.35000000000001
    endloop
  endfacet
  facet normal -0.9733076462140939 0.22950430458093812 0
    outer loop
      vertex 119.80458124727011 -5.491956253349784 76.35000000000001
      vertex 119.73632500320673 -5.781425003707412 77.35000000000001
      vertex 119.80458124727011 -5.491956253349784 77.35000000000001
    endloop
  endfacet
  facet normal -0.9726233179696461 0.23238735194006774 0
    outer loop
      vertex 119.8703000023961 -5.216900002956393 76.35000000000001
      vertex 119.80458124727011 -5.491956253349784 77.35000000000001
      vertex 119.8703000023961 -5.216900002956393 77.35000000000001
    endloop
  endfacet
  facet normal 0 0 1
    outer loop
      vertex 118.65486250072718 -5.1612062498927145 76.35000000000001
      vertex 119.8703000023961 -5.216900002956393 76.35000000000001
      vertex 118.70719999819994 -4.942299996316436 76.35000000000001
    endloop
  endfacet
  facet normal 0 0 1
    outer loop
      vertex 118.70719999819994 -4.942299996316436 76.35000000000001
      vertex 119.8703000023961 -5.216900002956393 76.35000000000001
      vertex 118.76229374855757 -4.725931246578696 76.35000000000001
    endloop
  endfacet
  facet normal 0 0 1
    outer loop
      vertex 118.76229374855757 -4.725931246578696 76.35000000000001
      vertex 119.93851874768734 -4.958374996483329 76.35000000000001
      vertex 118.82247500121593 -4.514225003123286 76.35000000000001
    endloop
  endfacet
  facet normal 0 0 1
    outer loop
      vertex 118.76229374855757 -4.725931246578696 76.35000000000001
      vertex 119.8703000023961 -5.216900002956393 76.35000000000001
      vertex 119.93851874768734 -4.958374996483329 76.35000000000001
    endloop
  endfacet
  facet normal 0 0 1
    outer loop
      vertex 119.93851874768734 -4.958374996483329 76.35000000000001
      vertex 120.0143750011921 -4.718500000238421 76.35000000000001
      vertex 118.82247500121593 -4.514225003123286 76.35000000000001
    endloop
  endfacet
  facet normal -0.9669032476753868 0.25514331195386963 0
    outer loop
      vertex 119.93851874768734 -4.958374996483329 76.35000000000001
      vertex 119.8703000023961 -5.216900002956393 77.35000000000001
      vertex 119.93851874768734 -4.958374996483329 77.35000000000001
    endloop
  endfacet
  facet normal 0 0 1
    outer loop
      vertex 119.80458124727011 -5.491956253349784 77.35000000000001
      vertex 123.12520000338554 -6.09850000292063 77.35000000000001
      vertex 119.8703000023961 -5.216900002956393 77.35000000000001
    endloop
  endfacet
  facet normal -0.9534613102113554 0.30151538920931664 0
    outer loop
      vertex 119.93851874768734 -4.958374996483329 76.35000000000001
      vertex 119.93851874768734 -4.958374996483329 77.35000000000001
      vertex 120.0143750011921 -4.718500000238421 76.35000000000001
    endloop
  endfacet
  facet normal -0.9355840959471922 0.3531039498655815 0
    outer loop
      vertex 120.0143750011921 -4.718500000238421 76.35000000000001
      vertex 120.0143750011921 -4.718500000238421 77.35000000000001
      vertex 120.0978687480092 -4.49727499932051 76.35000000000001
    endloop
  endfacet
  facet normal -0.9534613102113554 0.30151538920931664 0
    outer loop
      vertex 120.0143750011921 -4.718500000238421 76.35000000000001
      vertex 119.93851874768734 -4.958374996483329 77.35000000000001
      vertex 120.0143750011921 -4.718500000238421 77.35000000000001
    endloop
  endfacet
  facet normal -0.9355840959471922 0.3531039498655815 0
    outer loop
      vertex 120.0978687480092 -4.49727499932051 76.35000000000001
      vertex 120.0143750011921 -4.718500000238421 77.35000000000001
      vertex 120.0978687480092 -4.49727499932051 77.35000000000001
    endloop
  endfacet
  facet normal 0 0 1
    outer loop
      vertex 114.4274249970913 -4.682874996960166 76.35000000000001
      vertex 115.47195625305176 -4.82149374932051 76.35000000000001
      vertex 114.58320625126362 -4.108593751490119 76.35000000000001
    endloop
  endfacet
  facet normal 0.9651216599812013 -0.26180179799827646 0
    outer loop
      vertex 114.4274249970913 -4.682874996960166 76.35000000000001
      vertex 114.58320625126362 -4.108593751490119 76.35000000000001
      vertex 114.58320625126362 -4.108593751490119 77.35000000000001
    endloop
  endfacet
  facet normal 0.9651216599812013 -0.26180179799827646 0
    outer loop
      vertex 114.4274249970913 -4.682874996960166 76.35000000000001
      vertex 114.58320625126362 -4.108593751490119 77.35000000000001
      vertex 114.4274249970913 -4.682874996960166 77.35000000000001
    endloop
  endfacet
  facet normal 0.9099386072643197 -0.414742969813679 0
    outer loop
      vertex 114.58320625126362 -4.108593751490119 76.35000000000001
      vertex 114.80129999667406 -3.6301000013947515 76.35000000000001
      vertex 114.80129999667406 -3.6301000013947515 77.35000000000001
    endloop
  endfacet
  facet normal 0.9099386072643197 -0.414742969813679 0
    outer loop
      vertex 114.58320625126362 -4.108593751490119 76.35000000000001
      vertex 114.80129999667406 -3.6301000013947515 77.35000000000001
      vertex 114.58320625126362 -4.108593751490119 77.35000000000001
    endloop
  endfacet
  facet normal 0 0 1
    outer loop
      vertex 115.47195625305176 -4.82149374932051 76.35000000000001
      vertex 115.62179999798536 -4.498100002110007 76.35000000000001
      vertex 114.58320625126362 -4.108593751490119 76.35000000000001
    endloop
  endfacet
  facet normal 0 0 1
    outer loop
      vertex 114.58320625126362 -4.108593751490119 76.35000000000001
      vertex 115.62179999798536 -4.498100002110007 76.35000000000001
      vertex 114.80129999667406 -3.6301000013947515 76.35000000000001
    endloop
  endfacet
  facet normal -0.8087546154896956 0.5881462164497148 0
    outer loop
      vertex 115.62179999798536 -4.498100002110007 76.35000000000001
      vertex 115.62179999798536 -4.498100002110007 77.35000000000001
      vertex 115.81906875222921 -4.226837497949603 76.35000000000001
    endloop
  endfacet
  facet normal 0 0 1
    outer loop
      vertex 114.80129999667406 -3.6301000013947515 76.35000000000001
      vertex 115.62179999798536 -4.498100002110007 76.35000000000001
      vertex 115.81906875222921 -4.226837497949603 76.35000000000001
    endloop
  endfacet
  facet normal -0.8087546154896956 0.5881462164497148 0
    outer loop
      vertex 115.81906875222921 -4.226837497949603 76.35000000000001
      vertex 115.62179999798536 -4.498100002110007 77.35000000000001
      vertex 115.81906875222921 -4.226837497949603 77.35000000000001
    endloop
  endfacet
  facet normal 0 0 1
    outer loop
      vertex 114.80129999667406 -3.6301000013947515 76.35000000000001
      vertex 115.81906875222921 -4.226837497949603 76.35000000000001
      vertex 115.09436249732971 -3.2317062512040167 76.35000000000001
    endloop
  endfacet
  facet normal 0 0 1
    outer loop
      vertex 115.81906875222921 -4.226837497949603 76.35000000000001
      vertex 116.06847500056028 -4.00304999649525 76.35000000000001
      vertex 115.09436249732971 -3.2317062512040167 76.35000000000001
    endloop
  endfacet
  facet normal 0.8055294842013073 -0.5925556936545086 0
    outer loop
      vertex 114.80129999667406 -3.6301000013947515 76.35000000000001
      vertex 115.09436249732971 -3.2317062512040167 77.35000000000001
      vertex 114.80129999667406 -3.6301000013947515 77.35000000000001
    endloop
  endfacet
  facet normal -0.6678459029220682 0.7442995700322602 0
    outer loop
      vertex 115.81906875222921 -4.226837497949603 76.35000000000001
      vertex 115.81906875222921 -4.226837497949603 77.35000000000001
      vertex 116.06847500056028 -4.00304999649525 76.35000000000001
    endloop
  endfacet
  facet normal -0.6678459029220682 0.7442995700322602 0
    outer loop
      vertex 116.06847500056028 -4.00304999649525 76.35000000000001
      vertex 115.81906875222921 -4.226837497949603 77.35000000000001
      vertex 116.06847500056028 -4.00304999649525 77.35000000000001
    endloop
  endfacet
  facet normal 0 0 1
    outer loop
      vertex 118.60294999927282 -5.380524997413161 77.35000000000001
      vertex 116.06847500056028 -4.00304999649525 77.35000000000001
      vertex 115.81906875222921 -4.226837497949603 77.35000000000001
    endloop
  endfacet
  facet normal -0.5047507445861955 0.8632651306752065 0
    outer loop
      vertex 116.06847500056028 -4.00304999649525 76.35000000000001
      vertex 116.06847500056028 -4.00304999649525 77.35000000000001
      vertex 116.37001875042915 -3.8267374977469473 76.35000000000001
    endloop
  endfacet
  facet normal 0 0 1
    outer loop
      vertex 116.06847500056028 -4.00304999649525 76.35000000000001
      vertex 116.37001875042915 -3.8267374977469473 76.35000000000001
      vertex 115.4751499965787 -2.8977249979972868 76.35000000000001
    endloop
  endfacet
  facet normal -0.342273597016921 0.9396003324739186 0
    outer loop
      vertex 116.37001875042915 -3.8267374977469473 76.35000000000001
      vertex 116.37001875042915 -3.8267374977469473 77.35000000000001
      vertex 116.72370000183582 -3.6979000017046957 76.35000000000001
    endloop
  endfacet
  facet normal -0.5047507445861955 0.8632651306752065 0
    outer loop
      vertex 116.37001875042915 -3.8267374977469473 76.35000000000001
      vertex 116.06847500056028 -4.00304999649525 77.35000000000001
      vertex 116.37001875042915 -3.8267374977469473 77.35000000000001
    endloop
  endfacet
  facet normal -0.342273597016921 0.9396003324739186 0
    outer loop
      vertex 116.72370000183582 -3.6979000017046957 76.35000000000001
      vertex 116.37001875042915 -3.8267374977469473 77.35000000000001
      vertex 116.72370000183582 -3.6979000017046957 77.35000000000001
    endloop
  endfacet
  facet normal 0.8055294842013073 -0.5925556936545086 0
    outer loop
      vertex 114.80129999667406 -3.6301000013947515 76.35000000000001
      vertex 115.09436249732971 -3.2317062512040167 76.35000000000001
      vertex 115.09436249732971 -3.2317062512040167 77.35000000000001
    endloop
  endfacet
  facet normal 0.6593899847663477 -0.7518010694258392 0
    outer loop
      vertex 115.09436249732971 -3.2317062512040167 76.35000000000001
      vertex 115.4751499965787 -2.8977249979972868 76.35000000000001
      vertex 115.4751499965787 -2.8977249979972868 77.35000000000001
    endloop
  endfacet
  facet normal 0 0 1
    outer loop
      vertex 116.06847500056028 -4.00304999649525 76.35000000000001
      vertex 115.4751499965787 -2.8977249979972868 76.35000000000001
      vertex 115.09436249732971 -3.2317062512040167 76.35000000000001
    endloop
  endfacet
  facet normal 0.6593899847663477 -0.7518010694258392 0
    outer loop
      vertex 115.09436249732971 -3.2317062512040167 76.35000000000001
      vertex 115.4751499965787 -2.8977249979972868 77.35000000000001
      vertex 115.09436249732971 -3.2317062512040167 77.35000000000001
    endloop
  endfacet
  facet normal 0.49871310748509856 -0.8667671177557191 0
    outer loop
      vertex 115.4751499965787 -2.8977249979972868 76.35000000000001
      vertex 115.94366250187159 -2.6281562492251425 76.35000000000001
      vertex 115.94366250187159 -2.6281562492251425 77.35000000000001
    endloop
  endfacet
  facet normal 0.49871310748509856 -0.8667671177557191 0
    outer loop
      vertex 115.4751499965787 -2.8977249979972868 76.35000000000001
      vertex 115.94366250187159 -2.6281562492251425 77.35000000000001
      vertex 115.4751499965787 -2.8977249979972868 77.35000000000001
    endloop
  endfacet
  facet normal 0 0 1
    outer loop
      vertex 116.37001875042915 -3.8267374977469473 76.35000000000001
      vertex 116.72370000183582 -3.6979000017046957 76.35000000000001
      vertex 115.94366250187159 -2.6281562492251425 76.35000000000001
    endloop
  endfacet
  facet normal 0 0 1
    outer loop
      vertex 116.37001875042915 -3.8267374977469473 76.35000000000001
      vertex 115.94366250187159 -2.6281562492251425 76.35000000000001
      vertex 115.4751499965787 -2.8977249979972868 76.35000000000001
    endloop
  endfacet
  facet normal 0 0 1
    outer loop
      vertex 116.72370000183582 -3.6979000017046957 76.35000000000001
      vertex 116.49989999830723 -2.422999997437003 76.35000000000001
      vertex 115.94366250187159 -2.6281562492251425 76.35000000000001
    endloop
  endfacet
  facet normal -0.9849394871945418 -0.17289941169637577 0
    outer loop
      vertex 116.72370000183582 -3.6979000017046957 76.35000000000001
      vertex 116.72370000183582 -3.6979000017046957 77.35000000000001
      vertex 116.49989999830723 -2.422999997437003 76.35000000000001
    endloop
  endfacet
  facet normal -0.9849394871945418 -0.17289941169637577 0
    outer loop
      vertex 116.49989999830723 -2.422999997437003 76.35000000000001
      vertex 116.72370000183582 -3.6979000017046957 77.35000000000001
      vertex 116.49989999830723 -2.422999997437003 77.35000000000001
    endloop
  endfacet
  facet normal 0.3460419403025413 -0.9382190445475153 0
    outer loop
      vertex 115.94366250187159 -2.6281562492251425 76.35000000000001
      vertex 116.49989999830723 -2.422999997437003 76.35000000000001
      vertex 116.49989999830723 -2.422999997437003 77.35000000000001
    endloop
  endfacet
  facet normal 0.3460419403025413 -0.9382190445475153 0
    outer loop
      vertex 115.94366250187159 -2.6281562492251425 76.35000000000001
      vertex 116.49989999830723 -2.422999997437003 77.35000000000001
      vertex 115.94366250187159 -2.6281562492251425 77.35000000000001
    endloop
  endfacet
  facet normal 1 0 0
    outer loop
      vertex 113.93659999966621 -0.5982999995350866 76.35000000000001
      vertex 113.93659999966621 0.6224000036716433 77.35000000000001
      vertex 113.93659999966621 -0.5982999995350866 77.35000000000001
    endloop
  endfacet
  facet normal 0 0 1
    outer loop
      vertex 118.60294999927282 -5.380524997413161 77.35000000000001
      vertex 116.37001875042915 -3.8267374977469473 77.35000000000001
      vertex 116.06847500056028 -4.00304999649525 77.35000000000001
    endloop
  endfacet
  facet normal 0 0 1
    outer loop
      vertex 118.60294999927282 -5.380524997413161 77.35000000000001
      vertex 116.72370000183582 -3.6979000017046957 77.35000000000001
      vertex 116.37001875042915 -3.8267374977469473 77.35000000000001
    endloop
  endfacet
  facet normal 0.9537326659056711 -0.30065595285053226 0
    outer loop
      vertex 118.82247500121593 -4.514225003123286 76.35000000000001
      vertex 118.88774374872446 -4.307181251049045 76.35000000000001
      vertex 118.88774374872446 -4.307181251049045 77.35000000000001
    endloop
  endfacet
  facet normal 0 0 1
    outer loop
      vertex 118.70719999819994 -4.942299996316436 77.35000000000001
      vertex 118.76229374855757 -4.725931246578696 77.35000000000001
      vertex 116.72370000183582 -3.6979000017046957 77.35000000000001
    endloop
  endfacet
  facet normal 0 0 1
    outer loop
      vertex 118.76229374855757 -4.725931246578696 77.35000000000001
      vertex 118.82247500121593 -4.514225003123286 77.35000000000001
      vertex 116.72370000183582 -3.6979000017046957 77.35000000000001
    endloop
  endfacet
  facet normal 0 0 1
    outer loop
      vertex 116.72370000183582 -3.6979000017046957 77.35000000000001
      vertex 118.82247500121593 -4.514225003123286 77.35000000000001
      vertex 118.88774374872446 -4.307181251049045 77.35000000000001
    endloop
  endfacet
  facet normal 0 0 1
    outer loop
      vertex 116.72370000183582 -3.6979000017046957 77.35000000000001
      vertex 118.88774374872446 -4.307181251049045 77.35000000000001
      vertex 118.95809999853373 -4.104799997806552 77.35000000000001
    endloop
  endfacet
  facet normal 0.9537326659056711 -0.30065595285053226 0
    outer loop
      vertex 118.82247500121593 -4.514225003123286 76.35000000000001
      vertex 118.88774374872446 -4.307181251049045 77.35000000000001
      vertex 118.82247500121593 -4.514225003123286 77.35000000000001
    endloop
  endfacet
  facet normal 0.9445506985702524 -0.32836561609043063 0
    outer loop
      vertex 118.88774374872446 -4.307181251049045 76.35000000000001
      vertex 118.95809999853373 -4.104799997806552 77.35000000000001
      vertex 118.88774374872446 -4.307181251049045 77.35000000000001
    endloop
  endfacet
  facet normal 0 0 1
    outer loop
      vertex 116.72370000183582 -3.6979000017046957 77.35000000000001
      vertex 118.95809999853373 -4.104799997806552 77.35000000000001
      vertex 119.03418125212193 -3.907931250333789 77.35000000000001
    endloop
  endfacet
  facet normal 0 0 1
    outer loop
      vertex 116.72370000183582 -3.6979000017046957 77.35000000000001
      vertex 119.03418125212193 -3.907931250333789 77.35000000000001
      vertex 116.49989999830723 -2.422999997437003 77.35000000000001
    endloop
  endfacet
  facet normal 0 0 1
    outer loop
      vertex 116.49989999830723 -2.422999997437003 77.35000000000001
      vertex 119.03418125212193 -3.907931250333789 77.35000000000001
      vertex 119.11662500351667 -3.717425000667575 77.35000000000001
    endloop
  endfacet
  facet normal 0 0 1
    outer loop
      vertex 116.49989999830723 -2.422999997437003 77.35000000000001
      vertex 119.11662500351667 -3.717425000667575 77.35000000000001
      vertex 119.20543125271797 -3.53328124880791 77.35000000000001
    endloop
  endfacet
  facet normal 0 0 1
    outer loop
      vertex 116.49989999830723 -2.422999997437003 77.35000000000001
      vertex 119.20543125271797 -3.53328124880791 77.35000000000001
      vertex 119.30059999972582 -3.3555000022053747 77.35000000000001
    endloop
  endfacet
  facet normal 0 0 1
    outer loop
      vertex 116.49989999830723 -2.422999997437003 77.35000000000001
      vertex 119.30059999972582 -3.3555000022053747 77.35000000000001
      vertex 119.4044187515974 -3.186574999988082 77.35000000000001
    endloop
  endfacet
  facet normal 0 0 1
    outer loop
      vertex 116.49989999830723 -2.422999997437003 77.35000000000001
      vertex 119.4044187515974 -3.186574999988082 77.35000000000001
      vertex 119.51927500218153 -3.0290999978780775 77.35000000000001
    endloop
  endfacet
  facet normal 0 0 1
    outer loop
      vertex 116.49989999830723 -2.422999997437003 77.35000000000001
      vertex 119.51927500218153 -3.0290999978780775 77.35000000000001
      vertex 119.6451687514782 -2.883075003325942 77.35000000000001
    endloop
  endfacet
  facet normal 0 0 1
    outer loop
      vertex 116.49989999830723 -2.422999997437003 77.35000000000001
      vertex 119.6451687514782 -2.883075003325942 77.35000000000001
      vertex 119.7820999994874 -2.7485000014305143 77.35000000000001
    endloop
  endfacet
  facet normal 0 0 1
    outer loop
      vertex 116.49989999830723 -2.422999997437003 77.35000000000001
      vertex 119.7820999994874 -2.7485000014305143 77.35000000000001
      vertex 119.9308562502265 -2.6266437515616445 77.35000000000001
    endloop
  endfacet
  facet normal 0 0 1
    outer loop
      vertex 116.49989999830723 -2.422999997437003 77.35000000000001
      vertex 119.9308562502265 -2.6266437515616445 77.35000000000001
      vertex 120.09232500195503 -2.5187749981880216 77.35000000000001
    endloop
  endfacet
  facet normal 0 0 1
    outer loop
      vertex 120.0143750011921 -4.718500000238421 76.35000000000001
      vertex 118.88774374872446 -4.307181251049045 76.35000000000001
      vertex 118.82247500121593 -4.514225003123286 76.35000000000001
    endloop
  endfacet
  facet normal 0 0 1
    outer loop
      vertex 118.88774374872446 -4.307181251049045 76.35000000000001
      vertex 120.0978687480092 -4.49727499932051 76.35000000000001
      vertex 118.95809999853373 -4.104799997806552 76.35000000000001
    endloop
  endfacet
  facet normal 0 0 1
    outer loop
      vertex 118.95809999853373 -4.104799997806552 76.35000000000001
      vertex 120.0978687480092 -4.49727499932051 76.35000000000001
      vertex 119.03418125212193 -3.907931250333789 76.35000000000001
    endloop
  endfacet
  facet normal 0.9445506985702524 -0.32836561609043063 0
    outer loop
      vertex 118.88774374872446 -4.307181251049045 76.35000000000001
      vertex 118.95809999853373 -4.104799997806552 76.35000000000001
      vertex 118.95809999853373 -4.104799997806552 77.35000000000001
    endloop
  endfacet
  facet normal 0.9327689373116016 -0.3604748390478669 0
    outer loop
      vertex 118.95809999853373 -4.104799997806552 76.35000000000001
      vertex 119.03418125212193 -3.907931250333789 76.35000000000001
      vertex 119.03418125212193 -3.907931250333789 77.35000000000001
    endloop
  endfacet
  facet normal 0 0 1
    outer loop
      vertex 120.0143750011921 -4.718500000238421 76.35000000000001
      vertex 120.0978687480092 -4.49727499932051 76.35000000000001
      vertex 118.88774374872446 -4.307181251049045 76.35000000000001
    endloop
  endfacet
  facet normal 0 0 1
    outer loop
      vertex 119.03418125212193 -3.907931250333789 76.35000000000001
      vertex 120.18900000303984 -4.294700001180175 76.35000000000001
      vertex 119.11662500351667 -3.717425000667575 76.35000000000001
    endloop
  endfacet
  facet normal 0 0 1
    outer loop
      vertex 119.03418125212193 -3.907931250333789 76.35000000000001
      vertex 120.0978687480092 -4.49727499932051 76.35000000000001
      vertex 120.18900000303984 -4.294700001180175 76.35000000000001
    endloop
  endfacet
  facet normal 0 0 1
    outer loop
      vertex 119.11662500351667 -3.717425000667575 76.35000000000001
      vertex 120.18900000303984 -4.294700001180175 76.35000000000001
      vertex 120.29026249796152 -4.112212498486045 76.35000000000001
    endloop
  endfacet
  facet normal 0.9327689373116016 -0.3604748390478669 0
    outer loop
      vertex 118.95809999853373 -4.104799997806552 76.35000000000001
      vertex 119.03418125212193 -3.907931250333789 77.35000000000001
      vertex 118.95809999853373 -4.104799997806552 77.35000000000001
    endloop
  endfacet
  facet normal 0.9177470128059737 -0.3971654824952841 0
    outer loop
      vertex 119.03418125212193 -3.907931250333789 76.35000000000001
      vertex 119.11662500351667 -3.717425000667575 76.35000000000001
      vertex 119.11662500351667 -3.717425000667575 77.35000000000001
    endloop
  endfacet
  facet normal 0.9007253264715253 -0.43438909545793647 0
    outer loop
      vertex 119.11662500351667 -3.717425000667575 76.35000000000001
      vertex 119.20543125271797 -3.53328124880791 76.35000000000001
      vertex 119.20543125271797 -3.53328124880791 77.35000000000001
    endloop
  endfacet
  facet normal 0.881626913619158 -0.47194701522772414 0
    outer loop
      vertex 119.20543125271797 -3.53328124880791 76.35000000000001
      vertex 119.30059999972582 -3.3555000022053747 76.35000000000001
      vertex 119.30059999972582 -3.3555000022053747 77.35000000000001
    endloop
  endfacet
  facet normal 0 0 1
    outer loop
      vertex 119.11662500351667 -3.717425000667575 76.35000000000001
      vertex 120.29026249796152 -4.112212498486045 76.35000000000001
      vertex 119.20543125271797 -3.53328124880791 76.35000000000001
    endloop
  endfacet
  facet normal 0 0 1
    outer loop
      vertex 119.20543125271797 -3.53328124880791 76.35000000000001
      vertex 120.29026249796152 -4.112212498486045 76.35000000000001
      vertex 119.30059999972582 -3.3555000022053747 76.35000000000001
    endloop
  endfacet
  facet normal 0 0 1
    outer loop
      vertex 120.40425000339746 -3.951350000500682 76.35000000000001
      vertex 119.4044187515974 -3.186574999988082 76.35000000000001
      vertex 119.30059999972582 -3.3555000022053747 76.35000000000001
    endloop
  endfacet
  facet normal 0.9177470128059737 -0.3971654824952841 0
    outer loop
      vertex 119.03418125212193 -3.907931250333789 76.35000000000001
      vertex 119.11662500351667 -3.717425000667575 77.35000000000001
      vertex 119.03418125212193 -3.907931250333789 77.35000000000001
    endloop
  endfacet
  facet normal 0.9007253264715253 -0.43438909545793647 0
    outer loop
      vertex 119.11662500351667 -3.717425000667575 76.35000000000001
      vertex 119.20543125271797 -3.53328124880791 77.35000000000001
      vertex 119.11662500351667 -3.717425000667575 77.35000000000001
    endloop
  endfacet
  facet normal 0.881626913619158 -0.47194701522772414 0
    outer loop
      vertex 119.20543125271797 -3.53328124880791 76.35000000000001
      vertex 119.30059999972582 -3.3555000022053747 77.35000000000001
      vertex 119.20543125271797 -3.53328124880791 77.35000000000001
    endloop
  endfacet
  facet normal -0.9119678185734708 0.4102617431425274 0
    outer loop
      vertex 120.0978687480092 -4.49727499932051 76.35000000000001
      vertex 120.0978687480092 -4.49727499932051 77.35000000000001
      vertex 120.18900000303984 -4.294700001180175 76.35000000000001
    endloop
  endfacet
  facet normal -0.8744001484286839 0.48520550329514567 0
    outer loop
      vertex 120.18900000303984 -4.294700001180175 76.35000000000001
      vertex 120.18900000303984 -4.294700001180175 77.35000000000001
      vertex 120.29026249796152 -4.112212498486045 76.35000000000001
    endloop
  endfacet
  facet normal -0.8159210293051874 0.5781633626731839 0
    outer loop
      vertex 120.29026249796152 -4.112212498486045 76.35000000000001
      vertex 120.29026249796152 -4.112212498486045 77.35000000000001
      vertex 120.40425000339746 -3.951350000500682 76.35000000000001
    endloop
  endfacet
  facet normal -0.9119678185734708 0.4102617431425274 0
    outer loop
      vertex 120.18900000303984 -4.294700001180175 76.35000000000001
      vertex 120.0978687480092 -4.49727499932051 77.35000000000001
      vertex 120.18900000303984 -4.294700001180175 77.35000000000001
    endloop
  endfacet
  facet normal -0.8744001484286839 0.48520550329514567 0
    outer loop
      vertex 120.29026249796152 -4.112212498486045 76.35000000000001
      vertex 120.18900000303984 -4.294700001180175 77.35000000000001
      vertex 120.29026249796152 -4.112212498486045 77.35000000000001
    endloop
  endfacet
  facet normal -0.8159210293051874 0.5781633626731839 0
    outer loop
      vertex 120.40425000339746 -3.951350000500682 76.35000000000001
      vertex 120.29026249796152 -4.112212498486045 77.35000000000001
      vertex 120.40425000339746 -3.951350000500682 77.35000000000001
    endloop
  endfacet
  facet normal 0 0 1
    outer loop
      vertex 120.29026249796152 -4.112212498486045 76.35000000000001
      vertex 120.40425000339746 -3.951350000500682 76.35000000000001
      vertex 119.30059999972582 -3.3555000022053747 76.35000000000001
    endloop
  endfacet
  facet normal 0 0 1
    outer loop
      vertex 120.40425000339746 -3.951350000500682 76.35000000000001
      vertex 120.53096249699593 -3.812112499773505 76.35000000000001
      vertex 119.51927500218153 -3.0290999978780775 76.35000000000001
    endloop
  endfacet
  facet normal 0 0 1
    outer loop
      vertex 120.53096249699593 -3.812112499773505 76.35000000000001
      vertex 120.67040000110865 -3.694499996304515 76.35000000000001
      vertex 119.7820999994874 -2.7485000014305143 76.35000000000001
    endloop
  endfacet
  facet normal -0.7395884811857997 0.6730593424782706 0
    outer loop
      vertex 120.40425000339746 -3.951350000500682 76.35000000000001
      vertex 120.40425000339746 -3.951350000500682 77.35000000000001
      vertex 120.53096249699593 -3.812112499773505 76.35000000000001
    endloop
  endfacet
  facet normal -0.6447495957168103 0.7643938505920947 0
    outer loop
      vertex 120.53096249699593 -3.812112499773505 76.35000000000001
      vertex 120.53096249699593 -3.812112499773505 77.35000000000001
      vertex 120.67040000110865 -3.694499996304515 76.35000000000001
    endloop
  endfacet
  facet normal -0.5119105327599509 0.8590387688861448 0
    outer loop
      vertex 120.67040000110865 -3.694499996304515 76.35000000000001
      vertex 120.67040000110865 -3.694499996304515 77.35000000000001
      vertex 120.8272187486291 -3.6010500013828306 76.35000000000001
    endloop
  endfacet
  facet normal -0.3496484392589119 0.9368809790596706 0
    outer loop
      vertex 120.8272187486291 -3.6010500013828306 76.35000000000001
      vertex 120.8272187486291 -3.6010500013828306 77.35000000000001
      vertex 121.00607500225306 -3.5342999964952497 76.35000000000001
    endloop
  endfacet
  facet normal -0.7395884811857997 0.6730593424782706 0
    outer loop
      vertex 120.53096249699593 -3.812112499773505 76.35000000000001
      vertex 120.40425000339746 -3.951350000500682 77.35000000000001
      vertex 120.53096249699593 -3.812112499773505 77.35000000000001
    endloop
  endfacet
  facet normal -0.6447495957168103 0.7643938505920947 0
    outer loop
      vertex 120.67040000110865 -3.694499996304515 76.35000000000001
      vertex 120.53096249699593 -3.812112499773505 77.35000000000001
      vertex 120.67040000110865 -3.694499996304515 77.35000000000001
    endloop
  endfacet
  facet normal -0.5119105327599509 0.8590387688861448 0
    outer loop
      vertex 120.8272187486291 -3.6010500013828306 76.35000000000001
      vertex 120.67040000110865 -3.694499996304515 77.35000000000001
      vertex 120.8272187486291 -3.6010500013828306 77.35000000000001
    endloop
  endfacet
  facet normal 0.8519622934825852 -0.5236031421638848 0
    outer loop
      vertex 119.30059999972582 -3.3555000022053747 76.35000000000001
      vertex 119.4044187515974 -3.186574999988082 76.35000000000001
      vertex 119.4044187515974 -3.186574999988082 77.35000000000001
    endloop
  endfacet
  facet normal 0 0 1
    outer loop
      vertex 120.40425000339746 -3.951350000500682 76.35000000000001
      vertex 119.51927500218153 -3.0290999978780775 76.35000000000001
      vertex 119.4044187515974 -3.186574999988082 76.35000000000001
    endloop
  endfacet
  facet normal 0 0 1
    outer loop
      vertex 120.53096249699593 -3.812112499773505 76.35000000000001
      vertex 119.6451687514782 -2.883075003325942 76.35000000000001
      vertex 119.51927500218153 -3.0290999978780775 76.35000000000001
    endloop
  endfacet
  facet normal 0.8079324723367116 -0.5892750801992976 0
    outer loop
      vertex 119.4044187515974 -3.186574999988082 76.35000000000001
      vertex 119.51927500218153 -3.0290999978780775 76.35000000000001
      vertex 119.51927500218153 -3.0290999978780775 77.35000000000001
    endloop
  endfacet
  facet normal 0.7573839687433691 -0.6529697725703262 0
    outer loop
      vertex 119.51927500218153 -3.0290999978780775 76.35000000000001
      vertex 119.6451687514782 -2.883075003325942 76.35000000000001
      vertex 119.6451687514782 -2.883075003325942 77.35000000000001
    endloop
  endfacet
  facet normal 0.8519622934825852 -0.5236031421638848 0
    outer loop
      vertex 119.30059999972582 -3.3555000022053747 76.35000000000001
      vertex 119.4044187515974 -3.186574999988082 77.35000000000001
      vertex 119.30059999972582 -3.3555000022053747 77.35000000000001
    endloop
  endfacet
  facet normal 0.8079324723367116 -0.5892750801992976 0
    outer loop
      vertex 119.4044187515974 -3.186574999988082 76.35000000000001
      vertex 119.51927500218153 -3.0290999978780775 77.35000000000001
      vertex 119.4044187515974 -3.186574999988082 77.35000000000001
    endloop
  endfacet
  facet normal 0.7573839687433691 -0.6529697725703262 0
    outer loop
      vertex 119.51927500218153 -3.0290999978780775 76.35000000000001
      vertex 119.6451687514782 -2.883075003325942 77.35000000000001
      vertex 119.51927500218153 -3.0290999978780775 77.35000000000001
    endloop
  endfacet
  facet normal 0.7009438140508141 -0.7132164955635124 0
    outer loop
      vertex 119.6451687514782 -2.883075003325942 76.35000000000001
      vertex 119.7820999994874 -2.7485000014305143 77.35000000000001
      vertex 119.6451687514782 -2.883075003325942 77.35000000000001
    endloop
  endfacet
  facet normal 0.7009438140508141 -0.7132164955635124 0
    outer loop
      vertex 119.6451687514782 -2.883075003325942 76.35000000000001
      vertex 119.7820999994874 -2.7485000014305143 76.35000000000001
      vertex 119.7820999994874 -2.7485000014305143 77.35000000000001
    endloop
  endfacet
  facet normal 0.6336943167935655 -0.773583552606657 0
    outer loop
      vertex 119.7820999994874 -2.7485000014305143 76.35000000000001
      vertex 119.9308562502265 -2.6266437515616445 76.35000000000001
      vertex 119.9308562502265 -2.6266437515616445 77.35000000000001
    endloop
  endfacet
  facet normal 0 0 1
    outer loop
      vertex 116.49989999830723 -2.422999997437003 77.35000000000001
      vertex 120.09232500195503 -2.5187749981880216 77.35000000000001
      vertex 120.26650624722242 -2.4248937487602262 77.35000000000001
    endloop
  endfacet
  facet normal 0 0 1
    outer loop
      vertex 116.49989999830723 -2.422999997437003 77.35000000000001
      vertex 120.26650624722242 -2.4248937487602262 77.35000000000001
      vertex 120.45340000092983 -2.3450000032782583 77.35000000000001
    endloop
  endfacet
  facet normal 0 0 1
    outer loop
      vertex 116.49989999830723 -2.422999997437003 77.35000000000001
      vertex 120.45340000092983 -2.3450000032782583 77.35000000000001
      vertex 120.65513125061989 -2.2812124982476263 77.35000000000001
    endloop
  endfacet
  facet normal 0.6336943167935655 -0.773583552606657 0
    outer loop
      vertex 119.7820999994874 -2.7485000014305143 76.35000000000001
      vertex 119.9308562502265 -2.6266437515616445 77.35000000000001
      vertex 119.7820999994874 -2.7485000014305143 77.35000000000001
    endloop
  endfacet
  facet normal 0 0 1
    outer loop
      vertex 120.53096249699593 -3.812112499773505 76.35000000000001
      vertex 119.7820999994874 -2.7485000014305143 76.35000000000001
      vertex 119.6451687514782 -2.883075003325942 76.35000000000001
    endloop
  endfacet
  facet normal 0 0 1
    outer loop
      vertex 120.67040000110865 -3.694499996304515 76.35000000000001
      vertex 119.9308562502265 -2.6266437515616445 76.35000000000001
      vertex 119.7820999994874 -2.7485000014305143 76.35000000000001
    endloop
  endfacet
  facet normal 0 0 1
    outer loop
      vertex 120.67040000110865 -3.694499996304515 76.35000000000001
      vertex 120.09232500195503 -2.5187749981880216 76.35000000000001
      vertex 119.9308562502265 -2.6266437515616445 76.35000000000001
    endloop
  endfacet
  facet normal 0 0 1
    outer loop
      vertex 120.8272187486291 -3.6010500013828306 76.35000000000001
      vertex 120.26650624722242 -2.4248937487602262 76.35000000000001
      vertex 120.09232500195503 -2.5187749981880216 76.35000000000001
    endloop
  endfacet
  facet normal 0 0 1
    outer loop
      vertex 120.67040000110865 -3.694499996304515 76.35000000000001
      vertex 120.8272187486291 -3.6010500013828306 76.35000000000001
      vertex 120.09232500195503 -2.5187749981880216 76.35000000000001
    endloop
  endfacet
  facet normal 0 0 1
    outer loop
      vertex 120.8272187486291 -3.6010500013828306 76.35000000000001
      vertex 121.00607500225306 -3.5342999964952497 76.35000000000001
      vertex 120.45340000092983 -2.3450000032782583 76.35000000000001
    endloop
  endfacet
  facet normal 0.5554946927139852 -0.8315200817578582 0
    outer loop
      vertex 119.9308562502265 -2.6266437515616445 76.35000000000001
      vertex 120.09232500195503 -2.5187749981880216 76.35000000000001
      vertex 120.09232500195503 -2.5187749981880216 77.35000000000001
    endloop
  endfacet
  facet normal 0.474457672980999 -0.880278317664053 0
    outer loop
      vertex 120.09232500195503 -2.5187749981880216 76.35000000000001
      vertex 120.26650624722242 -2.4248937487602262 76.35000000000001
      vertex 120.26650624722242 -2.4248937487602262 77.35000000000001
    endloop
  endfacet
  facet normal 0.39307296028293176 -0.9195072853949624 0
    outer loop
      vertex 120.26650624722242 -2.4248937487602262 76.35000000000001
      vertex 120.45340000092983 -2.3450000032782583 76.35000000000001
      vertex 120.45340000092983 -2.3450000032782583 77.35000000000001
    endloop
  endfacet
  facet normal 0 0 1
    outer loop
      vertex 120.8272187486291 -3.6010500013828306 76.35000000000001
      vertex 120.45340000092983 -2.3450000032782583 76.35000000000001
      vertex 120.26650624722242 -2.4248937487602262 76.35000000000001
    endloop
  endfacet
  facet normal 0 0 1
    outer loop
      vertex 120.45340000092983 -2.3450000032782583 76.35000000000001
      vertex 121.00607500225306 -3.5342999964952497 76.35000000000001
      vertex 120.65513125061989 -2.2812124982476263 76.35000000000001
    endloop
  endfacet
  facet normal 0 0 1
    outer loop
      vertex 120.65513125061989 -2.2812124982476263 76.35000000000001
      vertex 121.00607500225306 -3.5342999964952497 76.35000000000001
      vertex 120.87382499873638 -2.235649999976161 76.35000000000001
    endloop
  endfacet
  facet normal 0.30148763755788455 -0.9534700857393301 0
    outer loop
      vertex 120.45340000092983 -2.3450000032782583 76.35000000000001
      vertex 120.65513125061989 -2.2812124982476263 76.35000000000001
      vertex 120.65513125061989 -2.2812124982476263 77.35000000000001
    endloop
  endfacet
  facet normal 0.5554946927139852 -0.8315200817578582 0
    outer loop
      vertex 119.9308562502265 -2.6266437515616445 76.35000000000001
      vertex 120.09232500195503 -2.5187749981880216 77.35000000000001
      vertex 119.9308562502265 -2.6266437515616445 77.35000000000001
    endloop
  endfacet
  facet normal 0.474457672980999 -0.880278317664053 0
    outer loop
      vertex 120.09232500195503 -2.5187749981880216 76.35000000000001
      vertex 120.26650624722242 -2.4248937487602262 77.35000000000001
      vertex 120.09232500195503 -2.5187749981880216 77.35000000000001
    endloop
  endfacet
  facet normal 0.39307296028293176 -0.9195072853949624 0
    outer loop
      vertex 120.26650624722242 -2.4248937487602262 76.35000000000001
      vertex 120.45340000092983 -2.3450000032782583 77.35000000000001
      vertex 120.26650624722242 -2.4248937487602262 77.35000000000001
    endloop
  endfacet
  facet normal 0.30148763755788455 -0.9534700857393301 0
    outer loop
      vertex 120.45340000092983 -2.3450000032782583 76.35000000000001
      vertex 120.65513125061989 -2.2812124982476263 77.35000000000001
      vertex 120.45340000092983 -2.3450000032782583 77.35000000000001
    endloop
  endfacet
  facet normal 0 0 1
    outer loop
      vertex 116.49989999830723 -2.422999997437003 77.35000000000001
      vertex 120.65513125061989 -2.2812124982476263 77.35000000000001
      vertex 113.93659999966621 -0.5982999995350866 77.35000000000001
    endloop
  endfacet
  facet normal 0 0 1
    outer loop
      vertex 113.93659999966621 -0.5982999995350866 77.35000000000001
      vertex 120.65513125061989 -2.2812124982476263 77.35000000000001
      vertex 120.87382499873638 -2.235649999976161 77.35000000000001
    endloop
  endfacet
  facet normal 0 0 1
    outer loop
      vertex 113.93659999966621 -0.5982999995350866 77.35000000000001
      vertex 120.87382499873638 -2.235649999976161 77.35000000000001
      vertex 121.10948125272989 -2.208312501013282 77.35000000000001
    endloop
  endfacet
  facet normal 0 0 1
    outer loop
      vertex 113.93659999966621 -0.5982999995350866 77.35000000000001
      vertex 121.10948125272989 -2.208312501013282 77.35000000000001
      vertex 121.36209999769926 -2.1992000013589887 77.35000000000001
    endloop
  endfacet
  facet normal 0 1 0
    outer loop
      vertex 113.93659999966621 -0.5982999995350866 76.35000000000001
      vertex 113.93659999966621 -0.5982999995350866 77.35000000000001
      vertex 124 -0.5982999995350866 76.35000000000001
    endloop
  endfacet
  facet normal 0 0 1
    outer loop
      vertex 113.93659999966621 -0.5982999995350866 76.35000000000001
      vertex 124 -0.5982999995350866 76.35000000000001
      vertex 117.18990000337362 0.6090125024318667 76.35000000000001
    endloop
  endfacet
  facet normal 0.20395983467189932 -0.9789792571043635 0
    outer loop
      vertex 120.65513125061989 -2.2812124982476263 76.35000000000001
      vertex 120.87382499873638 -2.235649999976161 76.35000000000001
      vertex 120.87382499873638 -2.235649999976161 77.35000000000001
    endloop
  endfacet
  facet normal 0.20395983467189932 -0.9789792571043635 0
    outer loop
      vertex 120.65513125061989 -2.2812124982476263 76.35000000000001
      vertex 120.87382499873638 -2.235649999976161 77.35000000000001
      vertex 120.65513125061989 -2.2812124982476263 77.35000000000001
    endloop
  endfacet
  facet normal 0 0 1
    outer loop
      vertex 113.93659999966621 -0.5982999995350866 77.35000000000001
      vertex 121.36209999769926 -2.1992000013589887 77.35000000000001
      vertex 124 -0.5982999995350866 77.35000000000001
    endloop
  endfacet
  facet normal 0 1 0
    outer loop
      vertex 124 -0.5982999995350866 76.35000000000001
      vertex 113.93659999966621 -0.5982999995350866 77.35000000000001
      vertex 124 -0.5982999995350866 77.35000000000001
    endloop
  endfacet
  facet normal -1 0 0
    outer loop
      vertex 126.0000001 32.32019052838329 70.60000000000001
      vertex 126.0000001 -25.325000000000003 69.85000000000001
      vertex 126.0000001 -32.63085070016311 69.85000000000001
    endloop
  endfacet
  facet normal 0.32681834824216804 -0.945087174419514 0
    outer loop
      vertex 121.45700000226498 -8.939799998700622 76.35000000000001
      vertex 121.85899374634027 -8.800787498056891 76.35000000000001
      vertex 121.85899374634027 -8.800787498056891 77.35000000000001
    endloop
  endfacet
  facet normal 0.32681834824216804 -0.945087174419514 0
    outer loop
      vertex 121.45700000226498 -8.939799998700622 76.35000000000001
      vertex 121.85899374634027 -8.800787498056891 77.35000000000001
      vertex 121.45700000226498 -8.939799998700622 77.35000000000001
    endloop
  endfacet
  facet normal 0 0 1
    outer loop
      vertex 122.77001874893904 -9.732774999737742 76.35000000000001
      vertex 122.20377500355244 -8.600749996304515 76.35000000000001
      vertex 121.85899374634027 -8.800787498056891 76.35000000000001
    endloop
  endfacet
  facet normal 0.5018389267081909 -0.864961092558718 0
    outer loop
      vertex 121.85899374634027 -8.800787498056891 76.35000000000001
      vertex 122.20377500355244 -8.600749996304515 76.35000000000001
      vertex 122.20377500355244 -8.600749996304515 77.35000000000001
    endloop
  endfacet
  facet normal 0 0 1
    outer loop
      vertex 122.77001874893904 -9.732774999737742 76.35000000000001
      vertex 122.49134375154972 -8.339687500894073 76.35000000000001
      vertex 122.20377500355244 -8.600749996304515 76.35000000000001
    endloop
  endfacet
  facet normal 0 0 1
    outer loop
      vertex 122.77001874893904 -9.732774999737742 76.35000000000001
      vertex 123.52867499738932 -8.90419999957085 76.35000000000001
      vertex 122.49134375154972 -8.339687500894073 76.35000000000001
    endloop
  endfacet
  facet normal 0.5018389267081909 -0.864961092558718 0
    outer loop
      vertex 121.85899374634027 -8.800787498056891 76.35000000000001
      vertex 122.20377500355244 -8.600749996304515 77.35000000000001
      vertex 121.85899374634027 -8.800787498056891 77.35000000000001
    endloop
  endfacet
  facet normal 0.672160016877672 -0.740405910099999 0
    outer loop
      vertex 122.20377500355244 -8.600749996304515 76.35000000000001
      vertex 122.49134375154972 -8.339687500894073 77.35000000000001
      vertex 122.20377500355244 -8.600749996304515 77.35000000000001
    endloop
  endfacet
  facet normal 0.672160016877672 -0.740405910099999 0
    outer loop
      vertex 122.20377500355244 -8.600749996304515 76.35000000000001
      vertex 122.49134375154972 -8.339687500894073 76.35000000000001
      vertex 122.49134375154972 -8.339687500894073 77.35000000000001
    endloop
  endfacet
  facet normal 0 0 1
    outer loop
      vertex 122.49134375154972 -8.339687500894073 76.35000000000001
      vertex 123.52867499738932 -8.90419999957085 76.35000000000001
      vertex 122.72169999778271 -8.017599996924403 76.35000000000001
    endloop
  endfacet
  facet normal 0.8133824698142923 -0.5817292822256774 0
    outer loop
      vertex 122.49134375154972 -8.339687500894073 76.35000000000001
      vertex 122.72169999778271 -8.017599996924403 76.35000000000001
      vertex 122.72169999778271 -8.017599996924403 77.35000000000001
    endloop
  endfacet
  facet normal 0.8133824698142923 -0.5817292822256774 0
    outer loop
      vertex 122.49134375154972 -8.339687500894073 76.35000000000001
      vertex 122.72169999778271 -8.017599996924403 77.35000000000001
      vertex 122.49134375154972 -8.339687500894073 77.35000000000001
    endloop
  endfacet
  facet normal 0 0 1
    outer loop
      vertex 119.59220000356436 -6.4035999968647985 77.35000000000001
      vertex 121.85899374634027 -8.800787498056891 77.35000000000001
      vertex 122.20377500355244 -8.600749996304515 77.35000000000001
    endloop
  endfacet
  facet normal 0 0 1
    outer loop
      vertex 119.59220000356436 -6.4035999968647985 77.35000000000001
      vertex 122.20377500355244 -8.600749996304515 77.35000000000001
      vertex 122.49134375154972 -8.339687500894073 77.35000000000001
    endloop
  endfacet
  facet normal 0 0 1
    outer loop
      vertex 119.59220000356436 -6.4035999968647985 77.35000000000001
      vertex 122.49134375154972 -8.339687500894073 77.35000000000001
      vertex 122.72169999778271 -8.017599996924403 77.35000000000001
    endloop
  endfacet
  facet normal 0 0 1
    outer loop
      vertex 119.59220000356436 -6.4035999968647985 77.35000000000001
      vertex 122.72169999778271 -8.017599996924403 77.35000000000001
      vertex 122.89823125302792 -7.6331687465310125 77.35000000000001
    endloop
  endfacet
  facet normal 0 0 1
    outer loop
      vertex 119.59220000356436 -6.4035999968647985 77.35000000000001
      vertex 122.89823125302792 -7.6331687465310125 77.35000000000001
      vertex 123.02432499825954 -7.185174998641017 77.35000000000001
    endloop
  endfacet
  facet normal 0.908765893587032 -0.41730630315508466 0
    outer loop
      vertex 122.72169999778271 -8.017599996924403 76.35000000000001
      vertex 122.89823125302792 -7.6331687465310125 76.35000000000001
      vertex 122.89823125302792 -7.6331687465310125 77.35000000000001
    endloop
  endfacet
  facet normal 0.908765893587032 -0.41730630315508466 0
    outer loop
      vertex 122.72169999778271 -8.017599996924403 76.35000000000001
      vertex 122.89823125302792 -7.6331687465310125 77.35000000000001
      vertex 122.72169999778271 -8.017599996924403 77.35000000000001
    endloop
  endfacet
  facet normal 0.9625974374952773 -0.2709357365271802 0
    outer loop
      vertex 122.89823125302792 -7.6331687465310125 76.35000000000001
      vertex 123.02432499825954 -7.185174998641017 77.35000000000001
      vertex 122.89823125302792 -7.6331687465310125 77.35000000000001
    endloop
  endfacet
  facet normal 0 0 1
    outer loop
      vertex 122.72169999778271 -8.017599996924403 76.35000000000001
      vertex 123.52867499738932 -8.90419999957085 76.35000000000001
      vertex 123.9838687479496 -7.708574999868873 76.35000000000001
    endloop
  endfacet
  facet normal -0.9345611590793748 0.3558025294179562 0
    outer loop
      vertex 123.52867499738932 -8.90419999957085 76.35000000000001
      vertex 123.52867499738932 -8.90419999957085 77.35000000000001
      vertex 123.9838687479496 -7.708574999868873 76.35000000000001
    endloop
  endfacet
  facet normal -0.9345611590793748 0.3558025294179562 0
    outer loop
      vertex 123.9838687479496 -7.708574999868873 76.35000000000001
      vertex 123.52867499738932 -8.90419999957085 77.35000000000001
      vertex 123.9838687479496 -7.708574999868873 77.35000000000001
    endloop
  endfacet
  facet normal 0 0 1
    outer loop
      vertex 122.72169999778271 -8.017599996924403 76.35000000000001
      vertex 123.9838687479496 -7.708574999868873 76.35000000000001
      vertex 122.89823125302792 -7.6331687465310125 76.35000000000001
    endloop
  endfacet
  facet normal 0 0 1
    outer loop
      vertex 122.89823125302792 -7.6331687465310125 76.35000000000001
      vertex 123.9838687479496 -7.708574999868873 76.35000000000001
      vertex 123.02432499825954 -7.185174998641017 76.35000000000001
    endloop
  endfacet
  facet normal 0 0 1
    outer loop
      vertex 123.02432499825954 -7.185174998641017 76.35000000000001
      vertex 123.9838687479496 -7.708574999868873 76.35000000000001
      vertex 123.09998124837875 -6.6736187532544164 76.35000000000001
    endloop
  endfacet
  facet normal 0.9625974374952773 -0.2709357365271802 0
    outer loop
      vertex 122.89823125302792 -7.6331687465310125 76.35000000000001
      vertex 123.02432499825954 -7.185174998641017 76.35000000000001
      vertex 123.02432499825954 -7.185174998641017 77.35000000000001
    endloop
  endfacet
  facet normal 0.9892398360855919 -0.14630292786322324 0
    outer loop
      vertex 123.02432499825954 -7.185174998641017 76.35000000000001
      vertex 123.09998124837875 -6.6736187532544164 76.35000000000001
      vertex 123.09998124837875 -6.6736187532544164 77.35000000000001
    endloop
  endfacet
  facet normal 0 0 1
    outer loop
      vertex 123.9838687479496 -7.708574999868873 76.35000000000001
      vertex 124.13560000061989 -6.145900000631812 76.35000000000001
      vertex 123.09998124837875 -6.6736187532544164 76.35000000000001
    endloop
  endfacet
  facet normal 0.9892398360855919 -0.14630292786322324 0
    outer loop
      vertex 123.02432499825954 -7.185174998641017 76.35000000000001
      vertex 123.09998124837875 -6.6736187532544164 77.35000000000001
      vertex 123.02432499825954 -7.185174998641017 77.35000000000001
    endloop
  endfacet
  facet normal -0.9953191458944057 0.09664262939319557 0
    outer loop
      vertex 123.9838687479496 -7.708574999868873 76.35000000000001
      vertex 123.9838687479496 -7.708574999868873 77.35000000000001
      vertex 124.13560000061989 -6.145900000631812 76.35000000000001
    endloop
  endfacet
  facet normal 0 0 1
    outer loop
      vertex 119.66553124785423 -6.085306246578696 77.35000000000001
      vertex 123.02432499825954 -7.185174998641017 77.35000000000001
      vertex 123.09998124837875 -6.6736187532544164 77.35000000000001
    endloop
  endfacet
  facet normal 0 0 1
    outer loop
      vertex 119.73632500320673 -5.781425003707412 77.35000000000001
      vertex 123.09998124837875 -6.6736187532544164 77.35000000000001
      vertex 123.12520000338554 -6.09850000292063 77.35000000000001
    endloop
  endfacet
  facet normal 0 0 1
    outer loop
      vertex 119.8703000023961 -5.216900002956393 77.35000000000001
      vertex 123.09828750044107 -5.507018749415877 77.35000000000001
      vertex 119.93851874768734 -4.958374996483329 77.35000000000001
    endloop
  endfacet
  facet normal 0 0 1
    outer loop
      vertex 119.93851874768734 -4.958374996483329 77.35000000000001
      vertex 123.01754999905825 -4.9871749997139005 77.35000000000001
      vertex 120.0143750011921 -4.718500000238421 77.35000000000001
    endloop
  endfacet
  facet normal 0 0 1
    outer loop
      vertex 120.0143750011921 -4.718500000238421 77.35000000000001
      vertex 123.01754999905825 -4.9871749997139005 77.35000000000001
      vertex 120.0978687480092 -4.49727499932051 77.35000000000001
    endloop
  endfacet
  facet normal 0 0 1
    outer loop
      vertex 119.8703000023961 -5.216900002956393 77.35000000000001
      vertex 123.12520000338554 -6.09850000292063 77.35000000000001
      vertex 123.09828750044107 -5.507018749415877 77.35000000000001
    endloop
  endfacet
  facet normal 0 0 1
    outer loop
      vertex 119.93851874768734 -4.958374996483329 77.35000000000001
      vertex 123.09828750044107 -5.507018749415877 77.35000000000001
      vertex 123.01754999905825 -4.9871749997139005 77.35000000000001
    endloop
  endfacet
  facet normal 0.9577670845560531 0.28754514730907593 0
    outer loop
      vertex 123.01754999905825 -4.9871749997139005 76.35000000000001
      vertex 122.88298749923706 -4.5389687463641195 76.35000000000001
      vertex 122.88298749923706 -4.5389687463641195 77.35000000000001
    endloop
  endfacet
  facet normal 0 0 1
    outer loop
      vertex 120.0978687480092 -4.49727499932051 77.35000000000001
      vertex 123.01754999905825 -4.9871749997139005 77.35000000000001
      vertex 122.88298749923706 -4.5389687463641195 77.35000000000001
    endloop
  endfacet
  facet normal 0 0 1
    outer loop
      vertex 123.09998124837875 -6.6736187532544164 76.35000000000001
      vertex 124.13560000061989 -6.145900000631812 76.35000000000001
      vertex 123.12520000338554 -6.09850000292063 76.35000000000001
    endloop
  endfacet
  facet normal 0.9990399883714998 -0.0438075522561297 0
    outer loop
      vertex 123.09998124837875 -6.6736187532544164 76.35000000000001
      vertex 123.12520000338554 -6.09850000292063 76.35000000000001
      vertex 123.12520000338554 -6.09850000292063 77.35000000000001
    endloop
  endfacet
  facet normal 0.9990399883714998 -0.0438075522561297 0
    outer loop
      vertex 123.09998124837875 -6.6736187532544164 76.35000000000001
      vertex 123.12520000338554 -6.09850000292063 77.35000000000001
      vertex 123.09998124837875 -6.6736187532544164 77.35000000000001
    endloop
  endfacet
  facet normal 0 0 1
    outer loop
      vertex 123.12520000338554 -6.09850000292063 76.35000000000001
      vertex 124.13560000061989 -6.145900000631812 76.35000000000001
      vertex 123.09828750044107 -5.507018749415877 76.35000000000001
    endloop
  endfacet
  facet normal 0.9989664713359002 0.04545315331965569 0
    outer loop
      vertex 123.12520000338554 -6.09850000292063 76.35000000000001
      vertex 123.09828750044107 -5.507018749415877 76.35000000000001
      vertex 123.09828750044107 -5.507018749415877 77.35000000000001
    endloop
  endfacet
  facet normal 0.9989664713359002 0.04545315331965569 0
    outer loop
      vertex 123.12520000338554 -6.09850000292063 76.35000000000001
      vertex 123.09828750044107 -5.507018749415877 77.35000000000001
      vertex 123.12520000338554 -6.09850000292063 77.35000000000001
    endloop
  endfacet
  facet normal -0.9953191458944057 0.09664262939319557 0
    outer loop
      vertex 124.13560000061989 -6.145900000631812 76.35000000000001
      vertex 123.9838687479496 -7.708574999868873 77.35000000000001
      vertex 124.13560000061989 -6.145900000631812 77.35000000000001
    endloop
  endfacet
  facet normal -0.9986938803325773 -0.051093379084377465 0
    outer loop
      vertex 124.13560000061989 -6.145900000631812 76.35000000000001
      vertex 124.13560000061989 -6.145900000631812 77.35000000000001
      vertex 124.09025000035763 -5.259468753635886 76.35000000000001
    endloop
  endfacet
  facet normal 0 0 1
    outer loop
      vertex 123.09828750044107 -5.507018749415877 76.35000000000001
      vertex 124.09025000035763 -5.259468753635886 76.35000000000001
      vertex 123.01754999905825 -4.9871749997139005 76.35000000000001
    endloop
  endfacet
  facet normal 0.9881531298956947 0.1534711434678924 0
    outer loop
      vertex 123.09828750044107 -5.507018749415877 76.35000000000001
      vertex 123.01754999905825 -4.9871749997139005 76.35000000000001
      vertex 123.01754999905825 -4.9871749997139005 77.35000000000001
    endloop
  endfacet
  facet normal 0 0 1
    outer loop
      vertex 124.13560000061989 -6.145900000631812 76.35000000000001
      vertex 124.09025000035763 -5.259468753635886 76.35000000000001
      vertex 123.09828750044107 -5.507018749415877 76.35000000000001
    endloop
  endfacet
  facet normal 0.9881531298956947 0.1534711434678924 0
    outer loop
      vertex 123.09828750044107 -5.507018749415877 76.35000000000001
      vertex 123.01754999905825 -4.9871749997139005 77.35000000000001
      vertex 123.09828750044107 -5.507018749415877 77.35000000000001
    endloop
  endfacet
  facet normal 0 0 1
    outer loop
      vertex 123.01754999905825 -4.9871749997139005 76.35000000000001
      vertex 123.95419999957085 -4.478575003147128 76.35000000000001
      vertex 122.88298749923706 -4.5389687463641195 76.35000000000001
    endloop
  endfacet
  facet normal 0 0 1
    outer loop
      vertex 123.01754999905825 -4.9871749997139005 76.35000000000001
      vertex 124.09025000035763 -5.259468753635886 76.35000000000001
      vertex 123.95419999957085 -4.478575003147128 76.35000000000001
    endloop
  endfacet
  facet normal 0.9577670845560531 0.28754514730907593 0
    outer loop
      vertex 123.01754999905825 -4.9871749997139005 76.35000000000001
      vertex 122.88298749923706 -4.5389687463641195 77.35000000000001
      vertex 123.01754999905825 -4.9871749997139005 77.35000000000001
    endloop
  endfacet
  facet normal -0.9986938803325773 -0.051093379084377465 0
    outer loop
      vertex 124.09025000035763 -5.259468753635886 76.35000000000001
      vertex 124.13560000061989 -6.145900000631812 77.35000000000001
      vertex 124.09025000035763 -5.259468753635886 77.35000000000001
    endloop
  endfacet
  facet normal -0.985160089337332 -0.17163798640411723 0
    outer loop
      vertex 124.09025000035763 -5.259468753635886 76.35000000000001
      vertex 124.09025000035763 -5.259468753635886 77.35000000000001
      vertex 123.95419999957085 -4.478575003147128 76.35000000000001
    endloop
  endfacet
  facet normal -0.985160089337332 -0.17163798640411723 0
    outer loop
      vertex 123.95419999957085 -4.478575003147128 76.35000000000001
      vertex 124.09025000035763 -5.259468753635886 77.35000000000001
      vertex 123.95419999957085 -4.478575003147128 77.35000000000001
    endloop
  endfacet
  facet normal -1 0 0
    outer loop
      vertex 126.0000001 -27.76614283826891 74.09444369716802
      vertex 126.0000001 -25.825000000000003 74.35000000000001
      vertex 126.0000001 27.766142838268905 74.09444369716802
    endloop
  endfacet
  facet normal 0 0 -1
    outer loop
      vertex 126.0000001 -25.825000000000003 74.35000000000001
      vertex 126 -25.325000000000003 74.35000000000001
      vertex 126.0000001 25.825000000000003 74.35000000000001
    endloop
  endfacet
  facet normal 1 0 0
    outer loop
      vertex 129.0000001 -32.575 76.3451905283833
      vertex 129.0000001 36.325 69.85000000000001
      vertex 129.0000001 -30.76614283826891 77.09444369716802
    endloop
  endfacet
  facet normal 1 0 0
    outer loop
      vertex 129.0000001 -30.76614283826891 77.09444369716802
      vertex 129.0000001 36.325 69.85000000000001
      vertex 129.0000001 -28.825000000000003 77.35000000000001
    endloop
  endfacet
  facet normal 0 0 1
    outer loop
      vertex 129.0000001 -28.825000000000003 77.35000000000001
      vertex 124 4.033300000429151 77.35000000000001
      vertex 124 0.6224000036716433 77.35000000000001
    endloop
  endfacet
  facet normal 0 0 1
    outer loop
      vertex 129.0000001 -28.825000000000003 77.35000000000001
      vertex 124 5.260699997842309 77.35000000000001
      vertex 124 4.033300000429151 77.35000000000001
    endloop
  endfacet
  facet normal 0 0 1
    outer loop
      vertex 120.0978687480092 -4.49727499932051 77.35000000000001
      vertex 122.88298749923706 -4.5389687463641195 77.35000000000001
      vertex 120.18900000303984 -4.294700001180175 77.35000000000001
    endloop
  endfacet
  facet normal 0 0 1
    outer loop
      vertex 120.18900000303984 -4.294700001180175 77.35000000000001
      vertex 122.88298749923706 -4.5389687463641195 77.35000000000001
      vertex 120.29026249796152 -4.112212498486045 77.35000000000001
    endloop
  endfacet
  facet normal 0 0 1
    outer loop
      vertex 120.29026249796152 -4.112212498486045 77.35000000000001
      vertex 122.88298749923706 -4.5389687463641195 77.35000000000001
      vertex 120.40425000339746 -3.951350000500682 77.35000000000001
    endloop
  endfacet
  facet normal 0 0 1
    outer loop
      vertex 120.40425000339746 -3.951350000500682 77.35000000000001
      vertex 122.88298749923706 -4.5389687463641195 77.35000000000001
      vertex 120.53096249699593 -3.812112499773505 77.35000000000001
    endloop
  endfacet
  facet normal 0 0 1
    outer loop
      vertex 120.53096249699593 -3.812112499773505 77.35000000000001
      vertex 122.88298749923706 -4.5389687463641195 77.35000000000001
      vertex 120.67040000110865 -3.694499996304515 77.35000000000001
    endloop
  endfacet
  facet normal -0.19551175846196012 0.9807013573474405 0
    outer loop
      vertex 121.00607500225306 -3.5342999964952497 76.35000000000001
      vertex 121.00607500225306 -3.5342999964952497 77.35000000000001
      vertex 121.20696874707937 -3.4942499965429334 76.35000000000001
    endloop
  endfacet
  facet normal -0.059776823827345615 0.9982117667775283 0
    outer loop
      vertex 121.20696874707937 -3.4942499965429334 76.35000000000001
      vertex 121.20696874707937 -3.4942499965429334 77.35000000000001
      vertex 121.4298999980092 -3.4809000015258817 76.35000000000001
    endloop
  endfacet
  facet normal 0.10806769194291517 0.99414353790493 0
    outer loop
      vertex 121.4298999980092 -3.4809000015258817 76.35000000000001
      vertex 121.4298999980092 -3.4809000015258817 77.35000000000001
      vertex 121.82173124700785 -3.5234937489032774 76.35000000000001
    endloop
  endfacet
  facet normal 0.35054276627124586 0.9365467254840534 0
    outer loop
      vertex 121.82173124700785 -3.5234937489032774 76.35000000000001
      vertex 121.82173124700785 -3.5234937489032774 77.35000000000001
      vertex 122.16312500089407 -3.651274998486045 76.35000000000001
    endloop
  endfacet
  facet normal -0.3496484392589119 0.9368809790596706 0
    outer loop
      vertex 121.00607500225306 -3.5342999964952497 76.35000000000001
      vertex 120.8272187486291 -3.6010500013828306 77.35000000000001
      vertex 121.00607500225306 -3.5342999964952497 77.35000000000001
    endloop
  endfacet
  facet normal -0.19551175846196012 0.9807013573474405 0
    outer loop
      vertex 121.20696874707937 -3.4942499965429334 76.35000000000001
      vertex 121.00607500225306 -3.5342999964952497 77.35000000000001
      vertex 121.20696874707937 -3.4942499965429334 77.35000000000001
    endloop
  endfacet
  facet normal -0.059776823827345615 0.9982117667775283 0
    outer loop
      vertex 121.4298999980092 -3.4809000015258817 76.35000000000001
      vertex 121.20696874707937 -3.4942499965429334 77.35000000000001
      vertex 121.4298999980092 -3.4809000015258817 77.35000000000001
    endloop
  endfacet
  facet normal 0 0 1
    outer loop
      vertex 120.67040000110865 -3.694499996304515 77.35000000000001
      vertex 122.88298749923706 -4.5389687463641195 77.35000000000001
      vertex 120.8272187486291 -3.6010500013828306 77.35000000000001
    endloop
  endfacet
  facet normal 0 0 1
    outer loop
      vertex 120.8272187486291 -3.6010500013828306 77.35000000000001
      vertex 122.88298749923706 -4.5389687463641195 77.35000000000001
      vertex 121.00607500225306 -3.5342999964952497 77.35000000000001
    endloop
  endfacet
  facet normal 0 0 1
    outer loop
      vertex 121.00607500225306 -3.5342999964952497 77.35000000000001
      vertex 122.88298749923706 -4.5389687463641195 77.35000000000001
      vertex 121.20696874707937 -3.4942499965429334 77.35000000000001
    endloop
  endfacet
  facet normal 0 0 1
    outer loop
      vertex 121.20696874707937 -3.4942499965429334 77.35000000000001
      vertex 122.88298749923706 -4.5389687463641195 77.35000000000001
      vertex 121.4298999980092 -3.4809000015258817 77.35000000000001
    endloop
  endfacet
  facet normal 0.10806769194291517 0.99414353790493 0
    outer loop
      vertex 121.82173124700785 -3.5234937489032774 76.35000000000001
      vertex 121.4298999980092 -3.4809000015258817 77.35000000000001
      vertex 121.82173124700785 -3.5234937489032774 77.35000000000001
    endloop
  endfacet
  facet normal 0.8943292045917305 0.4474095146667342 0
    outer loop
      vertex 122.88298749923706 -4.5389687463641195 76.35000000000001
      vertex 122.69460000097752 -4.162399996817115 76.35000000000001
      vertex 122.69460000097752 -4.162399996817115 77.35000000000001
    endloop
  endfacet
  facet normal 0 0 1
    outer loop
      vertex 121.4298999980092 -3.4809000015258817 77.35000000000001
      vertex 122.88298749923706 -4.5389687463641195 77.35000000000001
      vertex 122.69460000097752 -4.162399996817115 77.35000000000001
    endloop
  endfacet
  facet normal 0.8943292045917305 0.4474095146667342 0
    outer loop
      vertex 122.88298749923706 -4.5389687463641195 76.35000000000001
      vertex 122.69460000097752 -4.162399996817115 77.35000000000001
      vertex 122.88298749923706 -4.5389687463641195 77.35000000000001
    endloop
  endfacet
  facet normal 0.7783235317941706 0.6278634245243535 0
    outer loop
      vertex 122.69460000097752 -4.162399996817115 76.35000000000001
      vertex 122.45408125221729 -3.864243750274184 77.35000000000001
      vertex 122.69460000097752 -4.162399996817115 77.35000000000001
    endloop
  endfacet
  facet normal 0.5906435326397352 0.8069325977743458 0
    outer loop
      vertex 122.16312500089407 -3.651274998486045 76.35000000000001
      vertex 122.16312500089407 -3.651274998486045 77.35000000000001
      vertex 122.45408125221729 -3.864243750274184 76.35000000000001
    endloop
  endfacet
  facet normal 0 0 1
    outer loop
      vertex 122.69460000097752 -4.162399996817115 76.35000000000001
      vertex 123.40999999642372 -3.233399999141696 76.35000000000001
      vertex 122.45408125221729 -3.864243750274184 76.35000000000001
    endloop
  endfacet
  facet normal 0.7783235317941706 0.6278634245243535 0
    outer loop
      vertex 122.69460000097752 -4.162399996817115 76.35000000000001
      vertex 122.45408125221729 -3.864243750274184 76.35000000000001
      vertex 122.45408125221729 -3.864243750274184 77.35000000000001
    endloop
  endfacet
  facet normal 0 0 1
    outer loop
      vertex 122.16312500089407 -3.651274998486045 76.35000000000001
      vertex 122.45408125221729 -3.864243750274184 76.35000000000001
      vertex 123.00990624725819 -2.780937497317794 76.35000000000001
    endloop
  endfacet
  facet normal 0.5906435326397352 0.8069325977743458 0
    outer loop
      vertex 122.45408125221729 -3.864243750274184 76.35000000000001
      vertex 122.16312500089407 -3.651274998486045 77.35000000000001
      vertex 122.45408125221729 -3.864243750274184 77.35000000000001
    endloop
  endfacet
  facet normal 0 0 1
    outer loop
      vertex 121.4298999980092 -3.4809000015258817 77.35000000000001
      vertex 122.69460000097752 -4.162399996817115 77.35000000000001
      vertex 121.82173124700785 -3.5234937489032774 77.35000000000001
    endloop
  endfacet
  facet normal 0 0 1
    outer loop
      vertex 121.82173124700785 -3.5234937489032774 77.35000000000001
      vertex 122.69460000097752 -4.162399996817115 77.35000000000001
      vertex 122.45408125221729 -3.864243750274184 77.35000000000001
    endloop
  endfacet
  facet normal 0.35054276627124586 0.9365467254840534 0
    outer loop
      vertex 122.16312500089407 -3.651274998486045 76.35000000000001
      vertex 121.82173124700785 -3.5234937489032774 77.35000000000001
      vertex 122.16312500089407 -3.651274998486045 77.35000000000001
    endloop
  endfacet
  facet normal 0 0 1
    outer loop
      vertex 121.82173124700785 -3.5234937489032774 77.35000000000001
      vertex 122.45408125221729 -3.864243750274184 77.35000000000001
      vertex 122.16312500089407 -3.651274998486045 77.35000000000001
    endloop
  endfacet
  facet normal 0 0 1
    outer loop
      vertex 120.87382499873638 -2.235649999976161 76.35000000000001
      vertex 121.00607500225306 -3.5342999964952497 76.35000000000001
      vertex 121.20696874707937 -3.4942499965429334 76.35000000000001
    endloop
  endfacet
  facet normal 0 0 1
    outer loop
      vertex 121.20696874707937 -3.4942499965429334 76.35000000000001
      vertex 121.4298999980092 -3.4809000015258817 76.35000000000001
      vertex 121.36209999769926 -2.1992000013589887 76.35000000000001
    endloop
  endfacet
  facet normal 0 0 1
    outer loop
      vertex 121.4298999980092 -3.4809000015258817 76.35000000000001
      vertex 121.82173124700785 -3.5234937489032774 76.35000000000001
      vertex 121.98595625162125 -2.26383749842644 76.35000000000001
    endloop
  endfacet
  facet normal 0 0 1
    outer loop
      vertex 120.87382499873638 -2.235649999976161 76.35000000000001
      vertex 121.20696874707937 -3.4942499965429334 76.35000000000001
      vertex 121.10948125272989 -2.208312501013282 76.35000000000001
    endloop
  endfacet
  facet normal 0 0 1
    outer loop
      vertex 121.20696874707937 -3.4942499965429334 76.35000000000001
      vertex 121.36209999769926 -2.1992000013589887 76.35000000000001
      vertex 121.10948125272989 -2.208312501013282 76.35000000000001
    endloop
  endfacet
  facet normal 0 0 1
    outer loop
      vertex 121.4298999980092 -3.4809000015258817 76.35000000000001
      vertex 121.98595625162125 -2.26383749842644 76.35000000000001
      vertex 121.36209999769926 -2.1992000013589887 76.35000000000001
    endloop
  endfacet
  facet normal 0 0 1
    outer loop
      vertex 121.82173124700785 -3.5234937489032774 76.35000000000001
      vertex 122.16312500089407 -3.651274998486045 76.35000000000001
      vertex 122.53522499650717 -2.4577499970793752 76.35000000000001
    endloop
  endfacet
  facet normal 0 0 1
    outer loop
      vertex 122.16312500089407 -3.651274998486045 76.35000000000001
      vertex 123.00990624725819 -2.780937497317794 76.35000000000001
      vertex 122.53522499650717 -2.4577499970793752 76.35000000000001
    endloop
  endfacet
  facet normal 0 0 1
    outer loop
      vertex 121.82173124700785 -3.5234937489032774 76.35000000000001
      vertex 122.53522499650717 -2.4577499970793752 76.35000000000001
      vertex 121.98595625162125 -2.26383749842644 76.35000000000001
    endloop
  endfacet
  facet normal -0.3329009369212375 -0.9429618052694193 0
    outer loop
      vertex 122.53522499650717 -2.4577499970793752 76.35000000000001
      vertex 122.53522499650717 -2.4577499970793752 77.35000000000001
      vertex 121.98595625162125 -2.26383749842644 76.35000000000001
    endloop
  endfacet
  facet normal -0.5627912931998885 -0.8265990323599449 0
    outer loop
      vertex 122.53522499650717 -2.4577499970793752 76.35000000000001
      vertex 123.00990624725819 -2.780937497317794 76.35000000000001
      vertex 123.00990624725819 -2.780937497317794 77.35000000000001
    endloop
  endfacet
  facet normal -0.3329009369212375 -0.9429618052694193 0
    outer loop
      vertex 121.98595625162125 -2.26383749842644 76.35000000000001
      vertex 122.53522499650717 -2.4577499970793752 77.35000000000001
      vertex 121.98595625162125 -2.26383749842644 77.35000000000001
    endloop
  endfacet
  facet normal -0.5627912931998885 -0.8265990323599449 0
    outer loop
      vertex 122.53522499650717 -2.4577499970793752 76.35000000000001
      vertex 123.00990624725819 -2.780937497317794 77.35000000000001
      vertex 122.53522499650717 -2.4577499970793752 77.35000000000001
    endloop
  endfacet
  facet normal 0 0 1
    outer loop
      vertex 122.88298749923706 -4.5389687463641195 76.35000000000001
      vertex 123.72744999825954 -3.803218749165538 76.35000000000001
      vertex 122.69460000097752 -4.162399996817115 76.35000000000001
    endloop
  endfacet
  facet normal 0 0 1
    outer loop
      vertex 122.88298749923706 -4.5389687463641195 76.35000000000001
      vertex 123.95419999957085 -4.478575003147128 76.35000000000001
      vertex 123.72744999825954 -3.803218749165538 76.35000000000001
    endloop
  endfacet
  facet normal -0.947994126554857 -0.31828781946140117 0
    outer loop
      vertex 123.95419999957085 -4.478575003147128 76.35000000000001
      vertex 123.95419999957085 -4.478575003147128 77.35000000000001
      vertex 123.72744999825954 -3.803218749165538 76.35000000000001
    endloop
  endfacet
  facet normal -0.947994126554857 -0.31828781946140117 0
    outer loop
      vertex 123.72744999825954 -3.803218749165538 76.35000000000001
      vertex 123.95419999957085 -4.478575003147128 77.35000000000001
      vertex 123.72744999825954 -3.803218749165538 77.35000000000001
    endloop
  endfacet
  facet normal 0 0 1
    outer loop
      vertex 122.69460000097752 -4.162399996817115 76.35000000000001
      vertex 123.72744999825954 -3.803218749165538 76.35000000000001
      vertex 123.40999999642372 -3.233399999141696 76.35000000000001
    endloop
  endfacet
  facet normal -0.873581302125387 -0.48667823926791015 0
    outer loop
      vertex 123.72744999825954 -3.803218749165538 76.35000000000001
      vertex 123.72744999825954 -3.803218749165538 77.35000000000001
      vertex 123.40999999642372 -3.233399999141696 76.35000000000001
    endloop
  endfacet
  facet normal -0.873581302125387 -0.48667823926791015 0
    outer loop
      vertex 123.40999999642372 -3.233399999141696 76.35000000000001
      vertex 123.72744999825954 -3.803218749165538 77.35000000000001
      vertex 123.40999999642372 -3.233399999141696 77.35000000000001
    endloop
  endfacet
  facet normal 0 0 1
    outer loop
      vertex 124.13560000061989 -6.145900000631812 77.35000000000001
      vertex 124 -0.5982999995350866 77.35000000000001
      vertex 124.09025000035763 -5.259468753635886 77.35000000000001
    endloop
  endfacet
  facet normal 0 0 1
    outer loop
      vertex 124.09025000035763 -5.259468753635886 77.35000000000001
      vertex 124 -0.5982999995350866 77.35000000000001
      vertex 123.95419999957085 -4.478575003147128 77.35000000000001
    endloop
  endfacet
  facet normal 0 0 1
    outer loop
      vertex 122.45408125221729 -3.864243750274184 76.35000000000001
      vertex 123.40999999642372 -3.233399999141696 76.35000000000001
      vertex 123.00990624725819 -2.780937497317794 76.35000000000001
    endloop
  endfacet
  facet normal -0.7491292779947942 -0.6624238256969612 0
    outer loop
      vertex 123.40999999642372 -3.233399999141696 76.35000000000001
      vertex 123.40999999642372 -3.233399999141696 77.35000000000001
      vertex 123.00990624725819 -2.780937497317794 76.35000000000001
    endloop
  endfacet
  facet normal -0.7491292779947942 -0.6624238256969612 0
    outer loop
      vertex 123.00990624725819 -2.780937497317794 76.35000000000001
      vertex 123.40999999642372 -3.233399999141696 77.35000000000001
      vertex 123.00990624725819 -2.780937497317794 77.35000000000001
    endloop
  endfacet
  facet normal 0 0 1
    outer loop
      vertex 123.95419999957085 -4.478575003147128 77.35000000000001
      vertex 124 -0.5982999995350866 77.35000000000001
      vertex 123.72744999825954 -3.803218749165538 77.35000000000001
    endloop
  endfacet
  facet normal 0 0 1
    outer loop
      vertex 123.72744999825954 -3.803218749165538 77.35000000000001
      vertex 124 -0.5982999995350866 77.35000000000001
      vertex 123.40999999642372 -3.233399999141696 77.35000000000001
    endloop
  endfacet
  facet normal 0.11523305369425085 -0.9933384837689003 0
    outer loop
      vertex 120.87382499873638 -2.235649999976161 76.35000000000001
      vertex 121.10948125272989 -2.208312501013282 76.35000000000001
      vertex 121.10948125272989 -2.208312501013282 77.35000000000001
    endloop
  endfacet
  facet normal 0.0360486979880704 -0.9993500344590802 0
    outer loop
      vertex 121.10948125272989 -2.208312501013282 76.35000000000001
      vertex 121.36209999769926 -2.1992000013589887 76.35000000000001
      vertex 121.36209999769926 -2.1992000013589887 77.35000000000001
    endloop
  endfacet
  facet normal -0.10305791609912321 -0.9946753570533986 0
    outer loop
      vertex 121.36209999769926 -2.1992000013589887 76.35000000000001
      vertex 121.98595625162125 -2.26383749842644 76.35000000000001
      vertex 121.98595625162125 -2.26383749842644 77.35000000000001
    endloop
  endfacet
  facet normal 0.11523305369425085 -0.9933384837689003 0
    outer loop
      vertex 120.87382499873638 -2.235649999976161 76.35000000000001
      vertex 121.10948125272989 -2.208312501013282 77.35000000000001
      vertex 120.87382499873638 -2.235649999976161 77.35000000000001
    endloop
  endfacet
  facet normal 0.0360486979880704 -0.9993500344590802 0
    outer loop
      vertex 121.10948125272989 -2.208312501013282 76.35000000000001
      vertex 121.36209999769926 -2.1992000013589887 77.35000000000001
      vertex 121.10948125272989 -2.208312501013282 77.35000000000001
    endloop
  endfacet
  facet normal -0.10305791609912321 -0.9946753570533986 0
    outer loop
      vertex 121.36209999769926 -2.1992000013589887 76.35000000000001
      vertex 121.98595625162125 -2.26383749842644 77.35000000000001
      vertex 121.36209999769926 -2.1992000013589887 77.35000000000001
    endloop
  endfacet
  facet normal 0 0 1
    outer loop
      vertex 122.53522499650717 -2.4577499970793752 77.35000000000001
      vertex 124 -0.5982999995350866 77.35000000000001
      vertex 121.98595625162125 -2.26383749842644 77.35000000000001
    endloop
  endfacet
  facet normal 0 0 1
    outer loop
      vertex 121.36209999769926 -2.1992000013589887 77.35000000000001
      vertex 121.98595625162125 -2.26383749842644 77.35000000000001
      vertex 124 -0.5982999995350866 77.35000000000001
    endloop
  endfacet
  facet normal 0 0 1
    outer loop
      vertex 122.53522499650717 -2.4577499970793752 77.35000000000001
      vertex 123.00990624725819 -2.780937497317794 77.35000000000001
      vertex 124 -0.5982999995350866 77.35000000000001
    endloop
  endfacet
  facet normal 0 0 1
    outer loop
      vertex 123.40999999642372 -3.233399999141696 77.35000000000001
      vertex 124 -0.5982999995350866 77.35000000000001
      vertex 123.00990624725819 -2.780937497317794 77.35000000000001
    endloop
  endfacet
  facet normal -1 0 0
    outer loop
      vertex 124 -0.5982999995350866 76.35000000000001
      vertex 124 -0.5982999995350866 77.35000000000001
      vertex 124 0.6224000036716433 76.35000000000001
    endloop
  endfacet
  facet normal 0 0 -1
    outer loop
      vertex 0 36.325 11.35
      vertex 129.0000001 36.325 11.35
      vertex 126.0000001 33.325 11.35
    endloop
  endfacet
  facet normal 0 -1 0
    outer loop
      vertex 19 33.325 57.486363636363635
      vertex 126.0000001 33.325 11.35
      vertex 110 33.325 57.486363636363635
    endloop
  endfacet
  facet normal 1 0 0
    outer loop
      vertex 129.0000001 -36.325 11.35
      vertex 129.0000001 36.325 11.35
      vertex 129.0000001 8.424999999999997 53.35
    endloop
  endfacet
  facet normal -1 0 0
    outer loop
      vertex 126.0000001 -33.325 11.35
      vertex 126.0000001 18.424999999999997 53.35
      vertex 126.0000001 33.325 11.35
    endloop
  endfacet
  facet normal 0 0 -1
    outer loop
      vertex 126.0000001 -33.325 11.35
      vertex 126.0000001 33.325 11.35
      vertex 129.0000001 36.325 11.35
    endloop
  endfacet
  facet normal 1 0 0
    outer loop
      vertex 129.0000001 36.325 11.35
      vertex 129.0000001 18.424999999999997 53.35
      vertex 129.0000001 8.424999999999997 53.35
    endloop
  endfacet
  facet normal -1 0 0
    outer loop
      vertex 126.0000001 33.325 11.35
      vertex 126.0000001 18.424999999999997 53.35
      vertex 126.0000001 18.424999999999997 63.35
    endloop
  endfacet
  facet normal 0 -1 0
    outer loop
      vertex 126.0000001 33.325 11.35
      vertex 126.0000001 33.325 57.486363636363635
      vertex 110 33.325 57.486363636363635
    endloop
  endfacet
  facet normal -1 0 0
    outer loop
      vertex 126.0000001 33.325 11.35
      vertex 126.0000001 25.325000000000003 61.85
      vertex 126.0000001 33.325 57.486363636363635
    endloop
  endfacet
  facet normal 0 0 1
    outer loop
      vertex 0 28.825000000000003 77.35000000000001
      vertex 114.96739999949932 -8.807600003480914 77.35000000000001
      vertex 114.67663750052452 -8.28735000342131 77.35000000000001
    endloop
  endfacet
  facet normal 0 0 1
    outer loop
      vertex 0 28.825000000000003 77.35000000000001
      vertex 114.67663750052452 -8.28735000342131 77.35000000000001
      vertex 114.46895000338554 -7.665800002217296 77.35000000000001
    endloop
  endfacet
  facet normal 0 0 1
    outer loop
      vertex 0 28.825000000000003 77.35000000000001
      vertex 115.77262499928474 -9.511999998986724 77.35000000000001
      vertex 115.33483125269413 -9.218500000238421 77.35000000000001
    endloop
  endfacet
  facet normal 0 0 1
    outer loop
      vertex 0 28.825000000000003 77.35000000000001
      vertex 116.28078124672174 -9.688099999725821 77.35000000000001
      vertex 115.77262499928474 -9.511999998986724 77.35000000000001
    endloop
  endfacet
  facet normal 0 0 1
    outer loop
      vertex 0 28.825000000000003 77.35000000000001
      vertex 115.33483125269413 -9.218500000238421 77.35000000000001
      vertex 114.96739999949932 -8.807600003480914 77.35000000000001
    endloop
  endfacet
  facet normal 0 0 1
    outer loop
      vertex 0 28.825000000000003 77.35000000000001
      vertex 114.46895000338554 -7.665800002217296 77.35000000000001
      vertex 114.34433750063181 -6.942949999868873 77.35000000000001
    endloop
  endfacet
  facet normal 0 0 1
    outer loop
      vertex 0 28.825000000000003 77.35000000000001
      vertex 114.34433750063181 -6.942949999868873 77.35000000000001
      vertex 114.3027999997139 -6.11879999637604 77.35000000000001
    endloop
  endfacet
  facet normal 0 0 1
    outer loop
      vertex 0 28.825000000000003 77.35000000000001
      vertex 114.3027999997139 -6.11879999637604 77.35000000000001
      vertex 114.33395624905825 -5.352943752706054 77.35000000000001
    endloop
  endfacet
  facet normal 0 0 1
    outer loop
      vertex 0 28.825000000000003 77.35000000000001
      vertex 114.33395624905825 -5.352943752706054 77.35000000000001
      vertex 114.4274249970913 -4.682874996960166 77.35000000000001
    endloop
  endfacet
  facet normal 0 0 1
    outer loop
      vertex 0 28.825000000000003 77.35000000000001
      vertex 114.4274249970913 -4.682874996960166 77.35000000000001
      vertex 114.58320625126362 -4.108593751490119 77.35000000000001
    endloop
  endfacet
  facet normal 0 0 1
    outer loop
      vertex 0 28.825000000000003 77.35000000000001
      vertex 114.58320625126362 -4.108593751490119 77.35000000000001
      vertex 114.80129999667406 -3.6301000013947515 77.35000000000001
    endloop
  endfacet
  facet normal 0 0 -1
    outer loop
      vertex 3 -25.325000000000003 74.35000000000001
      vertex 110 25.325000000000003 74.35000000000001
      vertex 126 25.325000000000003 74.35000000000001
    endloop
  endfacet
  facet normal 0 0 1
    outer loop
      vertex 0 28.825000000000003 77.35000000000001
      vertex 114.80129999667406 -3.6301000013947515 77.35000000000001
      vertex 115.09436249732971 -3.2317062512040167 77.35000000000001
    endloop
  endfacet
  facet normal 0 0 1
    outer loop
      vertex 0 28.825000000000003 77.35000000000001
      vertex 115.09436249732971 -3.2317062512040167 77.35000000000001
      vertex 115.4751499965787 -2.8977249979972868 77.35000000000001
    endloop
  endfacet
  facet normal 0 0 1
    outer loop
      vertex 0 28.825000000000003 77.35000000000001
      vertex 115.4751499965787 -2.8977249979972868 77.35000000000001
      vertex 115.94366250187159 -2.6281562492251425 77.35000000000001
    endloop
  endfacet
  facet normal 0 0 1
    outer loop
      vertex 0 28.825000000000003 77.35000000000001
      vertex 115.94366250187159 -2.6281562492251425 77.35000000000001
      vertex 116.49989999830723 -2.422999997437003 77.35000000000001
    endloop
  endfacet
  facet normal 0 0 1
    outer loop
      vertex 0 28.825000000000003 77.35000000000001
      vertex 116.49989999830723 -2.422999997437003 77.35000000000001
      vertex 113.93659999966621 -0.5982999995350866 77.35000000000001
    endloop
  endfacet
  facet normal 0 0 1
    outer loop
      vertex 0 28.825000000000003 77.35000000000001
      vertex 113.93659999966621 -0.5982999995350866 77.35000000000001
      vertex 113.93659999966621 0.6224000036716433 77.35000000000001
    endloop
  endfacet
  facet normal 0 0 1
    outer loop
      vertex 0 28.825000000000003 77.35000000000001
      vertex 113.93659999966621 0.6224000036716433 77.35000000000001
      vertex 116.52709999680519 10.021600003540513 77.35000000000001
    endloop
  endfacet
  facet normal 0 0 1
    outer loop
      vertex 0 28.825000000000003 77.35000000000001
      vertex 116.52709999680519 10.021600003540513 77.35000000000001
      vertex 116.56673125177622 10.670487503707406 77.35000000000001
    endloop
  endfacet
  facet normal 0 0 1
    outer loop
      vertex 0 28.825000000000003 77.35000000000001
      vertex 116.56673125177622 10.670487503707406 77.35000000000001
      vertex 116.68562500178814 11.233750003576276 77.35000000000001
    endloop
  endfacet
  facet normal 0 0 1
    outer loop
      vertex 0 28.825000000000003 77.35000000000001
      vertex 116.68562500178814 11.233750003576276 77.35000000000001
      vertex 116.88378124684095 11.711387503147122 77.35000000000001
    endloop
  endfacet
  facet normal 0 0 1
    outer loop
      vertex 0 28.825000000000003 77.35000000000001
      vertex 116.88378124684095 11.711387503147122 77.35000000000001
      vertex 117.16120000183582 12.103400002419946 77.35000000000001
    endloop
  endfacet
  facet normal 0 0 1
    outer loop
      vertex 0 28.825000000000003 77.35000000000001
      vertex 117.16120000183582 12.103400002419946 77.35000000000001
      vertex 117.51358749717474 12.408993746340272 77.35000000000001
    endloop
  endfacet
  facet normal 0 0 1
    outer loop
      vertex 0 28.825000000000003 77.35000000000001
      vertex 117.51358749717474 12.408993746340272 77.35000000000001
      vertex 117.93675000220537 12.627275000512597 77.35000000000001
    endloop
  endfacet
  facet normal 0 0 1
    outer loop
      vertex 0 28.825000000000003 77.35000000000001
      vertex 117.93675000220537 12.627275000512597 77.35000000000001
      vertex 118.43068750202656 12.75824375003576 77.35000000000001
    endloop
  endfacet
  facet normal 0 0 1
    outer loop
      vertex 0 28.825000000000003 77.35000000000001
      vertex 118.43068750202656 12.75824375003576 77.35000000000001
      vertex 118.9953999966383 12.801900002360341 77.35000000000001
    endloop
  endfacet
  facet normal 0 -1 0
    outer loop
      vertex 19 33.325 57.486363636363635
      vertex 110 33.325 57.486363636363635
      vertex 110 33.325 61.85
    endloop
  endfacet
  facet normal 0 1 0
    outer loop
      vertex 19 36.325 61.85
      vertex 129.0000001 36.325 69.85000000000001
      vertex 129.0000001 36.325 11.35
    endloop
  endfacet
  facet normal 0 0 1
    outer loop
      vertex 0 28.825000000000003 77.35000000000001
      vertex 117.48662500083447 15.145325000584123 77.35000000000001
      vertex 116.7669812515378 15.988731253147122 77.35000000000001
    endloop
  endfacet
  facet normal 0 0 1
    outer loop
      vertex 0 28.825000000000003 77.35000000000001
      vertex 118.68603125214577 14.639281253516671 77.35000000000001
      vertex 117.48662500083447 15.145325000584123 77.35000000000001
    endloop
  endfacet
  facet normal 0 0 1
    outer loop
      vertex 0 28.825000000000003 77.35000000000001
      vertex 116.7669812515378 15.988731253147122 77.35000000000001
      vertex 113.93659999966621 19.454799997806546 77.35000000000001
    endloop
  endfacet
  facet normal 0 0 1
    outer loop
      vertex 0 28.825000000000003 77.35000000000001
      vertex 113.93659999966621 19.454799997806546 77.35000000000001
      vertex 113.93659999966621 20.675399999320504 77.35000000000001
    endloop
  endfacet
  facet normal 0 0 -1
    outer loop
      vertex 19 25.325000000000003 74.35000000000001
      vertex 110 25.825000000000003 74.35000000000001
      vertex 110 25.325000000000003 74.35000000000001
    endloop
  endfacet
  facet normal 0 -0.13052619222005335 -0.9914448613738102
    outer loop
      vertex 19 27.766142838268905 74.09444369716802
      vertex 110 27.766142838268905 74.09444369716802
      vertex 110 25.825000000000003 74.35000000000001
    endloop
  endfacet
  facet normal 0 0 1
    outer loop
      vertex 0 28.825000000000003 77.35000000000001
      vertex 113.93659999966621 20.675399999320504 77.35000000000001
      vertex 116.75850000232458 26.943425002694127 77.35000000000001
    endloop
  endfacet
  facet normal 0 -1 0
    outer loop
      vertex 19 33.325 61.85
      vertex 110 33.325 61.85
      vertex 110 33.325 66.85000000000001
    endloop
  endfacet
  facet normal 0 -0.9914448613738102 -0.13052619222005335
    outer loop
      vertex 19 33.325 66.85000000000001
      vertex 110 33.325 66.85000000000001
      vertex 110 33.06944369716801 68.79114283826891
    endloop
  endfacet
  facet normal 0 -0.6087614290087205 -0.7933533402912353
    outer loop
      vertex 19 31.12830085889911 72.15330085889912
      vertex 110 31.12830085889911 72.15330085889912
      vertex 110 29.575000000000003 73.3451905283833
    endloop
  endfacet
  facet normal -6.194631349834606e-17 -0.7933533402912368 -0.6087614290087183
    outer loop
      vertex 19 31.97489338379276 71.05000000000001
      vertex 110 31.974893383792754 71.05000000000001
      vertex 110 31.12830085889911 72.15330085889912
    endloop
  endfacet
  facet normal 0 -0.3826834323650878 -0.9238795325112875
    outer loop
      vertex 19 29.575000000000003 73.3451905283833
      vertex 110 29.575000000000003 73.3451905283833
      vertex 110 27.766142838268905 74.09444369716802
    endloop
  endfacet
  facet normal 0 0 1
    outer loop
      vertex 0 28.825000000000003 77.35000000000001
      vertex 116.75850000232458 26.943425002694127 77.35000000000001
      vertex 117.04775000363588 27.506681251525876 77.35000000000001
    endloop
  endfacet
  facet normal 0 0 1
    outer loop
      vertex 0 28.825000000000003 77.35000000000001
      vertex 117.04775000363588 27.506681251525876 77.35000000000001
      vertex 117.45269999653101 27.95890000015497 77.35000000000001
    endloop
  endfacet
  facet normal 0 0 1
    outer loop
      vertex 0 28.825000000000003 77.35000000000001
      vertex 117.45269999653101 27.95890000015497 77.35000000000001
      vertex 117.97929374873638 28.30605624914169 77.35000000000001
    endloop
  endfacet
  facet normal 0 0 1
    outer loop
      vertex 0 28.825000000000003 77.35000000000001
      vertex 117.97929374873638 28.30605624914169 77.35000000000001
      vertex 118.6334749981761 28.55402499735355 77.35000000000001
    endloop
  endfacet
  facet normal 0 0 1
    outer loop
      vertex 0 28.825000000000003 77.35000000000001
      vertex 118.6334749981761 28.55402499735355 77.35000000000001
      vertex 119.41524375230074 28.702806252241132 77.35000000000001
    endloop
  endfacet
  facet normal 0 0 1
    outer loop
      vertex 0 28.825000000000003 77.35000000000001
      vertex 119.41524375230074 28.702806252241132 77.35000000000001
      vertex 120.32460000365973 28.75239999890327 77.35000000000001
    endloop
  endfacet
  facet normal 0 -0.9238795325112866 -0.3826834323650902
    outer loop
      vertex 3 32.32019052838329 70.60000000000001
      vertex 110.00000000000004 32.630850700163116 69.85000000000001
      vertex 113.00000000000003 32.630850700163116 69.85000000000001
    endloop
  endfacet
  facet normal 0 -0.9238795325112862 -0.3826834323650912
    outer loop
      vertex 3 32.32019052838329 70.60000000000001
      vertex 113.00000000000003 32.630850700163116 69.85000000000001
      vertex 120.07106781186548 32.630850700163116 69.85000000000001
    endloop
  endfacet
  facet normal 0 -0.9238795325112887 -0.3826834323650853
    outer loop
      vertex 19 33.06944369716801 68.79114283826891
      vertex 110 33.06944369716801 68.79114283826891
      vertex 110.00000000000004 32.630850700163116 69.85000000000001
    endloop
  endfacet
  facet normal 0 0 1
    outer loop
      vertex 0 28.825000000000003 77.35000000000001
      vertex 118.9953999966383 12.801900002360341 77.35000000000001
      vertex 123.19979999959469 13.88690000325441 77.35000000000001
    endloop
  endfacet
  facet normal 0 0 1
    outer loop
      vertex 0 28.825000000000003 77.35000000000001
      vertex 123.95929999649525 13.88690000325441 77.35000000000001
      vertex 118.68603125214577 14.639281253516671 77.35000000000001
    endloop
  endfacet
  facet normal 0 0 1
    outer loop
      vertex 0 28.825000000000003 77.35000000000001
      vertex 123.19979999959469 13.88690000325441 77.35000000000001
      vertex 123.95929999649525 13.88690000325441 77.35000000000001
    endloop
  endfacet
  facet normal 0 0 1
    outer loop
      vertex 0 28.825000000000003 77.35000000000001
      vertex 120.32460000365973 28.75239999890327 77.35000000000001
      vertex 129.0000001 28.825000000000003 77.35000000000001
    endloop
  endfacet
  facet normal 0 0.13052619222005335 0.99144486137381
    outer loop
      vertex 0 28.825000000000003 77.35000000000001
      vertex 129.0000001 28.825000000000003 77.35000000000001
      vertex 129.0000001 30.766142838268905 77.09444369716802
    endloop
  endfacet
  facet normal 0 -0.9238795325112861 -0.38268343236509134
    outer loop
      vertex 3 32.32019052838329 70.60000000000001
      vertex 120.07106781186548 32.630850700163116 69.85000000000001
      vertex 126.0000001 32.630850700163116 69.85000000000001
    endloop
  endfacet
  facet normal -6.194631349834553e-17 -0.7933533402912301 -0.6087614290087273
    outer loop
      vertex 19 31.97489338379276 71.05000000000001
      vertex 126.0000001 32.32019052838329 70.60000000000001
      vertex 110 31.974893383792754 71.05000000000001
    endloop
  endfacet
  facet normal 0 -0.9238795325112861 -0.3826834323650913
    outer loop
      vertex 3 32.32019052838329 70.60000000000001
      vertex 126.0000001 32.630850700163116 69.85000000000001
      vertex 126.0000001 32.32019052838329 70.60000000000001
    endloop
  endfacet
  facet normal 1.6443288263836196e-20 0.99144486137381 0.13052619222005335
    outer loop
      vertex 129.0000001 36.06944369716801 71.79114283826891
      vertex 129.0000001 36.325 69.85000000000001
      vertex 0 36.325 69.85000000000001
    endloop
  endfacet
  facet normal 0 0.9238795325112876 0.3826834323650878
    outer loop
      vertex 0 35.32019052838329 73.60000000000001
      vertex 129.0000001 35.32019052838329 73.60000000000001
      vertex 129.0000001 36.06944369716801 71.79114283826891
    endloop
  endfacet
  facet normal 0 0.3826834323650878 0.9238795325112876
    outer loop
      vertex 0 32.575 76.3451905283833
      vertex 129.0000001 30.766142838268905 77.09444369716802
      vertex 129.0000001 32.575 76.3451905283833
    endloop
  endfacet
  facet normal 0 0.6087614290087205 0.7933533402912353
    outer loop
      vertex 0 32.575 76.3451905283833
      vertex 129.0000001 32.575 76.3451905283833
      vertex 129.0000001 34.12830085889911 75.15330085889912
    endloop
  endfacet
  facet normal 0 0.7933533402912353 0.6087614290087205
    outer loop
      vertex 0 34.12830085889911 75.15330085889912
      vertex 129.0000001 34.12830085889911 75.15330085889912
      vertex 129.0000001 35.32019052838329 73.60000000000001
    endloop
  endfacet
  facet normal -1 0 0
    outer loop
      vertex 126.0000001 -4.574999999999999 63.35
      vertex 126.0000001 8.424999999999997 63.35
      vertex 126.0000001 8.424999999999997 53.35
    endloop
  endfacet
  facet normal 0 1 0
    outer loop
      vertex 126.0000001 8.424999999999997 53.35
      vertex 129.0000001 8.424999999999997 63.35
      vertex 129.0000001 8.424999999999997 53.35
    endloop
  endfacet
  facet normal 0 1 0
    outer loop
      vertex 126.0000001 8.424999999999997 53.35
      vertex 126.0000001 8.424999999999997 63.35
      vertex 129.0000001 8.424999999999997 63.35
    endloop
  endfacet
  facet normal 0 0 1
    outer loop
      vertex 126.0000001 8.424999999999997 53.35
      vertex 129.0000001 8.424999999999997 53.35
      vertex 126.0000001 18.424999999999997 53.35
    endloop
  endfacet
  facet normal 0 0 1
    outer loop
      vertex 129.0000001 8.424999999999997 53.35
      vertex 129.0000001 18.424999999999997 53.35
      vertex 126.0000001 18.424999999999997 53.35
    endloop
  endfacet
  facet normal 1 0 0
    outer loop
      vertex 129.0000001 18.424999999999997 63.35
      vertex 129.0000001 36.325 69.85000000000001
      vertex 129.0000001 -36.325 69.85000000000001
    endloop
  endfacet
  facet normal 1 0 0
    outer loop
      vertex 113.93659999966621 -0.5982999995350866 76.35000000000001
      vertex 113.93659999966621 0.6224000036716433 76.35000000000001
      vertex 113.93659999966621 0.6224000036716433 77.35000000000001
    endloop
  endfacet
  facet normal 0 0 1
    outer loop
      vertex 113.93659999966621 -0.5982999995350866 76.35000000000001
      vertex 116.55420000106096 0.6224000036716433 76.35000000000001
      vertex 113.93659999966621 0.6224000036716433 76.35000000000001
    endloop
  endfacet
  facet normal 0 -1 0
    outer loop
      vertex 113.93659999966621 0.6224000036716433 76.35000000000001
      vertex 116.55420000106096 0.6224000036716433 77.35000000000001
      vertex 113.93659999966621 0.6224000036716433 77.35000000000001
    endloop
  endfacet
  facet normal 0 0 1
    outer loop
      vertex 113.93659999966621 -0.5982999995350866 76.35000000000001
      vertex 116.7626999989152 0.620912502706048 76.35000000000001
      vertex 116.55420000106096 0.6224000036716433 76.35000000000001
    endloop
  endfacet
  facet normal 0 0 1
    outer loop
      vertex 113.93659999966621 -0.5982999995350866 76.35000000000001
      vertex 116.97460000216961 0.6164499998092623 76.35000000000001
      vertex 116.7626999989152 0.620912502706048 76.35000000000001
    endloop
  endfacet
  facet normal 0 -1 0
    outer loop
      vertex 113.93659999966621 0.6224000036716433 76.35000000000001
      vertex 116.55420000106096 0.6224000036716433 76.35000000000001
      vertex 116.55420000106096 0.6224000036716433 77.35000000000001
    endloop
  endfacet
  facet normal 0 0 1
    outer loop
      vertex 113.93659999966621 0.6224000036716433 77.35000000000001
      vertex 116.55420000106096 0.6224000036716433 77.35000000000001
      vertex 116.86280000209808 1.5343999966978998 77.35000000000001
    endloop
  endfacet
  facet normal 0 0 1
    outer loop
      vertex 113.93659999966621 -0.5982999995350866 76.35000000000001
      vertex 117.18990000337362 0.6090125024318667 76.35000000000001
      vertex 116.97460000216961 0.6164499998092623 76.35000000000001
    endloop
  endfacet
  facet normal -0.007134115716016419 -0.9999745518726716 0
    outer loop
      vertex 116.55420000106096 0.6224000036716433 76.35000000000001
      vertex 116.7626999989152 0.620912502706048 76.35000000000001
      vertex 116.7626999989152 0.620912502706048 77.35000000000001
    endloop
  endfacet
  facet normal -0.021054806955772866 -0.9997783229816772 0
    outer loop
      vertex 116.7626999989152 0.620912502706048 76.35000000000001
      vertex 116.97460000216961 0.6164499998092623 76.35000000000001
      vertex 116.97460000216961 0.6164499998092623 77.35000000000001
    endloop
  endfacet
  facet normal -0.007134115716016419 -0.9999745518726716 0
    outer loop
      vertex 116.55420000106096 0.6224000036716433 76.35000000000001
      vertex 116.7626999989152 0.620912502706048 77.35000000000001
      vertex 116.55420000106096 0.6224000036716433 77.35000000000001
    endloop
  endfacet
  facet normal -0.021054806955772866 -0.9997783229816772 0
    outer loop
      vertex 116.7626999989152 0.620912502706048 76.35000000000001
      vertex 116.97460000216961 0.6164499998092623 77.35000000000001
      vertex 116.7626999989152 0.620912502706048 77.35000000000001
    endloop
  endfacet
  facet normal 0 0 1
    outer loop
      vertex 116.55420000106096 0.6224000036716433 77.35000000000001
      vertex 116.7626999989152 0.620912502706048 77.35000000000001
      vertex 117.05454999953508 1.2680562466382952 77.35000000000001
    endloop
  endfacet
  facet normal 0 0 1
    outer loop
      vertex 113.93659999966621 0.6224000036716433 77.35000000000001
      vertex 116.86280000209808 1.5343999966978998 77.35000000000001
      vertex 116.71593125164509 1.8291875004768343 77.35000000000001
    endloop
  endfacet
  facet normal 0 0 1
    outer loop
      vertex 113.93659999966621 0.6224000036716433 77.35000000000001
      vertex 116.71593125164509 1.8291875004768343 77.35000000000001
      vertex 116.61102499812841 2.1608499988913508 77.35000000000001
    endloop
  endfacet
  facet normal 0 0 1
    outer loop
      vertex 113.93659999966621 0.6224000036716433 77.35000000000001
      vertex 116.61102499812841 2.1608499988913508 77.35000000000001
      vertex 116.54808124899864 2.52938749939203 77.35000000000001
    endloop
  endfacet
  facet normal 0 0 1
    outer loop
      vertex 113.93659999966621 0.6224000036716433 77.35000000000001
      vertex 116.54808124899864 2.52938749939203 77.35000000000001
      vertex 116.52709999680519 2.9348000019788714 77.35000000000001
    endloop
  endfacet
  facet normal 0 0 1
    outer loop
      vertex 116.55420000106096 0.6224000036716433 77.35000000000001
      vertex 117.05454999953508 1.2680562466382952 77.35000000000001
      vertex 116.86280000209808 1.5343999966978998 77.35000000000001
    endloop
  endfacet
  facet normal 0.8950639070692434 0.4459378905878493 0
    outer loop
      vertex 116.86280000209808 1.5343999966978998 76.35000000000001
      vertex 116.71593125164509 1.8291875004768343 77.35000000000001
      vertex 116.86280000209808 1.5343999966978998 77.35000000000001
    endloop
  endfacet
  facet normal 0.8950639070692434 0.4459378905878493 0
    outer loop
      vertex 116.86280000209808 1.5343999966978998 76.35000000000001
      vertex 116.71593125164509 1.8291875004768343 76.35000000000001
      vertex 116.71593125164509 1.8291875004768343 77.35000000000001
    endloop
  endfacet
  facet normal 0.9534416266008774 0.3015776262667262 0
    outer loop
      vertex 116.71593125164509 1.8291875004768343 76.35000000000001
      vertex 116.61102499812841 2.1608499988913508 76.35000000000001
      vertex 116.61102499812841 2.1608499988913508 77.35000000000001
    endloop
  endfacet
  facet normal 0.9534416266008774 0.3015776262667262 0
    outer loop
      vertex 116.71593125164509 1.8291875004768343 76.35000000000001
      vertex 116.61102499812841 2.1608499988913508 77.35000000000001
      vertex 116.71593125164509 1.8291875004768343 77.35000000000001
    endloop
  endfacet
  facet normal 0 0 1
    outer loop
      vertex 113.93659999966621 0.6224000036716433 77.35000000000001
      vertex 116.52709999680519 2.9348000019788714 77.35000000000001
      vertex 116.56418749690056 3.4923437491059275 77.35000000000001
    endloop
  endfacet
  facet normal 0 0 1
    outer loop
      vertex 113.93659999966621 0.6224000036716433 77.35000000000001
      vertex 116.56418749690056 3.4923437491059275 77.35000000000001
      vertex 116.67544999718666 3.97147500067949 77.35000000000001
    endloop
  endfacet
  facet normal 0 0 1
    outer loop
      vertex 116.61102499812841 2.1608499988913508 76.35000000000001
      vertex 117.46970000118017 2.521100002527234 76.35000000000001
      vertex 116.54808124899864 2.52938749939203 76.35000000000001
    endloop
  endfacet
  facet normal 0.9857263457366999 0.16835549091304375 0
    outer loop
      vertex 116.61102499812841 2.1608499988913508 76.35000000000001
      vertex 116.54808124899864 2.52938749939203 76.35000000000001
      vertex 116.54808124899864 2.52938749939203 77.35000000000001
    endloop
  endfacet
  facet normal 0 0 1
    outer loop
      vertex 116.54808124899864 2.52938749939203 76.35000000000001
      vertex 117.48071874678135 2.7936187490820856 76.35000000000001
      vertex 116.52709999680519 2.9348000019788714 76.35000000000001
    endloop
  endfacet
  facet normal 0.9986635053984702 0.051683682001575054 0
    outer loop
      vertex 116.54808124899864 2.52938749939203 76.35000000000001
      vertex 116.52709999680519 2.9348000019788714 76.35000000000001
      vertex 116.52709999680519 2.9348000019788714 77.35000000000001
    endloop
  endfacet
  facet normal 0.9857263457366999 0.16835549091304375 0
    outer loop
      vertex 116.61102499812841 2.1608499988913508 76.35000000000001
      vertex 116.54808124899864 2.52938749939203 77.35000000000001
      vertex 116.61102499812841 2.1608499988913508 77.35000000000001
    endloop
  endfacet
  facet normal 0.9986635053984702 0.051683682001575054 0
    outer loop
      vertex 116.54808124899864 2.52938749939203 76.35000000000001
      vertex 116.52709999680519 2.9348000019788714 77.35000000000001
      vertex 116.54808124899864 2.52938749939203 77.35000000000001
    endloop
  endfacet
  facet normal 0 0 1
    outer loop
      vertex 116.52709999680519 2.9348000019788714 76.35000000000001
      vertex 117.51377499848604 3.034774999320504 76.35000000000001
      vertex 116.56418749690056 3.4923437491059275 76.35000000000001
    endloop
  endfacet
  facet normal 0.9977948970039269 -0.06637276182985728 0
    outer loop
      vertex 116.52709999680519 2.9348000019788714 76.35000000000001
      vertex 116.56418749690056 3.4923437491059275 76.35000000000001
      vertex 116.56418749690056 3.4923437491059275 77.35000000000001
    endloop
  endfacet
  facet normal 0.9977948970039269 -0.06637276182985728 0
    outer loop
      vertex 116.52709999680519 2.9348000019788714 76.35000000000001
      vertex 116.56418749690056 3.4923437491059275 77.35000000000001
      vertex 116.52709999680519 2.9348000019788714 77.35000000000001
    endloop
  endfacet
  facet normal 0 0 1
    outer loop
      vertex 113.93659999966621 0.6224000036716433 77.35000000000001
      vertex 116.67544999718666 3.97147500067949 77.35000000000001
      vertex 116.6508562490344 8.850999999046323 77.35000000000001
    endloop
  endfacet
  facet normal 0.974081254371996 -0.2261983861151068 0
    outer loop
      vertex 116.56418749690056 3.4923437491059275 76.35000000000001
      vertex 116.67544999718666 3.97147500067949 76.35000000000001
      vertex 116.67544999718666 3.97147500067949 77.35000000000001
    endloop
  endfacet
  facet normal 0.974081254371996 -0.2261983861151068 0
    outer loop
      vertex 116.56418749690056 3.4923437491059275 76.35000000000001
      vertex 116.67544999718666 3.97147500067949 77.35000000000001
      vertex 116.56418749690056 3.4923437491059275 77.35000000000001
    endloop
  endfacet
  facet normal 0.9075363486964343 -0.41997354177941276 0
    outer loop
      vertex 116.67544999718666 3.97147500067949 76.35000000000001
      vertex 116.8608874976635 4.372193749248979 76.35000000000001
      vertex 116.8608874976635 4.372193749248979 77.35000000000001
    endloop
  endfacet
  facet normal 0.9075363486964343 -0.41997354177941276 0
    outer loop
      vertex 116.67544999718666 3.97147500067949 76.35000000000001
      vertex 116.8608874976635 4.372193749248979 77.35000000000001
      vertex 116.67544999718666 3.97147500067949 77.35000000000001
    endloop
  endfacet
  facet normal -0.03452421531793299 -0.9994038615878373 0
    outer loop
      vertex 116.97460000216961 0.6164499998092623 76.35000000000001
      vertex 117.18990000337362 0.6090125024318667 76.35000000000001
      vertex 117.18990000337362 0.6090125024318667 77.35000000000001
    endloop
  endfacet
  facet normal -0.04755700900601691 -0.998868525329736 0
    outer loop
      vertex 117.18990000337362 0.6090125024318667 76.35000000000001
      vertex 117.40860000252724 0.5986000031232805 76.35000000000001
      vertex 117.40860000252724 0.5986000031232805 77.35000000000001
    endloop
  endfacet
  facet normal 0.6188118974146205 0.7855392005610652 0
    outer loop
      vertex 117.29420000314713 1.0216250002384157 76.35000000000001
      vertex 117.29420000314713 1.0216250002384157 77.35000000000001
      vertex 117.58174999803305 0.7951062500476809 76.35000000000001
    endloop
  endfacet
  facet normal 0 0 1
    outer loop
      vertex 117.58174999803305 0.7951062500476809 76.35000000000001
      vertex 117.91719999909401 0.5885000035166712 76.35000000000001
      vertex 118.06650000065565 1.141099999845025 76.35000000000001
    endloop
  endfacet
  facet normal -0.05468435274852197 -0.9985036913123932 0
    outer loop
      vertex 117.40860000252724 0.5986000031232805 76.35000000000001
      vertex 117.60568749904633 0.5878062501549692 76.35000000000001
      vertex 117.60568749904633 0.5878062501549692 77.35000000000001
    endloop
  endfacet
  facet normal -0.057601321078288734 -0.9983396655497746 0
    outer loop
      vertex 117.60568749904633 0.5878062501549692 76.35000000000001
      vertex 117.75614999979734 0.5791249975562067 76.35000000000001
      vertex 117.75614999979734 0.5791249975562067 77.35000000000001
    endloop
  endfacet
  facet normal -0.06313365422574929 -0.9980050810011458 0
    outer loop
      vertex 117.75614999979734 0.5791249975562067 76.35000000000001
      vertex 117.85998749732971 0.5725562527775736 76.35000000000001
      vertex 117.85998749732971 0.5725562527775736 77.35000000000001
    endloop
  endfacet
  facet normal -0.07765427817520704 -0.9969803473896001 0
    outer loop
      vertex 117.85998749732971 0.5725562527775736 76.35000000000001
      vertex 117.91719999909401 0.5681000009179087 76.35000000000001
      vertex 117.91719999909401 0.5681000009179087 77.35000000000001
    endloop
  endfacet
  facet normal 0.5244204502589127 0.8514594478601076 0
    outer loop
      vertex 117.58174999803305 0.7951062500476809 76.35000000000001
      vertex 117.58174999803305 0.7951062500476809 77.35000000000001
      vertex 117.91719999909401 0.5885000035166712 76.35000000000001
    endloop
  endfacet
  facet normal 0 0 1
    outer loop
      vertex 117.29420000314713 1.0216250002384157 76.35000000000001
      vertex 117.58174999803305 0.7951062500476809 76.35000000000001
      vertex 117.80539999902248 1.421899999678132 76.35000000000001
    endloop
  endfacet
  facet normal 0 0 1
    outer loop
      vertex 117.58174999803305 0.7951062500476809 76.35000000000001
      vertex 118.06650000065565 1.141099999845025 76.35000000000001
      vertex 117.80539999902248 1.421899999678132 76.35000000000001
    endloop
  endfacet
  facet normal -0.03452421531793299 -0.9994038615878373 0
    outer loop
      vertex 116.97460000216961 0.6164499998092623 76.35000000000001
      vertex 117.18990000337362 0.6090125024318667 77.35000000000001
      vertex 116.97460000216961 0.6164499998092623 77.35000000000001
    endloop
  endfacet
  facet normal -0.04755700900601691 -0.998868525329736 0
    outer loop
      vertex 117.18990000337362 0.6090125024318667 76.35000000000001
      vertex 117.40860000252724 0.5986000031232805 77.35000000000001
      vertex 117.18990000337362 0.6090125024318667 77.35000000000001
    endloop
  endfacet
  facet normal 0 0 1
    outer loop
      vertex 116.7626999989152 0.620912502706048 77.35000000000001
      vertex 116.97460000216961 0.6164499998092623 77.35000000000001
      vertex 117.05454999953508 1.2680562466382952 77.35000000000001
    endloop
  endfacet
  facet normal 0 0 1
    outer loop
      vertex 116.97460000216961 0.6164499998092623 77.35000000000001
      vertex 117.18990000337362 0.6090125024318667 77.35000000000001
      vertex 117.29420000314713 1.0216250002384157 77.35000000000001
    endloop
  endfacet
  facet normal 0 0 1
    outer loop
      vertex 117.18990000337362 0.6090125024318667 77.35000000000001
      vertex 117.40860000252724 0.5986000031232805 77.35000000000001
      vertex 117.29420000314713 1.0216250002384157 77.35000000000001
    endloop
  endfacet
  facet normal 0.716901755804311 0.6971742052921178 0
    outer loop
      vertex 117.29420000314713 1.0216250002384157 76.35000000000001
      vertex 117.05454999953508 1.2680562466382952 77.35000000000001
      vertex 117.29420000314713 1.0216250002384157 77.35000000000001
    endloop
  endfacet
  facet normal 0 0 1
    outer loop
      vertex 116.97460000216961 0.6164499998092623 77.35000000000001
      vertex 117.29420000314713 1.0216250002384157 77.35000000000001
      vertex 117.05454999953508 1.2680562466382952 77.35000000000001
    endloop
  endfacet
  facet normal -0.05468435274852197 -0.9985036913123932 0
    outer loop
      vertex 117.40860000252724 0.5986000031232805 76.35000000000001
      vertex 117.60568749904633 0.5878062501549692 77.35000000000001
      vertex 117.40860000252724 0.5986000031232805 77.35000000000001
    endloop
  endfacet
  facet normal -0.057601321078288734 -0.9983396655497746 0
    outer loop
      vertex 117.60568749904633 0.5878062501549692 76.35000000000001
      vertex 117.75614999979734 0.5791249975562067 77.35000000000001
      vertex 117.60568749904633 0.5878062501549692 77.35000000000001
    endloop
  endfacet
  facet normal -0.06313365422574929 -0.9980050810011458 0
    outer loop
      vertex 117.75614999979734 0.5791249975562067 76.35000000000001
      vertex 117.85998749732971 0.5725562527775736 77.35000000000001
      vertex 117.75614999979734 0.5791249975562067 77.35000000000001
    endloop
  endfacet
  facet normal -0.07765427817520704 -0.9969803473896001 0
    outer loop
      vertex 117.85998749732971 0.5725562527775736 76.35000000000001
      vertex 117.91719999909401 0.5681000009179087 77.35000000000001
      vertex 117.85998749732971 0.5725562527775736 77.35000000000001
    endloop
  endfacet
  facet normal 0.5244204502589127 0.8514594478601076 0
    outer loop
      vertex 117.91719999909401 0.5885000035166712 76.35000000000001
      vertex 117.58174999803305 0.7951062500476809 77.35000000000001
      vertex 117.91719999909401 0.5885000035166712 77.35000000000001
    endloop
  endfacet
  facet normal 0 0 1
    outer loop
      vertex 117.40860000252724 0.5986000031232805 77.35000000000001
      vertex 117.60568749904633 0.5878062501549692 77.35000000000001
      vertex 117.58174999803305 0.7951062500476809 77.35000000000001
    endloop
  endfacet
  facet normal 0 0 1
    outer loop
      vertex 117.60568749904633 0.5878062501549692 77.35000000000001
      vertex 117.75614999979734 0.5791249975562067 77.35000000000001
      vertex 117.58174999803305 0.7951062500476809 77.35000000000001
    endloop
  endfacet
  facet normal 0 0 1
    outer loop
      vertex 117.40860000252724 0.5986000031232805 77.35000000000001
      vertex 117.58174999803305 0.7951062500476809 77.35000000000001
      vertex 117.29420000314713 1.0216250002384157 77.35000000000001
    endloop
  endfacet
  facet normal 0 0 1
    outer loop
      vertex 117.58174999803305 0.7951062500476809 77.35000000000001
      vertex 117.85998749732971 0.5725562527775736 77.35000000000001
      vertex 117.91719999909401 0.5885000035166712 77.35000000000001
    endloop
  endfacet
  facet normal 0 0 1
    outer loop
      vertex 117.58174999803305 0.7951062500476809 77.35000000000001
      vertex 117.75614999979734 0.5791249975562067 77.35000000000001
      vertex 117.85998749732971 0.5725562527775736 77.35000000000001
    endloop
  endfacet
  facet normal 0 0 1
    outer loop
      vertex 117.85998749732971 0.5725562527775736 77.35000000000001
      vertex 117.91719999909401 0.5681000009179087 77.35000000000001
      vertex 117.91719999909401 0.5885000035166712 77.35000000000001
    endloop
  endfacet
  facet normal 0.6188118974146205 0.7855392005610652 0
    outer loop
      vertex 117.58174999803305 0.7951062500476809 76.35000000000001
      vertex 117.29420000314713 1.0216250002384157 77.35000000000001
      vertex 117.58174999803305 0.7951062500476809 77.35000000000001
    endloop
  endfacet
  facet normal 0 0 1
    outer loop
      vertex 117.91719999909401 0.5681000009179087 76.35000000000001
      vertex 118.76662500202656 0.7520749971270533 76.35000000000001
      vertex 117.91719999909401 0.5885000035166712 76.35000000000001
    endloop
  endfacet
  facet normal 0 0 1
    outer loop
      vertex 117.91719999909401 0.5885000035166712 76.35000000000001
      vertex 118.76662500202656 0.7520749971270533 76.35000000000001
      vertex 118.39070624858141 0.9141687482595415 76.35000000000001
    endloop
  endfacet
  facet normal 1 0 0
    outer loop
      vertex 117.91719999909401 0.5681000009179087 76.35000000000001
      vertex 117.91719999909401 0.5885000035166712 76.35000000000001
      vertex 117.91719999909401 0.5885000035166712 77.35000000000001
    endloop
  endfacet
  facet normal 0 0 1
    outer loop
      vertex 117.91719999909401 0.5885000035166712 76.35000000000001
      vertex 118.39070624858141 0.9141687482595415 76.35000000000001
      vertex 118.06650000065565 1.141099999845025 76.35000000000001
    endloop
  endfacet
  facet normal -0.5734400902447347 -0.8192474979516937 0
    outer loop
      vertex 118.39070624858141 0.9141687482595415 76.35000000000001
      vertex 118.39070624858141 0.9141687482595415 77.35000000000001
      vertex 118.06650000065565 1.141099999845025 76.35000000000001
    endloop
  endfacet
  facet normal 0 0 1
    outer loop
      vertex 117.91719999909401 0.5681000009179087 76.35000000000001
      vertex 119.19425625354052 0.6548187464475603 76.35000000000001
      vertex 118.76662500202656 0.7520749971270533 76.35000000000001
    endloop
  endfacet
  facet normal -0.39595254416719294 -0.9182709745862204 0
    outer loop
      vertex 118.39070624858141 0.9141687482595415 76.35000000000001
      vertex 118.76662500202656 0.7520749971270533 76.35000000000001
      vertex 118.76662500202656 0.7520749971270533 77.35000000000001
    endloop
  endfacet
  facet normal 1 0 0
    outer loop
      vertex 117.91719999909401 0.5681000009179087 76.35000000000001
      vertex 117.91719999909401 0.5885000035166712 77.35000000000001
      vertex 117.91719999909401 0.5681000009179087 77.35000000000001
    endloop
  endfacet
  facet normal -0.5734400902447347 -0.8192474979516937 0
    outer loop
      vertex 118.06650000065565 1.141099999845025 76.35000000000001
      vertex 118.39070624858141 0.9141687482595415 77.35000000000001
      vertex 118.06650000065565 1.141099999845025 77.35000000000001
    endloop
  endfacet
  facet normal -0.2217670883785838 -0.9750996659378391 0
    outer loop
      vertex 118.76662500202656 0.7520749971270533 76.35000000000001
      vertex 119.19425625354052 0.6548187464475603 77.35000000000001
      vertex 118.76662500202656 0.7520749971270533 77.35000000000001
    endloop
  endfacet
  facet normal -0.39595254416719294 -0.9182709745862204 0
    outer loop
      vertex 118.39070624858141 0.9141687482595415 76.35000000000001
      vertex 118.76662500202656 0.7520749971270533 77.35000000000001
      vertex 118.39070624858141 0.9141687482595415 77.35000000000001
    endloop
  endfacet
  facet normal 0 0 1
    outer loop
      vertex 117.29420000314713 1.0216250002384157 76.35000000000001
      vertex 117.80539999902248 1.421899999678132 76.35000000000001
      vertex 117.05454999953508 1.2680562466382952 76.35000000000001
    endloop
  endfacet
  facet normal 0.716901755804311 0.6971742052921178 0
    outer loop
      vertex 117.29420000314713 1.0216250002384157 76.35000000000001
      vertex 117.05454999953508 1.2680562466382952 76.35000000000001
      vertex 117.05454999953508 1.2680562466382952 77.35000000000001
    endloop
  endfacet
  facet normal 0 0 1
    outer loop
      vertex 116.86280000209808 1.5343999966978998 76.35000000000001
      vertex 117.05454999953508 1.2680562466382952 76.35000000000001
      vertex 117.61890000104904 1.7455000013112993 76.35000000000001
    endloop
  endfacet
  facet normal 0.8115596294168318 0.5842696020680989 0
    outer loop
      vertex 116.86280000209808 1.5343999966978998 76.35000000000001
      vertex 116.86280000209808 1.5343999966978998 77.35000000000001
      vertex 117.05454999953508 1.2680562466382952 76.35000000000001
    endloop
  endfacet
  facet normal 0 0 1
    outer loop
      vertex 117.05454999953508 1.2680562466382952 76.35000000000001
      vertex 117.80539999902248 1.421899999678132 76.35000000000001
      vertex 117.61890000104904 1.7455000013112993 76.35000000000001
    endloop
  endfacet
  facet normal -0.8664083728216493 -0.49933609072902185 0
    outer loop
      vertex 117.80539999902248 1.421899999678132 76.35000000000001
      vertex 117.80539999902248 1.421899999678132 77.35000000000001
      vertex 117.61890000104904 1.7455000013112993 76.35000000000001
    endloop
  endfacet
  facet normal 0.8115596294168318 0.5842696020680989 0
    outer loop
      vertex 117.05454999953508 1.2680562466382952 76.35000000000001
      vertex 116.86280000209808 1.5343999966978998 77.35000000000001
      vertex 117.05454999953508 1.2680562466382952 77.35000000000001
    endloop
  endfacet
  facet normal -0.7323288786773554 -0.6809511094455806 0
    outer loop
      vertex 117.80539999902248 1.421899999678132 76.35000000000001
      vertex 118.06650000065565 1.141099999845025 77.35000000000001
      vertex 117.80539999902248 1.421899999678132 77.35000000000001
    endloop
  endfacet
  facet normal -0.8664083728216493 -0.49933609072902185 0
    outer loop
      vertex 117.61890000104904 1.7455000013112993 76.35000000000001
      vertex 117.80539999902248 1.421899999678132 77.35000000000001
      vertex 117.61890000104904 1.7455000013112993 77.35000000000001
    endloop
  endfacet
  facet normal 0 0 1
    outer loop
      vertex 117.80539999902248 1.421899999678132 77.35000000000001
      vertex 118.06650000065565 1.141099999845025 77.35000000000001
      vertex 117.50699999928474 2.1118999972939463 77.35000000000001
    endloop
  endfacet
  facet normal 0 0 1
    outer loop
      vertex 116.86280000209808 1.5343999966978998 76.35000000000001
      vertex 117.50699999928474 2.1118999972939463 76.35000000000001
      vertex 116.71593125164509 1.8291875004768343 76.35000000000001
    endloop
  endfacet
  facet normal 0 0 1
    outer loop
      vertex 116.86280000209808 1.5343999966978998 76.35000000000001
      vertex 117.61890000104904 1.7455000013112993 76.35000000000001
      vertex 117.50699999928474 2.1118999972939463 76.35000000000001
    endloop
  endfacet
  facet normal 0 0 1
    outer loop
      vertex 116.71593125164509 1.8291875004768343 76.35000000000001
      vertex 117.50699999928474 2.1118999972939463 76.35000000000001
      vertex 116.61102499812841 2.1608499988913508 76.35000000000001
    endloop
  endfacet
  facet normal 0 0 1
    outer loop
      vertex 116.61102499812841 2.1608499988913508 76.35000000000001
      vertex 117.50699999928474 2.1118999972939463 76.35000000000001
      vertex 117.46970000118017 2.521100002527234 76.35000000000001
    endloop
  endfacet
  facet normal -0.956392085636081 -0.29208590950723207 0
    outer loop
      vertex 117.61890000104904 1.7455000013112993 76.35000000000001
      vertex 117.61890000104904 1.7455000013112993 77.35000000000001
      vertex 117.50699999928474 2.1118999972939463 76.35000000000001
    endloop
  endfacet
  facet normal -0.9958712345154607 -0.09077711311036656 0
    outer loop
      vertex 117.50699999928474 2.1118999972939463 76.35000000000001
      vertex 117.50699999928474 2.1118999972939463 77.35000000000001
      vertex 117.46970000118017 2.521100002527234 76.35000000000001
    endloop
  endfacet
  facet normal 0 0 1
    outer loop
      vertex 117.80539999902248 1.421899999678132 77.35000000000001
      vertex 117.50699999928474 2.1118999972939463 77.35000000000001
      vertex 117.61890000104904 1.7455000013112993 77.35000000000001
    endloop
  endfacet
  facet normal 0 0 1
    outer loop
      vertex 118.39070624858141 0.9141687482595415 77.35000000000001
      vertex 117.46970000118017 2.521100002527234 77.35000000000001
      vertex 117.50699999928474 2.1118999972939463 77.35000000000001
    endloop
  endfacet
  facet normal -0.956392085636081 -0.29208590950723207 0
    outer loop
      vertex 117.50699999928474 2.1118999972939463 76.35000000000001
      vertex 117.61890000104904 1.7455000013112993 77.35000000000001
      vertex 117.50699999928474 2.1118999972939463 77.35000000000001
    endloop
  endfacet
  facet normal -0.7323288786773554 -0.6809511094455806 0
    outer loop
      vertex 117.80539999902248 1.421899999678132 76.35000000000001
      vertex 118.06650000065565 1.141099999845025 76.35000000000001
      vertex 118.06650000065565 1.141099999845025 77.35000000000001
    endloop
  endfacet
  facet normal 0 0 1
    outer loop
      vertex 118.39070624858141 0.9141687482595415 77.35000000000001
      vertex 117.50699999928474 2.1118999972939463 77.35000000000001
      vertex 118.06650000065565 1.141099999845025 77.35000000000001
    endloop
  endfacet
  facet normal 0 0 1
    outer loop
      vertex 118.39070624858141 0.9141687482595415 77.35000000000001
      vertex 118.76662500202656 0.7520749971270533 77.35000000000001
      vertex 117.46970000118017 2.521100002527234 77.35000000000001
    endloop
  endfacet
  facet normal 0 0 1
    outer loop
      vertex 118.76662500202656 0.7520749971270533 77.35000000000001
      vertex 119.19425625354052 0.6548187464475603 77.35000000000001
      vertex 117.46970000118017 2.521100002527234 77.35000000000001
    endloop
  endfacet
  facet normal 0 0 1
    outer loop
      vertex 119.19425625354052 0.6548187464475603 77.35000000000001
      vertex 119.67360000312328 0.6224000036716433 77.35000000000001
      vertex 117.48071874678135 2.7936187490820856 77.35000000000001
    endloop
  endfacet
  facet normal 0 0 1
    outer loop
      vertex 119.19425625354052 0.6548187464475603 77.35000000000001
      vertex 117.48071874678135 2.7936187490820856 77.35000000000001
      vertex 117.46970000118017 2.521100002527234 77.35000000000001
    endloop
  endfacet
  facet normal 0 0 1
    outer loop
      vertex 119.67360000312328 0.6224000036716433 77.35000000000001
      vertex 117.51377499848604 3.034774999320504 77.35000000000001
      vertex 117.48071874678135 2.7936187490820856 77.35000000000001
    endloop
  endfacet
  facet normal 0 0 1
    outer loop
      vertex 124 -0.5982999995350866 76.35000000000001
      vertex 117.40860000252724 0.5986000031232805 76.35000000000001
      vertex 117.18990000337362 0.6090125024318667 76.35000000000001
    endloop
  endfacet
  facet normal 0 0 1
    outer loop
      vertex 124 -0.5982999995350866 76.35000000000001
      vertex 117.60568749904633 0.5878062501549692 76.35000000000001
      vertex 117.40860000252724 0.5986000031232805 76.35000000000001
    endloop
  endfacet
  facet normal 0 0 1
    outer loop
      vertex 124 -0.5982999995350866 76.35000000000001
      vertex 117.75614999979734 0.5791249975562067 76.35000000000001
      vertex 117.60568749904633 0.5878062501549692 76.35000000000001
    endloop
  endfacet
  facet normal 0 0 1
    outer loop
      vertex 124 -0.5982999995350866 76.35000000000001
      vertex 117.85998749732971 0.5725562527775736 76.35000000000001
      vertex 117.75614999979734 0.5791249975562067 76.35000000000001
    endloop
  endfacet
  facet normal 0 0 1
    outer loop
      vertex 124 -0.5982999995350866 76.35000000000001
      vertex 117.91719999909401 0.5681000009179087 76.35000000000001
      vertex 117.85998749732971 0.5725562527775736 76.35000000000001
    endloop
  endfacet
  facet normal -0.2217670883785838 -0.9750996659378391 0
    outer loop
      vertex 118.76662500202656 0.7520749971270533 76.35000000000001
      vertex 119.19425625354052 0.6548187464475603 76.35000000000001
      vertex 119.19425625354052 0.6548187464475603 77.35000000000001
    endloop
  endfacet
  facet normal -0.06747736706890912 -0.9977208051020323 0
    outer loop
      vertex 119.19425625354052 0.6548187464475603 76.35000000000001
      vertex 119.67360000312328 0.6224000036716433 76.35000000000001
      vertex 119.67360000312328 0.6224000036716433 77.35000000000001
    endloop
  endfacet
  facet normal -0.06747736706890912 -0.9977208051020323 0
    outer loop
      vertex 119.19425625354052 0.6548187464475603 76.35000000000001
      vertex 119.67360000312328 0.6224000036716433 77.35000000000001
      vertex 119.19425625354052 0.6548187464475603 77.35000000000001
    endloop
  endfacet
  facet normal 0 0 1
    outer loop
      vertex 124 -0.5982999995350866 76.35000000000001
      vertex 119.19425625354052 0.6548187464475603 76.35000000000001
      vertex 117.91719999909401 0.5681000009179087 76.35000000000001
    endloop
  endfacet
  facet normal 0 0 1
    outer loop
      vertex 116.54808124899864 2.52938749939203 76.35000000000001
      vertex 117.46970000118017 2.521100002527234 76.35000000000001
      vertex 117.48071874678135 2.7936187490820856 76.35000000000001
    endloop
  endfacet
  facet normal -0.9991835878618837 0.0403999721219384 0
    outer loop
      vertex 117.46970000118017 2.521100002527234 76.35000000000001
      vertex 117.46970000118017 2.521100002527234 77.35000000000001
      vertex 117.48071874678135 2.7936187490820856 76.35000000000001
    endloop
  endfacet
  facet normal -0.9958712345154607 -0.09077711311036656 0
    outer loop
      vertex 117.46970000118017 2.521100002527234 76.35000000000001
      vertex 117.50699999928474 2.1118999972939463 77.35000000000001
      vertex 117.46970000118017 2.521100002527234 77.35000000000001
    endloop
  endfacet
  facet normal -0.9991835878618837 0.0403999721219384 0
    outer loop
      vertex 117.48071874678135 2.7936187490820856 76.35000000000001
      vertex 117.46970000118017 2.521100002527234 77.35000000000001
      vertex 117.48071874678135 2.7936187490820856 77.35000000000001
    endloop
  endfacet
  facet normal 0 0 1
    outer loop
      vertex 116.52709999680519 2.9348000019788714 76.35000000000001
      vertex 117.48071874678135 2.7936187490820856 76.35000000000001
      vertex 117.51377499848604 3.034774999320504 76.35000000000001
    endloop
  endfacet
  facet normal 0 0 1
    outer loop
      vertex 116.56418749690056 3.4923437491059275 76.35000000000001
      vertex 117.51377499848604 3.034774999320504 76.35000000000001
      vertex 117.56886874884367 3.24456875324249 76.35000000000001
    endloop
  endfacet
  facet normal -0.9907357088544951 0.1358041059783574 0
    outer loop
      vertex 117.48071874678135 2.7936187490820856 76.35000000000001
      vertex 117.48071874678135 2.7936187490820856 77.35000000000001
      vertex 117.51377499848604 3.034774999320504 76.35000000000001
    endloop
  endfacet
  facet normal -0.9672050447811892 0.25399685303132774 0
    outer loop
      vertex 117.51377499848604 3.034774999320504 76.35000000000001
      vertex 117.51377499848604 3.034774999320504 77.35000000000001
      vertex 117.56886874884367 3.24456875324249 76.35000000000001
    endloop
  endfacet
  facet normal -0.9179098977192004 0.39678888551612324 0
    outer loop
      vertex 117.56886874884367 3.24456875324249 76.35000000000001
      vertex 117.56886874884367 3.24456875324249 77.35000000000001
      vertex 117.64599999785423 3.423000003397462 76.35000000000001
    endloop
  endfacet
  facet normal -0.9907357088544951 0.1358041059783574 0
    outer loop
      vertex 117.51377499848604 3.034774999320504 76.35000000000001
      vertex 117.48071874678135 2.7936187490820856 77.35000000000001
      vertex 117.51377499848604 3.034774999320504 77.35000000000001
    endloop
  endfacet
  facet normal -0.9672050447811892 0.25399685303132774 0
    outer loop
      vertex 117.56886874884367 3.24456875324249 76.35000000000001
      vertex 117.51377499848604 3.034774999320504 77.35000000000001
      vertex 117.56886874884367 3.24456875324249 77.35000000000001
    endloop
  endfacet
  facet normal -0.9179098977192004 0.39678888551612324 0
    outer loop
      vertex 117.64599999785423 3.423000003397462 76.35000000000001
      vertex 117.56886874884367 3.24456875324249 77.35000000000001
      vertex 117.64599999785423 3.423000003397462 77.35000000000001
    endloop
  endfacet
  facet normal 0 0 1
    outer loop
      vertex 119.67360000312328 0.6224000036716433 77.35000000000001
      vertex 117.56886874884367 3.24456875324249 77.35000000000001
      vertex 117.51377499848604 3.034774999320504 77.35000000000001
    endloop
  endfacet
  facet normal 0 0 1
    outer loop
      vertex 119.67360000312328 0.6224000036716433 77.35000000000001
      vertex 117.64599999785423 3.423000003397462 77.35000000000001
      vertex 117.56886874884367 3.24456875324249 77.35000000000001
    endloop
  endfacet
  facet normal 0 0 1
    outer loop
      vertex 119.67360000312328 0.6224000036716433 77.35000000000001
      vertex 117.74665624648333 3.5743062525987597 77.35000000000001
      vertex 117.64599999785423 3.423000003397462 77.35000000000001
    endloop
  endfacet
  facet normal 0 0 1
    outer loop
      vertex 119.67360000312328 0.6224000036716433 77.35000000000001
      vertex 117.87232500314713 3.7027250036597223 77.35000000000001
      vertex 117.74665624648333 3.5743062525987597 77.35000000000001
    endloop
  endfacet
  facet normal 0 0 1
    outer loop
      vertex 119.67360000312328 0.6224000036716433 77.35000000000001
      vertex 118.02300625294447 3.8082562491297693 77.35000000000001
      vertex 117.87232500314713 3.7027250036597223 77.35000000000001
    endloop
  endfacet
  facet normal 0 0 1
    outer loop
      vertex 119.67360000312328 0.6224000036716433 77.35000000000001
      vertex 118.19870000332594 3.8908999964594813 77.35000000000001
      vertex 118.02300625294447 3.8082562491297693 77.35000000000001
    endloop
  endfacet
  facet normal 0 0 1
    outer loop
      vertex 119.67360000312328 0.6224000036716433 77.35000000000001
      vertex 118.41165000200272 3.953200000524518 77.35000000000001
      vertex 118.19870000332594 3.8908999964594813 77.35000000000001
    endloop
  endfacet
  facet normal 0 0 1
    outer loop
      vertex 119.67360000312328 0.6224000036716433 77.35000000000001
      vertex 118.67419999837875 3.9977000012993784 77.35000000000001
      vertex 118.41165000200272 3.953200000524518 77.35000000000001
    endloop
  endfacet
  facet normal 0 0 1
    outer loop
      vertex 116.56418749690056 3.4923437491059275 76.35000000000001
      vertex 117.56886874884367 3.24456875324249 76.35000000000001
      vertex 116.67544999718666 3.97147500067949 76.35000000000001
    endloop
  endfacet
  facet normal 0 0 1
    outer loop
      vertex 116.67544999718666 3.97147500067949 76.35000000000001
      vertex 117.56886874884367 3.24456875324249 76.35000000000001
      vertex 117.64599999785423 3.423000003397462 76.35000000000001
    endloop
  endfacet
  facet normal 0 0 1
    outer loop
      vertex 116.67544999718666 3.97147500067949 76.35000000000001
      vertex 117.64599999785423 3.423000003397462 76.35000000000001
      vertex 117.74665624648333 3.5743062525987597 76.35000000000001
    endloop
  endfacet
  facet normal 0 0 1
    outer loop
      vertex 116.67544999718666 3.97147500067949 76.35000000000001
      vertex 117.74665624648333 3.5743062525987597 76.35000000000001
      vertex 116.8608874976635 4.372193749248979 76.35000000000001
    endloop
  endfacet
  facet normal -0.8325948751278429 0.5538824549584971 0
    outer loop
      vertex 117.64599999785423 3.423000003397462 76.35000000000001
      vertex 117.64599999785423 3.423000003397462 77.35000000000001
      vertex 117.74665624648333 3.5743062525987597 76.35000000000001
    endloop
  endfacet
  facet normal -0.7147179536201432 0.6994127871100404 0
    outer loop
      vertex 117.74665624648333 3.5743062525987597 76.35000000000001
      vertex 117.74665624648333 3.5743062525987597 77.35000000000001
      vertex 117.87232500314713 3.7027250036597223 76.35000000000001
    endloop
  endfacet
  facet normal 0 0 1
    outer loop
      vertex 116.8608874976635 4.372193749248979 76.35000000000001
      vertex 117.74665624648333 3.5743062525987597 76.35000000000001
      vertex 117.87232500314713 3.7027250036597223 76.35000000000001
    endloop
  endfacet
  facet normal -0.8325948751278429 0.5538824549584971 0
    outer loop
      vertex 117.74665624648333 3.5743062525987597 76.35000000000001
      vertex 117.64599999785423 3.423000003397462 77.35000000000001
      vertex 117.74665624648333 3.5743062525987597 77.35000000000001
    endloop
  endfacet
  facet normal -0.7147179536201432 0.6994127871100404 0
    outer loop
      vertex 117.87232500314713 3.7027250036597223 76.35000000000001
      vertex 117.74665624648333 3.5743062525987597 77.35000000000001
      vertex 117.87232500314713 3.7027250036597223 77.35000000000001
    endloop
  endfacet
  facet normal 0 0 1
    outer loop
      vertex 116.8608874976635 4.372193749248979 76.35000000000001
      vertex 117.87232500314713 3.7027250036597223 76.35000000000001
      vertex 117.12049999833107 4.694500002264974 76.35000000000001
    endloop
  endfacet
  facet normal 0 0 1
    outer loop
      vertex 117.87232500314713 3.7027250036597223 76.35000000000001
      vertex 118.02300625294447 3.8082562491297693 76.35000000000001
      vertex 117.12049999833107 4.694500002264974 76.35000000000001
    endloop
  endfacet
  facet normal 0 0 1
    outer loop
      vertex 118.02300625294447 3.8082562491297693 76.35000000000001
      vertex 118.19870000332594 3.8908999964594813 76.35000000000001
      vertex 117.46737500280142 4.942212502658364 76.35000000000001
    endloop
  endfacet
  facet normal 0 0 1
    outer loop
      vertex 118.02300625294447 3.8082562491297693 76.35000000000001
      vertex 117.46737500280142 4.942212502658364 76.35000000000001
      vertex 117.12049999833107 4.694500002264974 76.35000000000001
    endloop
  endfacet
  facet normal 0.7787811670382198 -0.6272956989064954 0
    outer loop
      vertex 116.8608874976635 4.372193749248979 76.35000000000001
      vertex 117.12049999833107 4.694500002264974 77.35000000000001
      vertex 116.8608874976635 4.372193749248979 77.35000000000001
    endloop
  endfacet
  facet normal -0.5736606865839474 0.8190930451835334 0
    outer loop
      vertex 117.87232500314713 3.7027250036597223 76.35000000000001
      vertex 117.87232500314713 3.7027250036597223 77.35000000000001
      vertex 118.02300625294447 3.8082562491297693 76.35000000000001
    endloop
  endfacet
  facet normal -0.4256466470532432 0.904889458360706 0
    outer loop
      vertex 118.02300625294447 3.8082562491297693 76.35000000000001
      vertex 118.02300625294447 3.8082562491297693 77.35000000000001
      vertex 118.19870000332594 3.8908999964594813 76.35000000000001
    endloop
  endfacet
  facet normal -0.2807873908925946 0.9597699938608881 0
    outer loop
      vertex 118.19870000332594 3.8908999964594813 76.35000000000001
      vertex 118.19870000332594 3.8908999964594813 77.35000000000001
      vertex 118.41165000200272 3.953200000524518 76.35000000000001
    endloop
  endfacet
  facet normal -0.167108235178241 0.9859385567750222 0
    outer loop
      vertex 118.41165000200272 3.953200000524518 76.35000000000001
      vertex 118.41165000200272 3.953200000524518 77.35000000000001
      vertex 118.67419999837875 3.9977000012993784 76.35000000000001
    endloop
  endfacet
  facet normal -0.5736606865839474 0.8190930451835334 0
    outer loop
      vertex 118.02300625294447 3.8082562491297693 76.35000000000001
      vertex 117.87232500314713 3.7027250036597223 77.35000000000001
      vertex 118.02300625294447 3.8082562491297693 77.35000000000001
    endloop
  endfacet
  facet normal -0.4256466470532432 0.904889458360706 0
    outer loop
      vertex 118.19870000332594 3.8908999964594813 76.35000000000001
      vertex 118.02300625294447 3.8082562491297693 77.35000000000001
      vertex 118.19870000332594 3.8908999964594813 77.35000000000001
    endloop
  endfacet
  facet normal -0.2807873908925946 0.9597699938608881 0
    outer loop
      vertex 118.41165000200272 3.953200000524518 76.35000000000001
      vertex 118.19870000332594 3.8908999964594813 77.35000000000001
      vertex 118.41165000200272 3.953200000524518 77.35000000000001
    endloop
  endfacet
  facet normal 0 0 1
    outer loop
      vertex 118.19870000332594 3.8908999964594813 76.35000000000001
      vertex 118.41165000200272 3.953200000524518 76.35000000000001
      vertex 117.9147000014782 5.11915000081062 76.35000000000001
    endloop
  endfacet
  facet normal -0.08522459239911334 0.9963617660520726 0
    outer loop
      vertex 118.67419999837875 3.9977000012993784 76.35000000000001
      vertex 118.67419999837875 3.9977000012993784 77.35000000000001
      vertex 118.98634999990463 4.024399998784062 76.35000000000001
    endloop
  endfacet
  facet normal 0 0 1
    outer loop
      vertex 118.41165000200272 3.953200000524518 76.35000000000001
      vertex 118.67419999837875 3.9977000012993784 76.35000000000001
      vertex 118.46247500181198 5.225312496721742 76.35000000000001
    endloop
  endfacet
  facet normal 0 0 1
    outer loop
      vertex 118.67419999837875 3.9977000012993784 76.35000000000001
      vertex 118.98634999990463 4.024399998784062 76.35000000000001
      vertex 118.46247500181198 5.225312496721742 76.35000000000001
    endloop
  endfacet
  facet normal -0.167108235178241 0.9859385567750222 0
    outer loop
      vertex 118.67419999837875 3.9977000012993784 76.35000000000001
      vertex 118.41165000200272 3.953200000524518 77.35000000000001
      vertex 118.67419999837875 3.9977000012993784 77.35000000000001
    endloop
  endfacet
  facet normal -0.08522459239911334 0.9963617660520726 0
    outer loop
      vertex 118.98634999990463 4.024399998784062 76.35000000000001
      vertex 118.67419999837875 3.9977000012993784 77.35000000000001
      vertex 118.98634999990463 4.024399998784062 77.35000000000001
    endloop
  endfacet
  facet normal 0 0 1
    outer loop
      vertex 119.67360000312328 0.6224000036716433 77.35000000000001
      vertex 118.98634999990463 4.024399998784062 77.35000000000001
      vertex 118.67419999837875 3.9977000012993784 77.35000000000001
    endloop
  endfacet
  facet normal 0 0 1
    outer loop
      vertex 119.67360000312328 0.6224000036716433 77.35000000000001
      vertex 119.34809999912977 4.033300000429151 77.35000000000001
      vertex 118.98634999990463 4.024399998784062 77.35000000000001
    endloop
  endfacet
  facet normal -0.02459518824549593 0.9996974926022215 0
    outer loop
      vertex 118.98634999990463 4.024399998784062 76.35000000000001
      vertex 118.98634999990463 4.024399998784062 77.35000000000001
      vertex 119.34809999912977 4.033300000429151 76.35000000000001
    endloop
  endfacet
  facet normal 0 0 1
    outer loop
      vertex 118.98634999990463 4.024399998784062 76.35000000000001
      vertex 119.34809999912977 4.033300000429151 76.35000000000001
      vertex 119.1106999963522 5.260699997842309 76.35000000000001
    endloop
  endfacet
  facet normal -0.02459518824549593 0.9996974926022215 0
    outer loop
      vertex 119.34809999912977 4.033300000429151 76.35000000000001
      vertex 118.98634999990463 4.024399998784062 77.35000000000001
      vertex 119.34809999912977 4.033300000429151 77.35000000000001
    endloop
  endfacet
  facet normal 0 1 0
    outer loop
      vertex 119.34809999912977 4.033300000429151 76.35000000000001
      vertex 119.34809999912977 4.033300000429151 77.35000000000001
      vertex 124 4.033300000429151 76.35000000000001
    endloop
  endfacet
  facet normal 0 0 1
    outer loop
      vertex 113.93659999966621 0.6224000036716433 77.35000000000001
      vertex 116.6508562490344 8.850999999046323 77.35000000000001
      vertex 116.52709999680519 10.021600003540513 77.35000000000001
    endloop
  endfacet
  facet normal 0 0 1
    outer loop
      vertex 116.67544999718666 3.97147500067949 77.35000000000001
      vertex 116.8608874976635 4.372193749248979 77.35000000000001
      vertex 116.6508562490344 8.850999999046323 77.35000000000001
    endloop
  endfacet
  facet normal 0 0 1
    outer loop
      vertex 116.8608874976635 4.372193749248979 77.35000000000001
      vertex 117.02212499827147 7.970299999415872 77.35000000000001
      vertex 116.6508562490344 8.850999999046323 77.35000000000001
    endloop
  endfacet
  facet normal 0.9214677599583282 0.38845484596974844 0
    outer loop
      vertex 117.02212499827147 7.970299999415872 76.35000000000001
      vertex 116.6508562490344 8.850999999046323 77.35000000000001
      vertex 117.02212499827147 7.970299999415872 77.35000000000001
    endloop
  endfacet
  facet normal 0.9214677599583282 0.38845484596974844 0
    outer loop
      vertex 116.6508562490344 8.850999999046323 76.35000000000001
      vertex 116.6508562490344 8.850999999046323 77.35000000000001
      vertex 117.02212499827147 7.970299999415872 76.35000000000001
    endloop
  endfacet
  facet normal 0.7787811670382198 -0.6272956989064954 0
    outer loop
      vertex 116.8608874976635 4.372193749248979 76.35000000000001
      vertex 117.12049999833107 4.694500002264974 76.35000000000001
      vertex 117.12049999833107 4.694500002264974 77.35000000000001
    endloop
  endfacet
  facet normal 0.5811521897807982 -0.8137948957280225 0
    outer loop
      vertex 117.12049999833107 4.694500002264974 76.35000000000001
      vertex 117.46737500280142 4.942212502658364 76.35000000000001
      vertex 117.46737500280142 4.942212502658364 77.35000000000001
    endloop
  endfacet
  facet normal 0 0 1
    outer loop
      vertex 118.19870000332594 3.8908999964594813 76.35000000000001
      vertex 117.9147000014782 5.11915000081062 76.35000000000001
      vertex 117.46737500280142 4.942212502658364 76.35000000000001
    endloop
  endfacet
  facet normal 0.36781723440202213 -0.929898103061216 0
    outer loop
      vertex 117.46737500280142 4.942212502658364 76.35000000000001
      vertex 117.9147000014782 5.11915000081062 76.35000000000001
      vertex 117.9147000014782 5.11915000081062 77.35000000000001
    endloop
  endfacet
  facet normal 0.5811521897807982 -0.8137948957280225 0
    outer loop
      vertex 117.12049999833107 4.694500002264974 76.35000000000001
      vertex 117.46737500280142 4.942212502658364 77.35000000000001
      vertex 117.12049999833107 4.694500002264974 77.35000000000001
    endloop
  endfacet
  facet normal 0.36781723440202213 -0.929898103061216 0
    outer loop
      vertex 117.46737500280142 4.942212502658364 76.35000000000001
      vertex 117.9147000014782 5.11915000081062 77.35000000000001
      vertex 117.46737500280142 4.942212502658364 77.35000000000001
    endloop
  endfacet
  facet normal 0 0 1
    outer loop
      vertex 118.41165000200272 3.953200000524518 76.35000000000001
      vertex 118.46247500181198 5.225312496721742 76.35000000000001
      vertex 117.9147000014782 5.11915000081062 76.35000000000001
    endloop
  endfacet
  facet normal 0 0 1
    outer loop
      vertex 118.98634999990463 4.024399998784062 76.35000000000001
      vertex 119.1106999963522 5.260699997842309 76.35000000000001
      vertex 118.46247500181198 5.225312496721742 76.35000000000001
    endloop
  endfacet
  facet normal 0.1902663911126655 -0.9817324994177193 0
    outer loop
      vertex 117.9147000014782 5.11915000081062 76.35000000000001
      vertex 118.46247500181198 5.225312496721742 76.35000000000001
      vertex 118.46247500181198 5.225312496721742 77.35000000000001
    endloop
  endfacet
  facet normal 0.054510220570732834 -0.9985132126583653 0
    outer loop
      vertex 118.46247500181198 5.225312496721742 76.35000000000001
      vertex 119.1106999963522 5.260699997842309 76.35000000000001
      vertex 119.1106999963522 5.260699997842309 77.35000000000001
    endloop
  endfacet
  facet normal 0.1902663911126655 -0.9817324994177193 0
    outer loop
      vertex 117.9147000014782 5.11915000081062 76.35000000000001
      vertex 118.46247500181198 5.225312496721742 77.35000000000001
      vertex 117.9147000014782 5.11915000081062 77.35000000000001
    endloop
  endfacet
  facet normal 0.054510220570732834 -0.9985132126583653 0
    outer loop
      vertex 118.46247500181198 5.225312496721742 76.35000000000001
      vertex 119.1106999963522 5.260699997842309 77.35000000000001
      vertex 118.46247500181198 5.225312496721742 77.35000000000001
    endloop
  endfacet
  facet normal 0 0 1
    outer loop
      vertex 116.8608874976635 4.372193749248979 77.35000000000001
      vertex 117.12049999833107 4.694500002264974 77.35000000000001
      vertex 117.02212499827147 7.970299999415872 77.35000000000001
    endloop
  endfacet
  facet normal 0 0 1
    outer loop
      vertex 117.12049999833107 4.694500002264974 77.35000000000001
      vertex 117.46737500280142 4.942212502658364 77.35000000000001
      vertex 117.02212499827147 7.970299999415872 77.35000000000001
    endloop
  endfacet
  facet normal 0 0 1
    outer loop
      vertex 117.46737500280142 4.942212502658364 77.35000000000001
      vertex 117.9147000014782 5.11915000081062 77.35000000000001
      vertex 117.64090625196695 7.379499997198579 77.35000000000001
    endloop
  endfacet
  facet normal 0 0 1
    outer loop
      vertex 117.46737500280142 4.942212502658364 77.35000000000001
      vertex 117.64090625196695 7.379499997198579 77.35000000000001
      vertex 117.02212499827147 7.970299999415872 77.35000000000001
    endloop
  endfacet
  facet normal 0 0 1
    outer loop
      vertex 117.9147000014782 5.11915000081062 77.35000000000001
      vertex 118.46247500181198 5.225312496721742 77.35000000000001
      vertex 118.50720000267029 7.078599999845025 77.35000000000001
    endloop
  endfacet
  facet normal 0 0 1
    outer loop
      vertex 118.46247500181198 5.225312496721742 77.35000000000001
      vertex 119.1106999963522 5.260699997842309 77.35000000000001
      vertex 118.50720000267029 7.078599999845025 77.35000000000001
    endloop
  endfacet
  facet normal 0 0 1
    outer loop
      vertex 117.9147000014782 5.11915000081062 77.35000000000001
      vertex 118.50720000267029 7.078599999845025 77.35000000000001
      vertex 117.64090625196695 7.379499997198579 77.35000000000001
    endloop
  endfacet
  facet normal 0 0 1
    outer loop
      vertex 119.34809999912977 4.033300000429151 76.35000000000001
      vertex 124 5.260699997842309 76.35000000000001
      vertex 119.1106999963522 5.260699997842309 76.35000000000001
    endloop
  endfacet
  facet normal 0 -1 0
    outer loop
      vertex 119.1106999963522 5.260699997842309 76.35000000000001
      vertex 124 5.260699997842309 77.35000000000001
      vertex 119.1106999963522 5.260699997842309 77.35000000000001
    endloop
  endfacet
  facet normal 0 0 1
    outer loop
      vertex 119.1106999963522 5.260699997842309 77.35000000000001
      vertex 120.94505000114441 6.940424996614453 77.35000000000001
      vertex 118.50720000267029 7.078599999845025 77.35000000000001
    endloop
  endfacet
  facet normal 0 0 1
    outer loop
      vertex 119.1106999963522 5.260699997842309 77.35000000000001
      vertex 121.41551250219345 6.799931253492829 77.35000000000001
      vertex 120.94505000114441 6.940424996614453 77.35000000000001
    endloop
  endfacet
  facet normal 0 0 1
    outer loop
      vertex 119.1106999963522 5.260699997842309 77.35000000000001
      vertex 121.95210000127554 6.7531000033020945 77.35000000000001
      vertex 121.41551250219345 6.799931253492829 77.35000000000001
    endloop
  endfacet
  facet normal 0.6905645269156296 0.7232707889620544 0
    outer loop
      vertex 117.64090625196695 7.379499997198579 76.35000000000001
      vertex 117.02212499827147 7.970299999415872 76.35000000000001
      vertex 117.02212499827147 7.970299999415872 77.35000000000001
    endloop
  endfacet
  facet normal 0.6905645269156296 0.7232707889620544 0
    outer loop
      vertex 117.64090625196695 7.379499997198579 76.35000000000001
      vertex 117.02212499827147 7.970299999415872 77.35000000000001
      vertex 117.64090625196695 7.379499997198579 77.35000000000001
    endloop
  endfacet
  facet normal 0.32811245913155 0.9446386685726172 0
    outer loop
      vertex 117.64090625196695 7.379499997198579 76.35000000000001
      vertex 117.64090625196695 7.379499997198579 77.35000000000001
      vertex 118.50720000267029 7.078599999845025 76.35000000000001
    endloop
  endfacet
  facet normal 0.32811245913155 0.9446386685726172 0
    outer loop
      vertex 118.50720000267029 7.078599999845025 76.35000000000001
      vertex 117.64090625196695 7.379499997198579 77.35000000000001
      vertex 118.50720000267029 7.078599999845025 77.35000000000001
    endloop
  endfacet
  facet normal 0 0 1
    outer loop
      vertex 117.64090625196695 7.379499997198579 76.35000000000001
      vertex 118.50720000267029 7.078599999845025 76.35000000000001
      vertex 118.33811874687672 8.409350003302094 76.35000000000001
    endloop
  endfacet
  facet normal -0.9959347251122498 0.09007787361826154 0
    outer loop
      vertex 118.50720000267029 7.078599999845025 76.35000000000001
      vertex 118.50720000267029 7.078599999845025 77.35000000000001
      vertex 118.62250000238419 8.353400002419946 76.35000000000001
    endloop
  endfacet
  facet normal -0.9959347251122498 0.09007787361826154 0
    outer loop
      vertex 118.62250000238419 8.353400002419946 76.35000000000001
      vertex 118.50720000267029 7.078599999845025 77.35000000000001
      vertex 118.62250000238419 8.353400002419946 77.35000000000001
    endloop
  endfacet
  facet normal 0 0 1
    outer loop
      vertex 117.64090625196695 7.379499997198579 76.35000000000001
      vertex 117.89396875351667 8.633149999380109 76.35000000000001
      vertex 117.02212499827147 7.970299999415872 76.35000000000001
    endloop
  endfacet
  facet normal 0 0 1
    outer loop
      vertex 117.64090625196695 7.379499997198579 76.35000000000001
      vertex 118.09527499973774 8.502600002288816 76.35000000000001
      vertex 117.89396875351667 8.633149999380109 76.35000000000001
    endloop
  endfacet
  facet normal 0 0 1
    outer loop
      vertex 117.02212499827147 7.970299999415872 76.35000000000001
      vertex 117.89396875351667 8.633149999380109 76.35000000000001
      vertex 117.73420000076294 8.801000002026555 76.35000000000001
    endloop
  endfacet
  facet normal 0 0 1
    outer loop
      vertex 116.6508562490344 8.850999999046323 76.35000000000001
      vertex 117.02212499827147 7.970299999415872 76.35000000000001
      vertex 117.73420000076294 8.801000002026555 76.35000000000001
    endloop
  endfacet
  facet normal 0 0 1
    outer loop
      vertex 116.6508562490344 8.850999999046323 76.35000000000001
      vertex 117.73420000076294 8.801000002026555 76.35000000000001
      vertex 117.61253125220537 9.01546874940395 76.35000000000001
    endloop
  endfacet
  facet normal 0 0 1
    outer loop
      vertex 116.6508562490344 8.850999999046323 76.35000000000001
      vertex 117.61253125220537 9.01546874940395 76.35000000000001
      vertex 117.52562499791384 9.285875003039834 76.35000000000001
    endloop
  endfacet
  facet normal -0.7243283983658774 -0.6894551264010754 0
    outer loop
      vertex 117.89396875351667 8.633149999380109 76.35000000000001
      vertex 117.89396875351667 8.633149999380109 77.35000000000001
      vertex 117.73420000076294 8.801000002026555 76.35000000000001
    endloop
  endfacet
  facet normal -0.8697847092931497 -0.49343141314658023 0
    outer loop
      vertex 117.61253125220537 9.01546874940395 76.35000000000001
      vertex 117.73420000076294 8.801000002026555 76.35000000000001
      vertex 117.73420000076294 8.801000002026555 77.35000000000001
    endloop
  endfacet
  facet normal -0.7243283983658774 -0.6894551264010754 0
    outer loop
      vertex 117.73420000076294 8.801000002026555 76.35000000000001
      vertex 117.89396875351667 8.633149999380109 77.35000000000001
      vertex 117.73420000076294 8.801000002026555 77.35000000000001
    endloop
  endfacet
  facet normal -0.8697847092931497 -0.49343141314658023 0
    outer loop
      vertex 117.61253125220537 9.01546874940395 76.35000000000001
      vertex 117.73420000076294 8.801000002026555 77.35000000000001
      vertex 117.61253125220537 9.01546874940395 77.35000000000001
    endloop
  endfacet
  facet normal 0 0 1
    outer loop
      vertex 117.64090625196695 7.379499997198579 76.35000000000001
      vertex 118.33811874687672 8.409350003302094 76.35000000000001
      vertex 118.09527499973774 8.502600002288816 76.35000000000001
    endloop
  endfacet
  facet normal -0.35847187425370924 -0.9335405269023048 0
    outer loop
      vertex 118.09527499973774 8.502600002288816 76.35000000000001
      vertex 118.33811874687672 8.409350003302094 76.35000000000001
      vertex 118.33811874687672 8.409350003302094 77.35000000000001
    endloop
  endfacet
  facet normal 0 0 1
    outer loop
      vertex 118.50720000267029 7.078599999845025 76.35000000000001
      vertex 118.62250000238419 8.353400002419946 76.35000000000001
      vertex 118.33811874687672 8.409350003302094 76.35000000000001
    endloop
  endfacet
  facet normal -0.1930422799688149 -0.9811904392850767 0
    outer loop
      vertex 118.33811874687672 8.409350003302094 76.35000000000001
      vertex 118.62250000238419 8.353400002419946 76.35000000000001
      vertex 118.62250000238419 8.353400002419946 77.35000000000001
    endloop
  endfacet
  facet normal -0.35847187425370924 -0.9335405269023048 0
    outer loop
      vertex 118.09527499973774 8.502600002288816 76.35000000000001
      vertex 118.33811874687672 8.409350003302094 77.35000000000001
      vertex 118.09527499973774 8.502600002288816 77.35000000000001
    endloop
  endfacet
  facet normal -0.1930422799688149 -0.9811904392850767 0
    outer loop
      vertex 118.33811874687672 8.409350003302094 76.35000000000001
      vertex 118.62250000238419 8.353400002419946 77.35000000000001
      vertex 118.33811874687672 8.409350003302094 77.35000000000001
    endloop
  endfacet
  facet normal -0.5441118158924934 -0.8390127125414569 0
    outer loop
      vertex 117.89396875351667 8.633149999380109 76.35000000000001
      vertex 118.09527499973774 8.502600002288816 76.35000000000001
      vertex 118.09527499973774 8.502600002288816 77.35000000000001
    endloop
  endfacet
  facet normal -0.5441118158924934 -0.8390127125414569 0
    outer loop
      vertex 117.89396875351667 8.633149999380109 76.35000000000001
      vertex 118.09527499973774 8.502600002288816 77.35000000000001
      vertex 117.89396875351667 8.633149999380109 77.35000000000001
    endloop
  endfacet
  facet normal 0 0 1
    outer loop
      vertex 118.33811874687672 8.409350003302094 77.35000000000001
      vertex 118.62250000238419 8.353400002419946 77.35000000000001
      vertex 119.60745000094175 9.143231253325936 77.35000000000001
    endloop
  endfacet
  facet normal 0 0 1
    outer loop
      vertex 117.89396875351667 8.633149999380109 77.35000000000001
      vertex 118.09527499973774 8.502600002288816 77.35000000000001
      vertex 119.5515000000596 9.919900003075597 77.35000000000001
    endloop
  endfacet
  facet normal 0 0 1
    outer loop
      vertex 118.09527499973774 8.502600002288816 77.35000000000001
      vertex 118.33811874687672 8.409350003302094 77.35000000000001
      vertex 119.5515000000596 9.919900003075597 77.35000000000001
    endloop
  endfacet
  facet normal 0 0 1
    outer loop
      vertex 118.50720000267029 7.078599999845025 77.35000000000001
      vertex 120.54071249812841 7.174581247568128 77.35000000000001
      vertex 120.20250000059605 7.502399998903272 77.35000000000001
    endloop
  endfacet
  facet normal 0 0 1
    outer loop
      vertex 118.50720000267029 7.078599999845025 77.35000000000001
      vertex 119.93294999748468 7.934481251239774 77.35000000000001
      vertex 119.73460000008345 8.481424997746942 77.35000000000001
    endloop
  endfacet
  facet normal 0 0 1
    outer loop
      vertex 118.50720000267029 7.078599999845025 77.35000000000001
      vertex 120.20250000059605 7.502399998903272 77.35000000000001
      vertex 119.93294999748468 7.934481251239774 77.35000000000001
    endloop
  endfacet
  facet normal 0.5011422489269727 0.865364920909333 0
    outer loop
      vertex 120.54071249812841 7.174581247568128 76.35000000000001
      vertex 120.54071249812841 7.174581247568128 77.35000000000001
      vertex 120.94505000114441 6.940424996614453 76.35000000000001
    endloop
  endfacet
  facet normal 0 0 1
    outer loop
      vertex 118.50720000267029 7.078599999845025 77.35000000000001
      vertex 120.94505000114441 6.940424996614453 77.35000000000001
      vertex 120.54071249812841 7.174581247568128 77.35000000000001
    endloop
  endfacet
  facet normal 0.6959872888167672 0.7180541022830284 0
    outer loop
      vertex 120.54071249812841 7.174581247568128 76.35000000000001
      vertex 120.20250000059605 7.502399998903272 77.35000000000001
      vertex 120.54071249812841 7.174581247568128 77.35000000000001
    endloop
  endfacet
  facet normal 0.5011422489269727 0.865364920909333 0
    outer loop
      vertex 120.94505000114441 6.940424996614453 76.35000000000001
      vertex 120.54071249812841 7.174581247568128 77.35000000000001
      vertex 120.94505000114441 6.940424996614453 77.35000000000001
    endloop
  endfacet
  facet normal 0.6959872888167672 0.7180541022830284 0
    outer loop
      vertex 120.54071249812841 7.174581247568128 76.35000000000001
      vertex 120.20250000059605 7.502399998903272 76.35000000000001
      vertex 120.20250000059605 7.502399998903272 77.35000000000001
    endloop
  endfacet
  facet normal 0 0 1
    outer loop
      vertex 120.20250000059605 7.502399998903272 76.35000000000001
      vertex 120.92557500302792 8.376518751680848 76.35000000000001
      vertex 119.93294999748468 7.934481251239774 76.35000000000001
    endloop
  endfacet
  facet normal 0.8484399583339352 0.5292916370984055 0
    outer loop
      vertex 120.20250000059605 7.502399998903272 76.35000000000001
      vertex 119.93294999748468 7.934481251239774 76.35000000000001
      vertex 119.93294999748468 7.934481251239774 77.35000000000001
    endloop
  endfacet
  facet normal 0 0 1
    outer loop
      vertex 120.54071249812841 7.174581247568128 76.35000000000001
      vertex 121.08410000056028 8.244899998605248 76.35000000000001
      vertex 120.20250000059605 7.502399998903272 76.35000000000001
    endloop
  endfacet
  facet normal 0 0 1
    outer loop
      vertex 120.54071249812841 7.174581247568128 76.35000000000001
      vertex 120.94505000114441 6.940424996614453 76.35000000000001
      vertex 121.26674374938011 8.141081246733663 76.35000000000001
    endloop
  endfacet
  facet normal 0.8484399583339352 0.5292916370984055 0
    outer loop
      vertex 120.20250000059605 7.502399998903272 76.35000000000001
      vertex 119.93294999748468 7.934481251239774 77.35000000000001
      vertex 120.20250000059605 7.502399998903272 77.35000000000001
    endloop
  endfacet
  facet normal 0.9400904094570134 0.3409252440740415 0
    outer loop
      vertex 119.93294999748468 7.934481251239774 76.35000000000001
      vertex 119.73460000008345 8.481424997746942 76.35000000000001
      vertex 119.73460000008345 8.481424997746942 77.35000000000001
    endloop
  endfacet
  facet normal 0 0 1
    outer loop
      vertex 118.50720000267029 7.078599999845025 77.35000000000001
      vertex 119.73460000008345 8.481424997746942 77.35000000000001
      vertex 118.62250000238419 8.353400002419946 77.35000000000001
    endloop
  endfacet
  facet normal 0.9400904094570134 0.3409252440740415 0
    outer loop
      vertex 119.93294999748468 7.934481251239774 76.35000000000001
      vertex 119.73460000008345 8.481424997746942 77.35000000000001
      vertex 119.93294999748468 7.934481251239774 77.35000000000001
    endloop
  endfacet
  facet normal 0.9820395735610704 0.18867505388893144 0
    outer loop
      vertex 119.73460000008345 8.481424997746942 76.35000000000001
      vertex 119.60745000094175 9.143231253325936 76.35000000000001
      vertex 119.60745000094175 9.143231253325936 77.35000000000001
    endloop
  endfacet
  facet normal 0 0 1
    outer loop
      vertex 118.62250000238419 8.353400002419946 77.35000000000001
      vertex 119.73460000008345 8.481424997746942 77.35000000000001
      vertex 119.60745000094175 9.143231253325936 77.35000000000001
    endloop
  endfacet
  facet normal 0.9820395735610704 0.18867505388893144 0
    outer loop
      vertex 119.73460000008345 8.481424997746942 76.35000000000001
      vertex 119.60745000094175 9.143231253325936 77.35000000000001
      vertex 119.73460000008345 8.481424997746942 77.35000000000001
    endloop
  endfacet
  facet normal 0 0 1
    outer loop
      vertex 119.93294999748468 7.934481251239774 76.35000000000001
      vertex 120.67467500269413 8.717268753051755 76.35000000000001
      vertex 119.73460000008345 8.481424997746942 76.35000000000001
    endloop
  endfacet
  facet normal 0 0 1
    outer loop
      vertex 120.20250000059605 7.502399998903272 76.35000000000001
      vertex 121.08410000056028 8.244899998605248 76.35000000000001
      vertex 120.92557500302792 8.376518751680848 76.35000000000001
    endloop
  endfacet
  facet normal 0 0 1
    outer loop
      vertex 119.93294999748468 7.934481251239774 76.35000000000001
      vertex 120.92557500302792 8.376518751680848 76.35000000000001
      vertex 120.78909999877214 8.53397500067949 76.35000000000001
    endloop
  endfacet
  facet normal 0 0 1
    outer loop
      vertex 119.93294999748468 7.934481251239774 76.35000000000001
      vertex 120.78909999877214 8.53397500067949 76.35000000000001
      vertex 120.67467500269413 8.717268753051755 76.35000000000001
    endloop
  endfacet
  facet normal -0.7556583898543194 -0.654965951666785 0
    outer loop
      vertex 120.92557500302792 8.376518751680848 76.35000000000001
      vertex 120.78909999877214 8.53397500067949 77.35000000000001
      vertex 120.78909999877214 8.53397500067949 76.35000000000001
    endloop
  endfacet
  facet normal -0.7556583898543194 -0.654965951666785 0
    outer loop
      vertex 120.92557500302792 8.376518751680848 76.35000000000001
      vertex 120.92557500302792 8.376518751680848 77.35000000000001
      vertex 120.78909999877214 8.53397500067949 77.35000000000001
    endloop
  endfacet
  facet normal 0 0 1
    outer loop
      vertex 119.73460000008345 8.481424997746942 76.35000000000001
      vertex 120.67467500269413 8.717268753051755 76.35000000000001
      vertex 120.58229999989271 8.926400001347062 76.35000000000001
    endloop
  endfacet
  facet normal 0 0 1
    outer loop
      vertex 119.73460000008345 8.481424997746942 76.35000000000001
      vertex 120.51022499799728 9.174568752944467 76.35000000000001
      vertex 119.60745000094175 9.143231253325936 76.35000000000001
    endloop
  endfacet
  facet normal 0 0 1
    outer loop
      vertex 119.73460000008345 8.481424997746942 76.35000000000001
      vertex 120.58229999989271 8.926400001347062 76.35000000000001
      vertex 120.51022499799728 9.174568752944467 76.35000000000001
    endloop
  endfacet
  facet normal -0.8482760712599542 -0.5295542530541862 0
    outer loop
      vertex 120.67467500269413 8.717268753051755 76.35000000000001
      vertex 120.78909999877214 8.53397500067949 76.35000000000001
      vertex 120.67467500269413 8.717268753051755 77.35000000000001
    endloop
  endfacet
  facet normal -0.9147380620110219 -0.4040473708716835 0
    outer loop
      vertex 120.67467500269413 8.717268753051755 76.35000000000001
      vertex 120.58229999989271 8.926400001347062 77.35000000000001
      vertex 120.58229999989271 8.926400001347062 76.35000000000001
    endloop
  endfacet
  facet normal -0.9147380620110219 -0.4040473708716835 0
    outer loop
      vertex 120.67467500269413 8.717268753051755 76.35000000000001
      vertex 120.67467500269413 8.717268753051755 77.35000000000001
      vertex 120.58229999989271 8.926400001347062 77.35000000000001
    endloop
  endfacet
  facet normal -0.8482760712599542 -0.5295542530541862 0
    outer loop
      vertex 120.78909999877214 8.53397500067949 76.35000000000001
      vertex 120.78909999877214 8.53397500067949 77.35000000000001
      vertex 120.67467500269413 8.717268753051755 77.35000000000001
    endloop
  endfacet
  facet normal -0.9603192736201971 -0.278903016680668 0
    outer loop
      vertex 120.58229999989271 8.926400001347062 76.35000000000001
      vertex 120.58229999989271 8.926400001347062 77.35000000000001
      vertex 120.51022499799728 9.174568752944467 77.35000000000001
    endloop
  endfacet
  facet normal 0 0 1
    outer loop
      vertex 124 -0.5982999995350866 76.35000000000001
      vertex 119.67360000312328 0.6224000036716433 76.35000000000001
      vertex 119.19425625354052 0.6548187464475603 76.35000000000001
    endloop
  endfacet
  facet normal 0 -1 0
    outer loop
      vertex 119.67360000312328 0.6224000036716433 76.35000000000001
      vertex 124 0.6224000036716433 77.35000000000001
      vertex 119.67360000312328 0.6224000036716433 77.35000000000001
    endloop
  endfacet
  facet normal 0 0 1
    outer loop
      vertex 124 -0.5982999995350866 76.35000000000001
      vertex 124 0.6224000036716433 76.35000000000001
      vertex 119.67360000312328 0.6224000036716433 76.35000000000001
    endloop
  endfacet
  facet normal 0 -1 0
    outer loop
      vertex 119.67360000312328 0.6224000036716433 76.35000000000001
      vertex 124 0.6224000036716433 76.35000000000001
      vertex 124 0.6224000036716433 77.35000000000001
    endloop
  endfacet
  facet normal 0 0 1
    outer loop
      vertex 119.67360000312328 0.6224000036716433 77.35000000000001
      vertex 124 0.6224000036716433 77.35000000000001
      vertex 124 4.033300000429151 77.35000000000001
    endloop
  endfacet
  facet normal -1 0 0
    outer loop
      vertex 124 -0.5982999995350866 77.35000000000001
      vertex 124 0.6224000036716433 77.35000000000001
      vertex 124 0.6224000036716433 76.35000000000001
    endloop
  endfacet
  facet normal 0 0 1
    outer loop
      vertex 119.67360000312328 0.6224000036716433 77.35000000000001
      vertex 124 4.033300000429151 77.35000000000001
      vertex 119.34809999912977 4.033300000429151 77.35000000000001
    endloop
  endfacet
  facet normal 0 0 1
    outer loop
      vertex 119.34809999912977 4.033300000429151 76.35000000000001
      vertex 124 4.033300000429151 76.35000000000001
      vertex 124 5.260699997842309 76.35000000000001
    endloop
  endfacet
  facet normal 0 1 0
    outer loop
      vertex 124 4.033300000429151 76.35000000000001
      vertex 119.34809999912977 4.033300000429151 77.35000000000001
      vertex 124 4.033300000429151 77.35000000000001
    endloop
  endfacet
  facet normal -1 0 0
    outer loop
      vertex 124 4.033300000429151 76.35000000000001
      vertex 124 4.033300000429151 77.35000000000001
      vertex 124 5.260699997842309 76.35000000000001
    endloop
  endfacet
  facet normal 0 0 1
    outer loop
      vertex 129.0000001 -28.825000000000003 77.35000000000001
      vertex 129.0000001 28.825000000000003 77.35000000000001
      vertex 124 5.260699997842309 77.35000000000001
    endloop
  endfacet
  facet normal 0 -1 0
    outer loop
      vertex 119.1106999963522 5.260699997842309 76.35000000000001
      vertex 124 5.260699997842309 76.35000000000001
      vertex 124 5.260699997842309 77.35000000000001
    endloop
  endfacet
  facet normal 0 0 1
    outer loop
      vertex 119.1106999963522 5.260699997842309 77.35000000000001
      vertex 124 5.260699997842309 77.35000000000001
      vertex 121.95210000127554 6.7531000033020945 77.35000000000001
    endloop
  endfacet
  facet normal 0.08694556492626417 0.9962130639274175 0
    outer loop
      vertex 121.41551250219345 6.799931253492829 76.35000000000001
      vertex 121.41551250219345 6.799931253492829 77.35000000000001
      vertex 121.95210000127554 6.7531000033020945 76.35000000000001
    endloop
  endfacet
  facet normal 0.08694556492626417 0.9962130639274175 0
    outer loop
      vertex 121.95210000127554 6.7531000033020945 76.35000000000001
      vertex 121.41551250219345 6.799931253492829 77.35000000000001
      vertex 121.95210000127554 6.7531000033020945 77.35000000000001
    endloop
  endfacet
  facet normal -0.07199330682758191 0.9974051151723805 0
    outer loop
      vertex 121.95210000127554 6.7531000033020945 76.35000000000001
      vertex 121.95210000127554 6.7531000033020945 77.35000000000001
      vertex 122.43353124707937 6.787850002944467 76.35000000000001
    endloop
  endfacet
  facet normal -0.07199330682758191 0.9974051151723805 0
    outer loop
      vertex 122.43353124707937 6.787850002944467 76.35000000000001
      vertex 121.95210000127554 6.7531000033020945 77.35000000000001
      vertex 122.43353124707937 6.787850002944467 77.35000000000001
    endloop
  endfacet
  facet normal 0 0 1
    outer loop
      vertex 121.95210000127554 6.7531000033020945 77.35000000000001
      vertex 124 5.260699997842309 77.35000000000001
      vertex 122.43353124707937 6.787850002944467 77.35000000000001
    endloop
  endfacet
  facet normal -1 0 0
    outer loop
      vertex 124 5.260699997842309 76.35000000000001
      vertex 124 4.033300000429151 77.35000000000001
      vertex 124 5.260699997842309 77.35000000000001
    endloop
  endfacet
  facet normal 0 0 1
    outer loop
      vertex 122.43353124707937 6.787850002944467 77.35000000000001
      vertex 124 5.260699997842309 77.35000000000001
      vertex 122.86072500050068 6.892100001871583 77.35000000000001
    endloop
  endfacet
  facet normal 0 0 1
    outer loop
      vertex 124 5.260699997842309 77.35000000000001
      vertex 123.2336812466383 7.065850000083444 77.35000000000001
      vertex 122.86072500050068 6.892100001871583 77.35000000000001
    endloop
  endfacet
  facet normal 0 0 1
    outer loop
      vertex 124 5.260699997842309 77.35000000000001
      vertex 123.55240000039339 7.309099997580049 77.35000000000001
      vertex 123.2336812466383 7.065850000083444 77.35000000000001
    endloop
  endfacet
  facet normal 0 0 1
    outer loop
      vertex 124 5.260699997842309 77.35000000000001
      vertex 123.80754999816418 7.621474999189374 77.35000000000001
      vertex 123.55240000039339 7.309099997580049 77.35000000000001
    endloop
  endfacet
  facet normal 0.2861424463280579 0.9581870905044559 0
    outer loop
      vertex 121.41551250219345 6.799931253492829 76.35000000000001
      vertex 120.94505000114441 6.940424996614453 76.35000000000001
      vertex 120.94505000114441 6.940424996614453 77.35000000000001
    endloop
  endfacet
  facet normal 0 0 1
    outer loop
      vertex 121.41551250219345 6.799931253492829 76.35000000000001
      vertex 121.47567500174046 8.06692499965429 76.35000000000001
      vertex 120.94505000114441 6.940424996614453 76.35000000000001
    endloop
  endfacet
  facet normal 0 0 1
    outer loop
      vertex 121.41551250219345 6.799931253492829 76.35000000000001
      vertex 121.95210000127554 6.7531000033020945 76.35000000000001
      vertex 121.71089375019073 8.02243124991655 76.35000000000001
    endloop
  endfacet
  facet normal 0.2861424463280579 0.9581870905044559 0
    outer loop
      vertex 121.41551250219345 6.799931253492829 76.35000000000001
      vertex 120.94505000114441 6.940424996614453 77.35000000000001
      vertex 121.41551250219345 6.799931253492829 77.35000000000001
    endloop
  endfacet
  facet normal 0 0 1
    outer loop
      vertex 120.54071249812841 7.174581247568128 76.35000000000001
      vertex 121.26674374938011 8.141081246733663 76.35000000000001
      vertex 121.08410000056028 8.244899998605248 76.35000000000001
    endloop
  endfacet
  facet normal 0 0 1
    outer loop
      vertex 120.94505000114441 6.940424996614453 76.35000000000001
      vertex 121.47567500174046 8.06692499965429 76.35000000000001
      vertex 121.26674374938011 8.141081246733663 76.35000000000001
    endloop
  endfacet
  facet normal 0 0 1
    outer loop
      vertex 121.41551250219345 6.799931253492829 76.35000000000001
      vertex 121.71089375019073 8.02243124991655 76.35000000000001
      vertex 121.47567500174046 8.06692499965429 76.35000000000001
    endloop
  endfacet
  facet normal 0 0 1
    outer loop
      vertex 121.95210000127554 6.7531000033020945 76.35000000000001
      vertex 121.97240000218153 8.007599997520444 76.35000000000001
      vertex 121.71089375019073 8.02243124991655 76.35000000000001
    endloop
  endfacet
  facet normal 0 0 1
    outer loop
      vertex 121.95210000127554 6.7531000033020945 76.35000000000001
      vertex 122.43353124707937 6.787850002944467 76.35000000000001
      vertex 122.25384374707937 8.027731250226495 76.35000000000001
    endloop
  endfacet
  facet normal -0.23707723838561512 0.971490804402929 0
    outer loop
      vertex 122.43353124707937 6.787850002944467 76.35000000000001
      vertex 122.43353124707937 6.787850002944467 77.35000000000001
      vertex 122.86072500050068 6.892100001871583 76.35000000000001
    endloop
  endfacet
  facet normal 0 0 1
    outer loop
      vertex 122.43353124707937 6.787850002944467 76.35000000000001
      vertex 122.86072500050068 6.892100001871583 76.35000000000001
      vertex 122.25384374707937 8.027731250226495 76.35000000000001
    endloop
  endfacet
  facet normal 0 0 1
    outer loop
      vertex 122.86072500050068 6.892100001871583 76.35000000000001
      vertex 123.2336812466383 7.065850000083444 76.35000000000001
      vertex 122.50137499719858 8.088125000894067 76.35000000000001
    endloop
  endfacet
  facet normal -0.23707723838561512 0.971490804402929 0
    outer loop
      vertex 122.86072500050068 6.892100001871583 76.35000000000001
      vertex 122.43353124707937 6.787850002944467 77.35000000000001
      vertex 122.86072500050068 6.892100001871583 77.35000000000001
    endloop
  endfacet
  facet normal 0 0 1
    outer loop
      vertex 121.95210000127554 6.7531000033020945 76.35000000000001
      vertex 122.25384374707937 8.027731250226495 76.35000000000001
      vertex 121.97240000218153 8.007599997520444 76.35000000000001
    endloop
  endfacet
  facet normal 0 0 1
    outer loop
      vertex 122.86072500050068 6.892100001871583 76.35000000000001
      vertex 122.50137499719858 8.088125000894067 76.35000000000001
      vertex 122.25384374707937 8.027731250226495 76.35000000000001
    endloop
  endfacet
  facet normal 0 0 1
    outer loop
      vertex 122.50137499719858 8.088125000894067 76.35000000000001
      vertex 123.2336812466383 7.065850000083444 76.35000000000001
      vertex 122.71499375253916 8.18878124952316 76.35000000000001
    endloop
  endfacet
  facet normal -0.4941673441327387 -0.8693668017544697 0
    outer loop
      vertex 121.26674374938011 8.141081246733663 76.35000000000001
      vertex 121.08410000056028 8.244899998605248 77.35000000000001
      vertex 121.08410000056028 8.244899998605248 76.35000000000001
    endloop
  endfacet
  facet normal -0.3344873675310261 -0.9424002339569767 0
    outer loop
      vertex 121.26674374938011 8.141081246733663 76.35000000000001
      vertex 121.47567500174046 8.06692499965429 76.35000000000001
      vertex 121.26674374938011 8.141081246733663 77.35000000000001
    endloop
  endfacet
  facet normal -0.6387929980268494 -0.7693786490876061 0
    outer loop
      vertex 120.92557500302792 8.376518751680848 76.35000000000001
      vertex 121.08410000056028 8.244899998605248 76.35000000000001
      vertex 120.92557500302792 8.376518751680848 77.35000000000001
    endloop
  endfacet
  facet normal -0.18586305610790363 -0.9825756583460789 0
    outer loop
      vertex 121.47567500174046 8.06692499965429 76.35000000000001
      vertex 121.71089375019073 8.02243124991655 76.35000000000001
      vertex 121.47567500174046 8.06692499965429 77.35000000000001
    endloop
  endfacet
  facet normal -0.05662372075081123 -0.9983955900585368 0
    outer loop
      vertex 121.71089375019073 8.02243124991655 76.35000000000001
      vertex 121.97240000218153 8.007599997520444 76.35000000000001
      vertex 121.71089375019073 8.02243124991655 77.35000000000001
    endloop
  endfacet
  facet normal -0.4941673441327387 -0.8693668017544697 0
    outer loop
      vertex 121.26674374938011 8.141081246733663 76.35000000000001
      vertex 121.26674374938011 8.141081246733663 77.35000000000001
      vertex 121.08410000056028 8.244899998605248 77.35000000000001
    endloop
  endfacet
  facet normal -0.3344873675310261 -0.9424002339569767 0
    outer loop
      vertex 121.47567500174046 8.06692499965429 76.35000000000001
      vertex 121.47567500174046 8.06692499965429 77.35000000000001
      vertex 121.26674374938011 8.141081246733663 77.35000000000001
    endloop
  endfacet
  facet normal -0.6387929980268494 -0.7693786490876061 0
    outer loop
      vertex 121.08410000056028 8.244899998605248 76.35000000000001
      vertex 121.08410000056028 8.244899998605248 77.35000000000001
      vertex 120.92557500302792 8.376518751680848 77.35000000000001
    endloop
  endfacet
  facet normal -0.18586305610790363 -0.9825756583460789 0
    outer loop
      vertex 121.71089375019073 8.02243124991655 76.35000000000001
      vertex 121.71089375019073 8.02243124991655 77.35000000000001
      vertex 121.47567500174046 8.06692499965429 77.35000000000001
    endloop
  endfacet
  facet normal -0.05662372075081123 -0.9983955900585368 0
    outer loop
      vertex 121.97240000218153 8.007599997520444 76.35000000000001
      vertex 121.97240000218153 8.007599997520444 77.35000000000001
      vertex 121.71089375019073 8.02243124991655 77.35000000000001
    endloop
  endfacet
  facet normal 0 0 1
    outer loop
      vertex 121.26674374938011 8.141081246733663 77.35000000000001
      vertex 123.20112500339746 9.574925000965592 77.35000000000001
      vertex 121.08410000056028 8.244899998605248 77.35000000000001
    endloop
  endfacet
  facet normal 0 0 1
    outer loop
      vertex 120.92557500302792 8.376518751680848 77.35000000000001
      vertex 121.08410000056028 8.244899998605248 77.35000000000001
      vertex 123.20112500339746 9.574925000965592 77.35000000000001
    endloop
  endfacet
  facet normal 0 0 1
    outer loop
      vertex 120.92557500302792 8.376518751680848 77.35000000000001
      vertex 123.20112500339746 9.574925000965592 77.35000000000001
      vertex 120.78909999877214 8.53397500067949 77.35000000000001
    endloop
  endfacet
  facet normal 0 0 1
    outer loop
      vertex 120.67467500269413 8.717268753051755 77.35000000000001
      vertex 120.78909999877214 8.53397500067949 77.35000000000001
      vertex 123.20112500339746 9.574925000965592 77.35000000000001
    endloop
  endfacet
  facet normal 0 0 1
    outer loop
      vertex 120.67467500269413 8.717268753051755 77.35000000000001
      vertex 123.20112500339746 9.574925000965592 77.35000000000001
      vertex 120.58229999989271 8.926400001347062 77.35000000000001
    endloop
  endfacet
  facet normal 0.07134623098720294 -0.9974516105174831 0
    outer loop
      vertex 121.97240000218153 8.007599997520444 76.35000000000001
      vertex 122.25384374707937 8.027731250226495 76.35000000000001
      vertex 121.97240000218153 8.007599997520444 77.35000000000001
    endloop
  endfacet
  facet normal 0.23703128622846253 -0.971502017161509 0
    outer loop
      vertex 122.25384374707937 8.027731250226495 76.35000000000001
      vertex 122.50137499719858 8.088125000894067 76.35000000000001
      vertex 122.25384374707937 8.027731250226495 77.35000000000001
    endloop
  endfacet
  facet normal 0.4262469048696388 -0.9046068627249371 0
    outer loop
      vertex 122.50137499719858 8.088125000894067 76.35000000000001
      vertex 122.71499375253916 8.18878124952316 76.35000000000001
      vertex 122.50137499719858 8.088125000894067 77.35000000000001
    endloop
  endfacet
  facet normal 0.6170658616904353 -0.7869115085803743 0
    outer loop
      vertex 122.71499375253916 8.18878124952316 76.35000000000001
      vertex 122.89469999819994 8.329700003564355 76.35000000000001
      vertex 122.71499375253916 8.18878124952316 77.35000000000001
    endloop
  endfacet
  facet normal 0.7812294998227439 -0.6242439175568356 0
    outer loop
      vertex 122.89469999819994 8.329700003564355 76.35000000000001
      vertex 123.03710625320673 8.507918748259542 76.35000000000001
      vertex 122.89469999819994 8.329700003564355 77.35000000000001
    endloop
  endfacet
  facet normal 0.07134623098720294 -0.9974516105174831 0
    outer loop
      vertex 122.25384374707937 8.027731250226495 76.35000000000001
      vertex 122.25384374707937 8.027731250226495 77.35000000000001
      vertex 121.97240000218153 8.007599997520444 77.35000000000001
    endloop
  endfacet
  facet normal 0.23703128622846253 -0.971502017161509 0
    outer loop
      vertex 122.50137499719858 8.088125000894067 76.35000000000001
      vertex 122.50137499719858 8.088125000894067 77.35000000000001
      vertex 122.25384374707937 8.027731250226495 77.35000000000001
    endloop
  endfacet
  facet normal 0.4262469048696388 -0.9046068627249371 0
    outer loop
      vertex 122.71499375253916 8.18878124952316 76.35000000000001
      vertex 122.71499375253916 8.18878124952316 77.35000000000001
      vertex 122.50137499719858 8.088125000894067 77.35000000000001
    endloop
  endfacet
  facet normal 0.6170658616904353 -0.7869115085803743 0
    outer loop
      vertex 122.89469999819994 8.329700003564355 76.35000000000001
      vertex 122.89469999819994 8.329700003564355 77.35000000000001
      vertex 122.71499375253916 8.18878124952316 77.35000000000001
    endloop
  endfacet
  facet normal 0 0 1
    outer loop
      vertex 122.25384374707937 8.027731250226495 77.35000000000001
      vertex 122.50137499719858 8.088125000894067 77.35000000000001
      vertex 123.1998562514782 8.967368747293946 77.35000000000001
    endloop
  endfacet
  facet normal 0 0 1
    outer loop
      vertex 121.97240000218153 8.007599997520444 77.35000000000001
      vertex 122.25384374707937 8.027731250226495 77.35000000000001
      vertex 123.22020000219345 9.248600001633164 77.35000000000001
    endloop
  endfacet
  facet normal 0 0 1
    outer loop
      vertex 122.50137499719858 8.088125000894067 77.35000000000001
      vertex 122.71499375253916 8.18878124952316 77.35000000000001
      vertex 123.13882499933243 8.720474998652932 77.35000000000001
    endloop
  endfacet
  facet normal 0 0 1
    outer loop
      vertex 122.71499375253916 8.18878124952316 77.35000000000001
      vertex 122.89469999819994 8.329700003564355 77.35000000000001
      vertex 123.03710625320673 8.507918748259542 77.35000000000001
    endloop
  endfacet
  facet normal 0 0 1
    outer loop
      vertex 121.26674374938011 8.141081246733663 77.35000000000001
      vertex 121.47567500174046 8.06692499965429 77.35000000000001
      vertex 123.20112500339746 9.574925000965592 77.35000000000001
    endloop
  endfacet
  facet normal 0 0 1
    outer loop
      vertex 121.47567500174046 8.06692499965429 77.35000000000001
      vertex 121.71089375019073 8.02243124991655 77.35000000000001
      vertex 123.20112500339746 9.574925000965592 77.35000000000001
    endloop
  endfacet
  facet normal 0 0 1
    outer loop
      vertex 121.71089375019073 8.02243124991655 77.35000000000001
      vertex 121.97240000218153 8.007599997520444 77.35000000000001
      vertex 123.20112500339746 9.574925000965592 77.35000000000001
    endloop
  endfacet
  facet normal 0 0 1
    outer loop
      vertex 122.50137499719858 8.088125000894067 77.35000000000001
      vertex 123.13882499933243 8.720474998652932 77.35000000000001
      vertex 123.1998562514782 8.967368747293946 77.35000000000001
    endloop
  endfacet
  facet normal 0 0 1
    outer loop
      vertex 122.25384374707937 8.027731250226495 77.35000000000001
      vertex 123.1998562514782 8.967368747293946 77.35000000000001
      vertex 123.22020000219345 9.248600001633164 77.35000000000001
    endloop
  endfacet
  facet normal 0 0 1
    outer loop
      vertex 121.97240000218153 8.007599997520444 77.35000000000001
      vertex 123.22020000219345 9.248600001633164 77.35000000000001
      vertex 123.20112500339746 9.574925000965592 77.35000000000001
    endloop
  endfacet
  facet normal -0.4222941125751526 0.906458869714652 0
    outer loop
      vertex 122.86072500050068 6.892100001871583 76.35000000000001
      vertex 122.86072500050068 6.892100001871583 77.35000000000001
      vertex 123.2336812466383 7.065850000083444 76.35000000000001
    endloop
  endfacet
  facet normal -0.606700530539519 0.7949304788741379 0
    outer loop
      vertex 123.2336812466383 7.065850000083444 76.35000000000001
      vertex 123.2336812466383 7.065850000083444 77.35000000000001
      vertex 123.55240000039339 7.309099997580049 76.35000000000001
    endloop
  endfacet
  facet normal -0.4222941125751526 0.906458869714652 0
    outer loop
      vertex 123.2336812466383 7.065850000083444 76.35000000000001
      vertex 122.86072500050068 6.892100001871583 77.35000000000001
      vertex 123.2336812466383 7.065850000083444 77.35000000000001
    endloop
  endfacet
  facet normal -0.606700530539519 0.7949304788741379 0
    outer loop
      vertex 123.55240000039339 7.309099997580049 76.35000000000001
      vertex 123.2336812466383 7.065850000083444 77.35000000000001
      vertex 123.55240000039339 7.309099997580049 77.35000000000001
    endloop
  endfacet
  facet normal 0 0 1
    outer loop
      vertex 124 5.260699997842309 77.35000000000001
      vertex 123.98979999870062 8.002500000596044 77.35000000000001
      vertex 123.80754999816418 7.621474999189374 77.35000000000001
    endloop
  endfacet
  facet normal 0 0 1
    outer loop
      vertex 122.71499375253916 8.18878124952316 76.35000000000001
      vertex 123.2336812466383 7.065850000083444 76.35000000000001
      vertex 123.55240000039339 7.309099997580049 76.35000000000001
    endloop
  endfacet
  facet normal 0 0 1
    outer loop
      vertex 122.71499375253916 8.18878124952316 76.35000000000001
      vertex 123.55240000039339 7.309099997580049 76.35000000000001
      vertex 122.89469999819994 8.329700003564355 76.35000000000001
    endloop
  endfacet
  facet normal 0 0 1
    outer loop
      vertex 122.89469999819994 8.329700003564355 76.35000000000001
      vertex 123.55240000039339 7.309099997580049 76.35000000000001
      vertex 123.80754999816418 7.621474999189374 76.35000000000001
    endloop
  endfacet
  facet normal -0.7744789874962679 0.6325996347823446 0
    outer loop
      vertex 123.55240000039339 7.309099997580049 76.35000000000001
      vertex 123.55240000039339 7.309099997580049 77.35000000000001
      vertex 123.80754999816418 7.621474999189374 76.35000000000001
    endloop
  endfacet
  facet normal -0.9021151890137189 0.4314952905313595 0
    outer loop
      vertex 123.80754999816418 7.621474999189374 76.35000000000001
      vertex 123.80754999816418 7.621474999189374 77.35000000000001
      vertex 123.98979999870062 8.002500000596044 76.35000000000001
    endloop
  endfacet
  facet normal -0.7744789874962679 0.6325996347823446 0
    outer loop
      vertex 123.80754999816418 7.621474999189374 76.35000000000001
      vertex 123.55240000039339 7.309099997580049 77.35000000000001
      vertex 123.80754999816418 7.621474999189374 77.35000000000001
    endloop
  endfacet
  facet normal -0.9021151890137189 0.4314952905313595 0
    outer loop
      vertex 123.98979999870062 8.002500000596044 76.35000000000001
      vertex 123.80754999816418 7.621474999189374 77.35000000000001
      vertex 123.98979999870062 8.002500000596044 77.35000000000001
    endloop
  endfacet
  facet normal 0 0 1
    outer loop
      vertex 124 5.260699997842309 77.35000000000001
      vertex 124.09915000200272 8.452175001800057 77.35000000000001
      vertex 123.98979999870062 8.002500000596044 77.35000000000001
    endloop
  endfacet
  facet normal 0 0 1
    outer loop
      vertex 124 5.260699997842309 77.35000000000001
      vertex 124.13560000061989 8.970500002801415 77.35000000000001
      vertex 124.09915000200272 8.452175001800057 77.35000000000001
    endloop
  endfacet
  facet normal 0 0 1
    outer loop
      vertex 122.89469999819994 8.329700003564355 76.35000000000001
      vertex 123.80754999816418 7.621474999189374 76.35000000000001
      vertex 123.03710625320673 8.507918748259542 76.35000000000001
    endloop
  endfacet
  facet normal 0 0 1
    outer loop
      vertex 123.03710625320673 8.507918748259542 76.35000000000001
      vertex 123.98979999870062 8.002500000596044 76.35000000000001
      vertex 123.13882499933243 8.720474998652932 76.35000000000001
    endloop
  endfacet
  facet normal 0 0 1
    outer loop
      vertex 123.80754999816418 7.621474999189374 76.35000000000001
      vertex 123.98979999870062 8.002500000596044 76.35000000000001
      vertex 123.03710625320673 8.507918748259542 76.35000000000001
    endloop
  endfacet
  facet normal 0 0 1
    outer loop
      vertex 123.13882499933243 8.720474998652932 76.35000000000001
      vertex 123.98979999870062 8.002500000596044 76.35000000000001
      vertex 124.09915000200272 8.452175001800057 76.35000000000001
    endloop
  endfacet
  facet normal 0.7812294998227439 -0.6242439175568356 0
    outer loop
      vertex 123.03710625320673 8.507918748259542 76.35000000000001
      vertex 123.03710625320673 8.507918748259542 77.35000000000001
      vertex 122.89469999819994 8.329700003564355 77.35000000000001
    endloop
  endfacet
  facet normal 0 0 1
    outer loop
      vertex 122.71499375253916 8.18878124952316 77.35000000000001
      vertex 123.03710625320673 8.507918748259542 77.35000000000001
      vertex 123.13882499933243 8.720474998652932 77.35000000000001
    endloop
  endfacet
  facet normal 0.902032761785384 -0.4316675765746516 0
    outer loop
      vertex 123.03710625320673 8.507918748259542 76.35000000000001
      vertex 123.13882499933243 8.720474998652932 76.35000000000001
      vertex 123.03710625320673 8.507918748259542 77.35000000000001
    endloop
  endfacet
  facet normal 0.9707795072463358 -0.23997322415336553 0
    outer loop
      vertex 123.13882499933243 8.720474998652932 76.35000000000001
      vertex 123.1998562514782 8.967368747293946 76.35000000000001
      vertex 123.13882499933243 8.720474998652932 77.35000000000001
    endloop
  endfacet
  facet normal 0.9973938192847772 -0.07214963099368706 0
    outer loop
      vertex 123.1998562514782 8.967368747293946 76.35000000000001
      vertex 123.22020000219345 9.248600001633164 76.35000000000001
      vertex 123.1998562514782 8.967368747293946 77.35000000000001
    endloop
  endfacet
  facet normal 0 0 1
    outer loop
      vertex 123.13882499933243 8.720474998652932 76.35000000000001
      vertex 124.09915000200272 8.452175001800057 76.35000000000001
      vertex 123.1998562514782 8.967368747293946 76.35000000000001
    endloop
  endfacet
  facet normal 0 0 1
    outer loop
      vertex 123.1998562514782 8.967368747293946 76.35000000000001
      vertex 124.09915000200272 8.452175001800057 76.35000000000001
      vertex 124.13560000061989 8.970500002801415 76.35000000000001
    endloop
  endfacet
  facet normal 0 0 1
    outer loop
      vertex 123.1998562514782 8.967368747293946 76.35000000000001
      vertex 124.13560000061989 8.970500002801415 76.35000000000001
      vertex 123.22020000219345 9.248600001633164 76.35000000000001
    endloop
  endfacet
  facet normal 0.902032761785384 -0.4316675765746516 0
    outer loop
      vertex 123.13882499933243 8.720474998652932 76.35000000000001
      vertex 123.13882499933243 8.720474998652932 77.35000000000001
      vertex 123.03710625320673 8.507918748259542 77.35000000000001
    endloop
  endfacet
  facet normal 0.9707795072463358 -0.23997322415336553 0
    outer loop
      vertex 123.1998562514782 8.967368747293946 76.35000000000001
      vertex 123.1998562514782 8.967368747293946 77.35000000000001
      vertex 123.13882499933243 8.720474998652932 77.35000000000001
    endloop
  endfacet
  facet normal -0.9716826884211514 0.23628955335063725 0
    outer loop
      vertex 123.98979999870062 8.002500000596044 76.35000000000001
      vertex 123.98979999870062 8.002500000596044 77.35000000000001
      vertex 124.09915000200272 8.452175001800057 76.35000000000001
    endloop
  endfacet
  facet normal -0.9716826884211514 0.23628955335063725 0
    outer loop
      vertex 124.09915000200272 8.452175001800057 76.35000000000001
      vertex 123.98979999870062 8.002500000596044 77.35000000000001
      vertex 124.09915000200272 8.452175001800057 77.35000000000001
    endloop
  endfacet
  facet normal -0.9975364942426749 0.07014943088888177 0
    outer loop
      vertex 124.09915000200272 8.452175001800057 76.35000000000001
      vertex 124.09915000200272 8.452175001800057 77.35000000000001
      vertex 124.13560000061989 8.970500002801415 76.35000000000001
    endloop
  endfacet
  facet normal -0.9975364942426749 0.07014943088888177 0
    outer loop
      vertex 124.13560000061989 8.970500002801415 76.35000000000001
      vertex 124.09915000200272 8.452175001800057 77.35000000000001
      vertex 124.13560000061989 8.970500002801415 77.35000000000001
    endloop
  endfacet
  facet normal 0 0 -1
    outer loop
      vertex 126 -25.325000000000003 74.35000000000001
      vertex 126 25.325000000000003 74.35000000000001
      vertex 126.0000001 25.825000000000003 74.35000000000001
    endloop
  endfacet
  facet normal 0 0 -1
    outer loop
      vertex 126.0000001 8.424999999999997 63.35
      vertex 129.0000001 18.424999999999997 63.35
      vertex 129.0000001 8.424999999999997 63.35
    endloop
  endfacet
  facet normal -1 0 0
    outer loop
      vertex 126.0000001 -4.574999999999999 63.35
      vertex 126.0000001 25.325000000000003 69.85000000000001
      vertex 126.0000001 8.424999999999997 63.35
    endloop
  endfacet
  facet normal 0 0 -1
    outer loop
      vertex 126.0000001 8.424999999999997 63.35
      vertex 126.0000001 18.424999999999997 63.35
      vertex 129.0000001 18.424999999999997 63.35
    endloop
  endfacet
  facet normal -1 0 0
    outer loop
      vertex 126.0000001 8.424999999999997 63.35
      vertex 126.0000001 25.325000000000003 69.85000000000001
      vertex 126.0000001 18.424999999999997 63.35
    endloop
  endfacet
  facet normal 0 0 1
    outer loop
      vertex 116.6508562490344 8.850999999046323 76.35000000000001
      vertex 117.4734812527895 9.612218748033044 76.35000000000001
      vertex 116.52709999680519 10.021600003540513 76.35000000000001
    endloop
  endfacet
  facet normal 0.9944580160721082 0.10513445805218609 0
    outer loop
      vertex 116.6508562490344 8.850999999046323 76.35000000000001
      vertex 116.52709999680519 10.021600003540513 76.35000000000001
      vertex 116.52709999680519 10.021600003540513 77.35000000000001
    endloop
  endfacet
  facet normal 0.9944580160721082 0.10513445805218609 0
    outer loop
      vertex 116.6508562490344 8.850999999046323 76.35000000000001
      vertex 116.52709999680519 10.021600003540513 77.35000000000001
      vertex 116.6508562490344 8.850999999046323 77.35000000000001
    endloop
  endfacet
  facet normal 0 0 1
    outer loop
      vertex 116.52709999680519 10.021600003540513 76.35000000000001
      vertex 117.48026250302792 10.374268750846383 76.35000000000001
      vertex 116.56673125177622 10.670487503707406 76.35000000000001
    endloop
  endfacet
  facet normal 0.9981400815902587 -0.06096209906976396 0
    outer loop
      vertex 116.52709999680519 10.021600003540513 76.35000000000001
      vertex 116.56673125177622 10.670487503707406 76.35000000000001
      vertex 116.56673125177622 10.670487503707406 77.35000000000001
    endloop
  endfacet
  facet normal 0.9981400815902587 -0.06096209906976396 0
    outer loop
      vertex 116.52709999680519 10.021600003540513 76.35000000000001
      vertex 116.56673125177622 10.670487503707406 77.35000000000001
      vertex 116.52709999680519 10.021600003540513 77.35000000000001
    endloop
  endfacet
  facet normal 0.9784403300345459 -0.2065297086665471 0
    outer loop
      vertex 116.56673125177622 10.670487503707406 76.35000000000001
      vertex 116.68562500178814 11.233750003576276 76.35000000000001
      vertex 116.68562500178814 11.233750003576276 77.35000000000001
    endloop
  endfacet
  facet normal 0.9784403300345459 -0.2065297086665471 0
    outer loop
      vertex 116.56673125177622 10.670487503707406 76.35000000000001
      vertex 116.68562500178814 11.233750003576276 77.35000000000001
      vertex 116.56673125177622 10.670487503707406 77.35000000000001
    endloop
  endfacet
  facet normal 0.9236658561342069 -0.3831988859741932 0
    outer loop
      vertex 116.68562500178814 11.233750003576276 76.35000000000001
      vertex 116.88378124684095 11.711387503147122 76.35000000000001
      vertex 116.88378124684095 11.711387503147122 77.35000000000001
    endloop
  endfacet
  facet normal 0.9236658561342069 -0.3831988859741932 0
    outer loop
      vertex 116.68562500178814 11.233750003576276 76.35000000000001
      vertex 116.88378124684095 11.711387503147122 77.35000000000001
      vertex 116.68562500178814 11.233750003576276 77.35000000000001
    endloop
  endfacet
  facet normal 0 0 1
    outer loop
      vertex 116.6508562490344 8.850999999046323 76.35000000000001
      vertex 117.52562499791384 9.285875003039834 76.35000000000001
      vertex 117.4734812527895 9.612218748033044 76.35000000000001
    endloop
  endfacet
  facet normal -0.9520388603810341 -0.30597713693082024 0
    outer loop
      vertex 117.61253125220537 9.01546874940395 76.35000000000001
      vertex 117.61253125220537 9.01546874940395 77.35000000000001
      vertex 117.52562499791384 9.285875003039834 76.35000000000001
    endloop
  endfacet
  facet normal -0.9874742453693771 -0.157780273583801 0
    outer loop
      vertex 117.52562499791384 9.285875003039834 76.35000000000001
      vertex 117.52562499791384 9.285875003039834 77.35000000000001
      vertex 117.4734812527895 9.612218748033044 76.35000000000001
    endloop
  endfacet
  facet normal -0.9520388603810341 -0.30597713693082024 0
    outer loop
      vertex 117.61253125220537 9.01546874940395 77.35000000000001
      vertex 117.52562499791384 9.285875003039834 77.35000000000001
      vertex 117.52562499791384 9.285875003039834 76.35000000000001
    endloop
  endfacet
  facet normal -0.9874742453693771 -0.157780273583801 0
    outer loop
      vertex 117.4734812527895 9.612218748033044 76.35000000000001
      vertex 117.52562499791384 9.285875003039834 77.35000000000001
      vertex 117.4734812527895 9.612218748033044 77.35000000000001
    endloop
  endfacet
  facet normal 0 0 1
    outer loop
      vertex 116.52709999680519 10.021600003540513 76.35000000000001
      vertex 117.4734812527895 9.612218748033044 76.35000000000001
      vertex 117.45610000193119 9.994499999284741 76.35000000000001
    endloop
  endfacet
  facet normal 0 0 1
    outer loop
      vertex 116.52709999680519 10.021600003540513 76.35000000000001
      vertex 117.45610000193119 9.994499999284741 76.35000000000001
      vertex 117.48026250302792 10.374268750846383 76.35000000000001
    endloop
  endfacet
  facet normal -0.9989679675618899 -0.04542025743285542 0
    outer loop
      vertex 117.4734812527895 9.612218748033044 76.35000000000001
      vertex 117.4734812527895 9.612218748033044 77.35000000000001
      vertex 117.45610000193119 9.994499999284741 76.35000000000001
    endloop
  endfacet
  facet normal -0.9979821018999567 0.06349586039533876 0
    outer loop
      vertex 117.45610000193119 9.994499999284741 76.35000000000001
      vertex 117.45610000193119 9.994499999284741 77.35000000000001
      vertex 117.48026250302792 10.374268750846383 76.35000000000001
    endloop
  endfacet
  facet normal -0.9989679675618899 -0.04542025743285542 0
    outer loop
      vertex 117.45610000193119 9.994499999284741 76.35000000000001
      vertex 117.4734812527895 9.612218748033044 77.35000000000001
      vertex 117.45610000193119 9.994499999284741 77.35000000000001
    endloop
  endfacet
  facet normal 0 0 1
    outer loop
      vertex 117.89396875351667 8.633149999380109 77.35000000000001
      vertex 119.5515000000596 9.919900003075597 77.35000000000001
      vertex 117.73420000076294 8.801000002026555 77.35000000000001
    endloop
  endfacet
  facet normal 0 0 1
    outer loop
      vertex 117.61253125220537 9.01546874940395 77.35000000000001
      vertex 117.73420000076294 8.801000002026555 77.35000000000001
      vertex 119.5515000000596 9.919900003075597 77.35000000000001
    endloop
  endfacet
  facet normal 0 0 1
    outer loop
      vertex 117.61253125220537 9.01546874940395 77.35000000000001
      vertex 119.5515000000596 9.919900003075597 77.35000000000001
      vertex 117.52562499791384 9.285875003039834 77.35000000000001
    endloop
  endfacet
  facet normal 0 0 1
    outer loop
      vertex 117.52562499791384 9.285875003039834 77.35000000000001
      vertex 119.5515000000596 9.919900003075597 77.35000000000001
      vertex 117.4734812527895 9.612218748033044 77.35000000000001
    endloop
  endfacet
  facet normal 0 0 1
    outer loop
      vertex 117.4734812527895 9.612218748033044 77.35000000000001
      vertex 119.5515000000596 9.919900003075597 77.35000000000001
      vertex 117.45610000193119 9.994499999284741 77.35000000000001
    endloop
  endfacet
  facet normal 0 0 1
    outer loop
      vertex 117.45610000193119 9.994499999284741 77.35000000000001
      vertex 119.5515000000596 9.919900003075597 77.35000000000001
      vertex 117.48026250302792 10.374268750846383 77.35000000000001
    endloop
  endfacet
  facet normal 0 0 1
    outer loop
      vertex 116.56673125177622 10.670487503707406 76.35000000000001
      vertex 117.48026250302792 10.374268750846383 76.35000000000001
      vertex 117.55274999886751 10.699774998426435 76.35000000000001
    endloop
  endfacet
  facet normal -0.976089948661835 0.21736699869422782 0
    outer loop
      vertex 117.48026250302792 10.374268750846383 76.35000000000001
      vertex 117.48026250302792 10.374268750846383 77.35000000000001
      vertex 117.55274999886751 10.699774998426435 76.35000000000001
    endloop
  endfacet
  facet normal -0.9979821018999567 0.06349586039533876 0
    outer loop
      vertex 117.48026250302792 10.374268750846383 76.35000000000001
      vertex 117.45610000193119 9.994499999284741 77.35000000000001
      vertex 117.48026250302792 10.374268750846383 77.35000000000001
    endloop
  endfacet
  facet normal -0.976089948661835 0.21736699869422782 0
    outer loop
      vertex 117.55274999886751 10.699774998426435 76.35000000000001
      vertex 117.48026250302792 10.374268750846383 77.35000000000001
      vertex 117.55274999886751 10.699774998426435 77.35000000000001
    endloop
  endfacet
  facet normal 0 0 1
    outer loop
      vertex 116.56673125177622 10.670487503707406 76.35000000000001
      vertex 117.55274999886751 10.699774998426435 76.35000000000001
      vertex 116.68562500178814 11.233750003576276 76.35000000000001
    endloop
  endfacet
  facet normal 0 0 1
    outer loop
      vertex 116.68562500178814 11.233750003576276 76.35000000000001
      vertex 117.55274999886751 10.699774998426435 76.35000000000001
      vertex 117.67356249690056 10.971018749475476 76.35000000000001
    endloop
  endfacet
  facet normal 0 0 1
    outer loop
      vertex 116.68562500178814 11.233750003576276 76.35000000000001
      vertex 117.67356249690056 10.971018749475476 76.35000000000001
      vertex 116.88378124684095 11.711387503147122 76.35000000000001
    endloop
  endfacet
  facet normal -0.913486634484495 0.406868736348949 0
    outer loop
      vertex 117.55274999886751 10.699774998426435 76.35000000000001
      vertex 117.55274999886751 10.699774998426435 77.35000000000001
      vertex 117.67356249690056 10.971018749475476 76.35000000000001
    endloop
  endfacet
  facet normal -0.7886924184908866 0.6147879870451245 0
    outer loop
      vertex 117.67356249690056 10.971018749475476 76.35000000000001
      vertex 117.67356249690056 10.971018749475476 77.35000000000001
      vertex 117.84269999712706 11.187999996542928 76.35000000000001
    endloop
  endfacet
  facet normal 0 0 1
    outer loop
      vertex 116.88378124684095 11.711387503147122 76.35000000000001
      vertex 117.67356249690056 10.971018749475476 76.35000000000001
      vertex 117.84269999712706 11.187999996542928 76.35000000000001
    endloop
  endfacet
  facet normal -0.913486634484495 0.406868736348949 0
    outer loop
      vertex 117.67356249690056 10.971018749475476 76.35000000000001
      vertex 117.55274999886751 10.699774998426435 77.35000000000001
      vertex 117.67356249690056 10.971018749475476 77.35000000000001
    endloop
  endfacet
  facet normal -0.7886924184908866 0.6147879870451245 0
    outer loop
      vertex 117.84269999712706 11.187999996542928 76.35000000000001
      vertex 117.67356249690056 10.971018749475476 77.35000000000001
      vertex 117.84269999712706 11.187999996542928 77.35000000000001
    endloop
  endfacet
  facet normal 0 0 1
    outer loop
      vertex 117.48026250302792 10.374268750846383 77.35000000000001
      vertex 119.5515000000596 9.919900003075597 77.35000000000001
      vertex 117.55274999886751 10.699774998426435 77.35000000000001
    endloop
  endfacet
  facet normal 0 0 1
    outer loop
      vertex 117.55274999886751 10.699774998426435 77.35000000000001
      vertex 119.5515000000596 9.919900003075597 77.35000000000001
      vertex 117.67356249690056 10.971018749475476 77.35000000000001
    endloop
  endfacet
  facet normal 0 0 1
    outer loop
      vertex 117.67356249690056 10.971018749475476 77.35000000000001
      vertex 119.5515000000596 9.919900003075597 77.35000000000001
      vertex 117.84269999712706 11.187999996542928 77.35000000000001
    endloop
  endfacet
  facet normal -0.5939989981125561 0.8044657794097145 0
    outer loop
      vertex 117.84269999712706 11.187999996542928 76.35000000000001
      vertex 117.84269999712706 11.187999996542928 77.35000000000001
      vertex 118.06773749738932 11.354162502288816 76.35000000000001
    endloop
  endfacet
  facet normal -0.5939989981125561 0.8044657794097145 0
    outer loop
      vertex 118.06773749738932 11.354162502288816 76.35000000000001
      vertex 117.84269999712706 11.187999996542928 77.35000000000001
      vertex 118.06773749738932 11.354162502288816 77.35000000000001
    endloop
  endfacet
  facet normal 0 0 1
    outer loop
      vertex 117.84269999712706 11.187999996542928 77.35000000000001
      vertex 119.5515000000596 9.919900003075597 77.35000000000001
      vertex 118.06773749738932 11.354162502288816 77.35000000000001
    endloop
  endfacet
  facet normal 0 0 1
    outer loop
      vertex 119.5515000000596 9.919900003075597 77.35000000000001
      vertex 118.35634999722242 11.472849997878072 77.35000000000001
      vertex 118.06773749738932 11.354162502288816 77.35000000000001
    endloop
  endfacet
  facet normal 0 0 1
    outer loop
      vertex 119.5515000000596 9.919900003075597 77.35000000000001
      vertex 118.70853749662638 11.544062498211858 77.35000000000001
      vertex 118.35634999722242 11.472849997878072 77.35000000000001
    endloop
  endfacet
  facet normal 0 0 1
    outer loop
      vertex 119.60745000094175 9.143231253325936 76.35000000000001
      vertex 120.45679999887943 9.47487499862909 76.35000000000001
      vertex 119.5515000000596 9.919900003075597 76.35000000000001
    endloop
  endfacet
  facet normal 0 0 1
    outer loop
      vertex 118.33811874687672 8.409350003302094 77.35000000000001
      vertex 119.60745000094175 9.143231253325936 77.35000000000001
      vertex 119.5515000000596 9.919900003075597 77.35000000000001
    endloop
  endfacet
  facet normal 0.9974152877288488 0.07185223590660135 0
    outer loop
      vertex 119.60745000094175 9.143231253325936 76.35000000000001
      vertex 119.5515000000596 9.919900003075597 77.35000000000001
      vertex 119.60745000094175 9.143231253325936 77.35000000000001
    endloop
  endfacet
  facet normal 0.9974152877288488 0.07185223590660135 0
    outer loop
      vertex 119.60745000094175 9.143231253325936 76.35000000000001
      vertex 119.5515000000596 9.919900003075597 76.35000000000001
      vertex 119.5515000000596 9.919900003075597 77.35000000000001
    endloop
  endfacet
  facet normal 0 0 1
    outer loop
      vertex 119.60745000094175 9.143231253325936 76.35000000000001
      vertex 120.51022499799728 9.174568752944467 76.35000000000001
      vertex 120.45679999887943 9.47487499862909 76.35000000000001
    endloop
  endfacet
  facet normal -0.9603192736201971 -0.278903016680668 0
    outer loop
      vertex 120.58229999989271 8.926400001347062 76.35000000000001
      vertex 120.51022499799728 9.174568752944467 77.35000000000001
      vertex 120.51022499799728 9.174568752944467 76.35000000000001
    endloop
  endfacet
  facet normal -0.9845414709026897 -0.17515162594954103 0
    outer loop
      vertex 120.51022499799728 9.174568752944467 76.35000000000001
      vertex 120.45679999887943 9.47487499862909 77.35000000000001
      vertex 120.45679999887943 9.47487499862909 76.35000000000001
    endloop
  endfacet
  facet normal -0.9845414709026897 -0.17515162594954103 0
    outer loop
      vertex 120.51022499799728 9.174568752944467 76.35000000000001
      vertex 120.51022499799728 9.174568752944467 77.35000000000001
      vertex 120.45679999887943 9.47487499862909 77.35000000000001
    endloop
  endfacet
  facet normal -0.9951675475906667 -0.09819140605153828 0
    outer loop
      vertex 120.45679999887943 9.47487499862909 76.35000000000001
      vertex 120.45679999887943 9.47487499862909 77.35000000000001
      vertex 120.42202500253916 9.827318753302094 77.35000000000001
    endloop
  endfacet
  facet normal 0 0 1
    outer loop
      vertex 119.5515000000596 9.919900003075597 76.35000000000001
      vertex 120.45679999887943 9.47487499862909 76.35000000000001
      vertex 120.42202500253916 9.827318753302094 76.35000000000001
    endloop
  endfacet
  facet normal 0 0 1
    outer loop
      vertex 119.5515000000596 9.919900003075597 76.35000000000001
      vertex 120.42202500253916 9.827318753302094 76.35000000000001
      vertex 120.40590000152588 10.231900002062318 76.35000000000001
    endloop
  endfacet
  facet normal -0.999206693573879 -0.03982440856002915 0
    outer loop
      vertex 120.42202500253916 9.827318753302094 76.35000000000001
      vertex 120.40590000152588 10.231900002062318 77.35000000000001
      vertex 120.40590000152588 10.231900002062318 76.35000000000001
    endloop
  endfacet
  facet normal -0.9951675475906667 -0.09819140605153828 0
    outer loop
      vertex 120.45679999887943 9.47487499862909 76.35000000000001
      vertex 120.42202500253916 9.827318753302094 77.35000000000001
      vertex 120.42202500253916 9.827318753302094 76.35000000000001
    endloop
  endfacet
  facet normal -0.999206693573879 -0.03982440856002915 0
    outer loop
      vertex 120.42202500253916 9.827318753302094 76.35000000000001
      vertex 120.42202500253916 9.827318753302094 77.35000000000001
      vertex 120.40590000152588 10.231900002062318 77.35000000000001
    endloop
  endfacet
  facet normal 0 0 1
    outer loop
      vertex 119.5515000000596 9.919900003075597 76.35000000000001
      vertex 120.40590000152588 10.231900002062318 76.35000000000001
      vertex 119.52440000325441 11.567800003290174 76.35000000000001
    endloop
  endfacet
  facet normal 0.9998648056015037 0.016442947408153066 0
    outer loop
      vertex 119.5515000000596 9.919900003075597 76.35000000000001
      vertex 119.52440000325441 11.567800003290174 77.35000000000001
      vertex 119.5515000000596 9.919900003075597 77.35000000000001
    endloop
  endfacet
  facet normal 0.9998648056015037 0.016442947408153066 0
    outer loop
      vertex 119.5515000000596 9.919900003075597 76.35000000000001
      vertex 119.52440000325441 11.567800003290174 76.35000000000001
      vertex 119.52440000325441 11.567800003290174 77.35000000000001
    endloop
  endfacet
  facet normal 0 0 1
    outer loop
      vertex 119.5515000000596 9.919900003075597 77.35000000000001
      vertex 119.12430000305176 11.567800003290174 77.35000000000001
      vertex 118.70853749662638 11.544062498211858 77.35000000000001
    endloop
  endfacet
  facet normal 0 0 1
    outer loop
      vertex 119.5515000000596 9.919900003075597 77.35000000000001
      vertex 119.52440000325441 11.567800003290174 77.35000000000001
      vertex 119.12430000305176 11.567800003290174 77.35000000000001
    endloop
  endfacet
  facet normal -0.9997943035451974 -0.02028177996561718 0
    outer loop
      vertex 120.40590000152588 10.231900002062318 76.35000000000001
      vertex 120.40590000152588 10.231900002062318 77.35000000000001
      vertex 120.37879999727011 11.567800003290174 77.35000000000001
    endloop
  endfacet
  facet normal 0 0 1
    outer loop
      vertex 120.40590000152588 10.231900002062318 76.35000000000001
      vertex 120.37879999727011 11.567800003290174 76.35000000000001
      vertex 119.52440000325441 11.567800003290174 76.35000000000001
    endloop
  endfacet
  facet normal -0.9997943035451974 -0.02028177996561718 0
    outer loop
      vertex 120.40590000152588 10.231900002062318 76.35000000000001
      vertex 120.37879999727011 11.567800003290174 77.35000000000001
      vertex 120.37879999727011 11.567800003290174 76.35000000000001
    endloop
  endfacet
  facet normal 0 0 1
    outer loop
      vertex 120.40590000152588 10.231900002062318 77.35000000000001
      vertex 120.9822999984026 11.567800003290174 77.35000000000001
      vertex 120.37879999727011 11.567800003290174 77.35000000000001
    endloop
  endfacet
  facet normal 0 0 1
    outer loop
      vertex 120.40590000152588 10.231900002062318 77.35000000000001
      vertex 121.26183749735355 11.548937502503392 77.35000000000001
      vertex 120.9822999984026 11.567800003290174 77.35000000000001
    endloop
  endfacet
  facet normal 0 0 1
    outer loop
      vertex 116.88378124684095 11.711387503147122 76.35000000000001
      vertex 117.84269999712706 11.187999996542928 76.35000000000001
      vertex 117.16120000183582 12.103400002419946 76.35000000000001
    endloop
  endfacet
  facet normal 0 0 1
    outer loop
      vertex 117.84269999712706 11.187999996542928 76.35000000000001
      vertex 118.06773749738932 11.354162502288816 76.35000000000001
      vertex 117.16120000183582 12.103400002419946 76.35000000000001
    endloop
  endfacet
  facet normal 0.8162765876240959 -0.5776612610317241 0
    outer loop
      vertex 116.88378124684095 11.711387503147122 76.35000000000001
      vertex 117.16120000183582 12.103400002419946 77.35000000000001
      vertex 116.88378124684095 11.711387503147122 77.35000000000001
    endloop
  endfacet
  facet normal 0.8162765876240959 -0.5776612610317241 0
    outer loop
      vertex 116.88378124684095 11.711387503147122 76.35000000000001
      vertex 117.16120000183582 12.103400002419946 76.35000000000001
      vertex 117.16120000183582 12.103400002419946 77.35000000000001
    endloop
  endfacet
  facet normal 0.6551646542546258 -0.7554861188767247 0
    outer loop
      vertex 117.16120000183582 12.103400002419946 76.35000000000001
      vertex 117.51358749717474 12.408993746340272 76.35000000000001
      vertex 117.51358749717474 12.408993746340272 77.35000000000001
    endloop
  endfacet
  facet normal 0 0 1
    outer loop
      vertex 117.16120000183582 12.103400002419946 76.35000000000001
      vertex 118.06773749738932 11.354162502288816 76.35000000000001
      vertex 117.51358749717474 12.408993746340272 76.35000000000001
    endloop
  endfacet
  facet normal 0 0 1
    outer loop
      vertex 117.51358749717474 12.408993746340272 76.35000000000001
      vertex 118.06773749738932 11.354162502288816 76.35000000000001
      vertex 117.93675000220537 12.627275000512597 76.35000000000001
    endloop
  endfacet
  facet normal 0.6551646542546258 -0.7554861188767247 0
    outer loop
      vertex 117.16120000183582 12.103400002419946 76.35000000000001
      vertex 117.51358749717474 12.408993746340272 77.35000000000001
      vertex 117.16120000183582 12.103400002419946 77.35000000000001
    endloop
  endfacet
  facet normal 0.45843527306764625 -0.8887277988267233 0
    outer loop
      vertex 117.51358749717474 12.408993746340272 76.35000000000001
      vertex 117.93675000220537 12.627275000512597 77.35000000000001
      vertex 117.51358749717474 12.408993746340272 77.35000000000001
    endloop
  endfacet
  facet normal -0.3803307079723239 0.9248505568865009 0
    outer loop
      vertex 118.06773749738932 11.354162502288816 76.35000000000001
      vertex 118.06773749738932 11.354162502288816 77.35000000000001
      vertex 118.35634999722242 11.472849997878072 76.35000000000001
    endloop
  endfacet
  facet normal 0 0 1
    outer loop
      vertex 118.06773749738932 11.354162502288816 76.35000000000001
      vertex 118.35634999722242 11.472849997878072 76.35000000000001
      vertex 117.93675000220537 12.627275000512597 76.35000000000001
    endloop
  endfacet
  facet normal -0.19818962268027937 0.9801636972780866 0
    outer loop
      vertex 118.35634999722242 11.472849997878072 76.35000000000001
      vertex 118.35634999722242 11.472849997878072 77.35000000000001
      vertex 118.70853749662638 11.544062498211858 76.35000000000001
    endloop
  endfacet
  facet normal -0.05700107706380653 0.9983741168587886 0
    outer loop
      vertex 118.70853749662638 11.544062498211858 76.35000000000001
      vertex 118.70853749662638 11.544062498211858 77.35000000000001
      vertex 119.12430000305176 11.567800003290174 76.35000000000001
    endloop
  endfacet
  facet normal -0.3803307079723239 0.9248505568865009 0
    outer loop
      vertex 118.35634999722242 11.472849997878072 76.35000000000001
      vertex 118.06773749738932 11.354162502288816 77.35000000000001
      vertex 118.35634999722242 11.472849997878072 77.35000000000001
    endloop
  endfacet
  facet normal -0.19818962268027937 0.9801636972780866 0
    outer loop
      vertex 118.70853749662638 11.544062498211858 76.35000000000001
      vertex 118.35634999722242 11.472849997878072 77.35000000000001
      vertex 118.70853749662638 11.544062498211858 77.35000000000001
    endloop
  endfacet
  facet normal 0 0 1
    outer loop
      vertex 118.35634999722242 11.472849997878072 76.35000000000001
      vertex 118.43068750202656 12.75824375003576 76.35000000000001
      vertex 117.93675000220537 12.627275000512597 76.35000000000001
    endloop
  endfacet
  facet normal 0 0 1
    outer loop
      vertex 118.35634999722242 11.472849997878072 76.35000000000001
      vertex 118.70853749662638 11.544062498211858 76.35000000000001
      vertex 118.43068750202656 12.75824375003576 76.35000000000001
    endloop
  endfacet
  facet normal 0 0 1
    outer loop
      vertex 118.70853749662638 11.544062498211858 76.35000000000001
      vertex 118.9953999966383 12.801900002360341 76.35000000000001
      vertex 118.43068750202656 12.75824375003576 76.35000000000001
    endloop
  endfacet
  facet normal 0.45843527306764625 -0.8887277988267233 0
    outer loop
      vertex 117.51358749717474 12.408993746340272 76.35000000000001
      vertex 117.93675000220537 12.627275000512597 76.35000000000001
      vertex 117.93675000220537 12.627275000512597 77.35000000000001
    endloop
  endfacet
  facet normal 0.2562959452770492 -0.9665983594205733 0
    outer loop
      vertex 117.93675000220537 12.627275000512597 76.35000000000001
      vertex 118.43068750202656 12.75824375003576 76.35000000000001
      vertex 118.43068750202656 12.75824375003576 77.35000000000001
    endloop
  endfacet
  facet normal 0.07707706385648973 -0.9970251382123033 0
    outer loop
      vertex 118.43068750202656 12.75824375003576 76.35000000000001
      vertex 118.9953999966383 12.801900002360341 76.35000000000001
      vertex 118.9953999966383 12.801900002360341 77.35000000000001
    endloop
  endfacet
  facet normal 0.2562959452770492 -0.9665983594205733 0
    outer loop
      vertex 117.93675000220537 12.627275000512597 76.35000000000001
      vertex 118.43068750202656 12.75824375003576 77.35000000000001
      vertex 117.93675000220537 12.627275000512597 77.35000000000001
    endloop
  endfacet
  facet normal 0.07707706385648973 -0.9970251382123033 0
    outer loop
      vertex 118.43068750202656 12.75824375003576 76.35000000000001
      vertex 118.9953999966383 12.801900002360341 77.35000000000001
      vertex 118.43068750202656 12.75824375003576 77.35000000000001
    endloop
  endfacet
  facet normal 0 1 0
    outer loop
      vertex 119.12430000305176 11.567800003290174 76.35000000000001
      vertex 119.12430000305176 11.567800003290174 77.35000000000001
      vertex 119.52440000325441 11.567800003290174 76.35000000000001
    endloop
  endfacet
  facet normal -0.05700107706380653 0.9983741168587886 0
    outer loop
      vertex 119.12430000305176 11.567800003290174 76.35000000000001
      vertex 118.70853749662638 11.544062498211858 77.35000000000001
      vertex 119.12430000305176 11.567800003290174 77.35000000000001
    endloop
  endfacet
  facet normal 0 1 0
    outer loop
      vertex 119.52440000325441 11.567800003290174 76.35000000000001
      vertex 119.12430000305176 11.567800003290174 77.35000000000001
      vertex 119.52440000325441 11.567800003290174 77.35000000000001
    endloop
  endfacet
  facet normal 0 0 1
    outer loop
      vertex 118.70853749662638 11.544062498211858 76.35000000000001
      vertex 119.12430000305176 11.567800003290174 76.35000000000001
      vertex 118.9953999966383 12.801900002360341 76.35000000000001
    endloop
  endfacet
  facet normal 0 0 1
    outer loop
      vertex 119.12430000305176 11.567800003290174 76.35000000000001
      vertex 119.52440000325441 11.567800003290174 76.35000000000001
      vertex 118.9953999966383 12.801900002360341 76.35000000000001
    endloop
  endfacet
  facet normal 0 0 1
    outer loop
      vertex 119.52440000325441 11.567800003290174 76.35000000000001
      vertex 120.37879999727011 11.567800003290174 76.35000000000001
      vertex 118.9953999966383 12.801900002360341 76.35000000000001
    endloop
  endfacet
  facet normal 0 1 0
    outer loop
      vertex 120.37879999727011 11.567800003290174 76.35000000000001
      vertex 120.9822999984026 11.567800003290174 77.35000000000001
      vertex 120.9822999984026 11.567800003290174 76.35000000000001
    endloop
  endfacet
  facet normal 0 1 0
    outer loop
      vertex 120.37879999727011 11.567800003290174 76.35000000000001
      vertex 120.37879999727011 11.567800003290174 77.35000000000001
      vertex 120.9822999984026 11.567800003290174 77.35000000000001
    endloop
  endfacet
  facet normal 0 0 1
    outer loop
      vertex 120.37879999727011 11.567800003290174 76.35000000000001
      vertex 120.9822999984026 11.567800003290174 76.35000000000001
      vertex 118.9953999966383 12.801900002360341 76.35000000000001
    endloop
  endfacet
  facet normal 0 0 1
    outer loop
      vertex 118.9953999966383 12.801900002360341 76.35000000000001
      vertex 120.9822999984026 11.567800003290174 76.35000000000001
      vertex 122.15550000220537 12.801900002360341 76.35000000000001
    endloop
  endfacet
  facet normal 0 -1 0
    outer loop
      vertex 118.9953999966383 12.801900002360341 76.35000000000001
      vertex 122.15550000220537 12.801900002360341 77.35000000000001
      vertex 118.9953999966383 12.801900002360341 77.35000000000001
    endloop
  endfacet
  facet normal 0.9799812309268021 0.19908989685865494 0
    outer loop
      vertex 116.7669812515378 15.988731253147122 76.35000000000001
      vertex 116.52709999680519 17.16949999630451 77.35000000000001
      vertex 116.7669812515378 15.988731253147122 77.35000000000001
    endloop
  endfacet
  facet normal 0.9799812309268021 0.19908989685865494 0
    outer loop
      vertex 116.7669812515378 15.988731253147122 76.35000000000001
      vertex 116.52709999680519 17.16949999630451 76.35000000000001
      vertex 116.52709999680519 17.16949999630451 77.35000000000001
    endloop
  endfacet
  facet normal 0 0 1
    outer loop
      vertex 116.7669812515378 15.988731253147122 77.35000000000001
      vertex 116.52709999680519 17.16949999630451 77.35000000000001
      vertex 113.93659999966621 19.454799997806546 77.35000000000001
    endloop
  endfacet
  facet normal 0 0 1
    outer loop
      vertex 116.52709999680519 17.16949999630451 77.35000000000001
      vertex 116.54617500305176 17.569168749451634 77.35000000000001
      vertex 113.93659999966621 19.454799997806546 77.35000000000001
    endloop
  endfacet
  facet normal 0 0 1
    outer loop
      vertex 116.52709999680519 17.16949999630451 76.35000000000001
      vertex 117.42899999767542 17.49500000029802 76.35000000000001
      vertex 116.54617500305176 17.569168749451634 76.35000000000001
    endloop
  endfacet
  facet normal 0.9988630069385471 -0.047672773882834384 0
    outer loop
      vertex 116.52709999680519 17.16949999630451 76.35000000000001
      vertex 116.54617500305176 17.569168749451634 76.35000000000001
      vertex 116.54617500305176 17.569168749451634 77.35000000000001
    endloop
  endfacet
  facet normal 0.9988630069385471 -0.047672773882834384 0
    outer loop
      vertex 116.52709999680519 17.16949999630451 76.35000000000001
      vertex 116.54617500305176 17.569168749451634 77.35000000000001
      vertex 116.52709999680519 17.16949999630451 77.35000000000001
    endloop
  endfacet
  facet normal 0 0 1
    outer loop
      vertex 116.54617500305176 17.569168749451634 76.35000000000001
      vertex 117.42899999767542 17.49500000029802 76.35000000000001
      vertex 116.60339999943972 17.934075000882146 76.35000000000001
    endloop
  endfacet
  facet normal 0.9879258256674346 -0.15492760560764354 0
    outer loop
      vertex 116.54617500305176 17.569168749451634 76.35000000000001
      vertex 116.60339999943972 17.934075000882146 76.35000000000001
      vertex 116.60339999943972 17.934075000882146 77.35000000000001
    endloop
  endfacet
  facet normal 0.9607140739019712 -0.27754002991762783 0
    outer loop
      vertex 116.60339999943972 17.934075000882146 76.35000000000001
      vertex 116.69877500087023 18.264218750596044 76.35000000000001
      vertex 116.69877500087023 18.264218750596044 77.35000000000001
    endloop
  endfacet
  facet normal 0.9879258256674346 -0.15492760560764354 0
    outer loop
      vertex 116.54617500305176 17.569168749451634 76.35000000000001
      vertex 116.60339999943972 17.934075000882146 77.35000000000001
      vertex 116.54617500305176 17.569168749451634 77.35000000000001
    endloop
  endfacet
  facet normal 0.9607140739019712 -0.27754002991762783 0
    outer loop
      vertex 116.60339999943972 17.934075000882146 76.35000000000001
      vertex 116.69877500087023 18.264218750596044 77.35000000000001
      vertex 116.60339999943972 17.934075000882146 77.35000000000001
    endloop
  endfacet
  facet normal 0.3887293512354202 0.9213519910914012 0
    outer loop
      vertex 118.68603125214577 14.639281253516671 76.35000000000001
      vertex 117.48662500083447 15.145325000584123 76.35000000000001
      vertex 117.48662500083447 15.145325000584123 77.35000000000001
    endloop
  endfacet
  facet normal 0 0 1
    outer loop
      vertex 116.7669812515378 15.988731253147122 76.35000000000001
      vertex 117.48662500083447 15.145325000584123 76.35000000000001
      vertex 117.81234374642372 16.39964375197887 76.35000000000001
    endloop
  endfacet
  facet normal 0.7607146667546952 0.6490864316747756 0
    outer loop
      vertex 116.7669812515378 15.988731253147122 76.35000000000001
      vertex 116.7669812515378 15.988731253147122 77.35000000000001
      vertex 117.48662500083447 15.145325000584123 76.35000000000001
    endloop
  endfacet
  facet normal 0.7607146667546952 0.6490864316747756 0
    outer loop
      vertex 117.48662500083447 15.145325000584123 76.35000000000001
      vertex 116.7669812515378 15.988731253147122 77.35000000000001
      vertex 117.48662500083447 15.145325000584123 77.35000000000001
    endloop
  endfacet
  facet normal 0 0 1
    outer loop
      vertex 118.68603125214577 14.639281253516671 76.35000000000001
      vertex 118.50444374978542 15.982993747293946 76.35000000000001
      vertex 117.48662500083447 15.145325000584123 76.35000000000001
    endloop
  endfacet
  facet normal 0.3887293512354202 0.9213519910914012 0
    outer loop
      vertex 118.68603125214577 14.639281253516671 76.35000000000001
      vertex 117.48662500083447 15.145325000584123 77.35000000000001
      vertex 118.68603125214577 14.639281253516671 77.35000000000001
    endloop
  endfacet
  facet normal 0 0 1
    outer loop
      vertex 117.48662500083447 15.145325000584123 76.35000000000001
      vertex 118.50444374978542 15.982993747293946 76.35000000000001
      vertex 118.11050000041723 16.162499997019765 76.35000000000001
    endloop
  endfacet
  facet normal 0 0 1
    outer loop
      vertex 118.68603125214577 14.639281253516671 76.35000000000001
      vertex 119.00477500259876 15.854774999618527 76.35000000000001
      vertex 118.50444374978542 15.982993747293946 76.35000000000001
    endloop
  endfacet
  facet normal 0.09995215926412332 0.9949922441197415 0
    outer loop
      vertex 118.68603125214577 14.639281253516671 76.35000000000001
      vertex 118.68603125214577 14.639281253516671 77.35000000000001
      vertex 120.36519999802113 14.470599997043607 76.35000000000001
    endloop
  endfacet
  facet normal 0.09995215926412332 0.9949922441197415 0
    outer loop
      vertex 120.36519999802113 14.470599997043607 76.35000000000001
      vertex 118.68603125214577 14.639281253516671 77.35000000000001
      vertex 120.36519999802113 14.470599997043607 77.35000000000001
    endloop
  endfacet
  facet normal -0.0459471763727702 0.9989438707872277 0
    outer loop
      vertex 120.36519999802113 14.470599997043607 76.35000000000001
      vertex 120.36519999802113 14.470599997043607 77.35000000000001
      vertex 121.2544125020504 14.511499996483323 76.35000000000001
    endloop
  endfacet
  facet normal 0 0 1
    outer loop
      vertex 118.68603125214577 14.639281253516671 76.35000000000001
      vertex 120.36519999802113 14.470599997043607 76.35000000000001
      vertex 119.61149375140667 15.777843746542928 76.35000000000001
    endloop
  endfacet
  facet normal 0 0 1
    outer loop
      vertex 118.68603125214577 14.639281253516671 76.35000000000001
      vertex 119.61149375140667 15.777843746542928 76.35000000000001
      vertex 119.00477500259876 15.854774999618527 76.35000000000001
    endloop
  endfacet
  facet normal -0.12579166814964576 -0.9920566799453192 0
    outer loop
      vertex 119.00477500259876 15.854774999618527 76.35000000000001
      vertex 119.61149375140667 15.777843746542928 76.35000000000001
      vertex 119.00477500259876 15.854774999618527 77.35000000000001
    endloop
  endfacet
  facet normal -0.035937391862367156 -0.9993540433030382 0
    outer loop
      vertex 119.61149375140667 15.777843746542928 76.35000000000001
      vertex 120.32460000365973 15.752200002968308 76.35000000000001
      vertex 119.61149375140667 15.777843746542928 77.35000000000001
    endloop
  endfacet
  facet normal -0.12579166814964576 -0.9920566799453192 0
    outer loop
      vertex 119.61149375140667 15.777843746542928 76.35000000000001
      vertex 119.61149375140667 15.777843746542928 77.35000000000001
      vertex 119.00477500259876 15.854774999618527 77.35000000000001
    endloop
  endfacet
  facet normal 0 0 1
    outer loop
      vertex 120.36519999802113 14.470599997043607 76.35000000000001
      vertex 121.2544125020504 14.511499996483323 76.35000000000001
      vertex 121.03958124667406 15.777631248533723 76.35000000000001
    endloop
  endfacet
  facet normal 0 0 1
    outer loop
      vertex 120.36519999802113 14.470599997043607 76.35000000000001
      vertex 120.32460000365973 15.752200002968308 76.35000000000001
      vertex 119.61149375140667 15.777843746542928 76.35000000000001
    endloop
  endfacet
  facet normal 0 0 1
    outer loop
      vertex 120.36519999802113 14.470599997043607 76.35000000000001
      vertex 121.03958124667406 15.777631248533723 76.35000000000001
      vertex 120.32460000365973 15.752200002968308 76.35000000000001
    endloop
  endfacet
  facet normal 0.035546629713875795 -0.9993680188579103 0
    outer loop
      vertex 120.32460000365973 15.752200002968308 76.35000000000001
      vertex 121.03958124667406 15.777631248533723 76.35000000000001
      vertex 120.32460000365973 15.752200002968308 77.35000000000001
    endloop
  endfacet
  facet normal -0.035937391862367156 -0.9993540433030382 0
    outer loop
      vertex 120.32460000365973 15.752200002968308 76.35000000000001
      vertex 120.32460000365973 15.752200002968308 77.35000000000001
      vertex 119.61149375140667 15.777843746542928 77.35000000000001
    endloop
  endfacet
  facet normal 0.035546629713875795 -0.9993680188579103 0
    outer loop
      vertex 121.03958124667406 15.777631248533723 76.35000000000001
      vertex 121.03958124667406 15.777631248533723 77.35000000000001
      vertex 120.32460000365973 15.752200002968308 77.35000000000001
    endloop
  endfacet
  facet normal 0 0 1
    outer loop
      vertex 116.7669812515378 15.988731253147122 76.35000000000001
      vertex 117.81234374642372 16.39964375197887 76.35000000000001
      vertex 117.59937500208616 16.700775000452992 76.35000000000001
    endloop
  endfacet
  facet normal 0 0 1
    outer loop
      vertex 117.48662500083447 15.145325000584123 76.35000000000001
      vertex 118.11050000041723 16.162499997019765 76.35000000000001
      vertex 117.81234374642372 16.39964375197887 76.35000000000001
    endloop
  endfacet
  facet normal -0.6224817776200547 -0.7826342929689297 0
    outer loop
      vertex 117.81234374642372 16.39964375197887 76.35000000000001
      vertex 118.11050000041723 16.162499997019765 76.35000000000001
      vertex 117.81234374642372 16.39964375197887 77.35000000000001
    endloop
  endfacet
  facet normal 0 0 1
    outer loop
      vertex 117.81234374642372 16.39964375197887 77.35000000000001
      vertex 118.11050000041723 16.162499997019765 77.35000000000001
      vertex 117.59937500208616 16.700775000452992 77.35000000000001
    endloop
  endfacet
  facet normal 0 0 1
    outer loop
      vertex 116.7669812515378 15.988731253147122 76.35000000000001
      vertex 117.4715937525034 17.06589374989271 76.35000000000001
      vertex 116.52709999680519 17.16949999630451 76.35000000000001
    endloop
  endfacet
  facet normal 0 0 1
    outer loop
      vertex 116.7669812515378 15.988731253147122 76.35000000000001
      vertex 117.59937500208616 16.700775000452992 76.35000000000001
      vertex 117.4715937525034 17.06589374989271 76.35000000000001
    endloop
  endfacet
  facet normal -0.816449548329982 -0.5774167775807769 0
    outer loop
      vertex 117.81234374642372 16.39964375197887 76.35000000000001
      vertex 117.59937500208616 16.700775000452992 77.35000000000001
      vertex 117.59937500208616 16.700775000452992 76.35000000000001
    endloop
  endfacet
  facet normal -0.9438666685638625 -0.33032667463309084 0
    outer loop
      vertex 117.59937500208616 16.700775000452992 76.35000000000001
      vertex 117.4715937525034 17.06589374989271 77.35000000000001
      vertex 117.4715937525034 17.06589374989271 76.35000000000001
    endloop
  endfacet
  facet normal -0.816449548329982 -0.5774167775807769 0
    outer loop
      vertex 117.81234374642372 16.39964375197887 76.35000000000001
      vertex 117.81234374642372 16.39964375197887 77.35000000000001
      vertex 117.59937500208616 16.700775000452992 77.35000000000001
    endloop
  endfacet
  facet normal 0 0 1
    outer loop
      vertex 117.59937500208616 16.700775000452992 77.35000000000001
      vertex 118.11050000041723 16.162499997019765 77.35000000000001
      vertex 117.4715937525034 17.06589374989271 77.35000000000001
    endloop
  endfacet
  facet normal -0.9438666685638625 -0.33032667463309084 0
    outer loop
      vertex 117.59937500208616 16.700775000452992 76.35000000000001
      vertex 117.59937500208616 16.700775000452992 77.35000000000001
      vertex 117.4715937525034 17.06589374989271 77.35000000000001
    endloop
  endfacet
  facet normal 0 0 1
    outer loop
      vertex 118.50444374978542 15.982993747293946 77.35000000000001
      vertex 117.42899999767542 17.49500000029802 77.35000000000001
      vertex 117.4715937525034 17.06589374989271 77.35000000000001
    endloop
  endfacet
  facet normal -0.41464684013310144 -0.9099824162958503 0
    outer loop
      vertex 118.11050000041723 16.162499997019765 76.35000000000001
      vertex 118.50444374978542 15.982993747293946 76.35000000000001
      vertex 118.11050000041723 16.162499997019765 77.35000000000001
    endloop
  endfacet
  facet normal -0.24824578816888504 -0.9686970778609839 0
    outer loop
      vertex 119.00477500259876 15.854774999618527 76.35000000000001
      vertex 118.50444374978542 15.982993747293946 77.35000000000001
      vertex 118.50444374978542 15.982993747293946 76.35000000000001
    endloop
  endfacet
  facet normal -0.41464684013310144 -0.9099824162958503 0
    outer loop
      vertex 118.50444374978542 15.982993747293946 76.35000000000001
      vertex 118.50444374978542 15.982993747293946 77.35000000000001
      vertex 118.11050000041723 16.162499997019765 77.35000000000001
    endloop
  endfacet
  facet normal -0.6224817776200547 -0.7826342929689297 0
    outer loop
      vertex 118.11050000041723 16.162499997019765 76.35000000000001
      vertex 118.11050000041723 16.162499997019765 77.35000000000001
      vertex 117.81234374642372 16.39964375197887 77.35000000000001
    endloop
  endfacet
  facet normal 0 0 1
    outer loop
      vertex 118.11050000041723 16.162499997019765 77.35000000000001
      vertex 118.50444374978542 15.982993747293946 77.35000000000001
      vertex 117.4715937525034 17.06589374989271 77.35000000000001
    endloop
  endfacet
  facet normal -0.24824578816888504 -0.9686970778609839 0
    outer loop
      vertex 119.00477500259876 15.854774999618527 76.35000000000001
      vertex 119.00477500259876 15.854774999618527 77.35000000000001
      vertex 118.50444374978542 15.982993747293946 77.35000000000001
    endloop
  endfacet
  facet normal 0 0 1
    outer loop
      vertex 119.00477500259876 15.854774999618527 77.35000000000001
      vertex 117.47138124704361 17.97224375158548 77.35000000000001
      vertex 118.50444374978542 15.982993747293946 77.35000000000001
    endloop
  endfacet
  facet normal 0 0 1
    outer loop
      vertex 116.52709999680519 17.16949999630451 76.35000000000001
      vertex 117.4715937525034 17.06589374989271 76.35000000000001
      vertex 117.42899999767542 17.49500000029802 76.35000000000001
    endloop
  endfacet
  facet normal -0.9951096797753063 -0.09877613688278886 0
    outer loop
      vertex 117.4715937525034 17.06589374989271 76.35000000000001
      vertex 117.42899999767542 17.49500000029802 77.35000000000001
      vertex 117.42899999767542 17.49500000029802 76.35000000000001
    endloop
  endfacet
  facet normal -0.9951096797753063 -0.09877613688278886 0
    outer loop
      vertex 117.4715937525034 17.06589374989271 76.35000000000001
      vertex 117.4715937525034 17.06589374989271 77.35000000000001
      vertex 117.42899999767542 17.49500000029802 77.35000000000001
    endloop
  endfacet
  facet normal 0 0 1
    outer loop
      vertex 118.50444374978542 15.982993747293946 77.35000000000001
      vertex 117.47138124704361 17.97224375158548 77.35000000000001
      vertex 117.42899999767542 17.49500000029802 77.35000000000001
    endloop
  endfacet
  facet normal 0 0 1
    outer loop
      vertex 116.60339999943972 17.934075000882146 76.35000000000001
      vertex 117.42899999767542 17.49500000029802 76.35000000000001
      vertex 117.47138124704361 17.97224375158548 76.35000000000001
    endloop
  endfacet
  facet normal 0 0 1
    outer loop
      vertex 116.60339999943972 17.934075000882146 76.35000000000001
      vertex 117.47138124704361 17.97224375158548 76.35000000000001
      vertex 116.69877500087023 18.264218750596044 76.35000000000001
    endloop
  endfacet
  facet normal -0.9960800768179747 0.08845609400317025 0
    outer loop
      vertex 117.42899999767542 17.49500000029802 76.35000000000001
      vertex 117.47138124704361 17.97224375158548 77.35000000000001
      vertex 117.47138124704361 17.97224375158548 76.35000000000001
    endloop
  endfacet
  facet normal -0.9960800768179747 0.08845609400317025 0
    outer loop
      vertex 117.42899999767542 17.49500000029802 76.35000000000001
      vertex 117.42899999767542 17.49500000029802 77.35000000000001
      vertex 117.47138124704361 17.97224375158548 77.35000000000001
    endloop
  endfacet
  facet normal -0.9546612872571939 0.2976941830342634 0
    outer loop
      vertex 117.47138124704361 17.97224375158548 76.35000000000001
      vertex 117.47138124704361 17.97224375158548 77.35000000000001
      vertex 117.59852500259876 18.379975001513955 77.35000000000001
    endloop
  endfacet
  facet normal 0 0 1
    outer loop
      vertex 119.00477500259876 15.854774999618527 77.35000000000001
      vertex 117.59852500259876 18.379975001513955 77.35000000000001
      vertex 117.47138124704361 17.97224375158548 77.35000000000001
    endloop
  endfacet
  facet normal 0 0 1
    outer loop
      vertex 119.00477500259876 15.854774999618527 77.35000000000001
      vertex 117.81043124943972 18.718193750083444 77.35000000000001
      vertex 117.59852500259876 18.379975001513955 77.35000000000001
    endloop
  endfacet
  facet normal 0 0 1
    outer loop
      vertex 119.00477500259876 15.854774999618527 77.35000000000001
      vertex 118.10710000246763 18.986899997293946 77.35000000000001
      vertex 117.81043124943972 18.718193750083444 77.35000000000001
    endloop
  endfacet
  facet normal 0 0 1
    outer loop
      vertex 119.00477500259876 15.854774999618527 77.35000000000001
      vertex 118.49489375203848 19.191606248915193 77.35000000000001
      vertex 118.10710000246763 18.986899997293946 77.35000000000001
    endloop
  endfacet
  facet normal 0 0 1
    outer loop
      vertex 119.00477500259876 15.854774999618527 77.35000000000001
      vertex 118.98017500340939 19.33782500326633 77.35000000000001
      vertex 118.49489375203848 19.191606248915193 77.35000000000001
    endloop
  endfacet
  facet normal 0 0 1
    outer loop
      vertex 119.00477500259876 15.854774999618527 77.35000000000001
      vertex 119.61149375140667 15.777843746542928 77.35000000000001
      vertex 118.98017500340939 19.33782500326633 77.35000000000001
    endloop
  endfacet
  facet normal 0 0 1
    outer loop
      vertex 119.61149375140667 15.777843746542928 77.35000000000001
      vertex 120.32460000365973 15.752200002968308 77.35000000000001
      vertex 120.24319999665022 19.454799997806546 77.35000000000001
    endloop
  endfacet
  facet normal 0 0 1
    outer loop
      vertex 120.32460000365973 15.752200002968308 77.35000000000001
      vertex 121.03958124667406 15.777631248533723 77.35000000000001
      vertex 120.94971249997616 19.425556252896783 77.35000000000001
    endloop
  endfacet
  facet normal -1 0 0
    outer loop
      vertex 126.0000001 32.32019052838329 70.60000000000001
      vertex 126.0000001 25.325000000000003 69.85000000000001
      vertex 126.0000001 -25.325000000000003 69.85000000000001
    endloop
  endfacet
  facet normal -1 0 0
    outer loop
      vertex 126.0000001 32.32019052838329 70.60000000000001
      vertex 126.0000001 -32.63085070016311 69.85000000000001
      vertex 126.0000001 27.766142838268905 74.09444369716802
    endloop
  endfacet
  facet normal 0 0 1
    outer loop
      vertex 120.58229999989271 8.926400001347062 77.35000000000001
      vertex 123.20112500339746 9.574925000965592 77.35000000000001
      vertex 120.51022499799728 9.174568752944467 77.35000000000001
    endloop
  endfacet
  facet normal 0 0 1
    outer loop
      vertex 120.51022499799728 9.174568752944467 77.35000000000001
      vertex 123.14389999955893 9.882599997520444 77.35000000000001
      vertex 120.45679999887943 9.47487499862909 77.35000000000001
    endloop
  endfacet
  facet normal 0 0 1
    outer loop
      vertex 120.45679999887943 9.47487499862909 77.35000000000001
      vertex 122.91499999910593 10.441999997198579 77.35000000000001
      vertex 120.42202500253916 9.827318753302094 77.35000000000001
    endloop
  endfacet
  facet normal 0 0 1
    outer loop
      vertex 120.51022499799728 9.174568752944467 77.35000000000001
      vertex 123.20112500339746 9.574925000965592 77.35000000000001
      vertex 123.14389999955893 9.882599997520444 77.35000000000001
    endloop
  endfacet
  facet normal 0 0 1
    outer loop
      vertex 120.45679999887943 9.47487499862909 77.35000000000001
      vertex 123.14389999955893 9.882599997520444 77.35000000000001
      vertex 123.04852499812841 10.1716249987483 77.35000000000001
    endloop
  endfacet
  facet normal 0 0 1
    outer loop
      vertex 120.45679999887943 9.47487499862909 77.35000000000001
      vertex 123.04852499812841 10.1716249987483 77.35000000000001
      vertex 122.91499999910593 10.441999997198579 77.35000000000001
    endloop
  endfacet
  facet normal 0 0 1
    outer loop
      vertex 120.42202500253916 9.827318753302094 77.35000000000001
      vertex 122.32945624738932 11.101325000822541 77.35000000000001
      vertex 120.40590000152588 10.231900002062318 77.35000000000001
    endloop
  endfacet
  facet normal 0 0 1
    outer loop
      vertex 120.42202500253916 9.827318753302094 77.35000000000001
      vertex 122.74820625036955 10.689325000345704 77.35000000000001
      vertex 122.55302499979734 10.909099999070165 77.35000000000001
    endloop
  endfacet
  facet normal 0 0 1
    outer loop
      vertex 120.42202500253916 9.827318753302094 77.35000000000001
      vertex 122.55302499979734 10.909099999070165 77.35000000000001
      vertex 122.32945624738932 11.101325000822541 77.35000000000001
    endloop
  endfacet
  facet normal 0 0 1
    outer loop
      vertex 120.40590000152588 10.231900002062318 77.35000000000001
      vertex 121.80943749845028 11.398037503659722 77.35000000000001
      vertex 121.5375500023365 11.492350000143048 77.35000000000001
    endloop
  endfacet
  facet normal 0 0 1
    outer loop
      vertex 120.40590000152588 10.231900002062318 77.35000000000001
      vertex 122.07750000059605 11.265999998152253 77.35000000000001
      vertex 121.80943749845028 11.398037503659722 77.35000000000001
    endloop
  endfacet
  facet normal 0 0 1
    outer loop
      vertex 120.40590000152588 10.231900002062318 77.35000000000001
      vertex 121.5375500023365 11.492350000143048 77.35000000000001
      vertex 121.26183749735355 11.548937502503392 77.35000000000001
    endloop
  endfacet
  facet normal 0 0 1
    outer loop
      vertex 120.40590000152588 10.231900002062318 77.35000000000001
      vertex 122.32945624738932 11.101325000822541 77.35000000000001
      vertex 122.07750000059605 11.265999998152253 77.35000000000001
    endloop
  endfacet
  facet normal 0.7477037028386684 0.6640325088136456 0
    outer loop
      vertex 122.74820625036955 10.689325000345704 76.35000000000001
      vertex 122.55302499979734 10.909099999070165 76.35000000000001
      vertex 122.74820625036955 10.689325000345704 77.35000000000001
    endloop
  endfacet
  facet normal 0.8290827497556418 0.5591259196796584 0
    outer loop
      vertex 122.91499999910593 10.441999997198579 76.35000000000001
      vertex 122.74820625036955 10.689325000345704 76.35000000000001
      vertex 122.91499999910593 10.441999997198579 77.35000000000001
    endloop
  endfacet
  facet normal 0 0 1
    outer loop
      vertex 120.42202500253916 9.827318753302094 77.35000000000001
      vertex 122.91499999910593 10.441999997198579 77.35000000000001
      vertex 122.74820625036955 10.689325000345704 77.35000000000001
    endloop
  endfacet
  facet normal 0.8290827497556418 0.5591259196796584 0
    outer loop
      vertex 122.74820625036955 10.689325000345704 76.35000000000001
      vertex 122.74820625036955 10.689325000345704 77.35000000000001
      vertex 122.91499999910593 10.441999997198579 77.35000000000001
    endloop
  endfacet
  facet normal 0 0 1
    outer loop
      vertex 122.07750000059605 11.265999998152253 76.35000000000001
      vertex 122.32945624738932 11.101325000822541 76.35000000000001
      vertex 122.5962999984622 11.567800003290174 76.35000000000001
    endloop
  endfacet
  facet normal 0.441867923004411 0.897080118283628 0
    outer loop
      vertex 122.07750000059605 11.265999998152253 76.35000000000001
      vertex 121.80943749845028 11.398037503659722 76.35000000000001
      vertex 122.07750000059605 11.265999998152253 77.35000000000001
    endloop
  endfacet
  facet normal 0.5470966222845343 0.8370694629986533 0
    outer loop
      vertex 122.07750000059605 11.265999998152253 76.35000000000001
      vertex 122.32945624738932 11.101325000822541 77.35000000000001
      vertex 122.32945624738932 11.101325000822541 76.35000000000001
    endloop
  endfacet
  facet normal 0 0 1
    outer loop
      vertex 122.74820625036955 10.689325000345704 76.35000000000001
      vertex 122.9860187470913 11.32431250363588 76.35000000000001
      vertex 122.55302499979734 10.909099999070165 76.35000000000001
    endloop
  endfacet
  facet normal 0.6519532356006559 0.7582591763967222 0
    outer loop
      vertex 122.32945624738932 11.101325000822541 76.35000000000001
      vertex 122.55302499979734 10.909099999070165 77.35000000000001
      vertex 122.55302499979734 10.909099999070165 76.35000000000001
    endloop
  endfacet
  facet normal 0 0 1
    outer loop
      vertex 122.32945624738932 11.101325000822541 76.35000000000001
      vertex 122.55302499979734 10.909099999070165 76.35000000000001
      vertex 122.9860187470913 11.32431250363588 76.35000000000001
    endloop
  endfacet
  facet normal 0 0 1
    outer loop
      vertex 122.32945624738932 11.101325000822541 76.35000000000001
      vertex 122.9860187470913 11.32431250363588 76.35000000000001
      vertex 122.5962999984622 11.567800003290174 76.35000000000001
    endloop
  endfacet
  facet normal 0.6519532356006559 0.7582591763967222 0
    outer loop
      vertex 122.32945624738932 11.101325000822541 76.35000000000001
      vertex 122.32945624738932 11.101325000822541 77.35000000000001
      vertex 122.55302499979734 10.909099999070165 77.35000000000001
    endloop
  endfacet
  facet normal 0.5470966222845343 0.8370694629986533 0
    outer loop
      vertex 122.07750000059605 11.265999998152253 76.35000000000001
      vertex 122.07750000059605 11.265999998152253 77.35000000000001
      vertex 122.32945624738932 11.101325000822541 77.35000000000001
    endloop
  endfacet
  facet normal 0.7477037028386684 0.6640325088136456 0
    outer loop
      vertex 122.55302499979734 10.909099999070165 76.35000000000001
      vertex 122.55302499979734 10.909099999070165 77.35000000000001
      vertex 122.74820625036955 10.689325000345704 77.35000000000001
    endloop
  endfacet
  facet normal 0.9982959311222888 0.058354382052099314 0
    outer loop
      vertex 123.22020000219345 9.248600001633164 76.35000000000001
      vertex 123.20112500339746 9.574925000965592 76.35000000000001
      vertex 123.22020000219345 9.248600001633164 77.35000000000001
    endloop
  endfacet
  facet normal 0 0 1
    outer loop
      vertex 124.13560000061989 8.970500002801415 76.35000000000001
      vertex 124.11377499997616 9.397956247627732 76.35000000000001
      vertex 123.22020000219345 9.248600001633164 76.35000000000001
    endloop
  endfacet
  facet normal 0 0 1
    outer loop
      vertex 123.22020000219345 9.248600001633164 76.35000000000001
      vertex 124.11377499997616 9.397956247627732 76.35000000000001
      vertex 123.20112500339746 9.574925000965592 76.35000000000001
    endloop
  endfacet
  facet normal 0 0 1
    outer loop
      vertex 123.20112500339746 9.574925000965592 76.35000000000001
      vertex 124.11377499997616 9.397956247627732 76.35000000000001
      vertex 124.04829999804497 9.791925001144406 76.35000000000001
    endloop
  endfacet
  facet normal 0.9973938192847772 -0.07214963099368706 0
    outer loop
      vertex 123.1998562514782 8.967368747293946 77.35000000000001
      vertex 123.22020000219345 9.248600001633164 76.35000000000001
      vertex 123.22020000219345 9.248600001633164 77.35000000000001
    endloop
  endfacet
  facet normal 0.9982959311222888 0.058354382052099314 0
    outer loop
      vertex 123.20112500339746 9.574925000965592 76.35000000000001
      vertex 123.20112500339746 9.574925000965592 77.35000000000001
      vertex 123.22020000219345 9.248600001633164 77.35000000000001
    endloop
  endfacet
  facet normal 0.9831397335745371 0.18285585652909334 0
    outer loop
      vertex 123.20112500339746 9.574925000965592 76.35000000000001
      vertex 123.14389999955893 9.882599997520444 76.35000000000001
      vertex 123.20112500339746 9.574925000965592 77.35000000000001
    endloop
  endfacet
  facet normal 0 0 1
    outer loop
      vertex 123.14389999955893 9.882599997520444 76.35000000000001
      vertex 123.9391750022769 10.152406248450276 76.35000000000001
      vertex 123.04852499812841 10.1716249987483 76.35000000000001
    endloop
  endfacet
  facet normal 0.9496318258382755 0.3133678275685989 0
    outer loop
      vertex 123.14389999955893 9.882599997520444 76.35000000000001
      vertex 123.04852499812841 10.1716249987483 76.35000000000001
      vertex 123.14389999955893 9.882599997520444 77.35000000000001
    endloop
  endfacet
  facet normal 0 0 1
    outer loop
      vertex 123.20112500339746 9.574925000965592 76.35000000000001
      vertex 124.04829999804497 9.791925001144406 76.35000000000001
      vertex 123.14389999955893 9.882599997520444 76.35000000000001
    endloop
  endfacet
  facet normal 0 0 1
    outer loop
      vertex 123.14389999955893 9.882599997520444 76.35000000000001
      vertex 124.04829999804497 9.791925001144406 76.35000000000001
      vertex 123.9391750022769 10.152406248450276 76.35000000000001
    endloop
  endfacet
  facet normal 0.9831397335745371 0.18285585652909334 0
    outer loop
      vertex 123.14389999955893 9.882599997520444 76.35000000000001
      vertex 123.14389999955893 9.882599997520444 77.35000000000001
      vertex 123.20112500339746 9.574925000965592 77.35000000000001
    endloop
  endfacet
  facet normal 0.9496318258382755 0.3133678275685989 0
    outer loop
      vertex 123.04852499812841 10.1716249987483 76.35000000000001
      vertex 123.04852499812841 10.1716249987483 77.35000000000001
      vertex 123.14389999955893 9.882599997520444 77.35000000000001
    endloop
  endfacet
  facet normal -0.998699090479913 -0.050991437267393726 0
    outer loop
      vertex 124.13560000061989 8.970500002801415 76.35000000000001
      vertex 124.13560000061989 8.970500002801415 77.35000000000001
      vertex 124.11377499997616 9.397956247627732 76.35000000000001
    endloop
  endfacet
  facet normal -0.9864695286837859 -0.16394471317608653 0
    outer loop
      vertex 124.11377499997616 9.397956247627732 76.35000000000001
      vertex 124.11377499997616 9.397956247627732 77.35000000000001
      vertex 124.04829999804497 9.791925001144406 76.35000000000001
    endloop
  endfacet
  facet normal -0.998699090479913 -0.050991437267393726 0
    outer loop
      vertex 124.13560000061989 8.970500002801415 77.35000000000001
      vertex 124.11377499997616 9.397956247627732 77.35000000000001
      vertex 124.11377499997616 9.397956247627732 76.35000000000001
    endloop
  endfacet
  facet normal -0.957106711593306 -0.2897356426521396 0
    outer loop
      vertex 123.9391750022769 10.152406248450276 76.35000000000001
      vertex 124.04829999804497 9.791925001144406 76.35000000000001
      vertex 124.04829999804497 9.791925001144406 77.35000000000001
    endloop
  endfacet
  facet normal -0.9864695286837859 -0.16394471317608653 0
    outer loop
      vertex 124.04829999804497 9.791925001144406 76.35000000000001
      vertex 124.11377499997616 9.397956247627732 77.35000000000001
      vertex 124.04829999804497 9.791925001144406 77.35000000000001
    endloop
  endfacet
  facet normal -0.957106711593306 -0.2897356426521396 0
    outer loop
      vertex 123.9391750022769 10.152406248450276 76.35000000000001
      vertex 124.04829999804497 9.791925001144406 77.35000000000001
      vertex 123.9391750022769 10.152406248450276 77.35000000000001
    endloop
  endfacet
  facet normal 0 0 1
    outer loop
      vertex 122.91499999910593 10.441999997198579 76.35000000000001
      vertex 123.04852499812841 10.1716249987483 76.35000000000001
      vertex 123.58106874674559 10.780112500488755 76.35000000000001
    endloop
  endfacet
  facet normal 0.8966215995026791 0.4427975918015561 0
    outer loop
      vertex 122.91499999910593 10.441999997198579 76.35000000000001
      vertex 123.04852499812841 10.1716249987483 77.35000000000001
      vertex 123.04852499812841 10.1716249987483 76.35000000000001
    endloop
  endfacet
  facet normal 0 0 1
    outer loop
      vertex 122.91499999910593 10.441999997198579 76.35000000000001
      vertex 123.31427499651909 11.06174999773502 76.35000000000001
      vertex 122.74820625036955 10.689325000345704 76.35000000000001
    endloop
  endfacet
  facet normal 0 0 1
    outer loop
      vertex 122.91499999910593 10.441999997198579 76.35000000000001
      vertex 123.58106874674559 10.780112500488755 76.35000000000001
      vertex 123.31427499651909 11.06174999773502 76.35000000000001
    endloop
  endfacet
  facet normal 0 0 1
    outer loop
      vertex 123.04852499812841 10.1716249987483 76.35000000000001
      vertex 123.9391750022769 10.152406248450276 76.35000000000001
      vertex 123.78639999777079 10.479399996995923 76.35000000000001
    endloop
  endfacet
  facet normal 0 0 1
    outer loop
      vertex 123.04852499812841 10.1716249987483 76.35000000000001
      vertex 123.78639999777079 10.479399996995923 76.35000000000001
      vertex 123.58106874674559 10.780112500488755 76.35000000000001
    endloop
  endfacet
  facet normal -0.9059941400065413 -0.4232902293625588 0
    outer loop
      vertex 123.9391750022769 10.152406248450276 76.35000000000001
      vertex 123.9391750022769 10.152406248450276 77.35000000000001
      vertex 123.78639999777079 10.479399996995923 76.35000000000001
    endloop
  endfacet
  facet normal -0.825843679646291 -0.5638991193363174 0
    outer loop
      vertex 123.78639999777079 10.479399996995923 76.35000000000001
      vertex 123.78639999777079 10.479399996995923 77.35000000000001
      vertex 123.58106874674559 10.780112500488755 76.35000000000001
    endloop
  endfacet
  facet normal 0.8966215995026791 0.4427975918015561 0
    outer loop
      vertex 122.91499999910593 10.441999997198579 76.35000000000001
      vertex 122.91499999910593 10.441999997198579 77.35000000000001
      vertex 123.04852499812841 10.1716249987483 77.35000000000001
    endloop
  endfacet
  facet normal -0.9059941400065413 -0.4232902293625588 0
    outer loop
      vertex 123.78639999777079 10.479399996995923 76.35000000000001
      vertex 123.9391750022769 10.152406248450276 77.35000000000001
      vertex 123.78639999777079 10.479399996995923 77.35000000000001
    endloop
  endfacet
  facet normal -0.825843679646291 -0.5638991193363174 0
    outer loop
      vertex 123.58106874674559 10.780112500488755 76.35000000000001
      vertex 123.78639999777079 10.479399996995923 77.35000000000001
      vertex 123.58106874674559 10.780112500488755 77.35000000000001
    endloop
  endfacet
  facet normal 0 0 1
    outer loop
      vertex 122.74820625036955 10.689325000345704 76.35000000000001
      vertex 123.31427499651909 11.06174999773502 76.35000000000001
      vertex 122.9860187470913 11.32431250363588 76.35000000000001
    endloop
  endfacet
  facet normal -0.6246334041933473 -0.7809181201418177 0
    outer loop
      vertex 123.31427499651909 11.06174999773502 76.35000000000001
      vertex 123.31427499651909 11.06174999773502 77.35000000000001
      vertex 122.9860187470913 11.32431250363588 76.35000000000001
    endloop
  endfacet
  facet normal -0.7259793505264576 -0.6877164987181729 0
    outer loop
      vertex 123.58106874674559 10.780112500488755 76.35000000000001
      vertex 123.58106874674559 10.780112500488755 77.35000000000001
      vertex 123.31427499651909 11.06174999773502 76.35000000000001
    endloop
  endfacet
  facet normal -0.7259793505264576 -0.6877164987181729 0
    outer loop
      vertex 123.31427499651909 11.06174999773502 76.35000000000001
      vertex 123.58106874674559 10.780112500488755 77.35000000000001
      vertex 123.31427499651909 11.06174999773502 77.35000000000001
    endloop
  endfacet
  facet normal -0.6246334041933473 -0.7809181201418177 0
    outer loop
      vertex 122.9860187470913 11.32431250363588 76.35000000000001
      vertex 123.31427499651909 11.06174999773502 77.35000000000001
      vertex 122.9860187470913 11.32431250363588 77.35000000000001
    endloop
  endfacet
  facet normal 0 0 1
    outer loop
      vertex 123.9391750022769 10.152406248450276 77.35000000000001
      vertex 123.86755000054836 12.135000000894067 77.35000000000001
      vertex 123.78639999777079 10.479399996995923 77.35000000000001
    endloop
  endfacet
  facet normal 0 0 1
    outer loop
      vertex 123.78639999777079 10.479399996995923 77.35000000000001
      vertex 123.71180000156164 11.957600000500676 77.35000000000001
      vertex 123.58106874674559 10.780112500488755 77.35000000000001
    endloop
  endfacet
  facet normal 0 0 1
    outer loop
      vertex 123.58106874674559 10.780112500488755 77.35000000000001
      vertex 123.50858125090599 11.820087502896783 77.35000000000001
      vertex 123.31427499651909 11.06174999773502 77.35000000000001
    endloop
  endfacet
  facet normal 0 0 1
    outer loop
      vertex 124.13560000061989 8.970500002801415 77.35000000000001
      vertex 124.06780000030994 12.944400000572202 77.35000000000001
      vertex 124.11377499997616 9.397956247627732 77.35000000000001
    endloop
  endfacet
  facet normal 0 0 1
    outer loop
      vertex 124.11377499997616 9.397956247627732 77.35000000000001
      vertex 124.0455500036478 12.62840000092983 77.35000000000001
      vertex 124.04829999804497 9.791925001144406 77.35000000000001
    endloop
  endfacet
  facet normal 0 0 1
    outer loop
      vertex 123.9391750022769 10.152406248450276 77.35000000000001
      vertex 124.04829999804497 9.791925001144406 77.35000000000001
      vertex 123.97879999876022 12.358600001037118 77.35000000000001
    endloop
  endfacet
  facet normal 0.06732443559222588 0.9977311363148833 0
    outer loop
      vertex 120.9822999984026 11.567800003290174 76.35000000000001
      vertex 121.26183749735355 11.548937502503392 77.35000000000001
      vertex 121.26183749735355 11.548937502503392 76.35000000000001
    endloop
  endfacet
  facet normal 0.2010501459088515 0.979580950626353 0
    outer loop
      vertex 121.26183749735355 11.548937502503392 76.35000000000001
      vertex 121.5375500023365 11.492350000143048 77.35000000000001
      vertex 121.5375500023365 11.492350000143048 76.35000000000001
    endloop
  endfacet
  facet normal 0.3277236398416779 0.9447736320880903 0
    outer loop
      vertex 121.5375500023365 11.492350000143048 76.35000000000001
      vertex 121.80943749845028 11.398037503659722 77.35000000000001
      vertex 121.80943749845028 11.398037503659722 76.35000000000001
    endloop
  endfacet
  facet normal 0 0 1
    outer loop
      vertex 121.5375500023365 11.492350000143048 76.35000000000001
      vertex 121.80943749845028 11.398037503659722 76.35000000000001
      vertex 122.15550000220537 12.801900002360341 76.35000000000001
    endloop
  endfacet
  facet normal 0.06732443559222588 0.9977311363148833 0
    outer loop
      vertex 120.9822999984026 11.567800003290174 76.35000000000001
      vertex 120.9822999984026 11.567800003290174 77.35000000000001
      vertex 121.26183749735355 11.548937502503392 77.35000000000001
    endloop
  endfacet
  facet normal 0.2010501459088515 0.979580950626353 0
    outer loop
      vertex 121.26183749735355 11.548937502503392 76.35000000000001
      vertex 121.26183749735355 11.548937502503392 77.35000000000001
      vertex 121.5375500023365 11.492350000143048 77.35000000000001
    endloop
  endfacet
  facet normal 0.3277236398416779 0.9447736320880903 0
    outer loop
      vertex 121.5375500023365 11.492350000143048 76.35000000000001
      vertex 121.5375500023365 11.492350000143048 77.35000000000001
      vertex 121.80943749845028 11.398037503659722 77.35000000000001
    endloop
  endfacet
  facet normal 0.441867923004411 0.897080118283628 0
    outer loop
      vertex 121.80943749845028 11.398037503659722 76.35000000000001
      vertex 121.80943749845028 11.398037503659722 77.35000000000001
      vertex 122.07750000059605 11.265999998152253 77.35000000000001
    endloop
  endfacet
  facet normal 0 0 1
    outer loop
      vertex 120.9822999984026 11.567800003290174 76.35000000000001
      vertex 121.26183749735355 11.548937502503392 76.35000000000001
      vertex 122.15550000220537 12.801900002360341 76.35000000000001
    endloop
  endfacet
  facet normal 0 0 1
    outer loop
      vertex 121.26183749735355 11.548937502503392 76.35000000000001
      vertex 121.5375500023365 11.492350000143048 76.35000000000001
      vertex 122.15550000220537 12.801900002360341 76.35000000000001
    endloop
  endfacet
  facet normal 0 0 1
    outer loop
      vertex 122.07750000059605 11.265999998152253 76.35000000000001
      vertex 122.5962999984622 11.567800003290174 76.35000000000001
      vertex 122.5962999984622 11.608399997651574 76.35000000000001
    endloop
  endfacet
  facet normal 0 0 1
    outer loop
      vertex 122.07750000059605 11.265999998152253 76.35000000000001
      vertex 122.15550000220537 12.801900002360341 76.35000000000001
      vertex 121.80943749845028 11.398037503659722 76.35000000000001
    endloop
  endfacet
  facet normal 0 0 1
    outer loop
      vertex 122.07750000059605 11.265999998152253 76.35000000000001
      vertex 122.5962999984622 11.608399997651574 76.35000000000001
      vertex 122.15550000220537 12.801900002360341 76.35000000000001
    endloop
  endfacet
  facet normal -1 0 0
    outer loop
      vertex 122.5962999984622 11.567800003290174 76.35000000000001
      vertex 122.5962999984622 11.567800003290174 77.35000000000001
      vertex 122.5962999984622 11.608399997651574 76.35000000000001
    endloop
  endfacet
  facet normal -0.5298632308164576 -0.8480831071473748 0
    outer loop
      vertex 122.9860187470913 11.32431250363588 76.35000000000001
      vertex 122.9860187470913 11.32431250363588 77.35000000000001
      vertex 122.5962999984622 11.567800003290174 76.35000000000001
    endloop
  endfacet
  facet normal -0.10404222957600158 0.9945728804189539 0
    outer loop
      vertex 122.5962999984622 11.608399997651574 76.35000000000001
      vertex 122.5962999984622 11.608399997651574 77.35000000000001
      vertex 122.95083124935627 11.645487497746942 76.35000000000001
    endloop
  endfacet
  facet normal -1 0 0
    outer loop
      vertex 122.5962999984622 11.608399997651574 76.35000000000001
      vertex 122.5962999984622 11.567800003290174 77.35000000000001
      vertex 122.5962999984622 11.608399997651574 77.35000000000001
    endloop
  endfacet
  facet normal -0.5298632308164576 -0.8480831071473748 0
    outer loop
      vertex 122.5962999984622 11.567800003290174 76.35000000000001
      vertex 122.9860187470913 11.32431250363588 77.35000000000001
      vertex 122.5962999984622 11.567800003290174 77.35000000000001
    endloop
  endfacet
  facet normal -0.10404222957600158 0.9945728804189539 0
    outer loop
      vertex 122.95083124935627 11.645487497746942 76.35000000000001
      vertex 122.5962999984622 11.608399997651574 77.35000000000001
      vertex 122.95083124935627 11.645487497746942 77.35000000000001
    endloop
  endfacet
  facet normal 0 0 1
    outer loop
      vertex 122.5962999984622 11.567800003290174 77.35000000000001
      vertex 122.95083124935627 11.645487497746942 77.35000000000001
      vertex 122.5962999984622 11.608399997651574 77.35000000000001
    endloop
  endfacet
  facet normal 0 0 1
    outer loop
      vertex 122.9860187470913 11.32431250363588 77.35000000000001
      vertex 122.95083124935627 11.645487497746942 77.35000000000001
      vertex 122.5962999984622 11.567800003290174 77.35000000000001
    endloop
  endfacet
  facet normal 0 0 1
    outer loop
      vertex 122.5962999984622 11.608399997651574 76.35000000000001
      vertex 122.41001249849796 12.810799996554849 76.35000000000001
      vertex 122.15550000220537 12.801900002360341 76.35000000000001
    endloop
  endfacet
  facet normal 0 0 1
    outer loop
      vertex 122.5962999984622 11.608399997651574 76.35000000000001
      vertex 122.95083124935627 11.645487497746942 76.35000000000001
      vertex 122.63104999810457 12.837500001490113 76.35000000000001
    endloop
  endfacet
  facet normal 0 0 1
    outer loop
      vertex 122.5962999984622 11.608399997651574 76.35000000000001
      vertex 122.63104999810457 12.837500001490113 76.35000000000001
      vertex 122.41001249849796 12.810799996554849 76.35000000000001
    endloop
  endfacet
  facet normal 0 0 1
    outer loop
      vertex 122.95083124935627 11.645487497746942 76.35000000000001
      vertex 122.8186125010252 12.882000002264974 76.35000000000001
      vertex 122.63104999810457 12.837500001490113 76.35000000000001
    endloop
  endfacet
  facet normal 0 -1 0
    outer loop
      vertex 118.9953999966383 12.801900002360341 76.35000000000001
      vertex 122.15550000220537 12.801900002360341 76.35000000000001
      vertex 122.15550000220537 12.801900002360341 77.35000000000001
    endloop
  endfacet
  facet normal 0 0 1
    outer loop
      vertex 118.9953999966383 12.801900002360341 77.35000000000001
      vertex 122.15550000220537 12.801900002360341 77.35000000000001
      vertex 123.19979999959469 13.88690000325441 77.35000000000001
    endloop
  endfacet
  facet normal 0.034947430010000065 -0.9993891520002086 0
    outer loop
      vertex 122.15550000220537 12.801900002360341 76.35000000000001
      vertex 122.41001249849796 12.810799996554849 76.35000000000001
      vertex 122.41001249849796 12.810799996554849 77.35000000000001
    endloop
  endfacet
  facet normal 0.11992226945047295 -0.9927832841511022 0
    outer loop
      vertex 122.41001249849796 12.810799996554849 76.35000000000001
      vertex 122.63104999810457 12.837500001490113 76.35000000000001
      vertex 122.63104999810457 12.837500001490113 77.35000000000001
    endloop
  endfacet
  facet normal 0.2308460785564708 -0.9729902815625137 0
    outer loop
      vertex 122.63104999810457 12.837500001490113 76.35000000000001
      vertex 122.8186125010252 12.882000002264974 76.35000000000001
      vertex 122.8186125010252 12.882000002264974 77.35000000000001
    endloop
  endfacet
  facet normal 0.37483729908209235 -0.9270906100359565 0
    outer loop
      vertex 122.8186125010252 12.882000002264974 76.35000000000001
      vertex 122.97269999980927 12.94429999887943 76.35000000000001
      vertex 122.97269999980927 12.94429999887943 77.35000000000001
    endloop
  endfacet
  facet normal 0.034947430010000065 -0.9993891520002086 0
    outer loop
      vertex 122.15550000220537 12.801900002360341 76.35000000000001
      vertex 122.41001249849796 12.810799996554849 77.35000000000001
      vertex 122.15550000220537 12.801900002360341 77.35000000000001
    endloop
  endfacet
  facet normal 0.11992226945047295 -0.9927832841511022 0
    outer loop
      vertex 122.41001249849796 12.810799996554849 76.35000000000001
      vertex 122.63104999810457 12.837500001490113 77.35000000000001
      vertex 122.41001249849796 12.810799996554849 77.35000000000001
    endloop
  endfacet
  facet normal 0.2308460785564708 -0.9729902815625137 0
    outer loop
      vertex 122.63104999810457 12.837500001490113 76.35000000000001
      vertex 122.8186125010252 12.882000002264974 77.35000000000001
      vertex 122.63104999810457 12.837500001490113 77.35000000000001
    endloop
  endfacet
  facet normal 0.37483729908209235 -0.9270906100359565 0
    outer loop
      vertex 122.8186125010252 12.882000002264974 76.35000000000001
      vertex 122.97269999980927 12.94429999887943 77.35000000000001
      vertex 122.8186125010252 12.882000002264974 77.35000000000001
    endloop
  endfacet
  facet normal 0 0 1
    outer loop
      vertex 122.15550000220537 12.801900002360341 77.35000000000001
      vertex 122.41001249849796 12.810799996554849 77.35000000000001
      vertex 123.19979999959469 13.88690000325441 77.35000000000001
    endloop
  endfacet
  facet normal 0 0 1
    outer loop
      vertex 122.41001249849796 12.810799996554849 77.35000000000001
      vertex 122.63104999810457 12.837500001490113 77.35000000000001
      vertex 123.23542500287294 13.675050000846383 77.35000000000001
    endloop
  endfacet
  facet normal 0 0 1
    outer loop
      vertex 122.63104999810457 12.837500001490113 77.35000000000001
      vertex 122.8186125010252 12.882000002264974 77.35000000000001
      vertex 123.24729999899864 13.486899997293946 77.35000000000001
    endloop
  endfacet
  facet normal 0 0 1
    outer loop
      vertex 122.41001249849796 12.810799996554849 77.35000000000001
      vertex 123.2205812484026 13.778012502193448 77.35000000000001
      vertex 123.19979999959469 13.88690000325441 77.35000000000001
    endloop
  endfacet
  facet normal -0.22603643049631506 0.9741188490571797 0
    outer loop
      vertex 122.95083124935627 11.645487497746942 76.35000000000001
      vertex 122.95083124935627 11.645487497746942 77.35000000000001
      vertex 123.25492499768734 11.716050001978871 76.35000000000001
    endloop
  endfacet
  facet normal -0.3794733002266327 0.9252026882878734 0
    outer loop
      vertex 123.25492499768734 11.716050001978871 76.35000000000001
      vertex 123.25492499768734 11.716050001978871 77.35000000000001
      vertex 123.50858125090599 11.820087502896783 76.35000000000001
    endloop
  endfacet
  facet normal -0.5604239685999968 0.8282058774354538 0
    outer loop
      vertex 123.50858125090599 11.820087502896783 76.35000000000001
      vertex 123.50858125090599 11.820087502896783 77.35000000000001
      vertex 123.71180000156164 11.957600000500676 76.35000000000001
    endloop
  endfacet
  facet normal 0 0 1
    outer loop
      vertex 123.31427499651909 11.06174999773502 77.35000000000001
      vertex 123.25492499768734 11.716050001978871 77.35000000000001
      vertex 122.9860187470913 11.32431250363588 77.35000000000001
    endloop
  endfacet
  facet normal 0 0 1
    outer loop
      vertex 122.9860187470913 11.32431250363588 77.35000000000001
      vertex 123.25492499768734 11.716050001978871 77.35000000000001
      vertex 122.95083124935627 11.645487497746942 77.35000000000001
    endloop
  endfacet
  facet normal 0 0 1
    outer loop
      vertex 123.31427499651909 11.06174999773502 77.35000000000001
      vertex 123.50858125090599 11.820087502896783 77.35000000000001
      vertex 123.25492499768734 11.716050001978871 77.35000000000001
    endloop
  endfacet
  facet normal -0.22603643049631506 0.9741188490571797 0
    outer loop
      vertex 123.25492499768734 11.716050001978871 76.35000000000001
      vertex 122.95083124935627 11.645487497746942 77.35000000000001
      vertex 123.25492499768734 11.716050001978871 77.35000000000001
    endloop
  endfacet
  facet normal -0.3794733002266327 0.9252026882878734 0
    outer loop
      vertex 123.50858125090599 11.820087502896783 76.35000000000001
      vertex 123.25492499768734 11.716050001978871 77.35000000000001
      vertex 123.50858125090599 11.820087502896783 77.35000000000001
    endloop
  endfacet
  facet normal 0 0 1
    outer loop
      vertex 123.58106874674559 10.780112500488755 77.35000000000001
      vertex 123.71180000156164 11.957600000500676 77.35000000000001
      vertex 123.50858125090599 11.820087502896783 77.35000000000001
    endloop
  endfacet
  facet normal 0 0 1
    outer loop
      vertex 123.78639999777079 10.479399996995923 77.35000000000001
      vertex 123.86755000054836 12.135000000894067 77.35000000000001
      vertex 123.71180000156164 11.957600000500676 77.35000000000001
    endloop
  endfacet
  facet normal 0 0 1
    outer loop
      vertex 123.9391750022769 10.152406248450276 77.35000000000001
      vertex 123.97879999876022 12.358600001037118 77.35000000000001
      vertex 123.86755000054836 12.135000000894067 77.35000000000001
    endloop
  endfacet
  facet normal -0.5604239685999968 0.8282058774354538 0
    outer loop
      vertex 123.71180000156164 11.957600000500676 76.35000000000001
      vertex 123.50858125090599 11.820087502896783 77.35000000000001
      vertex 123.71180000156164 11.957600000500676 77.35000000000001
    endloop
  endfacet
  facet normal 0 0 1
    outer loop
      vertex 122.95083124935627 11.645487497746942 76.35000000000001
      vertex 123.25492499768734 11.716050001978871 76.35000000000001
      vertex 122.8186125010252 12.882000002264974 76.35000000000001
    endloop
  endfacet
  facet normal 0 0 1
    outer loop
      vertex 123.25492499768734 11.716050001978871 76.35000000000001
      vertex 123.50858125090599 11.820087502896783 76.35000000000001
      vertex 122.97269999980927 12.94429999887943 76.35000000000001
    endloop
  endfacet
  facet normal 0 0 1
    outer loop
      vertex 123.50858125090599 11.820087502896783 76.35000000000001
      vertex 123.71180000156164 11.957600000500676 76.35000000000001
      vertex 122.97269999980927 12.94429999887943 76.35000000000001
    endloop
  endfacet
  facet normal -0.7514735233325301 0.6597632482415139 0
    outer loop
      vertex 123.71180000156164 11.957600000500676 76.35000000000001
      vertex 123.71180000156164 11.957600000500676 77.35000000000001
      vertex 123.86755000054836 12.135000000894067 76.35000000000001
    endloop
  endfacet
  facet normal 0 0 1
    outer loop
      vertex 123.71180000156164 11.957600000500676 76.35000000000001
      vertex 123.86755000054836 12.135000000894067 76.35000000000001
      vertex 122.97269999980927 12.94429999887943 76.35000000000001
    endloop
  endfacet
  facet normal -0.8953063506002943 0.4454509384598746 0
    outer loop
      vertex 123.86755000054836 12.135000000894067 76.35000000000001
      vertex 123.86755000054836 12.135000000894067 77.35000000000001
      vertex 123.97879999876022 12.358600001037118 76.35000000000001
    endloop
  endfacet
  facet normal -0.7514735233325301 0.6597632482415139 0
    outer loop
      vertex 123.86755000054836 12.135000000894067 76.35000000000001
      vertex 123.71180000156164 11.957600000500676 77.35000000000001
      vertex 123.86755000054836 12.135000000894067 77.35000000000001
    endloop
  endfacet
  facet normal -0.8953063506002943 0.4454509384598746 0
    outer loop
      vertex 123.97879999876022 12.358600001037118 76.35000000000001
      vertex 123.86755000054836 12.135000000894067 77.35000000000001
      vertex 123.97879999876022 12.358600001037118 77.35000000000001
    endloop
  endfacet
  facet normal 0 0 1
    outer loop
      vertex 124.04829999804497 9.791925001144406 77.35000000000001
      vertex 124.0455500036478 12.62840000092983 77.35000000000001
      vertex 123.97879999876022 12.358600001037118 77.35000000000001
    endloop
  endfacet
  facet normal 0 0 1
    outer loop
      vertex 124.11377499997616 9.397956247627732 77.35000000000001
      vertex 124.06780000030994 12.944400000572202 77.35000000000001
      vertex 124.0455500036478 12.62840000092983 77.35000000000001
    endloop
  endfacet
  facet normal -0.9707322068571146 0.2401644906523774 0
    outer loop
      vertex 123.97879999876022 12.358600001037118 76.35000000000001
      vertex 123.97879999876022 12.358600001037118 77.35000000000001
      vertex 124.0455500036478 12.62840000092983 76.35000000000001
    endloop
  endfacet
  facet normal 0 0 1
    outer loop
      vertex 122.8186125010252 12.882000002264974 76.35000000000001
      vertex 123.25492499768734 11.716050001978871 76.35000000000001
      vertex 122.97269999980927 12.94429999887943 76.35000000000001
    endloop
  endfacet
  facet normal 0 0 1
    outer loop
      vertex 123.86755000054836 12.135000000894067 76.35000000000001
      vertex 123.09283749759197 13.031650002300736 76.35000000000001
      vertex 122.97269999980927 12.94429999887943 76.35000000000001
    endloop
  endfacet
  facet normal 0 0 1
    outer loop
      vertex 123.09283749759197 13.031650002300736 76.35000000000001
      vertex 124.0455500036478 12.62840000092983 76.35000000000001
      vertex 123.1786499992013 13.151199999451634 76.35000000000001
    endloop
  endfacet
  facet normal 0.588071639723085 -0.8088088442601268 0
    outer loop
      vertex 122.97269999980927 12.94429999887943 76.35000000000001
      vertex 123.09283749759197 13.031650002300736 76.35000000000001
      vertex 123.09283749759197 13.031650002300736 77.35000000000001
    endloop
  endfacet
  facet normal 0 0 1
    outer loop
      vertex 123.86755000054836 12.135000000894067 76.35000000000001
      vertex 123.97879999876022 12.358600001037118 76.35000000000001
      vertex 123.09283749759197 13.031650002300736 76.35000000000001
    endloop
  endfacet
  facet normal 0 0 1
    outer loop
      vertex 123.97879999876022 12.358600001037118 76.35000000000001
      vertex 124.0455500036478 12.62840000092983 76.35000000000001
      vertex 123.09283749759197 13.031650002300736 76.35000000000001
    endloop
  endfacet
  facet normal 0 0 1
    outer loop
      vertex 123.1786499992013 13.151199999451634 76.35000000000001
      vertex 124.0455500036478 12.62840000092983 76.35000000000001
      vertex 124.06780000030994 12.944400000572202 76.35000000000001
    endloop
  endfacet
  facet normal 0.588071639723085 -0.8088088442601268 0
    outer loop
      vertex 122.97269999980927 12.94429999887943 76.35000000000001
      vertex 123.09283749759197 13.031650002300736 77.35000000000001
      vertex 122.97269999980927 12.94429999887943 77.35000000000001
    endloop
  endfacet
  facet normal 0 0 1
    outer loop
      vertex 122.8186125010252 12.882000002264974 77.35000000000001
      vertex 122.97269999980927 12.94429999887943 77.35000000000001
      vertex 123.23013749718666 13.302949997782704 77.35000000000001
    endloop
  endfacet
  facet normal 0 0 1
    outer loop
      vertex 122.97269999980927 12.94429999887943 77.35000000000001
      vertex 123.09283749759197 13.031650002300736 77.35000000000001
      vertex 123.1786499992013 13.151199999451634 77.35000000000001
    endloop
  endfacet
  facet normal 0.8123825320025319 -0.5831248765891875 0
    outer loop
      vertex 123.09283749759197 13.031650002300736 76.35000000000001
      vertex 123.1786499992013 13.151199999451634 76.35000000000001
      vertex 123.1786499992013 13.151199999451634 77.35000000000001
    endloop
  endfacet
  facet normal 0.9469770077826499 -0.32130133322322063 0
    outer loop
      vertex 123.1786499992013 13.151199999451634 76.35000000000001
      vertex 123.23013749718666 13.302949997782704 76.35000000000001
      vertex 123.23013749718666 13.302949997782704 77.35000000000001
    endloop
  endfacet
  facet normal 0.9956757826874729 -0.0928963711330438 0
    outer loop
      vertex 123.23013749718666 13.302949997782704 76.35000000000001
      vertex 123.24729999899864 13.486899997293946 76.35000000000001
      vertex 123.24729999899864 13.486899997293946 77.35000000000001
    endloop
  endfacet
  facet normal 0.9994695848335825 0.032566071187455865 0
    outer loop
      vertex 123.24729999899864 13.486899997293946 76.35000000000001
      vertex 123.24433124810457 13.578012499213216 76.35000000000001
      vertex 123.24433124810457 13.578012499213216 77.35000000000001
    endloop
  endfacet
  facet normal 0 0 1
    outer loop
      vertex 123.1786499992013 13.151199999451634 76.35000000000001
      vertex 124.06780000030994 12.944400000572202 76.35000000000001
      vertex 123.23013749718666 13.302949997782704 76.35000000000001
    endloop
  endfacet
  facet normal 0 0 1
    outer loop
      vertex 123.23013749718666 13.302949997782704 76.35000000000001
      vertex 124.06780000030994 12.944400000572202 76.35000000000001
      vertex 124.06101875007153 13.183831247687337 76.35000000000001
    endloop
  endfacet
  facet normal 0 0 1
    outer loop
      vertex 123.23013749718666 13.302949997782704 76.35000000000001
      vertex 124.06101875007153 13.183831247687337 76.35000000000001
      vertex 124.04067499935627 13.420724998414514 76.35000000000001
    endloop
  endfacet
  facet normal 0 0 1
    outer loop
      vertex 123.23013749718666 13.302949997782704 76.35000000000001
      vertex 124.04067499935627 13.420724998414514 76.35000000000001
      vertex 123.24729999899864 13.486899997293946 76.35000000000001
    endloop
  endfacet
  facet normal 0 0 1
    outer loop
      vertex 123.24729999899864 13.486899997293946 76.35000000000001
      vertex 124.04067499935627 13.420724998414514 76.35000000000001
      vertex 123.24433124810457 13.578012499213216 76.35000000000001
    endloop
  endfacet
  facet normal 0 0 1
    outer loop
      vertex 123.24433124810457 13.578012499213216 76.35000000000001
      vertex 124.04067499935627 13.420724998414514 76.35000000000001
      vertex 124.00676874816418 13.655081252753732 76.35000000000001
    endloop
  endfacet
  facet normal 0.8123825320025319 -0.5831248765891875 0
    outer loop
      vertex 123.09283749759197 13.031650002300736 76.35000000000001
      vertex 123.1786499992013 13.151199999451634 77.35000000000001
      vertex 123.09283749759197 13.031650002300736 77.35000000000001
    endloop
  endfacet
  facet normal 0.9469770077826499 -0.32130133322322063 0
    outer loop
      vertex 123.1786499992013 13.151199999451634 76.35000000000001
      vertex 123.23013749718666 13.302949997782704 77.35000000000001
      vertex 123.1786499992013 13.151199999451634 77.35000000000001
    endloop
  endfacet
  facet normal 0 0 1
    outer loop
      vertex 122.97269999980927 12.94429999887943 77.35000000000001
      vertex 123.1786499992013 13.151199999451634 77.35000000000001
      vertex 123.23013749718666 13.302949997782704 77.35000000000001
    endloop
  endfacet
  facet normal 0 0 1
    outer loop
      vertex 122.63104999810457 12.837500001490113 77.35000000000001
      vertex 123.24729999899864 13.486899997293946 77.35000000000001
      vertex 123.24433124810457 13.578012499213216 77.35000000000001
    endloop
  endfacet
  facet normal 0 0 1
    outer loop
      vertex 122.8186125010252 12.882000002264974 77.35000000000001
      vertex 123.23013749718666 13.302949997782704 77.35000000000001
      vertex 123.24729999899864 13.486899997293946 77.35000000000001
    endloop
  endfacet
  facet normal 0.9956757826874729 -0.0928963711330438 0
    outer loop
      vertex 123.23013749718666 13.302949997782704 76.35000000000001
      vertex 123.24729999899864 13.486899997293946 77.35000000000001
      vertex 123.23013749718666 13.302949997782704 77.35000000000001
    endloop
  endfacet
  facet normal 0.9994695848335825 0.032566071187455865 0
    outer loop
      vertex 123.24729999899864 13.486899997293946 76.35000000000001
      vertex 123.24433124810457 13.578012499213216 77.35000000000001
      vertex 123.24729999899864 13.486899997293946 77.35000000000001
    endloop
  endfacet
  facet normal 0.9958145052001511 0.09139732618068414 0
    outer loop
      vertex 123.24433124810457 13.578012499213216 76.35000000000001
      vertex 123.23542500287294 13.675050000846383 77.35000000000001
      vertex 123.24433124810457 13.578012499213216 77.35000000000001
    endloop
  endfacet
  facet normal 0 0 1
    outer loop
      vertex 122.63104999810457 12.837500001490113 77.35000000000001
      vertex 123.24433124810457 13.578012499213216 77.35000000000001
      vertex 123.23542500287294 13.675050000846383 77.35000000000001
    endloop
  endfacet
  facet normal 0 0 1
    outer loop
      vertex 122.41001249849796 12.810799996554849 77.35000000000001
      vertex 123.23542500287294 13.675050000846383 77.35000000000001
      vertex 123.2205812484026 13.778012502193448 77.35000000000001
    endloop
  endfacet
  facet normal -0.9975302980106211 0.07023748679189434 0
    outer loop
      vertex 124.0455500036478 12.62840000092983 76.35000000000001
      vertex 124.0455500036478 12.62840000092983 77.35000000000001
      vertex 124.06780000030994 12.944400000572202 76.35000000000001
    endloop
  endfacet
  facet normal -0.9995991640104043 -0.028310975075066025 0
    outer loop
      vertex 124.06780000030994 12.944400000572202 76.35000000000001
      vertex 124.06780000030994 12.944400000572202 77.35000000000001
      vertex 124.06101875007153 13.183831247687337 76.35000000000001
    endloop
  endfacet
  facet normal -0.9707322068571146 0.2401644906523774 0
    outer loop
      vertex 124.0455500036478 12.62840000092983 76.35000000000001
      vertex 123.97879999876022 12.358600001037118 77.35000000000001
      vertex 124.0455500036478 12.62840000092983 77.35000000000001
    endloop
  endfacet
  facet normal -0.9975302980106211 0.07023748679189434 0
    outer loop
      vertex 124.06780000030994 12.944400000572202 76.35000000000001
      vertex 124.0455500036478 12.62840000092983 77.35000000000001
      vertex 124.06780000030994 12.944400000572202 77.35000000000001
    endloop
  endfacet
  facet normal 0 0 1
    outer loop
      vertex 124.13560000061989 8.970500002801415 77.35000000000001
      vertex 124.13560000061989 17.16949999630451 77.35000000000001
      vertex 124.06780000030994 12.944400000572202 77.35000000000001
    endloop
  endfacet
  facet normal -0.9963328322458438 -0.08556218433966846 0
    outer loop
      vertex 124.06101875007153 13.183831247687337 76.35000000000001
      vertex 124.06101875007153 13.183831247687337 77.35000000000001
      vertex 124.04067499935627 13.420724998414514 76.35000000000001
    endloop
  endfacet
  facet normal -0.9896955910199516 -0.1431874195439971 0
    outer loop
      vertex 124.04067499935627 13.420724998414514 76.35000000000001
      vertex 124.04067499935627 13.420724998414514 77.35000000000001
      vertex 124.00676874816418 13.655081252753732 76.35000000000001
    endloop
  endfacet
  facet normal -0.9995991640104043 -0.028310975075066025 0
    outer loop
      vertex 124.06101875007153 13.183831247687337 76.35000000000001
      vertex 124.06780000030994 12.944400000572202 77.35000000000001
      vertex 124.06101875007153 13.183831247687337 77.35000000000001
    endloop
  endfacet
  facet normal -0.9963328322458438 -0.08556218433966846 0
    outer loop
      vertex 124.04067499935627 13.420724998414514 76.35000000000001
      vertex 124.06101875007153 13.183831247687337 77.35000000000001
      vertex 124.04067499935627 13.420724998414514 77.35000000000001
    endloop
  endfacet
  facet normal -0.9896955910199516 -0.1431874195439971 0
    outer loop
      vertex 124.00676874816418 13.655081252753732 76.35000000000001
      vertex 124.04067499935627 13.420724998414514 77.35000000000001
      vertex 124.00676874816418 13.655081252753732 77.35000000000001
    endloop
  endfacet
  facet normal -1 0 0
    outer loop
      vertex 126.0000001 -25.825000000000003 74.35000000000001
      vertex 126.0000001 25.825000000000003 74.35000000000001
      vertex 126.0000001 27.766142838268905 74.09444369716802
    endloop
  endfacet
  facet normal 1 0 0
    outer loop
      vertex 129.0000001 -28.825000000000003 77.35000000000001
      vertex 129.0000001 36.325 69.85000000000001
      vertex 129.0000001 28.825000000000003 77.35000000000001
    endloop
  endfacet
  facet normal -0.15759725826828822 0.987503470467987 0
    outer loop
      vertex 121.2544125020504 14.511499996483323 76.35000000000001
      vertex 121.2544125020504 14.511499996483323 77.35000000000001
      vertex 122.0232499986887 14.634200002253053 76.35000000000001
    endloop
  endfacet
  facet normal 0 0 1
    outer loop
      vertex 118.68603125214577 14.639281253516671 77.35000000000001
      vertex 123.95929999649525 13.88690000325441 77.35000000000001
      vertex 120.36519999802113 14.470599997043607 77.35000000000001
    endloop
  endfacet
  facet normal -0.0459471763727702 0.9989438707872277 0
    outer loop
      vertex 121.2544125020504 14.511499996483323 76.35000000000001
      vertex 120.36519999802113 14.470599997043607 77.35000000000001
      vertex 121.2544125020504 14.511499996483323 77.35000000000001
    endloop
  endfacet
  facet normal 0 0 1
    outer loop
      vertex 120.36519999802113 14.470599997043607 77.35000000000001
      vertex 123.95929999649525 13.88690000325441 77.35000000000001
      vertex 121.2544125020504 14.511499996483323 77.35000000000001
    endloop
  endfacet
  facet normal -0.15759725826828822 0.987503470467987 0
    outer loop
      vertex 122.0232499986887 14.634200002253053 76.35000000000001
      vertex 121.2544125020504 14.511499996483323 77.35000000000001
      vertex 122.0232499986887 14.634200002253053 77.35000000000001
    endloop
  endfacet
  facet normal -0.3007600503400285 0.9536998438290024 0
    outer loop
      vertex 122.0232499986887 14.634200002253053 76.35000000000001
      vertex 122.0232499986887 14.634200002253053 77.35000000000001
      vertex 122.67171250283718 14.838699999451634 76.35000000000001
    endloop
  endfacet
  facet normal 0 0 1
    outer loop
      vertex 121.2544125020504 14.511499996483323 77.35000000000001
      vertex 123.95929999649525 13.88690000325441 77.35000000000001
      vertex 122.0232499986887 14.634200002253053 77.35000000000001
    endloop
  endfacet
  facet normal 0 0 1
    outer loop
      vertex 122.0232499986887 14.634200002253053 77.35000000000001
      vertex 123.95929999649525 13.88690000325441 77.35000000000001
      vertex 122.67171250283718 14.838699999451634 77.35000000000001
    endloop
  endfacet
  facet normal 0 0 1
    outer loop
      vertex 121.2544125020504 14.511499996483323 76.35000000000001
      vertex 122.0232499986887 14.634200002253053 76.35000000000001
      vertex 121.6452250033617 15.853925000131127 76.35000000000001
    endloop
  endfacet
  facet normal 0 0 1
    outer loop
      vertex 121.2544125020504 14.511499996483323 76.35000000000001
      vertex 121.6452250033617 15.853925000131127 76.35000000000001
      vertex 121.03958124667406 15.777631248533723 76.35000000000001
    endloop
  endfacet
  facet normal 0.12498356845666116 -0.9921588116908698 0
    outer loop
      vertex 121.03958124667406 15.777631248533723 76.35000000000001
      vertex 121.6452250033617 15.853925000131127 76.35000000000001
      vertex 121.03958124667406 15.777631248533723 77.35000000000001
    endloop
  endfacet
  facet normal 0 0 1
    outer loop
      vertex 122.0232499986887 14.634200002253053 76.35000000000001
      vertex 122.1415312513709 15.981081250309941 76.35000000000001
      vertex 121.6452250033617 15.853925000131127 76.35000000000001
    endloop
  endfacet
  facet normal 0.12498356845666116 -0.9921588116908698 0
    outer loop
      vertex 121.6452250033617 15.853925000131127 76.35000000000001
      vertex 121.6452250033617 15.853925000131127 77.35000000000001
      vertex 121.03958124667406 15.777631248533723 77.35000000000001
    endloop
  endfacet
  facet normal 0 0 1
    outer loop
      vertex 122.0232499986887 14.634200002253053 76.35000000000001
      vertex 122.67171250283718 14.838699999451634 76.35000000000001
      vertex 122.1415312513709 15.981081250309941 76.35000000000001
    endloop
  endfacet
  facet normal -0.476608245202847 0.879115794764639 0
    outer loop
      vertex 122.67171250283718 14.838699999451634 76.35000000000001
      vertex 122.67171250283718 14.838699999451634 77.35000000000001
      vertex 123.19979999959469 15.12500000298023 76.35000000000001
    endloop
  endfacet
  facet normal -0.3007600503400285 0.9536998438290024 0
    outer loop
      vertex 122.67171250283718 14.838699999451634 76.35000000000001
      vertex 122.0232499986887 14.634200002253053 77.35000000000001
      vertex 122.67171250283718 14.838699999451634 77.35000000000001
    endloop
  endfacet
  facet normal 0 0 1
    outer loop
      vertex 122.67171250283718 14.838699999451634 76.35000000000001
      vertex 122.52849999815226 16.159099999070165 76.35000000000001
      vertex 122.1415312513709 15.981081250309941 76.35000000000001
    endloop
  endfacet
  facet normal 0 0 1
    outer loop
      vertex 122.67171250283718 14.838699999451634 76.35000000000001
      vertex 123.19979999959469 15.12500000298023 76.35000000000001
      vertex 122.52849999815226 16.159099999070165 76.35000000000001
    endloop
  endfacet
  facet normal 0.9958145052001511 0.09139732618068414 0
    outer loop
      vertex 123.24433124810457 13.578012499213216 76.35000000000001
      vertex 123.23542500287294 13.675050000846383 76.35000000000001
      vertex 123.23542500287294 13.675050000846383 77.35000000000001
    endloop
  endfacet
  facet normal 0.9897672297777762 0.14269138326481595 0
    outer loop
      vertex 123.23542500287294 13.675050000846383 76.35000000000001
      vertex 123.2205812484026 13.778012502193448 76.35000000000001
      vertex 123.2205812484026 13.778012502193448 77.35000000000001
    endloop
  endfacet
  facet normal 0.9822708966870094 0.18746702515828942 0
    outer loop
      vertex 123.19979999959469 13.88690000325441 76.35000000000001
      vertex 123.19979999959469 13.88690000325441 77.35000000000001
      vertex 123.2205812484026 13.778012502193448 76.35000000000001
    endloop
  endfacet
  facet normal 0 0 1
    outer loop
      vertex 123.24433124810457 13.578012499213216 76.35000000000001
      vertex 124.00676874816418 13.655081252753732 76.35000000000001
      vertex 123.23542500287294 13.675050000846383 76.35000000000001
    endloop
  endfacet
  facet normal 0 0 1
    outer loop
      vertex 123.23542500287294 13.675050000846383 76.35000000000001
      vertex 123.95929999649525 13.88690000325441 76.35000000000001
      vertex 123.2205812484026 13.778012502193448 76.35000000000001
    endloop
  endfacet
  facet normal 0 0 1
    outer loop
      vertex 123.19979999959469 13.88690000325441 76.35000000000001
      vertex 123.2205812484026 13.778012502193448 76.35000000000001
      vertex 123.95929999649525 13.88690000325441 76.35000000000001
    endloop
  endfacet
  facet normal 0 0 1
    outer loop
      vertex 123.23542500287294 13.675050000846383 76.35000000000001
      vertex 124.00676874816418 13.655081252753732 76.35000000000001
      vertex 123.95929999649525 13.88690000325441 76.35000000000001
    endloop
  endfacet
  facet normal 0 -1 0
    outer loop
      vertex 123.19979999959469 13.88690000325441 76.35000000000001
      vertex 123.95929999649525 13.88690000325441 76.35000000000001
      vertex 123.95929999649525 13.88690000325441 77.35000000000001
    endloop
  endfacet
  facet normal 0.9897672297777762 0.14269138326481595 0
    outer loop
      vertex 123.23542500287294 13.675050000846383 76.35000000000001
      vertex 123.2205812484026 13.778012502193448 77.35000000000001
      vertex 123.23542500287294 13.675050000846383 77.35000000000001
    endloop
  endfacet
  facet normal 0.9822708966870094 0.18746702515828942 0
    outer loop
      vertex 123.2205812484026 13.778012502193448 76.35000000000001
      vertex 123.19979999959469 13.88690000325441 77.35000000000001
      vertex 123.2205812484026 13.778012502193448 77.35000000000001
    endloop
  endfacet
  facet normal 0 -1 0
    outer loop
      vertex 123.19979999959469 13.88690000325441 76.35000000000001
      vertex 123.95929999649525 13.88690000325441 77.35000000000001
      vertex 123.19979999959469 13.88690000325441 77.35000000000001
    endloop
  endfacet
  facet normal 0 0 1
    outer loop
      vertex 122.67171250283718 14.838699999451634 77.35000000000001
      vertex 123.95929999649525 13.88690000325441 77.35000000000001
      vertex 123.19979999959469 15.12500000298023 77.35000000000001
    endloop
  endfacet
  facet normal -0.9796723631569021 -0.20060423940328603 0
    outer loop
      vertex 123.95929999649525 13.88690000325441 76.35000000000001
      vertex 124.00676874816418 13.655081252753732 76.35000000000001
      vertex 124.00676874816418 13.655081252753732 77.35000000000001
    endloop
  endfacet
  facet normal -0.9796723631569021 -0.20060423940328603 0
    outer loop
      vertex 123.95929999649525 13.88690000325441 76.35000000000001
      vertex 124.00676874816418 13.655081252753732 77.35000000000001
      vertex 123.95929999649525 13.88690000325441 77.35000000000001
    endloop
  endfacet
  facet normal 0 0 1
    outer loop
      vertex 124.06101875007153 13.183831247687337 77.35000000000001
      vertex 124.07711250334978 16.520431253314015 77.35000000000001
      vertex 124.04067499935627 13.420724998414514 77.35000000000001
    endloop
  endfacet
  facet normal 0 0 1
    outer loop
      vertex 124.06780000030994 12.944400000572202 77.35000000000001
      vertex 124.13560000061989 17.16949999630451 77.35000000000001
      vertex 124.06101875007153 13.183831247687337 77.35000000000001
    endloop
  endfacet
  facet normal 0 0 1
    outer loop
      vertex 124.04067499935627 13.420724998414514 77.35000000000001
      vertex 124.07711250334978 16.520431253314015 77.35000000000001
      vertex 124.00676874816418 13.655081252753732 77.35000000000001
    endloop
  endfacet
  facet normal 0 0 1
    outer loop
      vertex 123.95929999649525 13.88690000325441 77.35000000000001
      vertex 124.00676874816418 13.655081252753732 77.35000000000001
      vertex 124.07711250334978 16.520431253314015 77.35000000000001
    endloop
  endfacet
  facet normal -0.6736487497853175 0.7390516638995401 0
    outer loop
      vertex 123.19979999959469 15.12500000298023 76.35000000000001
      vertex 123.19979999959469 15.12500000298023 77.35000000000001
      vertex 123.60921250283718 15.498181249201295 76.35000000000001
    endloop
  endfacet
  facet normal -0.476608245202847 0.879115794764639 0
    outer loop
      vertex 123.19979999959469 15.12500000298023 76.35000000000001
      vertex 122.67171250283718 14.838699999451634 77.35000000000001
      vertex 123.19979999959469 15.12500000298023 77.35000000000001
    endloop
  endfacet
  facet normal 0 0 1
    outer loop
      vertex 123.95929999649525 13.88690000325441 77.35000000000001
      vertex 123.60921250283718 15.498181249201295 77.35000000000001
      vertex 123.19979999959469 15.12500000298023 77.35000000000001
    endloop
  endfacet
  facet normal 0 0 1
    outer loop
      vertex 123.95929999649525 13.88690000325441 77.35000000000001
      vertex 123.9016499966383 15.96332499682903 77.35000000000001
      vertex 123.60921250283718 15.498181249201295 77.35000000000001
    endloop
  endfacet
  facet normal 0 0 1
    outer loop
      vertex 123.19979999959469 15.12500000298023 76.35000000000001
      vertex 123.60921250283718 15.498181249201295 76.35000000000001
      vertex 122.52849999815226 16.159099999070165 76.35000000000001
    endloop
  endfacet
  facet normal -0.8465861756706909 0.5322516765246248 0
    outer loop
      vertex 123.60921250283718 15.498181249201295 76.35000000000001
      vertex 123.60921250283718 15.498181249201295 77.35000000000001
      vertex 123.9016499966383 15.96332499682903 76.35000000000001
    endloop
  endfacet
  facet normal -0.6736487497853175 0.7390516638995401 0
    outer loop
      vertex 123.60921250283718 15.498181249201295 76.35000000000001
      vertex 123.19979999959469 15.12500000298023 77.35000000000001
      vertex 123.60921250283718 15.498181249201295 77.35000000000001
    endloop
  endfacet
  facet normal -0.8465861756706909 0.5322516765246248 0
    outer loop
      vertex 123.9016499966383 15.96332499682903 76.35000000000001
      vertex 123.60921250283718 15.498181249201295 77.35000000000001
      vertex 123.9016499966383 15.96332499682903 77.35000000000001
    endloop
  endfacet
  facet normal 0 0 1
    outer loop
      vertex 123.95929999649525 13.88690000325441 77.35000000000001
      vertex 124.07711250334978 16.520431253314015 77.35000000000001
      vertex 123.9016499966383 15.96332499682903 77.35000000000001
    endloop
  endfacet
  facet normal 0 0 1
    outer loop
      vertex 124.06101875007153 13.183831247687337 77.35000000000001
      vertex 124.13560000061989 17.16949999630451 77.35000000000001
      vertex 124.07711250334978 16.520431253314015 77.35000000000001
    endloop
  endfacet
  facet normal 0.2481889751721048 -0.9687116354225442 0
    outer loop
      vertex 121.6452250033617 15.853925000131127 76.35000000000001
      vertex 122.1415312513709 15.981081250309941 76.35000000000001
      vertex 121.6452250033617 15.853925000131127 77.35000000000001
    endloop
  endfacet
  facet normal 0 0 1
    outer loop
      vertex 121.03958124667406 15.777631248533723 77.35000000000001
      vertex 121.6452250033617 15.853925000131127 77.35000000000001
      vertex 121.5570499971509 19.33782500326633 77.35000000000001
    endloop
  endfacet
  facet normal 0.4179310404422588 -0.9084787534306187 0
    outer loop
      vertex 122.1415312513709 15.981081250309941 76.35000000000001
      vertex 122.52849999815226 16.159099999070165 76.35000000000001
      vertex 122.1415312513709 15.981081250309941 77.35000000000001
    endloop
  endfacet
  facet normal 0.6290265814458984 -0.7773837918521883 0
    outer loop
      vertex 122.52849999815226 16.159099999070165 76.35000000000001
      vertex 122.81921874731779 16.394337500631806 76.35000000000001
      vertex 122.52849999815226 16.159099999070165 77.35000000000001
    endloop
  endfacet
  facet normal 0.2481889751721048 -0.9687116354225442 0
    outer loop
      vertex 122.1415312513709 15.981081250309941 76.35000000000001
      vertex 122.1415312513709 15.981081250309941 77.35000000000001
      vertex 121.6452250033617 15.853925000131127 77.35000000000001
    endloop
  endfacet
  facet normal 0.4179310404422588 -0.9084787534306187 0
    outer loop
      vertex 122.52849999815226 16.159099999070165 76.35000000000001
      vertex 122.52849999815226 16.159099999070165 77.35000000000001
      vertex 122.1415312513709 15.981081250309941 77.35000000000001
    endloop
  endfacet
  facet normal 0 0 1
    outer loop
      vertex 121.6452250033617 15.853925000131127 77.35000000000001
      vertex 122.1415312513709 15.981081250309941 77.35000000000001
      vertex 123.19300000369549 17.48150000274181 77.35000000000001
    endloop
  endfacet
  facet normal 0.6290265814458984 -0.7773837918521883 0
    outer loop
      vertex 122.81921874731779 16.394337500631806 76.35000000000001
      vertex 122.81921874731779 16.394337500631806 77.35000000000001
      vertex 122.52849999815226 16.159099999070165 77.35000000000001
    endloop
  endfacet
  facet normal 0 0 1
    outer loop
      vertex 122.1415312513709 15.981081250309941 77.35000000000001
      vertex 122.52849999815226 16.159099999070165 77.35000000000001
      vertex 123.15146874636412 17.05553750246763 77.35000000000001
    endloop
  endfacet
  facet normal 0 0 1
    outer loop
      vertex 122.52849999815226 16.159099999070165 77.35000000000001
      vertex 122.81921874731779 16.394337500631806 77.35000000000001
      vertex 123.02687499672174 16.693150001764295 77.35000000000001
    endloop
  endfacet
  facet normal 0.8211799229599074 -0.5706693737424154 0
    outer loop
      vertex 122.81921874731779 16.394337500631806 76.35000000000001
      vertex 123.02687499672174 16.693150001764295 76.35000000000001
      vertex 122.81921874731779 16.394337500631806 77.35000000000001
    endloop
  endfacet
  facet normal 0 0 1
    outer loop
      vertex 122.52849999815226 16.159099999070165 77.35000000000001
      vertex 123.02687499672174 16.693150001764295 77.35000000000001
      vertex 123.15146874636412 17.05553750246763 77.35000000000001
    endloop
  endfacet
  facet normal 0 0 1
    outer loop
      vertex 122.1415312513709 15.981081250309941 77.35000000000001
      vertex 123.15146874636412 17.05553750246763 77.35000000000001
      vertex 123.19300000369549 17.48150000274181 77.35000000000001
    endloop
  endfacet
  facet normal 0 0 1
    outer loop
      vertex 121.6452250033617 15.853925000131127 77.35000000000001
      vertex 122.0652125030756 19.191606248915193 77.35000000000001
      vertex 121.5570499971509 19.33782500326633 77.35000000000001
    endloop
  endfacet
  facet normal 0 0 1
    outer loop
      vertex 121.6452250033617 15.853925000131127 77.35000000000001
      vertex 123.19300000369549 17.48150000274181 77.35000000000001
      vertex 123.14807499945164 17.964650000631806 77.35000000000001
    endloop
  endfacet
  facet normal 0 0 1
    outer loop
      vertex 121.6452250033617 15.853925000131127 77.35000000000001
      vertex 123.14807499945164 17.964650000631806 77.35000000000001
      vertex 123.01330000162125 18.376600000262258 77.35000000000001
    endloop
  endfacet
  facet normal 0 0 1
    outer loop
      vertex 121.6452250033617 15.853925000131127 77.35000000000001
      vertex 122.78867500275373 18.717350001633164 77.35000000000001
      vertex 122.4742000028491 18.986899997293946 77.35000000000001
    endloop
  endfacet
  facet normal 0 0 1
    outer loop
      vertex 121.6452250033617 15.853925000131127 77.35000000000001
      vertex 122.4742000028491 18.986899997293946 77.35000000000001
      vertex 122.0652125030756 19.191606248915193 77.35000000000001
    endloop
  endfacet
  facet normal 0 0 1
    outer loop
      vertex 121.6452250033617 15.853925000131127 77.35000000000001
      vertex 123.01330000162125 18.376600000262258 77.35000000000001
      vertex 122.78867500275373 18.717350001633164 77.35000000000001
    endloop
  endfacet
  facet normal 0 0 1
    outer loop
      vertex 123.60921250283718 15.498181249201295 76.35000000000001
      vertex 122.81921874731779 16.394337500631806 76.35000000000001
      vertex 122.52849999815226 16.159099999070165 76.35000000000001
    endloop
  endfacet
  facet normal 0 0 1
    outer loop
      vertex 123.60921250283718 15.498181249201295 76.35000000000001
      vertex 123.9016499966383 15.96332499682903 76.35000000000001
      vertex 122.81921874731779 16.394337500631806 76.35000000000001
    endloop
  endfacet
  facet normal 0 0 1
    outer loop
      vertex 122.81921874731779 16.394337500631806 76.35000000000001
      vertex 123.9016499966383 15.96332499682903 76.35000000000001
      vertex 123.02687499672174 16.693150001764295 76.35000000000001
    endloop
  endfacet
  facet normal -0.95381138343133 0.3004061331544553 0
    outer loop
      vertex 123.9016499966383 15.96332499682903 76.35000000000001
      vertex 123.9016499966383 15.96332499682903 77.35000000000001
      vertex 124.07711250334978 16.520431253314015 76.35000000000001
    endloop
  endfacet
  facet normal 0 0 1
    outer loop
      vertex 123.9016499966383 15.96332499682903 76.35000000000001
      vertex 124.07711250334978 16.520431253314015 76.35000000000001
      vertex 123.02687499672174 16.693150001764295 76.35000000000001
    endloop
  endfacet
  facet normal 0 0 1
    outer loop
      vertex 123.02687499672174 16.693150001764295 76.35000000000001
      vertex 124.07711250334978 16.520431253314015 76.35000000000001
      vertex 123.15146874636412 17.05553750246763 76.35000000000001
    endloop
  endfacet
  facet normal 0.9456681091994342 -0.325133552933509 0
    outer loop
      vertex 123.02687499672174 16.693150001764295 76.35000000000001
      vertex 123.15146874636412 17.05553750246763 76.35000000000001
      vertex 123.02687499672174 16.693150001764295 77.35000000000001
    endloop
  endfacet
  facet normal 0 0 1
    outer loop
      vertex 124.07711250334978 16.520431253314015 76.35000000000001
      vertex 124.13560000061989 17.16949999630451 76.35000000000001
      vertex 123.15146874636412 17.05553750246763 76.35000000000001
    endloop
  endfacet
  facet normal 0.8211799229599074 -0.5706693737424154 0
    outer loop
      vertex 123.02687499672174 16.693150001764295 76.35000000000001
      vertex 123.02687499672174 16.693150001764295 77.35000000000001
      vertex 122.81921874731779 16.394337500631806 77.35000000000001
    endloop
  endfacet
  facet normal 0.9456681091994342 -0.325133552933509 0
    outer loop
      vertex 123.15146874636412 17.05553750246763 76.35000000000001
      vertex 123.15146874636412 17.05553750246763 77.35000000000001
      vertex 123.02687499672174 16.693150001764295 77.35000000000001
    endloop
  endfacet
  facet normal -0.95381138343133 0.3004061331544553 0
    outer loop
      vertex 124.07711250334978 16.520431253314015 76.35000000000001
      vertex 123.9016499966383 15.96332499682903 77.35000000000001
      vertex 124.07711250334978 16.520431253314015 77.35000000000001
    endloop
  endfacet
  facet normal -0.9959646640433647 0.08974624213295809 0
    outer loop
      vertex 124.07711250334978 16.520431253314015 76.35000000000001
      vertex 124.07711250334978 16.520431253314015 77.35000000000001
      vertex 124.13560000061989 17.16949999630451 76.35000000000001
    endloop
  endfacet
  facet normal -0.9959646640433647 0.08974624213295809 0
    outer loop
      vertex 124.13560000061989 17.16949999630451 76.35000000000001
      vertex 124.07711250334978 16.520431253314015 77.35000000000001
      vertex 124.13560000061989 17.16949999630451 77.35000000000001
    endloop
  endfacet
  facet normal 0.9952805165590675 -0.09703964838103901 0
    outer loop
      vertex 123.15146874636412 17.05553750246763 76.35000000000001
      vertex 123.19300000369549 17.48150000274181 76.35000000000001
      vertex 123.15146874636412 17.05553750246763 77.35000000000001
    endloop
  endfacet
  facet normal 0 0 1
    outer loop
      vertex 123.15146874636412 17.05553750246763 76.35000000000001
      vertex 124.13560000061989 17.16949999630451 76.35000000000001
      vertex 123.19300000369549 17.48150000274181 76.35000000000001
    endloop
  endfacet
  facet normal 0 0 1
    outer loop
      vertex 123.19300000369549 17.48150000274181 76.35000000000001
      vertex 124.13560000061989 17.16949999630451 76.35000000000001
      vertex 124.11653125286102 17.56640625298023 76.35000000000001
    endloop
  endfacet
  facet normal 0.9952805165590675 -0.09703964838103901 0
    outer loop
      vertex 123.19300000369549 17.48150000274181 76.35000000000001
      vertex 123.19300000369549 17.48150000274181 77.35000000000001
      vertex 123.15146874636412 17.05553750246763 77.35000000000001
    endloop
  endfacet
  facet normal 0.9957048609401293 0.09258417737495832 0
    outer loop
      vertex 123.19300000369549 17.48150000274181 76.35000000000001
      vertex 123.14807499945164 17.964650000631806 76.35000000000001
      vertex 123.19300000369549 17.48150000274181 77.35000000000001
    endloop
  endfacet
  facet normal 0.9504278165430762 0.3109452774061069 0
    outer loop
      vertex 123.14807499945164 17.964650000631806 76.35000000000001
      vertex 123.01330000162125 18.376600000262258 76.35000000000001
      vertex 123.14807499945164 17.964650000631806 77.35000000000001
    endloop
  endfacet
  facet normal 0 0 1
    outer loop
      vertex 123.19300000369549 17.48150000274181 76.35000000000001
      vertex 124.05932500213385 17.929825003445146 76.35000000000001
      vertex 123.14807499945164 17.964650000631806 76.35000000000001
    endloop
  endfacet
  facet normal 0 0 1
    outer loop
      vertex 123.19300000369549 17.48150000274181 76.35000000000001
      vertex 124.11653125286102 17.56640625298023 76.35000000000001
      vertex 124.05932500213385 17.929825003445146 76.35000000000001
    endloop
  endfacet
  facet normal 0 0 1
    outer loop
      vertex 123.14807499945164 17.964650000631806 76.35000000000001
      vertex 124.05932500213385 17.929825003445146 76.35000000000001
      vertex 123.96398124843836 18.259756247699258 76.35000000000001
    endloop
  endfacet
  facet normal 0.9957048609401293 0.09258417737495832 0
    outer loop
      vertex 123.14807499945164 17.964650000631806 76.35000000000001
      vertex 123.14807499945164 17.964650000631806 77.35000000000001
      vertex 123.19300000369549 17.48150000274181 77.35000000000001
    endloop
  endfacet
  facet normal -0.9988479072699987 -0.04798810417534867 0
    outer loop
      vertex 124.13560000061989 17.16949999630451 76.35000000000001
      vertex 124.13560000061989 17.16949999630451 77.35000000000001
      vertex 124.11653125286102 17.56640625298023 76.35000000000001
    endloop
  endfacet
  facet normal -0.9988479072699987 -0.04798810417534867 0
    outer loop
      vertex 124.11653125286102 17.56640625298023 76.35000000000001
      vertex 124.13560000061989 17.16949999630451 77.35000000000001
      vertex 124.11653125286102 17.56640625298023 77.35000000000001
    endloop
  endfacet
  facet normal -0.9878364112691036 -0.15549670276561625 0
    outer loop
      vertex 124.11653125286102 17.56640625298023 76.35000000000001
      vertex 124.11653125286102 17.56640625298023 77.35000000000001
      vertex 124.05932500213385 17.929825003445146 76.35000000000001
    endloop
  endfacet
  facet normal -0.960690667902582 -0.27762103775631114 0
    outer loop
      vertex 124.05932500213385 17.929825003445146 76.35000000000001
      vertex 124.05932500213385 17.929825003445146 77.35000000000001
      vertex 123.96398124843836 18.259756247699258 76.35000000000001
    endloop
  endfacet
  facet normal -0.9878364112691036 -0.15549670276561625 0
    outer loop
      vertex 124.05932500213385 17.929825003445146 76.35000000000001
      vertex 124.11653125286102 17.56640625298023 77.35000000000001
      vertex 124.05932500213385 17.929825003445146 77.35000000000001
    endloop
  endfacet
  facet normal -0.960690667902582 -0.27762103775631114 0
    outer loop
      vertex 124.05932500213385 17.929825003445146 77.35000000000001
      vertex 123.96398124843836 18.259756247699258 77.35000000000001
      vertex 123.96398124843836 18.259756247699258 76.35000000000001
    endloop
  endfacet
  facet normal 0 0 1
    outer loop
      vertex 124 5.260699997842309 77.35000000000001
      vertex 129.0000001 28.825000000000003 77.35000000000001
      vertex 124.13560000061989 8.970500002801415 77.35000000000001
    endloop
  endfacet
  facet normal -1 0 0
    outer loop
      vertex 110 25.325000000000003 61.85
      vertex 110 33.325 61.85
      vertex 110 33.325 57.486363636363635
    endloop
  endfacet
  facet normal -1 0 0
    outer loop
      vertex 126.0000001 33.325 11.35
      vertex 126.0000001 18.424999999999997 63.35
      vertex 126.0000001 25.325000000000003 61.85
    endloop
  endfacet
  facet normal 0 -1 0
    outer loop
      vertex 126.0000001 18.424999999999997 53.35
      vertex 129.0000001 18.424999999999997 53.35
      vertex 126.0000001 18.424999999999997 63.35
    endloop
  endfacet
  facet normal 0 -1 0
    outer loop
      vertex 129.0000001 18.424999999999997 53.35
      vertex 129.0000001 18.424999999999997 63.35
      vertex 126.0000001 18.424999999999997 63.35
    endloop
  endfacet
  facet normal 1 0 0
    outer loop
      vertex 129.0000001 36.325 11.35
      vertex 129.0000001 36.325 69.85000000000001
      vertex 129.0000001 18.424999999999997 53.35
    endloop
  endfacet
  facet normal 0 -0.47885213068057353 -0.8778955729143841
    outer loop
      vertex 110 25.325000000000003 61.85
      vertex 110 33.325 57.486363636363635
      vertex 126.0000001 33.325 57.486363636363635
    endloop
  endfacet
  facet normal 0 -0.47885213068057353 -0.8778955729143841
    outer loop
      vertex 110 25.325000000000003 61.85
      vertex 126.0000001 33.325 57.486363636363635
      vertex 126.0000001 25.325000000000003 61.85
    endloop
  endfacet
  facet normal -1 0 0
    outer loop
      vertex 110 25.325000000000003 71.05000000000001
      vertex 110 25.825000000000003 74.35000000000001
      vertex 110 27.766142838268905 74.09444369716802
    endloop
  endfacet
  facet normal -1 0 0
    outer loop
      vertex 110 25.325000000000003 71.05000000000001
      vertex 110 25.325000000000003 74.35000000000001
      vertex 110 25.825000000000003 74.35000000000001
    endloop
  endfacet
  facet normal -1 0 0
    outer loop
      vertex 110 25.325000000000003 61.85
      vertex 110 33.06944369716801 68.79114283826891
      vertex 110 33.325 61.85
    endloop
  endfacet
  facet normal -1 0 0
    outer loop
      vertex 110 25.325000000000003 61.85
      vertex 110 25.325000000000003 69.85000000000001
      vertex 110 33.06944369716801 68.79114283826891
    endloop
  endfacet
  facet normal -1 0 0
    outer loop
      vertex 110 33.325 61.85
      vertex 110 33.06944369716801 68.79114283826891
      vertex 110 33.325 66.85000000000001
    endloop
  endfacet
  facet normal 0 0 1
    outer loop
      vertex 110 25.325000000000003 69.85000000000001
      vertex 113 28.325000000000003 69.85000000000001
      vertex 110.00000000000004 32.630850700163116 69.85000000000001
    endloop
  endfacet
  facet normal -1 0 0
    outer loop
      vertex 110 25.325000000000003 71.05000000000001
      vertex 110 27.766142838268905 74.09444369716802
      vertex 110 29.575000000000003 73.3451905283833
    endloop
  endfacet
  facet normal -1 0 0
    outer loop
      vertex 110 25.325000000000003 71.05000000000001
      vertex 110 29.575000000000003 73.3451905283833
      vertex 110 31.974893383792754 71.05000000000001
    endloop
  endfacet
  facet normal -1 5.8354004065062795e-15 4.2679911447863376e-14
    outer loop
      vertex 110 25.325000000000003 69.85000000000001
      vertex 110.00000000000004 32.630850700163116 69.85000000000001
      vertex 110 33.06944369716801 68.79114283826891
    endloop
  endfacet
  facet normal 0 0 1
    outer loop
      vertex 110.00000000000004 32.630850700163116 69.85000000000001
      vertex 113 28.325000000000003 69.85000000000001
      vertex 113.00000000000003 32.630850700163116 69.85000000000001
    endloop
  endfacet
  facet normal -1 0 0
    outer loop
      vertex 110 31.974893383792754 71.05000000000001
      vertex 110 29.575000000000003 73.3451905283833
      vertex 110 31.12830085889911 72.15330085889912
    endloop
  endfacet
  facet normal 0 -1 0
    outer loop
      vertex 110 25.325000000000003 61.85
      vertex 126.0000001 25.325000000000003 61.85
      vertex 110 25.325000000000003 69.85000000000001
    endloop
  endfacet
  facet normal 0 -1 0
    outer loop
      vertex 110 25.325000000000003 69.85000000000001
      vertex 126.0000001 25.325000000000003 61.85
      vertex 126.0000001 25.325000000000003 69.85000000000001
    endloop
  endfacet
  facet normal 1 0 0
    outer loop
      vertex 129.0000001 18.424999999999997 53.35
      vertex 129.0000001 36.325 69.85000000000001
      vertex 129.0000001 18.424999999999997 63.35
    endloop
  endfacet
  facet normal -1 0 0
    outer loop
      vertex 126.0000001 25.325000000000003 61.85
      vertex 126.0000001 18.424999999999997 63.35
      vertex 126.0000001 25.325000000000003 69.85000000000001
    endloop
  endfacet
  facet normal 1 0 0
    outer loop
      vertex 113.93659999966621 19.454799997806546 76.35000000000001
      vertex 113.93659999966621 20.675399999320504 77.35000000000001
      vertex 113.93659999966621 19.454799997806546 77.35000000000001
    endloop
  endfacet
  facet normal 1 0 0
    outer loop
      vertex 113.93659999966621 19.454799997806546 76.35000000000001
      vertex 113.93659999966621 20.675399999320504 76.35000000000001
      vertex 113.93659999966621 20.675399999320504 77.35000000000001
    endloop
  endfacet
  facet normal 0 0 1
    outer loop
      vertex 116.54617500305176 17.569168749451634 77.35000000000001
      vertex 116.60339999943972 17.934075000882146 77.35000000000001
      vertex 113.93659999966621 19.454799997806546 77.35000000000001
    endloop
  endfacet
  facet normal 0 0 1
    outer loop
      vertex 116.60339999943972 17.934075000882146 77.35000000000001
      vertex 116.69877500087023 18.264218750596044 77.35000000000001
      vertex 113.93659999966621 19.454799997806546 77.35000000000001
    endloop
  endfacet
  facet normal 0 0 1
    outer loop
      vertex 113.93659999966621 19.454799997806546 77.35000000000001
      vertex 116.69877500087023 18.264218750596044 77.35000000000001
      vertex 116.83229999989271 18.559599998593328 77.35000000000001
    endloop
  endfacet
  facet normal 0.9112235619640212 -0.4119121509759108 0
    outer loop
      vertex 116.69877500087023 18.264218750596044 76.35000000000001
      vertex 116.83229999989271 18.559599998593328 76.35000000000001
      vertex 116.83229999989271 18.559599998593328 77.35000000000001
    endloop
  endfacet
  facet normal 0.9112235619640212 -0.4119121509759108 0
    outer loop
      vertex 116.69877500087023 18.264218750596044 76.35000000000001
      vertex 116.83229999989271 18.559599998593328 77.35000000000001
      vertex 116.69877500087023 18.264218750596044 77.35000000000001
    endloop
  endfacet
  facet normal 0.8339554182858319 -0.5518318224891559 0
    outer loop
      vertex 116.83229999989271 18.559599998593328 76.35000000000001
      vertex 117.00731249898672 18.824087503552434 77.35000000000001
      vertex 116.83229999989271 18.559599998593328 77.35000000000001
    endloop
  endfacet
  facet normal 0 0 1
    outer loop
      vertex 113.93659999966621 19.454799997806546 77.35000000000001
      vertex 116.83229999989271 18.559599998593328 77.35000000000001
      vertex 117.00731249898672 18.824087503552434 77.35000000000001
    endloop
  endfacet
  facet normal 0 0 1
    outer loop
      vertex 113.93659999966621 19.454799997806546 77.35000000000001
      vertex 117.00731249898672 18.824087503552434 77.35000000000001
      vertex 116.98139999806881 19.454799997806546 77.35000000000001
    endloop
  endfacet
  facet normal 0 1 0
    outer loop
      vertex 113.93659999966621 19.454799997806546 76.35000000000001
      vertex 113.93659999966621 19.454799997806546 77.35000000000001
      vertex 116.98139999806881 19.454799997806546 76.35000000000001
    endloop
  endfacet
  facet normal 0 0 1
    outer loop
      vertex 113.93659999966621 19.454799997806546 76.35000000000001
      vertex 116.98139999806881 19.454799997806546 76.35000000000001
      vertex 113.93659999966621 20.675399999320504 76.35000000000001
    endloop
  endfacet
  facet normal 0 1 0
    outer loop
      vertex 116.98139999806881 19.454799997806546 76.35000000000001
      vertex 113.93659999966621 19.454799997806546 77.35000000000001
      vertex 116.98139999806881 19.454799997806546 77.35000000000001
    endloop
  endfacet
  facet normal 0 0 1
    outer loop
      vertex 113.93659999966621 20.675399999320504 76.35000000000001
      vertex 116.98139999806881 19.454799997806546 76.35000000000001
      vertex 117.80189999938011 19.468399997055528 76.35000000000001
    endloop
  endfacet
  facet normal 0 -1 0
    outer loop
      vertex 113.93659999966621 20.675399999320504 76.35000000000001
      vertex 122.48780000209808 20.675399999320504 77.35000000000001
      vertex 113.93659999966621 20.675399999320504 77.35000000000001
    endloop
  endfacet
  facet normal 0 0 1
    outer loop
      vertex 113.93659999966621 20.675399999320504 77.35000000000001
      vertex 118.66319374740124 22.400456252694127 77.35000000000001
      vertex 117.47647500038147 23.017124998569486 77.35000000000001
    endloop
  endfacet
  facet normal 0 0 1
    outer loop
      vertex 113.93659999966621 20.675399999320504 77.35000000000001
      vertex 117.47647500038147 23.017124998569486 77.35000000000001
      vertex 116.76444374769926 24.044906246662137 77.35000000000001
    endloop
  endfacet
  facet normal 0 0 1
    outer loop
      vertex 117.47138124704361 17.97224375158548 76.35000000000001
      vertex 116.83229999989271 18.559599998593328 76.35000000000001
      vertex 116.69877500087023 18.264218750596044 76.35000000000001
    endloop
  endfacet
  facet normal 0 0 1
    outer loop
      vertex 117.47138124704361 17.97224375158548 76.35000000000001
      vertex 117.59852500259876 18.379975001513955 76.35000000000001
      vertex 116.83229999989271 18.559599998593328 76.35000000000001
    endloop
  endfacet
  facet normal 0 0 1
    outer loop
      vertex 116.83229999989271 18.559599998593328 76.35000000000001
      vertex 117.59852500259876 18.379975001513955 76.35000000000001
      vertex 117.00731249898672 18.824087503552434 76.35000000000001
    endloop
  endfacet
  facet normal -0.9546612872571939 0.2976941830342634 0
    outer loop
      vertex 117.47138124704361 17.97224375158548 76.35000000000001
      vertex 117.59852500259876 18.379975001513955 77.35000000000001
      vertex 117.59852500259876 18.379975001513955 76.35000000000001
    endloop
  endfacet
  facet normal 0 0 1
    outer loop
      vertex 117.59852500259876 18.379975001513955 76.35000000000001
      vertex 117.81043124943972 18.718193750083444 76.35000000000001
      vertex 117.22725000232458 19.061450000107286 76.35000000000001
    endloop
  endfacet
  facet normal -0.8474127588015677 0.5309346628544006 0
    outer loop
      vertex 117.59852500259876 18.379975001513955 76.35000000000001
      vertex 117.81043124943972 18.718193750083444 77.35000000000001
      vertex 117.81043124943972 18.718193750083444 76.35000000000001
    endloop
  endfacet
  facet normal -0.8474127588015677 0.5309346628544006 0
    outer loop
      vertex 117.59852500259876 18.379975001513955 76.35000000000001
      vertex 117.59852500259876 18.379975001513955 77.35000000000001
      vertex 117.81043124943972 18.718193750083444 77.35000000000001
    endloop
  endfacet
  facet normal 0 0 1
    outer loop
      vertex 117.59852500259876 18.379975001513955 76.35000000000001
      vertex 117.22725000232458 19.061450000107286 76.35000000000001
      vertex 117.00731249898672 18.824087503552434 76.35000000000001
    endloop
  endfacet
  facet normal 0.8339554182858319 -0.5518318224891559 0
    outer loop
      vertex 116.83229999989271 18.559599998593328 76.35000000000001
      vertex 117.00731249898672 18.824087503552434 76.35000000000001
      vertex 117.00731249898672 18.824087503552434 77.35000000000001
    endloop
  endfacet
  facet normal 0.7335181187394464 -0.6796698974362064 0
    outer loop
      vertex 117.00731249898672 18.824087503552434 76.35000000000001
      vertex 117.22725000232458 19.061450000107286 76.35000000000001
      vertex 117.22725000232458 19.061450000107286 77.35000000000001
    endloop
  endfacet
  facet normal 0.6217107821674083 -0.7832468980703271 0
    outer loop
      vertex 117.22725000232458 19.061450000107286 76.35000000000001
      vertex 117.49211250245571 19.271687503159043 76.35000000000001
      vertex 117.49211250245571 19.271687503159043 77.35000000000001
    endloop
  endfacet
  facet normal 0 0 1
    outer loop
      vertex 117.81043124943972 18.718193750083444 76.35000000000001
      vertex 118.10710000246763 18.986899997293946 76.35000000000001
      vertex 117.49211250245571 19.271687503159043 76.35000000000001
    endloop
  endfacet
  facet normal 0 0 1
    outer loop
      vertex 117.81043124943972 18.718193750083444 76.35000000000001
      vertex 117.49211250245571 19.271687503159043 76.35000000000001
      vertex 117.22725000232458 19.061450000107286 76.35000000000001
    endloop
  endfacet
  facet normal 0 0 1
    outer loop
      vertex 117.49211250245571 19.271687503159043 76.35000000000001
      vertex 118.10710000246763 18.986899997293946 76.35000000000001
      vertex 117.80189999938011 19.454799997806546 76.35000000000001
    endloop
  endfacet
  facet normal 0.7335181187394464 -0.6796698974362064 0
    outer loop
      vertex 117.00731249898672 18.824087503552434 76.35000000000001
      vertex 117.22725000232458 19.061450000107286 77.35000000000001
      vertex 117.00731249898672 18.824087503552434 77.35000000000001
    endloop
  endfacet
  facet normal 0.6217107821674083 -0.7832468980703271 0
    outer loop
      vertex 117.22725000232458 19.061450000107286 76.35000000000001
      vertex 117.49211250245571 19.271687503159043 77.35000000000001
      vertex 117.22725000232458 19.061450000107286 77.35000000000001
    endloop
  endfacet
  facet normal 0 0 1
    outer loop
      vertex 117.00731249898672 18.824087503552434 77.35000000000001
      vertex 117.22725000232458 19.061450000107286 77.35000000000001
      vertex 116.98139999806881 19.454799997806546 77.35000000000001
    endloop
  endfacet
  facet normal 0 0 1
    outer loop
      vertex 117.22725000232458 19.061450000107286 77.35000000000001
      vertex 117.49211250245571 19.271687503159043 77.35000000000001
      vertex 116.98139999806881 19.454799997806546 77.35000000000001
    endloop
  endfacet
  facet normal -0.6713138995699726 0.7411731567212596 0
    outer loop
      vertex 117.81043124943972 18.718193750083444 76.35000000000001
      vertex 117.81043124943972 18.718193750083444 77.35000000000001
      vertex 118.10710000246763 18.986899997293946 77.35000000000001
    endloop
  endfacet
  facet normal -0.6713138995699726 0.7411731567212596 0
    outer loop
      vertex 117.81043124943972 18.718193750083444 76.35000000000001
      vertex 118.10710000246763 18.986899997293946 77.35000000000001
      vertex 118.10710000246763 18.986899997293946 76.35000000000001
    endloop
  endfacet
  facet normal 0 0 1
    outer loop
      vertex 118.10710000246763 18.986899997293946 76.35000000000001
      vertex 118.49489375203848 19.191606248915193 76.35000000000001
      vertex 117.80189999938011 19.454799997806546 76.35000000000001
    endloop
  endfacet
  facet normal -0.46682519813745693 0.8843496109480254 0
    outer loop
      vertex 118.10710000246763 18.986899997293946 76.35000000000001
      vertex 118.49489375203848 19.191606248915193 77.35000000000001
      vertex 118.49489375203848 19.191606248915193 76.35000000000001
    endloop
  endfacet
  facet normal -0.28849598856551895 0.9574811040337058 0
    outer loop
      vertex 118.49489375203848 19.191606248915193 76.35000000000001
      vertex 118.98017500340939 19.33782500326633 77.35000000000001
      vertex 118.98017500340939 19.33782500326633 76.35000000000001
    endloop
  endfacet
  facet normal -0.46682519813745693 0.8843496109480254 0
    outer loop
      vertex 118.10710000246763 18.986899997293946 76.35000000000001
      vertex 118.10710000246763 18.986899997293946 77.35000000000001
      vertex 118.49489375203848 19.191606248915193 77.35000000000001
    endloop
  endfacet
  facet normal -0.28849598856551895 0.9574811040337058 0
    outer loop
      vertex 118.49489375203848 19.191606248915193 76.35000000000001
      vertex 118.49489375203848 19.191606248915193 77.35000000000001
      vertex 118.98017500340939 19.33782500326633 77.35000000000001
    endloop
  endfacet
  facet normal -0.016572981579282445 0.9998626587094714 0
    outer loop
      vertex 116.98139999806881 19.454799997806546 76.35000000000001
      vertex 116.98139999806881 19.454799997806546 77.35000000000001
      vertex 117.80189999938011 19.468399997055528 76.35000000000001
    endloop
  endfacet
  facet normal 0.5088451572648546 -0.8608580637527335 0
    outer loop
      vertex 117.49211250245571 19.271687503159043 76.35000000000001
      vertex 117.80189999938011 19.454799997806546 76.35000000000001
      vertex 117.80189999938011 19.454799997806546 77.35000000000001
    endloop
  endfacet
  facet normal 1 0 0
    outer loop
      vertex 117.80189999938011 19.468399997055528 76.35000000000001
      vertex 117.80189999938011 19.468399997055528 77.35000000000001
      vertex 117.80189999938011 19.454799997806546 76.35000000000001
    endloop
  endfacet
  facet normal 0.5088451572648546 -0.8608580637527335 0
    outer loop
      vertex 117.49211250245571 19.271687503159043 76.35000000000001
      vertex 117.80189999938011 19.454799997806546 77.35000000000001
      vertex 117.49211250245571 19.271687503159043 77.35000000000001
    endloop
  endfacet
  facet normal -0.016572981579282445 0.9998626587094714 0
    outer loop
      vertex 117.80189999938011 19.468399997055528 76.35000000000001
      vertex 116.98139999806881 19.454799997806546 77.35000000000001
      vertex 117.80189999938011 19.468399997055528 77.35000000000001
    endloop
  endfacet
  facet normal 1 0 0
    outer loop
      vertex 117.80189999938011 19.454799997806546 76.35000000000001
      vertex 117.80189999938011 19.468399997055528 77.35000000000001
      vertex 117.80189999938011 19.454799997806546 77.35000000000001
    endloop
  endfacet
  facet normal 0 0 1
    outer loop
      vertex 117.49211250245571 19.271687503159043 77.35000000000001
      vertex 117.80189999938011 19.468399997055528 77.35000000000001
      vertex 116.98139999806881 19.454799997806546 77.35000000000001
    endloop
  endfacet
  facet normal 0 0 1
    outer loop
      vertex 117.49211250245571 19.271687503159043 77.35000000000001
      vertex 117.80189999938011 19.454799997806546 77.35000000000001
      vertex 117.80189999938011 19.468399997055528 77.35000000000001
    endloop
  endfacet
  facet normal 0 0 1
    outer loop
      vertex 118.49489375203848 19.191606248915193 76.35000000000001
      vertex 117.80189999938011 19.468399997055528 76.35000000000001
      vertex 117.80189999938011 19.454799997806546 76.35000000000001
    endloop
  endfacet
  facet normal 0 0 1
    outer loop
      vertex 118.49489375203848 19.191606248915193 76.35000000000001
      vertex 118.98017500340939 19.33782500326633 76.35000000000001
      vertex 117.80189999938011 19.468399997055528 76.35000000000001
    endloop
  endfacet
  facet normal 0 0 1
    outer loop
      vertex 113.93659999966621 20.675399999320504 76.35000000000001
      vertex 117.80189999938011 19.468399997055528 76.35000000000001
      vertex 122.48780000209808 20.675399999320504 76.35000000000001
    endloop
  endfacet
  facet normal 0 0 1
    outer loop
      vertex 119.61149375140667 15.777843746542928 77.35000000000001
      vertex 119.56294374912977 19.425556252896783 77.35000000000001
      vertex 118.98017500340939 19.33782500326633 77.35000000000001
    endloop
  endfacet
  facet normal 0 0 1
    outer loop
      vertex 119.61149375140667 15.777843746542928 77.35000000000001
      vertex 120.24319999665022 19.454799997806546 77.35000000000001
      vertex 119.56294374912977 19.425556252896783 77.35000000000001
    endloop
  endfacet
  facet normal 0 0 1
    outer loop
      vertex 120.32460000365973 15.752200002968308 77.35000000000001
      vertex 120.94971249997616 19.425556252896783 77.35000000000001
      vertex 120.24319999665022 19.454799997806546 77.35000000000001
    endloop
  endfacet
  facet normal -0.14886472709426044 0.9888575696363715 0
    outer loop
      vertex 118.98017500340939 19.33782500326633 76.35000000000001
      vertex 119.56294374912977 19.425556252896783 77.35000000000001
      vertex 119.56294374912977 19.425556252896783 76.35000000000001
    endloop
  endfacet
  facet normal 0 0 1
    outer loop
      vertex 117.80189999938011 19.468399997055528 76.35000000000001
      vertex 118.98017500340939 19.33782500326633 76.35000000000001
      vertex 122.48780000209808 20.675399999320504 76.35000000000001
    endloop
  endfacet
  facet normal -0.14886472709426044 0.9888575696363715 0
    outer loop
      vertex 118.98017500340939 19.33782500326633 76.35000000000001
      vertex 118.98017500340939 19.33782500326633 77.35000000000001
      vertex 119.56294374912977 19.425556252896783 77.35000000000001
    endloop
  endfacet
  facet normal -0.0429496384859295 0.9990772385326012 0
    outer loop
      vertex 119.56294374912977 19.425556252896783 76.35000000000001
      vertex 119.56294374912977 19.425556252896783 77.35000000000001
      vertex 120.24319999665022 19.454799997806546 77.35000000000001
    endloop
  endfacet
  facet normal -0.0429496384859295 0.9990772385326012 0
    outer loop
      vertex 119.56294374912977 19.425556252896783 76.35000000000001
      vertex 120.24319999665022 19.454799997806546 77.35000000000001
      vertex 120.24319999665022 19.454799997806546 76.35000000000001
    endloop
  endfacet
  facet normal 0 0 1
    outer loop
      vertex 118.98017500340939 19.33782500326633 76.35000000000001
      vertex 119.56294374912977 19.425556252896783 76.35000000000001
      vertex 122.48780000209808 20.675399999320504 76.35000000000001
    endloop
  endfacet
  facet normal 0.041356275613088696 0.9991444632621521 0
    outer loop
      vertex 120.24319999665022 19.454799997806546 76.35000000000001
      vertex 120.94971249997616 19.425556252896783 77.35000000000001
      vertex 120.94971249997616 19.425556252896783 76.35000000000001
    endloop
  endfacet
  facet normal 0 0 1
    outer loop
      vertex 119.56294374912977 19.425556252896783 76.35000000000001
      vertex 120.24319999665022 19.454799997806546 76.35000000000001
      vertex 122.48780000209808 20.675399999320504 76.35000000000001
    endloop
  endfacet
  facet normal 0.041356275613088696 0.9991444632621521 0
    outer loop
      vertex 120.24319999665022 19.454799997806546 76.35000000000001
      vertex 120.24319999665022 19.454799997806546 77.35000000000001
      vertex 120.94971249997616 19.425556252896783 77.35000000000001
    endloop
  endfacet
  facet normal 0 0 1
    outer loop
      vertex 113.93659999966621 20.675399999320504 77.35000000000001
      vertex 122.48780000209808 20.675399999320504 77.35000000000001
      vertex 120.32460000365973 22.19490000158548 77.35000000000001
    endloop
  endfacet
  facet normal 0 0 1
    outer loop
      vertex 113.93659999966621 20.675399999320504 77.35000000000001
      vertex 120.32460000365973 22.19490000158548 77.35000000000001
      vertex 118.66319374740124 22.400456252694127 77.35000000000001
    endloop
  endfacet
  facet normal 0.46110257050820047 0.8873468428245689 0
    outer loop
      vertex 118.66319374740124 22.400456252694127 76.35000000000001
      vertex 117.47647500038147 23.017124998569486 77.35000000000001
      vertex 118.66319374740124 22.400456252694127 77.35000000000001
    endloop
  endfacet
  facet normal 0 -1 0
    outer loop
      vertex 113.93659999966621 20.675399999320504 76.35000000000001
      vertex 122.48780000209808 20.675399999320504 76.35000000000001
      vertex 122.48780000209808 20.675399999320504 77.35000000000001
    endloop
  endfacet
  facet normal 0.12278802358068418 0.9924329202848672 0
    outer loop
      vertex 118.66319374740124 22.400456252694127 76.35000000000001
      vertex 118.66319374740124 22.400456252694127 77.35000000000001
      vertex 120.32460000365973 22.19490000158548 76.35000000000001
    endloop
  endfacet
  facet normal 0 0 1
    outer loop
      vertex 118.66319374740124 22.400456252694127 76.35000000000001
      vertex 120.32460000365973 22.19490000158548 76.35000000000001
      vertex 119.62803124636412 23.50638124644756 76.35000000000001
    endloop
  endfacet
  facet normal 0.12278802358068418 0.9924329202848672 0
    outer loop
      vertex 120.32460000365973 22.19490000158548 76.35000000000001
      vertex 118.66319374740124 22.400456252694127 77.35000000000001
      vertex 120.32460000365973 22.19490000158548 77.35000000000001
    endloop
  endfacet
  facet normal -0.05876484778283982 0.9982718530866528 0
    outer loop
      vertex 120.32460000365973 22.19490000158548 76.35000000000001
      vertex 120.32460000365973 22.19490000158548 77.35000000000001
      vertex 121.19574374705553 22.24618125259876 76.35000000000001
    endloop
  endfacet
  facet normal 0 0 1
    outer loop
      vertex 120.32460000365973 22.19490000158548 76.35000000000001
      vertex 121.19574374705553 22.24618125259876 76.35000000000001
      vertex 121.00501874834299 23.50595625042915 76.35000000000001
    endloop
  endfacet
  facet normal -0.05876484778283982 0.9982718530866528 0
    outer loop
      vertex 121.19574374705553 22.24618125259876 76.35000000000001
      vertex 120.32460000365973 22.19490000158548 77.35000000000001
      vertex 121.19574374705553 22.24618125259876 77.35000000000001
    endloop
  endfacet
  facet normal 0 0 1
    outer loop
      vertex 110 25.325000000000003 69.85000000000001
      vertex 126.0000001 25.325000000000003 69.85000000000001
      vertex 120.07106781186548 28.325000000000003 69.85000000000001
    endloop
  endfacet
  facet normal 0 -1 0
    outer loop
      vertex 110 25.325000000000003 71.05000000000001
      vertex 126 25.325000000000003 71.05000000000001
      vertex 126 25.325000000000003 74.35000000000001
    endloop
  endfacet
  facet normal 0 0 1
    outer loop
      vertex 113.93659999966621 20.675399999320504 77.35000000000001
      vertex 116.76444374769926 24.044906246662137 77.35000000000001
      vertex 116.52709999680519 25.48379999697208 77.35000000000001
    endloop
  endfacet
  facet normal 0 0 1
    outer loop
      vertex 113.93659999966621 20.675399999320504 77.35000000000001
      vertex 116.52709999680519 25.48379999697208 77.35000000000001
      vertex 116.58495000004768 26.269131253659722 77.35000000000001
    endloop
  endfacet
  facet normal 0 0 1
    outer loop
      vertex 113.93659999966621 20.675399999320504 77.35000000000001
      vertex 116.58495000004768 26.269131253659722 77.35000000000001
      vertex 116.75850000232458 26.943425002694127 77.35000000000001
    endloop
  endfacet
  facet normal 0.9866674092179667 0.16274957323171563 0
    outer loop
      vertex 116.76444374769926 24.044906246662137 76.35000000000001
      vertex 116.52709999680519 25.48379999697208 77.35000000000001
      vertex 116.76444374769926 24.044906246662137 77.35000000000001
    endloop
  endfacet
  facet normal 0 -1 0
    outer loop
      vertex 110 25.325000000000003 71.05000000000001
      vertex 126 25.325000000000003 74.35000000000001
      vertex 110 25.325000000000003 74.35000000000001
    endloop
  endfacet
  facet normal 0.9866674092179667 0.16274957323171563 0
    outer loop
      vertex 116.76444374769926 24.044906246662137 76.35000000000001
      vertex 116.52709999680519 25.48379999697208 76.35000000000001
      vertex 116.52709999680519 25.48379999697208 77.35000000000001
    endloop
  endfacet
  facet normal 0 0 1
    outer loop
      vertex 116.52709999680519 25.48379999697208 76.35000000000001
      vertex 117.4720187485218 25.998087498545644 76.35000000000001
      vertex 116.58495000004768 26.269131253659722 76.35000000000001
    endloop
  endfacet
  facet normal 0.9972978593775705 -0.07346413874071822 0
    outer loop
      vertex 116.52709999680519 25.48379999697208 76.35000000000001
      vertex 116.58495000004768 26.269131253659722 76.35000000000001
      vertex 116.58495000004768 26.269131253659722 77.35000000000001
    endloop
  endfacet
  facet normal 0.9972978593775705 -0.07346413874071822 0
    outer loop
      vertex 116.52709999680519 25.48379999697208 76.35000000000001
      vertex 116.58495000004768 26.269131253659722 77.35000000000001
      vertex 116.52709999680519 25.48379999697208 77.35000000000001
    endloop
  endfacet
  facet normal 0.9684374203021872 -0.24925682128769316 0
    outer loop
      vertex 116.58495000004768 26.269131253659722 76.35000000000001
      vertex 116.75850000232458 26.943425002694127 77.35000000000001
      vertex 116.58495000004768 26.269131253659722 77.35000000000001
    endloop
  endfacet
  facet normal 0.9684374203021872 -0.24925682128769316 0
    outer loop
      vertex 116.58495000004768 26.269131253659722 76.35000000000001
      vertex 116.75850000232458 26.943425002694127 76.35000000000001
      vertex 116.75850000232458 26.943425002694127 77.35000000000001
    endloop
  endfacet
  facet normal 0.8895604040026148 -0.45681756493233133 0
    outer loop
      vertex 116.75850000232458 26.943425002694127 76.35000000000001
      vertex 117.04775000363588 27.506681251525876 77.35000000000001
      vertex 116.75850000232458 26.943425002694127 77.35000000000001
    endloop
  endfacet
  facet normal 0.46110257050820047 0.8873468428245689 0
    outer loop
      vertex 118.66319374740124 22.400456252694127 76.35000000000001
      vertex 117.47647500038147 23.017124998569486 76.35000000000001
      vertex 117.47647500038147 23.017124998569486 77.35000000000001
    endloop
  endfacet
  facet normal 0 0 1
    outer loop
      vertex 116.76444374769926 24.044906246662137 76.35000000000001
      vertex 117.47647500038147 23.017124998569486 76.35000000000001
      vertex 117.8238187506795 24.23073125183582 76.35000000000001
    endloop
  endfacet
  facet normal 0.8220085957189304 0.5694750816007599 0
    outer loop
      vertex 116.76444374769926 24.044906246662137 76.35000000000001
      vertex 116.76444374769926 24.044906246662137 77.35000000000001
      vertex 117.47647500038147 23.017124998569486 76.35000000000001
    endloop
  endfacet
  facet normal 0 0 1
    outer loop
      vertex 117.47647500038147 23.017124998569486 76.35000000000001
      vertex 118.130900003016 23.954600001871583 76.35000000000001
      vertex 117.8238187506795 24.23073125183582 76.35000000000001
    endloop
  endfacet
  facet normal 0.8220085957189304 0.5694750816007599 0
    outer loop
      vertex 117.47647500038147 23.017124998569486 76.35000000000001
      vertex 116.76444374769926 24.044906246662137 77.35000000000001
      vertex 117.47647500038147 23.017124998569486 77.35000000000001
    endloop
  endfacet
  facet normal 0 0 1
    outer loop
      vertex 118.66319374740124 22.400456252694127 76.35000000000001
      vertex 118.53118125349283 23.74543124735355 76.35000000000001
      vertex 117.47647500038147 23.017124998569486 76.35000000000001
    endloop
  endfacet
  facet normal 0 0 1
    outer loop
      vertex 118.66319374740124 22.400456252694127 76.35000000000001
      vertex 119.03022500127554 23.596025000512597 76.35000000000001
      vertex 118.53118125349283 23.74543124735355 76.35000000000001
    endloop
  endfacet
  facet normal 0 0 1
    outer loop
      vertex 117.47647500038147 23.017124998569486 76.35000000000001
      vertex 118.53118125349283 23.74543124735355 76.35000000000001
      vertex 118.130900003016 23.954600001871583 76.35000000000001
    endloop
  endfacet
  facet normal -0.286807384108965 -0.9579882694587512 0
    outer loop
      vertex 118.53118125349283 23.74543124735355 76.35000000000001
      vertex 119.03022500127554 23.596025000512597 76.35000000000001
      vertex 118.53118125349283 23.74543124735355 77.35000000000001
    endloop
  endfacet
  facet normal -0.463133915580094 -0.8862883143985654 0
    outer loop
      vertex 118.53118125349283 23.74543124735355 76.35000000000001
      vertex 118.53118125349283 23.74543124735355 77.35000000000001
      vertex 118.130900003016 23.954600001871583 77.35000000000001
    endloop
  endfacet
  facet normal -0.286807384108965 -0.9579882694587512 0
    outer loop
      vertex 119.03022500127554 23.596025000512597 76.35000000000001
      vertex 119.03022500127554 23.596025000512597 77.35000000000001
      vertex 118.53118125349283 23.74543124735355 77.35000000000001
    endloop
  endfacet
  facet normal 0 0 1
    outer loop
      vertex 116.76444374769926 24.044906246662137 76.35000000000001
      vertex 117.8238187506795 24.23073125183582 76.35000000000001
      vertex 117.60447499901056 24.58102499991655 76.35000000000001
    endloop
  endfacet
  facet normal -0.8475519816909917 -0.530712387580762 0
    outer loop
      vertex 117.8238187506795 24.23073125183582 76.35000000000001
      vertex 117.8238187506795 24.23073125183582 77.35000000000001
      vertex 117.60447499901056 24.58102499991655 77.35000000000001
    endloop
  endfacet
  facet normal 0 0 1
    outer loop
      vertex 116.76444374769926 24.044906246662137 76.35000000000001
      vertex 117.60447499901056 24.58102499991655 76.35000000000001
      vertex 117.4728687480092 25.005481253564355 76.35000000000001
    endloop
  endfacet
  facet normal 0 0 1
    outer loop
      vertex 116.76444374769926 24.044906246662137 76.35000000000001
      vertex 117.4728687480092 25.005481253564355 76.35000000000001
      vertex 116.52709999680519 25.48379999697208 76.35000000000001
    endloop
  endfacet
  facet normal -0.8475519816909917 -0.530712387580762 0
    outer loop
      vertex 117.8238187506795 24.23073125183582 76.35000000000001
      vertex 117.60447499901056 24.58102499991655 77.35000000000001
      vertex 117.60447499901056 24.58102499991655 76.35000000000001
    endloop
  endfacet
  facet normal -0.9551415336367147 -0.296149709981463 0
    outer loop
      vertex 117.60447499901056 24.58102499991655 76.35000000000001
      vertex 117.4728687480092 25.005481253564355 77.35000000000001
      vertex 117.4728687480092 25.005481253564355 76.35000000000001
    endloop
  endfacet
  facet normal -0.9551415336367147 -0.296149709981463 0
    outer loop
      vertex 117.60447499901056 24.58102499991655 76.35000000000001
      vertex 117.60447499901056 24.58102499991655 77.35000000000001
      vertex 117.4728687480092 25.005481253564355 77.35000000000001
    endloop
  endfacet
  facet normal -0.463133915580094 -0.8862883143985654 0
    outer loop
      vertex 118.53118125349283 23.74543124735355 76.35000000000001
      vertex 118.130900003016 23.954600001871583 77.35000000000001
      vertex 118.130900003016 23.954600001871583 76.35000000000001
    endloop
  endfacet
  facet normal -0.6686410792345938 -0.7435853059064559 0
    outer loop
      vertex 117.8238187506795 24.23073125183582 76.35000000000001
      vertex 118.130900003016 23.954600001871583 76.35000000000001
      vertex 117.8238187506795 24.23073125183582 77.35000000000001
    endloop
  endfacet
  facet normal -0.6686410792345938 -0.7435853059064559 0
    outer loop
      vertex 118.130900003016 23.954600001871583 76.35000000000001
      vertex 118.130900003016 23.954600001871583 77.35000000000001
      vertex 117.8238187506795 24.23073125183582 77.35000000000001
    endloop
  endfacet
  facet normal 0 0 1
    outer loop
      vertex 118.53118125349283 23.74543124735355 77.35000000000001
      vertex 119.03022500127554 23.596025000512597 77.35000000000001
      vertex 119.01327499747276 27.35794999748468 77.35000000000001
    endloop
  endfacet
  facet normal 0 0 1
    outer loop
      vertex 118.66319374740124 22.400456252694127 76.35000000000001
      vertex 119.62803124636412 23.50638124644756 76.35000000000001
      vertex 119.03022500127554 23.596025000512597 76.35000000000001
    endloop
  endfacet
  facet normal -0.14829647432149198 -0.9889429486597369 0
    outer loop
      vertex 119.03022500127554 23.596025000512597 76.35000000000001
      vertex 119.62803124636412 23.50638124644756 76.35000000000001
      vertex 119.03022500127554 23.596025000512597 77.35000000000001
    endloop
  endfacet
  facet normal -0.04285835382305774 -0.9990811586190471 0
    outer loop
      vertex 119.62803124636412 23.50638124644756 76.35000000000001
      vertex 120.32460000365973 23.476500000059602 76.35000000000001
      vertex 119.62803124636412 23.50638124644756 77.35000000000001
    endloop
  endfacet
  facet normal -0.14829647432149198 -0.9889429486597369 0
    outer loop
      vertex 119.62803124636412 23.50638124644756 76.35000000000001
      vertex 119.62803124636412 23.50638124644756 77.35000000000001
      vertex 119.03022500127554 23.596025000512597 77.35000000000001
    endloop
  endfacet
  facet normal 0 0 1
    outer loop
      vertex 120.32460000365973 22.19490000158548 76.35000000000001
      vertex 120.32460000365973 23.476500000059602 76.35000000000001
      vertex 119.62803124636412 23.50638124644756 76.35000000000001
    endloop
  endfacet
  facet normal 0 0 1
    outer loop
      vertex 120.32460000365973 22.19490000158548 76.35000000000001
      vertex 121.00501874834299 23.50595625042915 76.35000000000001
      vertex 120.32460000365973 23.476500000059602 76.35000000000001
    endloop
  endfacet
  facet normal 0.04325084625635828 -0.9990642443297172 0
    outer loop
      vertex 120.32460000365973 23.476500000059602 76.35000000000001
      vertex 121.00501874834299 23.50595625042915 76.35000000000001
      vertex 120.32460000365973 23.476500000059602 77.35000000000001
    endloop
  endfacet
  facet normal -0.04285835382305774 -0.9990811586190471 0
    outer loop
      vertex 120.32460000365973 23.476500000059602 76.35000000000001
      vertex 120.32460000365973 23.476500000059602 77.35000000000001
      vertex 119.62803124636412 23.50638124644756 77.35000000000001
    endloop
  endfacet
  facet normal 0.04325084625635828 -0.9990642443297172 0
    outer loop
      vertex 121.00501874834299 23.50595625042915 76.35000000000001
      vertex 121.00501874834299 23.50595625042915 77.35000000000001
      vertex 120.32460000365973 23.476500000059602 77.35000000000001
    endloop
  endfacet
  facet normal 0 0 1
    outer loop
      vertex 119.03022500127554 23.596025000512597 77.35000000000001
      vertex 119.62803124636412 23.50638124644756 77.35000000000001
      vertex 119.61701875180006 27.4425125002861 77.35000000000001
    endloop
  endfacet
  facet normal 0 0 1
    outer loop
      vertex 119.62803124636412 23.50638124644756 77.35000000000001
      vertex 120.32460000365973 23.476500000059602 77.35000000000001
      vertex 120.32460000365973 27.47069999873638 77.35000000000001
    endloop
  endfacet
  facet normal 0 0 1
    outer loop
      vertex 120.32460000365973 23.476500000059602 77.35000000000001
      vertex 121.00501874834299 23.50595625042915 77.35000000000001
      vertex 120.32460000365973 27.47069999873638 77.35000000000001
    endloop
  endfacet
  facet normal 0 0 1
    outer loop
      vertex 116.52709999680519 25.48379999697208 76.35000000000001
      vertex 117.4728687480092 25.005481253564355 76.35000000000001
      vertex 117.42899999767542 25.504099997878072 76.35000000000001
    endloop
  endfacet
  facet normal -0.9961520363322843 -0.08764200197989094 0
    outer loop
      vertex 117.4728687480092 25.005481253564355 76.35000000000001
      vertex 117.42899999767542 25.504099997878072 77.35000000000001
      vertex 117.42899999767542 25.504099997878072 76.35000000000001
    endloop
  endfacet
  facet normal -0.9961520363322843 -0.08764200197989094 0
    outer loop
      vertex 117.4728687480092 25.005481253564355 76.35000000000001
      vertex 117.4728687480092 25.005481253564355 77.35000000000001
      vertex 117.42899999767542 25.504099997878072 77.35000000000001
    endloop
  endfacet
  facet normal 0 0 1
    outer loop
      vertex 116.52709999680519 25.48379999697208 76.35000000000001
      vertex 117.42899999767542 25.504099997878072 76.35000000000001
      vertex 117.4720187485218 25.998087498545644 76.35000000000001
    endloop
  endfacet
  facet normal -0.9962295599826216 0.08675634741523015 0
    outer loop
      vertex 117.42899999767542 25.504099997878072 76.35000000000001
      vertex 117.4720187485218 25.998087498545644 77.35000000000001
      vertex 117.4720187485218 25.998087498545644 76.35000000000001
    endloop
  endfacet
  facet normal -0.9962295599826216 0.08675634741523015 0
    outer loop
      vertex 117.42899999767542 25.504099997878072 76.35000000000001
      vertex 117.42899999767542 25.504099997878072 77.35000000000001
      vertex 117.4720187485218 25.998087498545644 77.35000000000001
    endloop
  endfacet
  facet normal 0 0 1
    outer loop
      vertex 117.8238187506795 24.23073125183582 77.35000000000001
      vertex 118.130900003016 23.954600001871583 77.35000000000001
      vertex 119.01327499747276 27.35794999748468 77.35000000000001
    endloop
  endfacet
  facet normal 0 0 1
    outer loop
      vertex 117.8238187506795 24.23073125183582 77.35000000000001
      vertex 119.01327499747276 27.35794999748468 77.35000000000001
      vertex 117.60447499901056 24.58102499991655 77.35000000000001
    endloop
  endfacet
  facet normal 0 0 1
    outer loop
      vertex 118.53118125349283 23.74543124735355 77.35000000000001
      vertex 119.01327499747276 27.35794999748468 77.35000000000001
      vertex 118.130900003016 23.954600001871583 77.35000000000001
    endloop
  endfacet
  facet normal 0 0 1
    outer loop
      vertex 117.60447499901056 24.58102499991655 77.35000000000001
      vertex 119.01327499747276 27.35794999748468 77.35000000000001
      vertex 117.4728687480092 25.005481253564355 77.35000000000001
    endloop
  endfacet
  facet normal 0 0 1
    outer loop
      vertex 117.4728687480092 25.005481253564355 77.35000000000001
      vertex 119.01327499747276 27.35794999748468 77.35000000000001
      vertex 117.42899999767542 25.504099997878072 77.35000000000001
    endloop
  endfacet
  facet normal 0 0 1
    outer loop
      vertex 116.58495000004768 26.269131253659722 76.35000000000001
      vertex 117.4720187485218 25.998087498545644 76.35000000000001
      vertex 117.60107500106096 26.41535000056028 76.35000000000001
    endloop
  endfacet
  facet normal 0 0 1
    outer loop
      vertex 116.58495000004768 26.269131253659722 76.35000000000001
      vertex 117.60107500106096 26.41535000056028 76.35000000000001
      vertex 116.75850000232458 26.943425002694127 76.35000000000001
    endloop
  endfacet
  facet normal -0.9553482300391983 0.29548224880857205 0
    outer loop
      vertex 117.4720187485218 25.998087498545644 76.35000000000001
      vertex 117.60107500106096 26.41535000056028 77.35000000000001
      vertex 117.60107500106096 26.41535000056028 76.35000000000001
    endloop
  endfacet
  facet normal -0.845469360742313 0.5340239320910481 0
    outer loop
      vertex 117.60107500106096 26.41535000056028 76.35000000000001
      vertex 117.81616874784231 26.755887496471402 77.35000000000001
      vertex 117.81616874784231 26.755887496471402 76.35000000000001
    endloop
  endfacet
  facet normal -0.9553482300391983 0.29548224880857205 0
    outer loop
      vertex 117.4720187485218 25.998087498545644 76.35000000000001
      vertex 117.4720187485218 25.998087498545644 77.35000000000001
      vertex 117.60107500106096 26.41535000056028 77.35000000000001
    endloop
  endfacet
  facet normal 0 0 1
    outer loop
      vertex 117.42899999767542 25.504099997878072 77.35000000000001
      vertex 118.51336874812841 27.217012497782704 77.35000000000001
      vertex 117.4720187485218 25.998087498545644 77.35000000000001
    endloop
  endfacet
  facet normal -0.845469360742313 0.5340239320910481 0
    outer loop
      vertex 117.60107500106096 26.41535000056028 76.35000000000001
      vertex 117.60107500106096 26.41535000056028 77.35000000000001
      vertex 117.81616874784231 26.755887496471402 77.35000000000001
    endloop
  endfacet
  facet normal 0 0 1
    outer loop
      vertex 117.4720187485218 25.998087498545644 77.35000000000001
      vertex 118.11729999631643 27.01970000118017 77.35000000000001
      vertex 117.60107500106096 26.41535000056028 77.35000000000001
    endloop
  endfacet
  facet normal 0 0 1
    outer loop
      vertex 116.75850000232458 26.943425002694127 76.35000000000001
      vertex 117.60107500106096 26.41535000056028 76.35000000000001
      vertex 117.81616874784231 26.755887496471402 76.35000000000001
    endloop
  endfacet
  facet normal 0 0 1
    outer loop
      vertex 116.75850000232458 26.943425002694127 76.35000000000001
      vertex 117.81616874784231 26.755887496471402 76.35000000000001
      vertex 117.04775000363588 27.506681251525876 76.35000000000001
    endloop
  endfacet
  facet normal 0 0 1
    outer loop
      vertex 117.81616874784231 26.755887496471402 76.35000000000001
      vertex 118.11729999631643 27.01970000118017 76.35000000000001
      vertex 117.04775000363588 27.506681251525876 76.35000000000001
    endloop
  endfacet
  facet normal 0 0 1
    outer loop
      vertex 117.60107500106096 26.41535000056028 77.35000000000001
      vertex 118.11729999631643 27.01970000118017 77.35000000000001
      vertex 117.81616874784231 26.755887496471402 77.35000000000001
    endloop
  endfacet
  facet normal -0.6589609586449799 0.7521771433523416 0
    outer loop
      vertex 117.81616874784231 26.755887496471402 76.35000000000001
      vertex 118.11729999631643 27.01970000118017 77.35000000000001
      vertex 118.11729999631643 27.01970000118017 76.35000000000001
    endloop
  endfacet
  facet normal -0.44590801498154253 0.8950787910431239 0
    outer loop
      vertex 118.11729999631643 27.01970000118017 76.35000000000001
      vertex 118.51336874812841 27.217012497782704 77.35000000000001
      vertex 118.51336874812841 27.217012497782704 76.35000000000001
    endloop
  endfacet
  facet normal -0.6589609586449799 0.7521771433523416 0
    outer loop
      vertex 117.81616874784231 26.755887496471402 76.35000000000001
      vertex 117.81616874784231 26.755887496471402 77.35000000000001
      vertex 118.11729999631643 27.01970000118017 77.35000000000001
    endloop
  endfacet
  facet normal 0 0 1
    outer loop
      vertex 117.4720187485218 25.998087498545644 77.35000000000001
      vertex 118.51336874812841 27.217012497782704 77.35000000000001
      vertex 118.11729999631643 27.01970000118017 77.35000000000001
    endloop
  endfacet
  facet normal 0 0 1
    outer loop
      vertex 117.42899999767542 25.504099997878072 77.35000000000001
      vertex 119.01327499747276 27.35794999748468 77.35000000000001
      vertex 118.51336874812841 27.217012497782704 77.35000000000001
    endloop
  endfacet
  facet normal -0.44590801498154253 0.8950787910431239 0
    outer loop
      vertex 118.11729999631643 27.01970000118017 76.35000000000001
      vertex 118.11729999631643 27.01970000118017 77.35000000000001
      vertex 118.51336874812841 27.217012497782704 77.35000000000001
    endloop
  endfacet
  facet normal 0 0 1
    outer loop
      vertex 119.03022500127554 23.596025000512597 77.35000000000001
      vertex 119.61701875180006 27.4425125002861 77.35000000000001
      vertex 119.01327499747276 27.35794999748468 77.35000000000001
    endloop
  endfacet
  facet normal 0 0 1
    outer loop
      vertex 119.62803124636412 23.50638124644756 77.35000000000001
      vertex 120.32460000365973 27.47069999873638 77.35000000000001
      vertex 119.61701875180006 27.4425125002861 77.35000000000001
    endloop
  endfacet
  facet normal 0 0 1
    outer loop
      vertex 121.00501874834299 23.50595625042915 77.35000000000001
      vertex 121.02431874722242 27.44124374836683 77.35000000000001
      vertex 120.32460000365973 27.47069999873638 77.35000000000001
    endloop
  endfacet
  facet normal 0 0 1
    outer loop
      vertex 121.03958124667406 15.777631248533723 77.35000000000001
      vertex 121.5570499971509 19.33782500326633 77.35000000000001
      vertex 120.94971249997616 19.425556252896783 77.35000000000001
    endloop
  endfacet
  facet normal 0.2765205822882701 0.9610079955811794 0
    outer loop
      vertex 122.0652125030756 19.191606248915193 76.35000000000001
      vertex 121.5570499971509 19.33782500326633 76.35000000000001
      vertex 122.0652125030756 19.191606248915193 77.35000000000001
    endloop
  endfacet
  facet normal 0.2765205822882701 0.9610079955811794 0
    outer loop
      vertex 121.5570499971509 19.33782500326633 76.35000000000001
      vertex 121.5570499971509 19.33782500326633 77.35000000000001
      vertex 122.0652125030756 19.191606248915193 77.35000000000001
    endloop
  endfacet
  facet normal 0.8349134260367234 0.5503812960335961 0
    outer loop
      vertex 122.78867500275373 18.717350001633164 76.35000000000001
      vertex 123.01330000162125 18.376600000262258 77.35000000000001
      vertex 123.01330000162125 18.376600000262258 76.35000000000001
    endloop
  endfacet
  facet normal 0.8349134260367234 0.5503812960335961 0
    outer loop
      vertex 122.78867500275373 18.717350001633164 76.35000000000001
      vertex 122.78867500275373 18.717350001633164 77.35000000000001
      vertex 123.01330000162125 18.376600000262258 77.35000000000001
    endloop
  endfacet
  facet normal 0.44758526079822436 0.8942412618058873 0
    outer loop
      vertex 122.0652125030756 19.191606248915193 76.35000000000001
      vertex 122.4742000028491 18.986899997293946 77.35000000000001
      vertex 122.4742000028491 18.986899997293946 76.35000000000001
    endloop
  endfacet
  facet normal 0.6507913675303775 0.7592566074443746 0
    outer loop
      vertex 122.78867500275373 18.717350001633164 76.35000000000001
      vertex 122.4742000028491 18.986899997293946 76.35000000000001
      vertex 122.78867500275373 18.717350001633164 77.35000000000001
    endloop
  endfacet
  facet normal 0 0 1
    outer loop
      vertex 122.78867500275373 18.717350001633164 76.35000000000001
      vertex 122.8201000019908 19.454799997806546 76.35000000000001
      vertex 122.4742000028491 18.986899997293946 76.35000000000001
    endloop
  endfacet
  facet normal 0 0 1
    outer loop
      vertex 122.0652125030756 19.191606248915193 76.35000000000001
      vertex 122.4742000028491 18.986899997293946 76.35000000000001
      vertex 122.8201000019908 19.454799997806546 76.35000000000001
    endloop
  endfacet
  facet normal 0 0 1
    outer loop
      vertex 122.78867500275373 18.717350001633164 76.35000000000001
      vertex 123.14769999682903 19.271474997699258 76.35000000000001
      vertex 122.8201000019908 19.454799997806546 76.35000000000001
    endloop
  endfacet
  facet normal 0.44758526079822436 0.8942412618058873 0
    outer loop
      vertex 122.0652125030756 19.191606248915193 76.35000000000001
      vertex 122.0652125030756 19.191606248915193 77.35000000000001
      vertex 122.4742000028491 18.986899997293946 77.35000000000001
    endloop
  endfacet
  facet normal 0.6507913675303775 0.7592566074443746 0
    outer loop
      vertex 122.4742000028491 18.986899997293946 76.35000000000001
      vertex 122.4742000028491 18.986899997293946 77.35000000000001
      vertex 122.78867500275373 18.717350001633164 77.35000000000001
    endloop
  endfacet
  facet normal 0.14296830084721884 0.989727267964695 0
    outer loop
      vertex 120.94971249997616 19.425556252896783 76.35000000000001
      vertex 121.5570499971509 19.33782500326633 77.35000000000001
      vertex 121.5570499971509 19.33782500326633 76.35000000000001
    endloop
  endfacet
  facet normal 0 0 1
    outer loop
      vertex 120.24319999665022 19.454799997806546 76.35000000000001
      vertex 120.94971249997616 19.425556252896783 76.35000000000001
      vertex 122.48780000209808 20.675399999320504 76.35000000000001
    endloop
  endfacet
  facet normal 0 0 1
    outer loop
      vertex 120.94971249997616 19.425556252896783 76.35000000000001
      vertex 121.5570499971509 19.33782500326633 76.35000000000001
      vertex 122.48780000209808 20.675399999320504 76.35000000000001
    endloop
  endfacet
  facet normal 0.14296830084721884 0.989727267964695 0
    outer loop
      vertex 120.94971249997616 19.425556252896783 76.35000000000001
      vertex 120.94971249997616 19.425556252896783 77.35000000000001
      vertex 121.5570499971509 19.33782500326633 77.35000000000001
    endloop
  endfacet
  facet normal 0 0 1
    outer loop
      vertex 122.0652125030756 19.191606248915193 76.35000000000001
      vertex 122.48780000209808 20.675399999320504 76.35000000000001
      vertex 121.5570499971509 19.33782500326633 76.35000000000001
    endloop
  endfacet
  facet normal 0 0 1
    outer loop
      vertex 122.0652125030756 19.191606248915193 76.35000000000001
      vertex 122.8201000019908 19.454799997806546 76.35000000000001
      vertex 122.8201000019908 19.481900002062318 76.35000000000001
    endloop
  endfacet
  facet normal -1 0 0
    outer loop
      vertex 122.8201000019908 19.454799997806546 76.35000000000001
      vertex 122.8201000019908 19.454799997806546 77.35000000000001
      vertex 122.8201000019908 19.481900002062318 76.35000000000001
    endloop
  endfacet
  facet normal -0.009928707184266012 0.9999507091720317 0
    outer loop
      vertex 122.8201000019908 19.481900002062318 76.35000000000001
      vertex 122.8201000019908 19.481900002062318 77.35000000000001
      vertex 122.9692812487483 19.483381251990792 76.35000000000001
    endloop
  endfacet
  facet normal 0 0 1
    outer loop
      vertex 122.0652125030756 19.191606248915193 76.35000000000001
      vertex 122.8201000019908 19.481900002062318 76.35000000000001
      vertex 122.48780000209808 20.675399999320504 76.35000000000001
    endloop
  endfacet
  facet normal -0.48833770426238715 -0.8726547350445887 0
    outer loop
      vertex 122.8201000019908 19.454799997806546 76.35000000000001
      vertex 123.14769999682903 19.271474997699258 77.35000000000001
      vertex 122.8201000019908 19.454799997806546 77.35000000000001
    endloop
  endfacet
  facet normal -1 0 0
    outer loop
      vertex 122.8201000019908 19.481900002062318 76.35000000000001
      vertex 122.8201000019908 19.454799997806546 77.35000000000001
      vertex 122.8201000019908 19.481900002062318 77.35000000000001
    endloop
  endfacet
  facet normal -0.009928707184266012 0.9999507091720317 0
    outer loop
      vertex 122.9692812487483 19.483381251990792 76.35000000000001
      vertex 122.8201000019908 19.481900002062318 77.35000000000001
      vertex 122.9692812487483 19.483381251990792 77.35000000000001
    endloop
  endfacet
  facet normal 0 0 1
    outer loop
      vertex 122.8201000019908 19.481900002062318 77.35000000000001
      vertex 122.8201000019908 19.454799997806546 77.35000000000001
      vertex 122.9692812487483 19.483381251990792 77.35000000000001
    endloop
  endfacet
  facet normal 0 0 1
    outer loop
      vertex 122.8201000019908 19.481900002062318 76.35000000000001
      vertex 122.9692812487483 19.483381251990792 76.35000000000001
      vertex 123.012062497437 20.677943746745584 76.35000000000001
    endloop
  endfacet
  facet normal 0 0 1
    outer loop
      vertex 122.8201000019908 19.481900002062318 76.35000000000001
      vertex 123.012062497437 20.677943746745584 76.35000000000001
      vertex 122.48780000209808 20.675399999320504 76.35000000000001
    endloop
  endfacet
  facet normal 0 0 1
    outer loop
      vertex 123.14807499945164 17.964650000631806 76.35000000000001
      vertex 123.83049999922514 18.556200000643727 76.35000000000001
      vertex 123.01330000162125 18.376600000262258 76.35000000000001
    endloop
  endfacet
  facet normal 0 0 1
    outer loop
      vertex 122.78867500275373 18.717350001633164 76.35000000000001
      vertex 123.01330000162125 18.376600000262258 76.35000000000001
      vertex 123.42530000209808 19.060600000619885 76.35000000000001
    endloop
  endfacet
  facet normal 0 0 1
    outer loop
      vertex 123.14807499945164 17.964650000631806 76.35000000000001
      vertex 123.96398124843836 18.259756247699258 76.35000000000001
      vertex 123.83049999922514 18.556200000643727 76.35000000000001
    endloop
  endfacet
  facet normal -0.9118276004328568 -0.41057329076409554 0
    outer loop
      vertex 123.83049999922514 18.556200000643727 76.35000000000001
      vertex 123.96398124843836 18.259756247699258 76.35000000000001
      vertex 123.96398124843836 18.259756247699258 77.35000000000001
    endloop
  endfacet
  facet normal 0 0 1
    outer loop
      vertex 123.01330000162125 18.376600000262258 76.35000000000001
      vertex 123.83049999922514 18.556200000643727 76.35000000000001
      vertex 123.65290000289679 18.82217499911785 76.35000000000001
    endloop
  endfacet
  facet normal -0.8316411875320714 -0.555313366668088 0
    outer loop
      vertex 123.83049999922514 18.556200000643727 76.35000000000001
      vertex 123.83049999922514 18.556200000643727 77.35000000000001
      vertex 123.65290000289679 18.82217499911785 76.35000000000001
    endloop
  endfacet
  facet normal 0.9504278165430762 0.3109452774061069 0
    outer loop
      vertex 123.14807499945164 17.964650000631806 77.35000000000001
      vertex 123.01330000162125 18.376600000262258 76.35000000000001
      vertex 123.01330000162125 18.376600000262258 77.35000000000001
    endloop
  endfacet
  facet normal -0.9118276004328568 -0.41057329076409554 0
    outer loop
      vertex 123.83049999922514 18.556200000643727 76.35000000000001
      vertex 123.96398124843836 18.259756247699258 77.35000000000001
      vertex 123.83049999922514 18.556200000643727 77.35000000000001
    endloop
  endfacet
  facet normal 0 0 1
    outer loop
      vertex 123.01330000162125 18.376600000262258 76.35000000000001
      vertex 123.65290000289679 18.82217499911785 76.35000000000001
      vertex 123.42530000209808 19.060600000619885 76.35000000000001
    endloop
  endfacet
  facet normal 0 0 1
    outer loop
      vertex 122.78867500275373 18.717350001633164 76.35000000000001
      vertex 123.42530000209808 19.060600000619885 76.35000000000001
      vertex 123.14769999682903 19.271474997699258 76.35000000000001
    endloop
  endfacet
  facet normal -0.6048995923329051 -0.7963017538568437 0
    outer loop
      vertex 123.14769999682903 19.271474997699258 76.35000000000001
      vertex 123.42530000209808 19.060600000619885 76.35000000000001
      vertex 123.42530000209808 19.060600000619885 77.35000000000001
    endloop
  endfacet
  facet normal -0.7233366040081537 -0.6904955881842776 0
    outer loop
      vertex 123.42530000209808 19.060600000619885 76.35000000000001
      vertex 123.65290000289679 18.82217499911785 76.35000000000001
      vertex 123.65290000289679 18.82217499911785 77.35000000000001
    endloop
  endfacet
  facet normal -0.6048995923329051 -0.7963017538568437 0
    outer loop
      vertex 123.14769999682903 19.271474997699258 76.35000000000001
      vertex 123.42530000209808 19.060600000619885 77.35000000000001
      vertex 123.14769999682903 19.271474997699258 77.35000000000001
    endloop
  endfacet
  facet normal 0 0 1
    outer loop
      vertex 123.14769999682903 19.271474997699258 77.35000000000001
      vertex 123.42530000209808 19.060600000619885 77.35000000000001
      vertex 123.30833125114441 19.495231251418588 77.35000000000001
    endloop
  endfacet
  facet normal -0.7233366040081537 -0.6904955881842776 0
    outer loop
      vertex 123.42530000209808 19.060600000619885 76.35000000000001
      vertex 123.65290000289679 18.82217499911785 77.35000000000001
      vertex 123.42530000209808 19.060600000619885 77.35000000000001
    endloop
  endfacet
  facet normal -0.8316411875320714 -0.555313366668088 0
    outer loop
      vertex 123.65290000289679 18.82217499911785 76.35000000000001
      vertex 123.83049999922514 18.556200000643727 77.35000000000001
      vertex 123.65290000289679 18.82217499911785 77.35000000000001
    endloop
  endfacet
  facet normal 0 0 1
    outer loop
      vertex 123.83049999922514 18.556200000643727 77.35000000000001
      vertex 124 19.549700002372262 77.35000000000001
      vertex 123.65290000289679 18.82217499911785 77.35000000000001
    endloop
  endfacet
  facet normal 0 0 1
    outer loop
      vertex 123.42530000209808 19.060600000619885 77.35000000000001
      vertex 123.65290000289679 18.82217499911785 77.35000000000001
      vertex 123.67705000191927 19.517281252145764 77.35000000000001
    endloop
  endfacet
  facet normal 0 0 1
    outer loop
      vertex 123.65290000289679 18.82217499911785 77.35000000000001
      vertex 123.82029999792576 19.528524997830388 77.35000000000001
      vertex 123.67705000191927 19.517281252145764 77.35000000000001
    endloop
  endfacet
  facet normal 0 0 1
    outer loop
      vertex 123.65290000289679 18.82217499911785 77.35000000000001
      vertex 123.92795000225306 19.53933125287294 77.35000000000001
      vertex 123.82029999792576 19.528524997830388 77.35000000000001
    endloop
  endfacet
  facet normal -0.48833770426238715 -0.8726547350445887 0
    outer loop
      vertex 122.8201000019908 19.454799997806546 76.35000000000001
      vertex 123.14769999682903 19.271474997699258 76.35000000000001
      vertex 123.14769999682903 19.271474997699258 77.35000000000001
    endloop
  endfacet
  facet normal -0.027295020619812965 0.9996274215173192 0
    outer loop
      vertex 122.9692812487483 19.483381251990792 76.35000000000001
      vertex 122.9692812487483 19.483381251990792 77.35000000000001
      vertex 123.13202500343323 19.487825001776216 76.35000000000001
    endloop
  endfacet
  facet normal -0.04197085250524617 0.9991188355445927 0
    outer loop
      vertex 123.13202500343323 19.487825001776216 76.35000000000001
      vertex 123.13202500343323 19.487825001776216 77.35000000000001
      vertex 123.30833125114441 19.495231251418588 76.35000000000001
    endloop
  endfacet
  facet normal -0.05452884126889928 0.9985121959544967 0
    outer loop
      vertex 123.30833125114441 19.495231251418588 76.35000000000001
      vertex 123.30833125114441 19.495231251418588 77.35000000000001
      vertex 123.49819999933243 19.50560000091791 76.35000000000001
    endloop
  endfacet
  facet normal -0.06517425512214745 0.9978738980799493 0
    outer loop
      vertex 123.49819999933243 19.50560000091791 76.35000000000001
      vertex 123.49819999933243 19.50560000091791 77.35000000000001
      vertex 123.67705000191927 19.517281252145764 76.35000000000001
    endloop
  endfacet
  facet normal -0.07824970556767777 0.9969337909703792 0
    outer loop
      vertex 123.67705000191927 19.517281252145764 76.35000000000001
      vertex 123.67705000191927 19.517281252145764 77.35000000000001
      vertex 123.82029999792576 19.528524997830388 76.35000000000001
    endloop
  endfacet
  facet normal -0.09988124915572615 0.9949993648576323 0
    outer loop
      vertex 123.82029999792576 19.528524997830388 76.35000000000001
      vertex 123.82029999792576 19.528524997830388 77.35000000000001
      vertex 123.92795000225306 19.53933125287294 76.35000000000001
    endloop
  endfacet
  facet normal -0.14244302174800968 0.9898030034078984 0
    outer loop
      vertex 123.92795000225306 19.53933125287294 76.35000000000001
      vertex 123.92795000225306 19.53933125287294 77.35000000000001
      vertex 124 19.549700002372262 76.35000000000001
    endloop
  endfacet
  facet normal -0.027295020619812965 0.9996274215173192 0
    outer loop
      vertex 123.13202500343323 19.487825001776216 76.35000000000001
      vertex 122.9692812487483 19.483381251990792 77.35000000000001
      vertex 123.13202500343323 19.487825001776216 77.35000000000001
    endloop
  endfacet
  facet normal -0.04197085250524617 0.9991188355445927 0
    outer loop
      vertex 123.30833125114441 19.495231251418588 76.35000000000001
      vertex 123.13202500343323 19.487825001776216 77.35000000000001
      vertex 123.30833125114441 19.495231251418588 77.35000000000001
    endloop
  endfacet
  facet normal -0.05452884126889928 0.9985121959544967 0
    outer loop
      vertex 123.49819999933243 19.50560000091791 76.35000000000001
      vertex 123.30833125114441 19.495231251418588 77.35000000000001
      vertex 123.49819999933243 19.50560000091791 77.35000000000001
    endloop
  endfacet
  facet normal 0 0 1
    outer loop
      vertex 122.8201000019908 19.454799997806546 77.35000000000001
      vertex 123.14769999682903 19.271474997699258 77.35000000000001
      vertex 122.9692812487483 19.483381251990792 77.35000000000001
    endloop
  endfacet
  facet normal 0 0 1
    outer loop
      vertex 123.14769999682903 19.271474997699258 77.35000000000001
      vertex 123.13202500343323 19.487825001776216 77.35000000000001
      vertex 122.9692812487483 19.483381251990792 77.35000000000001
    endloop
  endfacet
  facet normal 0 0 1
    outer loop
      vertex 123.14769999682903 19.271474997699258 77.35000000000001
      vertex 123.30833125114441 19.495231251418588 77.35000000000001
      vertex 123.13202500343323 19.487825001776216 77.35000000000001
    endloop
  endfacet
  facet normal 0 0 1
    outer loop
      vertex 123.42530000209808 19.060600000619885 77.35000000000001
      vertex 123.49819999933243 19.50560000091791 77.35000000000001
      vertex 123.30833125114441 19.495231251418588 77.35000000000001
    endloop
  endfacet
  facet normal -0.06517425512214745 0.9978738980799493 0
    outer loop
      vertex 123.67705000191927 19.517281252145764 76.35000000000001
      vertex 123.49819999933243 19.50560000091791 77.35000000000001
      vertex 123.67705000191927 19.517281252145764 77.35000000000001
    endloop
  endfacet
  facet normal -0.07824970556767777 0.9969337909703792 0
    outer loop
      vertex 123.82029999792576 19.528524997830388 76.35000000000001
      vertex 123.67705000191927 19.517281252145764 77.35000000000001
      vertex 123.82029999792576 19.528524997830388 77.35000000000001
    endloop
  endfacet
  facet normal -0.09988124915572615 0.9949993648576323 0
    outer loop
      vertex 123.92795000225306 19.53933125287294 76.35000000000001
      vertex 123.82029999792576 19.528524997830388 77.35000000000001
      vertex 123.92795000225306 19.53933125287294 77.35000000000001
    endloop
  endfacet
  facet normal 0 0 1
    outer loop
      vertex 123.42530000209808 19.060600000619885 77.35000000000001
      vertex 123.67705000191927 19.517281252145764 77.35000000000001
      vertex 123.49819999933243 19.50560000091791 77.35000000000001
    endloop
  endfacet
  facet normal 0 0 1
    outer loop
      vertex 123.65290000289679 18.82217499911785 77.35000000000001
      vertex 124 19.549700002372262 77.35000000000001
      vertex 123.92795000225306 19.53933125287294 77.35000000000001
    endloop
  endfacet
  facet normal 0 0 1
    outer loop
      vertex 122.9692812487483 19.483381251990792 76.35000000000001
      vertex 123.13202500343323 19.487825001776216 76.35000000000001
      vertex 123.012062497437 20.677943746745584 76.35000000000001
    endloop
  endfacet
  facet normal 0 0 1
    outer loop
      vertex 123.13202500343323 19.487825001776216 76.35000000000001
      vertex 123.30833125114441 19.495231251418588 76.35000000000001
      vertex 123.012062497437 20.677943746745584 76.35000000000001
    endloop
  endfacet
  facet normal 0 0 1
    outer loop
      vertex 123.30833125114441 19.495231251418588 76.35000000000001
      vertex 123.49819999933243 19.50560000091791 76.35000000000001
      vertex 123.43885000050068 20.685574996471402 76.35000000000001
    endloop
  endfacet
  facet normal 0 0 1
    outer loop
      vertex 123.30833125114441 19.495231251418588 76.35000000000001
      vertex 123.43885000050068 20.685574996471402 76.35000000000001
      vertex 123.012062497437 20.677943746745584 76.35000000000001
    endloop
  endfacet
  facet normal 0 0 1
    outer loop
      vertex 123.49819999933243 19.50560000091791 76.35000000000001
      vertex 123.67705000191927 19.517281252145764 76.35000000000001
      vertex 123.43885000050068 20.685574996471402 76.35000000000001
    endloop
  endfacet
  facet normal 0 0 1
    outer loop
      vertex 123.67705000191927 19.517281252145764 76.35000000000001
      vertex 123.82029999792576 19.528524997830388 76.35000000000001
      vertex 123.76816249638796 20.69829374849796 76.35000000000001
    endloop
  endfacet
  facet normal 0 0 1
    outer loop
      vertex 123.82029999792576 19.528524997830388 76.35000000000001
      vertex 123.92795000225306 19.53933125287294 76.35000000000001
      vertex 123.76816249638796 20.69829374849796 76.35000000000001
    endloop
  endfacet
  facet normal 0 0 1
    outer loop
      vertex 123.92795000225306 19.53933125287294 76.35000000000001
      vertex 124 19.549700002372262 76.35000000000001
      vertex 123.76816249638796 20.69829374849796 76.35000000000001
    endloop
  endfacet
  facet normal 0 0 1
    outer loop
      vertex 123.67705000191927 19.517281252145764 76.35000000000001
      vertex 123.76816249638796 20.69829374849796 76.35000000000001
      vertex 123.43885000050068 20.685574996471402 76.35000000000001
    endloop
  endfacet
  facet normal 0 0 1
    outer loop
      vertex 124 19.549700002372262 76.35000000000001
      vertex 124 20.716100002825257 76.35000000000001
      vertex 123.76816249638796 20.69829374849796 76.35000000000001
    endloop
  endfacet
  facet normal -0.14244302174800968 0.9898030034078984 0
    outer loop
      vertex 124 19.549700002372262 76.35000000000001
      vertex 123.92795000225306 19.53933125287294 77.35000000000001
      vertex 124 19.549700002372262 77.35000000000001
    endloop
  endfacet
  facet normal -1 0 0
    outer loop
      vertex 124 19.549700002372262 76.35000000000001
      vertex 124 19.549700002372262 77.35000000000001
      vertex 124 20.716100002825257 76.35000000000001
    endloop
  endfacet
  facet normal -1 0 0
    outer loop
      vertex 124 20.716100002825257 76.35000000000001
      vertex 124 19.549700002372262 77.35000000000001
      vertex 124 20.716100002825257 77.35000000000001
    endloop
  endfacet
  facet normal 0.004851992094203559 -0.999988229017081 0
    outer loop
      vertex 122.48780000209808 20.675399999320504 76.35000000000001
      vertex 123.012062497437 20.677943746745584 76.35000000000001
      vertex 123.012062497437 20.677943746745584 77.35000000000001
    endloop
  endfacet
  facet normal 0.004851992094203559 -0.999988229017081 0
    outer loop
      vertex 122.48780000209808 20.675399999320504 76.35000000000001
      vertex 123.012062497437 20.677943746745584 77.35000000000001
      vertex 122.48780000209808 20.675399999320504 77.35000000000001
    endloop
  endfacet
  facet normal 0 0 1
    outer loop
      vertex 122.48780000209808 20.675399999320504 77.35000000000001
      vertex 123.012062497437 20.677943746745584 77.35000000000001
      vertex 122.61129374802113 22.65643125325441 77.35000000000001
    endloop
  endfacet
  facet normal 0 0 1
    outer loop
      vertex 120.32460000365973 22.19490000158548 77.35000000000001
      vertex 122.48780000209808 20.675399999320504 77.35000000000001
      vertex 121.19574374705553 22.24618125259876 77.35000000000001
    endloop
  endfacet
  facet normal 0 0 1
    outer loop
      vertex 122.48780000209808 20.675399999320504 77.35000000000001
      vertex 121.95797500014305 22.400024998188016 77.35000000000001
      vertex 121.19574374705553 22.24618125259876 77.35000000000001
    endloop
  endfacet
  facet normal -0.1978438942001096 0.9802335402993186 0
    outer loop
      vertex 121.19574374705553 22.24618125259876 76.35000000000001
      vertex 121.19574374705553 22.24618125259876 77.35000000000001
      vertex 121.95797500014305 22.400024998188016 76.35000000000001
    endloop
  endfacet
  facet normal -0.1978438942001096 0.9802335402993186 0
    outer loop
      vertex 121.95797500014305 22.400024998188016 76.35000000000001
      vertex 121.19574374705553 22.24618125259876 77.35000000000001
      vertex 121.95797500014305 22.400024998188016 77.35000000000001
    endloop
  endfacet
  facet normal 0 0 1
    outer loop
      vertex 122.48780000209808 20.675399999320504 77.35000000000001
      vertex 122.61129374802113 22.65643125325441 77.35000000000001
      vertex 121.95797500014305 22.400024998188016 77.35000000000001
    endloop
  endfacet
  facet normal -0.36533798867816136 0.9308749400583279 0
    outer loop
      vertex 121.95797500014305 22.400024998188016 76.35000000000001
      vertex 121.95797500014305 22.400024998188016 77.35000000000001
      vertex 122.61129374802113 22.65643125325441 76.35000000000001
    endloop
  endfacet
  facet normal -0.36533798867816136 0.9308749400583279 0
    outer loop
      vertex 122.61129374802113 22.65643125325441 76.35000000000001
      vertex 121.95797500014305 22.400024998188016 77.35000000000001
      vertex 122.61129374802113 22.65643125325441 77.35000000000001
    endloop
  endfacet
  facet normal 0.017877819845100704 -0.9998401790074182 0
    outer loop
      vertex 123.012062497437 20.677943746745584 76.35000000000001
      vertex 123.43885000050068 20.685574996471402 76.35000000000001
      vertex 123.43885000050068 20.685574996471402 77.35000000000001
    endloop
  endfacet
  facet normal 0.03859336252986586 -0.9992549986708289 0
    outer loop
      vertex 123.43885000050068 20.685574996471402 76.35000000000001
      vertex 123.76816249638796 20.69829374849796 76.35000000000001
      vertex 123.76816249638796 20.69829374849796 77.35000000000001
    endloop
  endfacet
  facet normal 0.0765793532234659 -0.9970634897838129 0
    outer loop
      vertex 123.76816249638796 20.69829374849796 76.35000000000001
      vertex 124 20.716100002825257 76.35000000000001
      vertex 124 20.716100002825257 77.35000000000001
    endloop
  endfacet
  facet normal 0.017877819845100704 -0.9998401790074182 0
    outer loop
      vertex 123.012062497437 20.677943746745584 76.35000000000001
      vertex 123.43885000050068 20.685574996471402 77.35000000000001
      vertex 123.012062497437 20.677943746745584 77.35000000000001
    endloop
  endfacet
  facet normal 0.03859336252986586 -0.9992549986708289 0
    outer loop
      vertex 123.43885000050068 20.685574996471402 76.35000000000001
      vertex 123.76816249638796 20.69829374849796 77.35000000000001
      vertex 123.43885000050068 20.685574996471402 77.35000000000001
    endloop
  endfacet
  facet normal 0.0765793532234659 -0.9970634897838129 0
    outer loop
      vertex 123.76816249638796 20.69829374849796 76.35000000000001
      vertex 124 20.716100002825257 77.35000000000001
      vertex 123.76816249638796 20.69829374849796 77.35000000000001
    endloop
  endfacet
  facet normal 0 0 1
    outer loop
      vertex 122.61129374802113 22.65643125325441 77.35000000000001
      vertex 123.012062497437 20.677943746745584 77.35000000000001
      vertex 123.43885000050068 20.685574996471402 77.35000000000001
    endloop
  endfacet
  facet normal 0 0 1
    outer loop
      vertex 122.61129374802113 22.65643125325441 77.35000000000001
      vertex 123.43885000050068 20.685574996471402 77.35000000000001
      vertex 123.15569999814034 23.015400002896783 77.35000000000001
    endloop
  endfacet
  facet normal 0 0 1
    outer loop
      vertex 123.43885000050068 20.685574996471402 77.35000000000001
      vertex 123.58440624922514 23.47485625296831 77.35000000000001
      vertex 123.15569999814034 23.015400002896783 77.35000000000001
    endloop
  endfacet
  facet normal 0 0 1
    outer loop
      vertex 124.13560000061989 8.970500002801415 77.35000000000001
      vertex 129.0000001 28.825000000000003 77.35000000000001
      vertex 124.13560000061989 17.16949999630451 77.35000000000001
    endloop
  endfacet
  facet normal 0 0 1
    outer loop
      vertex 124.13560000061989 17.16949999630451 77.35000000000001
      vertex 129.0000001 28.825000000000003 77.35000000000001
      vertex 124.11653125286102 17.56640625298023 77.35000000000001
    endloop
  endfacet
  facet normal 0 0 1
    outer loop
      vertex 124.11653125286102 17.56640625298023 77.35000000000001
      vertex 129.0000001 28.825000000000003 77.35000000000001
      vertex 124.05932500213385 17.929825003445146 77.35000000000001
    endloop
  endfacet
  facet normal 0 0 1
    outer loop
      vertex 124.05932500213385 17.929825003445146 77.35000000000001
      vertex 129.0000001 28.825000000000003 77.35000000000001
      vertex 123.96398124843836 18.259756247699258 77.35000000000001
    endloop
  endfacet
  facet normal 0 0 1
    outer loop
      vertex 123.83049999922514 18.556200000643727 77.35000000000001
      vertex 123.96398124843836 18.259756247699258 77.35000000000001
      vertex 129.0000001 28.825000000000003 77.35000000000001
    endloop
  endfacet
  facet normal 0 0 1
    outer loop
      vertex 123.83049999922514 18.556200000643727 77.35000000000001
      vertex 129.0000001 28.825000000000003 77.35000000000001
      vertex 124 19.549700002372262 77.35000000000001
    endloop
  endfacet
  facet normal 0 0 1
    outer loop
      vertex 121.19574374705553 22.24618125259876 76.35000000000001
      vertex 121.59517499804497 23.594325001537797 76.35000000000001
      vertex 121.00501874834299 23.50595625042915 76.35000000000001
    endloop
  endfacet
  facet normal 0 0 1
    outer loop
      vertex 121.19574374705553 22.24618125259876 76.35000000000001
      vertex 121.95797500014305 22.400024998188016 76.35000000000001
      vertex 121.59517499804497 23.594325001537797 76.35000000000001
    endloop
  endfacet
  facet normal 0 0 1
    outer loop
      vertex 121.95797500014305 22.400024998188016 76.35000000000001
      vertex 122.09506875276566 23.74160625338554 76.35000000000001
      vertex 121.59517499804497 23.594325001537797 76.35000000000001
    endloop
  endfacet
  facet normal 0.14808693129231584 -0.9889743478879647 0
    outer loop
      vertex 121.00501874834299 23.50595625042915 76.35000000000001
      vertex 121.59517499804497 23.594325001537797 76.35000000000001
      vertex 121.00501874834299 23.50595625042915 77.35000000000001
    endloop
  endfacet
  facet normal 0.28261431162451855 -0.9592336268422827 0
    outer loop
      vertex 121.59517499804497 23.594325001537797 76.35000000000001
      vertex 122.09506875276566 23.74160625338554 76.35000000000001
      vertex 121.59517499804497 23.594325001537797 77.35000000000001
    endloop
  endfacet
  facet normal 0.14808693129231584 -0.9889743478879647 0
    outer loop
      vertex 121.59517499804497 23.594325001537797 76.35000000000001
      vertex 121.59517499804497 23.594325001537797 77.35000000000001
      vertex 121.00501874834299 23.50595625042915 77.35000000000001
    endloop
  endfacet
  facet normal 0.28261431162451855 -0.9592336268422827 0
    outer loop
      vertex 122.09506875276566 23.74160625338554 76.35000000000001
      vertex 122.09506875276566 23.74160625338554 77.35000000000001
      vertex 121.59517499804497 23.594325001537797 77.35000000000001
    endloop
  endfacet
  facet normal 0 0 1
    outer loop
      vertex 121.95797500014305 22.400024998188016 76.35000000000001
      vertex 122.61129374802113 22.65643125325441 76.35000000000001
      vertex 122.09506875276566 23.74160625338554 76.35000000000001
    endloop
  endfacet
  facet normal -0.5504796367015196 0.8348485908097126 0
    outer loop
      vertex 122.61129374802113 22.65643125325441 76.35000000000001
      vertex 122.61129374802113 22.65643125325441 77.35000000000001
      vertex 123.15569999814034 23.015400002896783 76.35000000000001
    endloop
  endfacet
  facet normal 0 0 1
    outer loop
      vertex 122.61129374802113 22.65643125325441 76.35000000000001
      vertex 123.15569999814034 23.015400002896783 76.35000000000001
      vertex 122.5046999976039 23.947799998521802 76.35000000000001
    endloop
  endfacet
  facet normal 0 0 1
    outer loop
      vertex 122.61129374802113 22.65643125325441 76.35000000000001
      vertex 122.5046999976039 23.947799998521802 76.35000000000001
      vertex 122.09506875276566 23.74160625338554 76.35000000000001
    endloop
  endfacet
  facet normal 0.4496160338832956 -0.8932219332702569 0
    outer loop
      vertex 122.09506875276566 23.74160625338554 76.35000000000001
      vertex 122.5046999976039 23.947799998521802 76.35000000000001
      vertex 122.09506875276566 23.74160625338554 77.35000000000001
    endloop
  endfacet
  facet normal 0 0 1
    outer loop
      vertex 121.00501874834299 23.50595625042915 77.35000000000001
      vertex 121.59517499804497 23.594325001537797 77.35000000000001
      vertex 121.02431874722242 27.44124374836683 77.35000000000001
    endloop
  endfacet
  facet normal 0 0 1
    outer loop
      vertex 121.59517499804497 23.594325001537797 77.35000000000001
      vertex 122.09506875276566 23.74160625338554 77.35000000000001
      vertex 121.02431874722242 27.44124374836683 77.35000000000001
    endloop
  endfacet
  facet normal 0.6452070311882384 -0.7640077793486526 0
    outer loop
      vertex 122.5046999976039 23.947799998521802 76.35000000000001
      vertex 122.82363750040531 24.2171437472105 76.35000000000001
      vertex 122.5046999976039 23.947799998521802 77.35000000000001
    endloop
  endfacet
  facet normal 0.8282563480024284 -0.5603493749382435 0
    outer loop
      vertex 122.82363750040531 24.2171437472105 76.35000000000001
      vertex 123.05144999921322 24.553875002264974 76.35000000000001
      vertex 122.82363750040531 24.2171437472105 77.35000000000001
    endloop
  endfacet
  facet normal 0.4496160338832956 -0.8932219332702569 0
    outer loop
      vertex 122.5046999976039 23.947799998521802 76.35000000000001
      vertex 122.5046999976039 23.947799998521802 77.35000000000001
      vertex 122.09506875276566 23.74160625338554 77.35000000000001
    endloop
  endfacet
  facet normal 0.6452070311882384 -0.7640077793486526 0
    outer loop
      vertex 122.82363750040531 24.2171437472105 76.35000000000001
      vertex 122.82363750040531 24.2171437472105 77.35000000000001
      vertex 122.5046999976039 23.947799998521802 77.35000000000001
    endloop
  endfacet
  facet normal -0.7311501831043403 0.682216541683423 0
    outer loop
      vertex 123.15569999814034 23.015400002896783 76.35000000000001
      vertex 123.15569999814034 23.015400002896783 77.35000000000001
      vertex 123.58440624922514 23.47485625296831 76.35000000000001
    endloop
  endfacet
  facet normal -0.5504796367015196 0.8348485908097126 0
    outer loop
      vertex 123.15569999814034 23.015400002896783 76.35000000000001
      vertex 122.61129374802113 22.65643125325441 77.35000000000001
      vertex 123.15569999814034 23.015400002896783 77.35000000000001
    endloop
  endfacet
  facet normal 0 0 1
    outer loop
      vertex 123.43885000050068 20.685574996471402 77.35000000000001
      vertex 123.890625 24.03262500017881 77.35000000000001
      vertex 123.58440624922514 23.47485625296831 77.35000000000001
    endloop
  endfacet
  facet normal 0 0 1
    outer loop
      vertex 122.5046999976039 23.947799998521802 76.35000000000001
      vertex 123.15569999814034 23.015400002896783 76.35000000000001
      vertex 123.58440624922514 23.47485625296831 76.35000000000001
    endloop
  endfacet
  facet normal -0.8765833429023351 0.4812500835804264 0
    outer loop
      vertex 123.58440624922514 23.47485625296831 76.35000000000001
      vertex 123.58440624922514 23.47485625296831 77.35000000000001
      vertex 123.890625 24.03262500017881 76.35000000000001
    endloop
  endfacet
  facet normal -0.7311501831043403 0.682216541683423 0
    outer loop
      vertex 123.58440624922514 23.47485625296831 76.35000000000001
      vertex 123.15569999814034 23.015400002896783 77.35000000000001
      vertex 123.58440624922514 23.47485625296831 77.35000000000001
    endloop
  endfacet
  facet normal 0 0 1
    outer loop
      vertex 122.5046999976039 23.947799998521802 76.35000000000001
      vertex 123.58440624922514 23.47485625296831 76.35000000000001
      vertex 122.82363750040531 24.2171437472105 76.35000000000001
    endloop
  endfacet
  facet normal 0 0 1
    outer loop
      vertex 122.82363750040531 24.2171437472105 76.35000000000001
      vertex 123.58440624922514 23.47485625296831 76.35000000000001
      vertex 123.890625 24.03262500017881 76.35000000000001
    endloop
  endfacet
  facet normal 0 0 1
    outer loop
      vertex 122.82363750040531 24.2171437472105 76.35000000000001
      vertex 123.890625 24.03262500017881 76.35000000000001
      vertex 123.05144999921322 24.553875002264974 76.35000000000001
    endloop
  endfacet
  facet normal -0.9629531579295205 0.26966871459916103 0
    outer loop
      vertex 123.890625 24.03262500017881 76.35000000000001
      vertex 123.890625 24.03262500017881 77.35000000000001
      vertex 124.07435625046492 24.68870625197887 76.35000000000001
    endloop
  endfacet
  facet normal -0.8765833429023351 0.4812500835804264 0
    outer loop
      vertex 123.890625 24.03262500017881 76.35000000000001
      vertex 123.58440624922514 23.47485625296831 77.35000000000001
      vertex 123.890625 24.03262500017881 77.35000000000001
    endloop
  endfacet
  facet normal 0.9472808338866832 -0.32040446587235644 0
    outer loop
      vertex 123.05144999921322 24.553875002264974 76.35000000000001
      vertex 123.1881375014782 24.957993748784062 76.35000000000001
      vertex 123.05144999921322 24.553875002264974 77.35000000000001
    endloop
  endfacet
  facet normal 0 0 1
    outer loop
      vertex 123.05144999921322 24.553875002264974 76.35000000000001
      vertex 124.07435625046492 24.68870625197887 76.35000000000001
      vertex 123.1881375014782 24.957993748784062 76.35000000000001
    endloop
  endfacet
  facet normal 0 0 1
    outer loop
      vertex 123.890625 24.03262500017881 76.35000000000001
      vertex 124.07435625046492 24.68870625197887 76.35000000000001
      vertex 123.05144999921322 24.553875002264974 76.35000000000001
    endloop
  endfacet
  facet normal 0.8282563480024284 -0.5603493749382435 0
    outer loop
      vertex 123.05144999921322 24.553875002264974 76.35000000000001
      vertex 123.05144999921322 24.553875002264974 77.35000000000001
      vertex 122.82363750040531 24.2171437472105 77.35000000000001
    endloop
  endfacet
  facet normal 0.9472808338866832 -0.32040446587235644 0
    outer loop
      vertex 123.1881375014782 24.957993748784062 76.35000000000001
      vertex 123.1881375014782 24.957993748784062 77.35000000000001
      vertex 123.05144999921322 24.553875002264974 77.35000000000001
    endloop
  endfacet
  facet normal -0.9967208812542017 0.08091653027563568 0
    outer loop
      vertex 124.07435625046492 24.68870625197887 76.35000000000001
      vertex 124.07435625046492 24.68870625197887 77.35000000000001
      vertex 124.13560000061989 25.44310000091791 76.35000000000001
    endloop
  endfacet
  facet normal -0.9629531579295205 0.26966871459916103 0
    outer loop
      vertex 124.07435625046492 24.68870625197887 76.35000000000001
      vertex 123.890625 24.03262500017881 77.35000000000001
      vertex 124.07435625046492 24.68870625197887 77.35000000000001
    endloop
  endfacet
  facet normal 0 0 1
    outer loop
      vertex 122.09506875276566 23.74160625338554 77.35000000000001
      vertex 122.5046999976039 23.947799998521802 77.35000000000001
      vertex 121.02431874722242 27.44124374836683 77.35000000000001
    endloop
  endfacet
  facet normal 0 0 1
    outer loop
      vertex 122.5046999976039 23.947799998521802 77.35000000000001
      vertex 122.82363750040531 24.2171437472105 77.35000000000001
      vertex 121.02431874722242 27.44124374836683 77.35000000000001
    endloop
  endfacet
  facet normal 0 0 1
    outer loop
      vertex 122.82363750040531 24.2171437472105 77.35000000000001
      vertex 123.05144999921322 24.553875002264974 77.35000000000001
      vertex 121.02431874722242 27.44124374836683 77.35000000000001
    endloop
  endfacet
  facet normal 0 0 1
    outer loop
      vertex 123.05144999921322 24.553875002264974 77.35000000000001
      vertex 123.1881375014782 24.957993748784062 77.35000000000001
      vertex 121.02431874722242 27.44124374836683 77.35000000000001
    endloop
  endfacet
  facet normal 0 0 1
    outer loop
      vertex 123.1881375014782 24.957993748784062 77.35000000000001
      vertex 123.23369999974966 25.429500001668927 77.35000000000001
      vertex 121.62487500160933 27.352874997258183 77.35000000000001
    endloop
  endfacet
  facet normal 0 0 1
    outer loop
      vertex 123.1881375014782 24.957993748784062 77.35000000000001
      vertex 121.62487500160933 27.352874997258183 77.35000000000001
      vertex 121.02431874722242 27.44124374836683 77.35000000000001
    endloop
  endfacet
  facet normal 0 0 1
    outer loop
      vertex 122.12626875191927 27.20559375286102 77.35000000000001
      vertex 121.62487500160933 27.352874997258183 77.35000000000001
      vertex 123.23369999974966 25.429500001668927 77.35000000000001
    endloop
  endfacet
  facet normal 0 0 1
    outer loop
      vertex 122.12626875191927 27.20559375286102 77.35000000000001
      vertex 123.23369999974966 25.429500001668927 77.35000000000001
      vertex 123.18962500244379 25.939593750238416 77.35000000000001
    endloop
  endfacet
  facet normal 0.8484491591858371 0.5292768881000248 0
    outer loop
      vertex 122.83702500164509 26.72454375326633 76.35000000000001
      vertex 122.83702500164509 26.72454375326633 77.35000000000001
      vertex 123.0574000030756 26.37127500325441 77.35000000000001
    endloop
  endfacet
  facet normal 0 0 1
    outer loop
      vertex 122.52849999815226 26.99940000027418 77.35000000000001
      vertex 123.18962500244379 25.939593750238416 77.35000000000001
      vertex 123.0574000030756 26.37127500325441 77.35000000000001
    endloop
  endfacet
  facet normal 0.45617881540213784 0.8898881325078464 0
    outer loop
      vertex 122.12626875191927 27.20559375286102 76.35000000000001
      vertex 122.52849999815226 26.99940000027418 77.35000000000001
      vertex 122.52849999815226 26.99940000027418 76.35000000000001
    endloop
  endfacet
  facet normal 0.6651905482869045 0.746673646561714 0
    outer loop
      vertex 122.83702500164509 26.72454375326633 76.35000000000001
      vertex 122.52849999815226 26.99940000027418 76.35000000000001
      vertex 122.83702500164509 26.72454375326633 77.35000000000001
    endloop
  endfacet
  facet normal 0.45617881540213784 0.8898881325078464 0
    outer loop
      vertex 122.12626875191927 27.20559375286102 76.35000000000001
      vertex 122.12626875191927 27.20559375286102 77.35000000000001
      vertex 122.52849999815226 26.99940000027418 77.35000000000001
    endloop
  endfacet
  facet normal 0.6651905482869045 0.746673646561714 0
    outer loop
      vertex 122.52849999815226 26.99940000027418 76.35000000000001
      vertex 122.52849999815226 26.99940000027418 77.35000000000001
      vertex 122.83702500164509 26.72454375326633 77.35000000000001
    endloop
  endfacet
  facet normal 0 0 1
    outer loop
      vertex 122.12626875191927 27.20559375286102 77.35000000000001
      vertex 123.18962500244379 25.939593750238416 77.35000000000001
      vertex 122.52849999815226 26.99940000027418 77.35000000000001
    endloop
  endfacet
  facet normal 0 0 1
    outer loop
      vertex 122.83702500164509 26.72454375326633 77.35000000000001
      vertex 122.52849999815226 26.99940000027418 77.35000000000001
      vertex 123.0574000030756 26.37127500325441 77.35000000000001
    endloop
  endfacet
  facet normal 0.9953635924490289 -0.09618377631889542 0
    outer loop
      vertex 123.1881375014782 24.957993748784062 76.35000000000001
      vertex 123.23369999974966 25.429500001668927 76.35000000000001
      vertex 123.1881375014782 24.957993748784062 77.35000000000001
    endloop
  endfacet
  facet normal 0 0 1
    outer loop
      vertex 123.1881375014782 24.957993748784062 76.35000000000001
      vertex 124.07435625046492 24.68870625197887 76.35000000000001
      vertex 124.13560000061989 25.44310000091791 76.35000000000001
    endloop
  endfacet
  facet normal 0 0 1
    outer loop
      vertex 123.1881375014782 24.957993748784062 76.35000000000001
      vertex 124.13560000061989 25.44310000091791 76.35000000000001
      vertex 123.23369999974966 25.429500001668927 76.35000000000001
    endloop
  endfacet
  facet normal 0.9953635924490289 -0.09618377631889542 0
    outer loop
      vertex 123.23369999974966 25.429500001668927 76.35000000000001
      vertex 123.23369999974966 25.429500001668927 77.35000000000001
      vertex 123.1881375014782 24.957993748784062 77.35000000000001
    endloop
  endfacet
  facet normal 0.9962878026176233 0.08608492525028667 0
    outer loop
      vertex 123.23369999974966 25.429500001668927 76.35000000000001
      vertex 123.18962500244379 25.939593750238416 76.35000000000001
      vertex 123.23369999974966 25.429500001668927 77.35000000000001
    endloop
  endfacet
  facet normal 0.9561517867450753 0.2928715771531954 0
    outer loop
      vertex 123.18962500244379 25.939593750238416 76.35000000000001
      vertex 123.0574000030756 26.37127500325441 76.35000000000001
      vertex 123.18962500244379 25.939593750238416 77.35000000000001
    endloop
  endfacet
  facet normal 0 0 1
    outer loop
      vertex 123.23369999974966 25.429500001668927 76.35000000000001
      vertex 124.13560000061989 25.44310000091791 76.35000000000001
      vertex 123.18962500244379 25.939593750238416 76.35000000000001
    endloop
  endfacet
  facet normal 0 0 1
    outer loop
      vertex 123.18962500244379 25.939593750238416 76.35000000000001
      vertex 124.13560000061989 25.44310000091791 76.35000000000001
      vertex 124.07668749988079 26.202162499725816 76.35000000000001
    endloop
  endfacet
  facet normal 0.9962878026176233 0.08608492525028667 0
    outer loop
      vertex 123.18962500244379 25.939593750238416 76.35000000000001
      vertex 123.18962500244379 25.939593750238416 77.35000000000001
      vertex 123.23369999974966 25.429500001668927 77.35000000000001
    endloop
  endfacet
  facet normal -0.9967208812542017 0.08091653027563568 0
    outer loop
      vertex 124.13560000061989 25.44310000091791 76.35000000000001
      vertex 124.07435625046492 24.68870625197887 77.35000000000001
      vertex 124.13560000061989 25.44310000091791 77.35000000000001
    endloop
  endfacet
  facet normal -0.9970017128991698 -0.07737948356070475 0
    outer loop
      vertex 124.13560000061989 25.44310000091791 76.35000000000001
      vertex 124.13560000061989 25.44310000091791 77.35000000000001
      vertex 124.07668749988079 26.202162499725816 76.35000000000001
    endloop
  endfacet
  facet normal -0.9970017128991698 -0.07737948356070475 0
    outer loop
      vertex 124.07668749988079 26.202162499725816 76.35000000000001
      vertex 124.13560000061989 25.44310000091791 77.35000000000001
      vertex 124.07668749988079 26.202162499725816 77.35000000000001
    endloop
  endfacet
  facet normal 0 0 1
    outer loop
      vertex 123.18962500244379 25.939593750238416 76.35000000000001
      vertex 124.07668749988079 26.202162499725816 76.35000000000001
      vertex 123.0574000030756 26.37127500325441 76.35000000000001
    endloop
  endfacet
  facet normal 0 0 1
    outer loop
      vertex 122.83702500164509 26.72454375326633 76.35000000000001
      vertex 123.0574000030756 26.37127500325441 76.35000000000001
      vertex 123.8999499976635 26.865449997782704 76.35000000000001
    endloop
  endfacet
  facet normal 0.8484491591858371 0.5292768881000248 0
    outer loop
      vertex 122.83702500164509 26.72454375326633 76.35000000000001
      vertex 123.0574000030756 26.37127500325441 77.35000000000001
      vertex 123.0574000030756 26.37127500325441 76.35000000000001
    endloop
  endfacet
  facet normal 0 0 1
    outer loop
      vertex 123.0574000030756 26.37127500325441 76.35000000000001
      vertex 124.07668749988079 26.202162499725816 76.35000000000001
      vertex 123.8999499976635 26.865449997782704 76.35000000000001
    endloop
  endfacet
  facet normal 0.9561517867450753 0.2928715771531954 0
    outer loop
      vertex 123.0574000030756 26.37127500325441 76.35000000000001
      vertex 123.0574000030756 26.37127500325441 77.35000000000001
      vertex 123.18962500244379 25.939593750238416 77.35000000000001
    endloop
  endfacet
  facet normal -0.9662853946879465 -0.2574733695215092 0
    outer loop
      vertex 123.8999499976635 26.865449997782704 76.35000000000001
      vertex 124.07668749988079 26.202162499725816 77.35000000000001
      vertex 123.8999499976635 26.865449997782704 77.35000000000001
    endloop
  endfacet
  facet normal 0 0 1
    outer loop
      vertex 122.83702500164509 26.72454375326633 76.35000000000001
      vertex 123.60538750141859 27.432962502539155 76.35000000000001
      vertex 122.52849999815226 26.99940000027418 76.35000000000001
    endloop
  endfacet
  facet normal 0 0 1
    outer loop
      vertex 122.83702500164509 26.72454375326633 76.35000000000001
      vertex 123.8999499976635 26.865449997782704 76.35000000000001
      vertex 123.60538750141859 27.432962502539155 76.35000000000001
    endloop
  endfacet
  facet normal -0.8875647986621357 -0.4606828932962919 0
    outer loop
      vertex 123.8999499976635 26.865449997782704 76.35000000000001
      vertex 123.8999499976635 26.865449997782704 77.35000000000001
      vertex 123.60538750141859 27.432962502539155 76.35000000000001
    endloop
  endfacet
  facet normal -0.9662853946879465 -0.2574733695215092 0
    outer loop
      vertex 123.8999499976635 26.865449997782704 76.35000000000001
      vertex 124.07668749988079 26.202162499725816 76.35000000000001
      vertex 124.07668749988079 26.202162499725816 77.35000000000001
    endloop
  endfacet
  facet normal 0 0 1
    outer loop
      vertex 124 19.549700002372262 77.35000000000001
      vertex 129.0000001 28.825000000000003 77.35000000000001
      vertex 124 20.716100002825257 77.35000000000001
    endloop
  endfacet
  facet normal 0 0 1
    outer loop
      vertex 123.43885000050068 20.685574996471402 77.35000000000001
      vertex 123.76816249638796 20.69829374849796 77.35000000000001
      vertex 129.0000001 28.825000000000003 77.35000000000001
    endloop
  endfacet
  facet normal 0 0 1
    outer loop
      vertex 123.76816249638796 20.69829374849796 77.35000000000001
      vertex 124 20.716100002825257 77.35000000000001
      vertex 129.0000001 28.825000000000003 77.35000000000001
    endloop
  endfacet
  facet normal 0 0 1
    outer loop
      vertex 123.43885000050068 20.685574996471402 77.35000000000001
      vertex 129.0000001 28.825000000000003 77.35000000000001
      vertex 123.890625 24.03262500017881 77.35000000000001
    endloop
  endfacet
  facet normal 0 0 -1
    outer loop
      vertex 126 25.325000000000003 74.35000000000001
      vertex 126 25.825000000000003 74.35000000000001
      vertex 126.0000001 25.825000000000003 74.35000000000001
    endloop
  endfacet
  facet normal 2.121184313610042e-11 -0.13052619222005335 -0.9914448613738102
    outer loop
      vertex 126.0000001 25.825000000000003 74.35000000000001
      vertex 126 27.766142838268905 74.09444369716802
      vertex 126.0000001 27.766142838268905 74.09444369716802
    endloop
  endfacet
  facet normal 0 -0.13052619222005335 -0.9914448613738102
    outer loop
      vertex 126.0000001 25.825000000000003 74.35000000000001
      vertex 126 25.825000000000003 74.35000000000001
      vertex 126 27.766142838268905 74.09444369716802
    endloop
  endfacet
  facet normal 0 0 1
    outer loop
      vertex 123.890625 24.03262500017881 77.35000000000001
      vertex 129.0000001 28.825000000000003 77.35000000000001
      vertex 124.07435625046492 24.68870625197887 77.35000000000001
    endloop
  endfacet
  facet normal 0 0 1
    outer loop
      vertex 124.07435625046492 24.68870625197887 77.35000000000001
      vertex 129.0000001 28.825000000000003 77.35000000000001
      vertex 124.13560000061989 25.44310000091791 77.35000000000001
    endloop
  endfacet
  facet normal 0 0 1
    outer loop
      vertex 124.13560000061989 25.44310000091791 77.35000000000001
      vertex 129.0000001 28.825000000000003 77.35000000000001
      vertex 124.07668749988079 26.202162499725816 77.35000000000001
    endloop
  endfacet
  facet normal 0.7071067811865481 0 0.707106781186547
    outer loop
      vertex 121 28.325000000000003 61.85
      vertex 121 33.325 61.85
      vertex 116 33.325 66.85000000000001
    endloop
  endfacet
  facet normal 0.7071067811865479 -1.323731555394765e-16 0.7071067811865472
    outer loop
      vertex 121 28.325000000000003 61.85
      vertex 114.0588571617311 33.06944369716801 68.79114283826891
      vertex 113 28.325000000000003 69.85000000000001
    endloop
  endfacet
  facet normal 0 1 0
    outer loop
      vertex 121 28.325000000000003 61.85
      vertex 113 28.325000000000003 69.85000000000001
      vertex 126.0000001 28.325000000000003 63.92106771186548
    endloop
  endfacet
  facet normal 0 1 0
    outer loop
      vertex 113 28.325000000000003 69.85000000000001
      vertex 120.07106781186548 28.325000000000003 69.85000000000001
      vertex 126.0000001 28.325000000000003 63.92106771186548
    endloop
  endfacet
  facet normal 0.7071067811865476 -8.879573682733028e-16 0.7071067811865474
    outer loop
      vertex 121 28.325000000000003 61.85
      vertex 116 33.325 66.85000000000001
      vertex 114.0588571617311 33.06944369716801 68.79114283826891
    endloop
  endfacet
  facet normal 0 -1 0
    outer loop
      vertex 121 33.325 61.85
      vertex 120.41941738241593 33.325 66.85000000000001
      vertex 116 33.325 66.85000000000001
    endloop
  endfacet
  facet normal 2.9998074465072785e-19 -0.9914448613738103 -0.13052619222005335
    outer loop
      vertex 116 33.325 66.85000000000001
      vertex 121.12992497359657 33.06944369716801 68.79114283826891
      vertex 114.0588571617311 33.06944369716801 68.79114283826891
    endloop
  endfacet
  facet normal 0 -0.9914448613738102 -0.13052619222005338
    outer loop
      vertex 116 33.325 66.85000000000001
      vertex 120.41941738241593 33.325 66.85000000000001
      vertex 121.12992497359657 33.06944369716801 68.79114283826891
    endloop
  endfacet
  facet normal 0 1 0
    outer loop
      vertex 121 28.325000000000003 61.85
      vertex 126.0000001 28.325000000000003 63.92106771186548
      vertex 126.0000001 28.325000000000003 61.85
    endloop
  endfacet
  facet normal 0 0 1
    outer loop
      vertex 121 28.325000000000003 61.85
      vertex 126.0000001 28.325000000000003 61.85
      vertex 121 33.325 61.85
    endloop
  endfacet
  facet normal 0 0 1
    outer loop
      vertex 126.0000001 28.325000000000003 61.85
      vertex 126.0000001 33.325 61.85
      vertex 121 33.325 61.85
    endloop
  endfacet
  facet normal -1 0 0
    outer loop
      vertex 126.0000001 28.325000000000003 61.85
      vertex 126.0000001 33.325 63.92106771186548
      vertex 126.0000001 33.325 61.85
    endloop
  endfacet
  facet normal -1 0 0
    outer loop
      vertex 126.0000001 28.325000000000003 61.85
      vertex 126.0000001 28.325000000000003 63.92106771186548
      vertex 126.0000001 33.325 63.92106771186548
    endloop
  endfacet
  facet normal -0.707106781186548 1.5896314155439975e-17 -0.7071067811865471
    outer loop
      vertex 120.07106781186548 28.325000000000003 69.85000000000001
      vertex 126.0000001 33.325 63.92106771186548
      vertex 126.0000001 28.325000000000003 63.92106771186548
    endloop
  endfacet
  facet normal -0.7071067811865483 1.0292411104501411e-15 -0.7071067811865467
    outer loop
      vertex 120.07106781186548 28.325000000000003 69.85000000000001
      vertex 123.07106781186548 33.325 66.85000000000001
      vertex 126.0000001 33.325 63.92106771186548
    endloop
  endfacet
  facet normal -0.7071067811865476 0 -0.7071067811865476
    outer loop
      vertex 120.07106781186548 28.325000000000003 69.85000000000001
      vertex 121.12992497359657 33.06944369716801 68.79114283826891
      vertex 123.07106781186548 33.325 66.85000000000001
    endloop
  endfacet
  facet normal 0 -1 0
    outer loop
      vertex 121 33.325 61.85
      vertex 126.0000001 33.325 61.85
      vertex 126.0000001 33.325 63.92106771186548
    endloop
  endfacet
  facet normal 0 -1 0
    outer loop
      vertex 121 33.325 61.85
      vertex 126.0000001 33.325 63.92106771186548
      vertex 123.07106781186548 33.325 66.85000000000001
    endloop
  endfacet
  facet normal 0 -1 0
    outer loop
      vertex 121 33.325 61.85
      vertex 123.07106781186548 33.325 66.85000000000001
      vertex 120.41941738241593 33.325 66.85000000000001
    endloop
  endfacet
  facet normal 0 -0.9914448613738102 -0.13052619222005335
    outer loop
      vertex 120.41941738241593 33.325 66.85000000000001
      vertex 123.07106781186548 33.325 66.85000000000001
      vertex 121.12992497359657 33.06944369716801 68.79114283826891
    endloop
  endfacet
  facet normal 0 0 1
    outer loop
      vertex 110 25.325000000000003 69.85000000000001
      vertex 120.07106781186548 28.325000000000003 69.85000000000001
      vertex 113 28.325000000000003 69.85000000000001
    endloop
  endfacet
  facet normal 0 0 -1
    outer loop
      vertex 110 25.325000000000003 71.05000000000001
      vertex 110 31.974893383792754 71.05000000000001
      vertex 126 25.325000000000003 71.05000000000001
    endloop
  endfacet
  facet normal 0.7071067811865579 -4.6674129854040925e-15 0.707106781186537
    outer loop
      vertex 113 28.325000000000003 69.85000000000001
      vertex 114.0588571617311 33.06944369716801 68.79114283826891
      vertex 113.00000000000003 32.630850700163116 69.85000000000001
    endloop
  endfacet
  facet normal 0 0 -1
    outer loop
      vertex 110 31.974893383792754 71.05000000000001
      vertex 126 31.97489338379276 71.05000000000001
      vertex 126 25.325000000000003 71.05000000000001
    endloop
  endfacet
  facet normal -0.7071067811865476 0 -0.7071067811865476
    outer loop
      vertex 120.07106781186548 28.325000000000003 69.85000000000001
      vertex 120.07106781186548 32.630850700163116 69.85000000000001
      vertex 121.12992497359657 33.06944369716801 68.79114283826891
    endloop
  endfacet
  facet normal 0.8895604040026148 -0.45681756493233133 0
    outer loop
      vertex 116.75850000232458 26.943425002694127 76.35000000000001
      vertex 117.04775000363588 27.506681251525876 76.35000000000001
      vertex 117.04775000363588 27.506681251525876 77.35000000000001
    endloop
  endfacet
  facet normal 0.7449684748270372 -0.6670996713489508 0
    outer loop
      vertex 117.04775000363588 27.506681251525876 76.35000000000001
      vertex 117.45269999653101 27.95890000015497 76.35000000000001
      vertex 117.45269999653101 27.95890000015497 77.35000000000001
    endloop
  endfacet
  facet normal 0 0 1
    outer loop
      vertex 118.11729999631643 27.01970000118017 76.35000000000001
      vertex 117.45269999653101 27.95890000015497 76.35000000000001
      vertex 117.04775000363588 27.506681251525876 76.35000000000001
    endloop
  endfacet
  facet normal 0 0 1
    outer loop
      vertex 118.11729999631643 27.01970000118017 76.35000000000001
      vertex 117.97929374873638 28.30605624914169 76.35000000000001
      vertex 117.45269999653101 27.95890000015497 76.35000000000001
    endloop
  endfacet
  facet normal 0.7449684748270372 -0.6670996713489508 0
    outer loop
      vertex 117.04775000363588 27.506681251525876 76.35000000000001
      vertex 117.45269999653101 27.95890000015497 77.35000000000001
      vertex 117.04775000363588 27.506681251525876 77.35000000000001
    endloop
  endfacet
  facet normal 0.5504052041879168 -0.8348976651080405 0
    outer loop
      vertex 117.45269999653101 27.95890000015497 76.35000000000001
      vertex 117.97929374873638 28.30605624914169 76.35000000000001
      vertex 117.97929374873638 28.30605624914169 77.35000000000001
    endloop
  endfacet
  facet normal 0.5504052041879168 -0.8348976651080405 0
    outer loop
      vertex 117.45269999653101 27.95890000015497 76.35000000000001
      vertex 117.97929374873638 28.30605624914169 77.35000000000001
      vertex 117.45269999653101 27.95890000015497 77.35000000000001
    endloop
  endfacet
  facet normal 0 0 1
    outer loop
      vertex 118.11729999631643 27.01970000118017 76.35000000000001
      vertex 118.51336874812841 27.217012497782704 76.35000000000001
      vertex 117.97929374873638 28.30605624914169 76.35000000000001
    endloop
  endfacet
  facet normal -0.27135012682482884 0.9624807056103251 0
    outer loop
      vertex 118.51336874812841 27.217012497782704 76.35000000000001
      vertex 119.01327499747276 27.35794999748468 77.35000000000001
      vertex 119.01327499747276 27.35794999748468 76.35000000000001
    endloop
  endfacet
  facet normal 0 0 1
    outer loop
      vertex 118.51336874812841 27.217012497782704 76.35000000000001
      vertex 119.01327499747276 27.35794999748468 76.35000000000001
      vertex 118.6334749981761 28.55402499735355 76.35000000000001
    endloop
  endfacet
  facet normal -0.27135012682482884 0.9624807056103251 0
    outer loop
      vertex 118.51336874812841 27.217012497782704 76.35000000000001
      vertex 118.51336874812841 27.217012497782704 77.35000000000001
      vertex 119.01327499747276 27.35794999748468 77.35000000000001
    endloop
  endfacet
  facet normal 0 0 1
    outer loop
      vertex 118.51336874812841 27.217012497782704 76.35000000000001
      vertex 118.6334749981761 28.55402499735355 76.35000000000001
      vertex 117.97929374873638 28.30605624914169 76.35000000000001
    endloop
  endfacet
  facet normal 0.3544430840589927 -0.9350775904505196 0
    outer loop
      vertex 117.97929374873638 28.30605624914169 76.35000000000001
      vertex 118.6334749981761 28.55402499735355 76.35000000000001
      vertex 118.6334749981761 28.55402499735355 77.35000000000001
    endloop
  endfacet
  facet normal 0.3544430840589927 -0.9350775904505196 0
    outer loop
      vertex 117.97929374873638 28.30605624914169 76.35000000000001
      vertex 118.6334749981761 28.55402499735355 77.35000000000001
      vertex 117.97929374873638 28.30605624914169 77.35000000000001
    endloop
  endfacet
  facet normal 0.18695800906962512 -0.9823679060538989 0
    outer loop
      vertex 118.6334749981761 28.55402499735355 76.35000000000001
      vertex 119.41524375230074 28.702806252241132 77.35000000000001
      vertex 118.6334749981761 28.55402499735355 77.35000000000001
    endloop
  endfacet
  facet normal -0.1387095850366034 0.9903331010417521 0
    outer loop
      vertex 119.01327499747276 27.35794999748468 76.35000000000001
      vertex 119.61701875180006 27.4425125002861 77.35000000000001
      vertex 119.61701875180006 27.4425125002861 76.35000000000001
    endloop
  endfacet
  facet normal -0.1387095850366034 0.9903331010417521 0
    outer loop
      vertex 119.01327499747276 27.35794999748468 76.35000000000001
      vertex 119.01327499747276 27.35794999748468 77.35000000000001
      vertex 119.61701875180006 27.4425125002861 77.35000000000001
    endloop
  endfacet
  facet normal -0.039804840829789204 0.9992074732739519 0
    outer loop
      vertex 119.61701875180006 27.4425125002861 76.35000000000001
      vertex 119.61701875180006 27.4425125002861 77.35000000000001
      vertex 120.32460000365973 27.47069999873638 77.35000000000001
    endloop
  endfacet
  facet normal 0 0 1
    outer loop
      vertex 119.01327499747276 27.35794999748468 76.35000000000001
      vertex 119.61701875180006 27.4425125002861 76.35000000000001
      vertex 119.41524375230074 28.702806252241132 76.35000000000001
    endloop
  endfacet
  facet normal 0 0 1
    outer loop
      vertex 118.6334749981761 28.55402499735355 76.35000000000001
      vertex 119.01327499747276 27.35794999748468 76.35000000000001
      vertex 119.41524375230074 28.702806252241132 76.35000000000001
    endloop
  endfacet
  facet normal 0 0 1
    outer loop
      vertex 119.61701875180006 27.4425125002861 76.35000000000001
      vertex 120.32460000365973 28.75239999890327 76.35000000000001
      vertex 119.41524375230074 28.702806252241132 76.35000000000001
    endloop
  endfacet
  facet normal -0.039804840829789204 0.9992074732739519 0
    outer loop
      vertex 119.61701875180006 27.4425125002861 76.35000000000001
      vertex 120.32460000365973 27.47069999873638 77.35000000000001
      vertex 120.32460000365973 27.47069999873638 76.35000000000001
    endloop
  endfacet
  facet normal 0.042060019668099496 0.9991150858362209 0
    outer loop
      vertex 120.32460000365973 27.47069999873638 76.35000000000001
      vertex 121.02431874722242 27.44124374836683 77.35000000000001
      vertex 121.02431874722242 27.44124374836683 76.35000000000001
    endloop
  endfacet
  facet normal 0.042060019668099496 0.9991150858362209 0
    outer loop
      vertex 120.32460000365973 27.47069999873638 76.35000000000001
      vertex 120.32460000365973 27.47069999873638 77.35000000000001
      vertex 121.02431874722242 27.44124374836683 77.35000000000001
    endloop
  endfacet
  facet normal 0 0 1
    outer loop
      vertex 119.61701875180006 27.4425125002861 76.35000000000001
      vertex 120.32460000365973 27.47069999873638 76.35000000000001
      vertex 120.32460000365973 28.75239999890327 76.35000000000001
    endloop
  endfacet
  facet normal 0 0 1
    outer loop
      vertex 120.32460000365973 27.47069999873638 76.35000000000001
      vertex 121.02431874722242 27.44124374836683 76.35000000000001
      vertex 120.32460000365973 28.75239999890327 76.35000000000001
    endloop
  endfacet
  facet normal 0 0 1
    outer loop
      vertex 120.32460000365973 28.75239999890327 76.35000000000001
      vertex 121.02431874722242 27.44124374836683 76.35000000000001
      vertex 121.22604999691248 28.699418748915193 76.35000000000001
    endloop
  endfacet
  facet normal 0.18695800906962512 -0.9823679060538989 0
    outer loop
      vertex 118.6334749981761 28.55402499735355 76.35000000000001
      vertex 119.41524375230074 28.702806252241132 76.35000000000001
      vertex 119.41524375230074 28.702806252241132 77.35000000000001
    endloop
  endfacet
  facet normal 0.05445627849723684 -0.9985161559695623 0
    outer loop
      vertex 119.41524375230074 28.702806252241132 76.35000000000001
      vertex 120.32460000365973 28.75239999890327 77.35000000000001
      vertex 119.41524375230074 28.702806252241132 77.35000000000001
    endloop
  endfacet
  facet normal 0.05445627849723684 -0.9985161559695623 0
    outer loop
      vertex 119.41524375230074 28.702806252241132 76.35000000000001
      vertex 120.32460000365973 28.75239999890327 76.35000000000001
      vertex 120.32460000365973 28.75239999890327 77.35000000000001
    endloop
  endfacet
  facet normal -0.05867211712466556 -0.9982773075013324 0
    outer loop
      vertex 120.32460000365973 28.75239999890327 76.35000000000001
      vertex 121.22604999691248 28.699418748915193 76.35000000000001
      vertex 121.22604999691248 28.699418748915193 77.35000000000001
    endloop
  endfacet
  facet normal -0.05867211712466556 -0.9982773075013324 0
    outer loop
      vertex 120.32460000365973 28.75239999890327 76.35000000000001
      vertex 121.22604999691248 28.699418748915193 77.35000000000001
      vertex 120.32460000365973 28.75239999890327 77.35000000000001
    endloop
  endfacet
  facet normal 0 -0.9238795325112886 -0.38268343236508523
    outer loop
      vertex 113.00000000000003 32.630850700163116 69.85000000000001
      vertex 114.0588571617311 33.06944369716801 68.79114283826891
      vertex 120.07106781186548 32.630850700163116 69.85000000000001
    endloop
  endfacet
  facet normal 0 -0.9238795325112886 -0.38268343236508523
    outer loop
      vertex 114.0588571617311 33.06944369716801 68.79114283826891
      vertex 121.12992497359657 33.06944369716801 68.79114283826891
      vertex 120.07106781186548 32.630850700163116 69.85000000000001
    endloop
  endfacet
  facet normal 3.5231965802184336e-16 -0.7933533402912372 -0.608761429008718
    outer loop
      vertex 110 31.974893383792754 71.05000000000001
      vertex 126.0000001 32.32019052838329 70.60000000000001
      vertex 126 31.97489338379276 71.05000000000001
    endloop
  endfacet
  facet normal 0 0 1
    outer loop
      vertex 120.07106781186548 28.325000000000003 69.85000000000001
      vertex 126.0000001 25.325000000000003 69.85000000000001
      vertex 120.07106781186548 32.630850700163116 69.85000000000001
    endloop
  endfacet
  facet normal 0 0 1
    outer loop
      vertex 126.0000001 25.325000000000003 69.85000000000001
      vertex 126.0000001 32.630850700163116 69.85000000000001
      vertex 120.07106781186548 32.630850700163116 69.85000000000001
    endloop
  endfacet
  facet normal 1 0 0
    outer loop
      vertex 126 25.325000000000003 71.05000000000001
      vertex 126 31.97489338379276 71.05000000000001
      vertex 126 25.325000000000003 74.35000000000001
    endloop
  endfacet
  facet normal -1 0 0
    outer loop
      vertex 126.0000001 31.12830085889911 72.15330085889912
      vertex 126.0000001 27.766142838268905 74.09444369716802
      vertex 126.0000001 29.575000000000003 73.3451905283833
    endloop
  endfacet
  facet normal 1 0 0
    outer loop
      vertex 126 31.12830085889911 72.15330085889912
      vertex 126 29.575000000000003 73.3451905283833
      vertex 126 27.766142838268905 74.09444369716802
    endloop
  endfacet
  facet normal -1 0 0
    outer loop
      vertex 126.0000001 32.32019052838329 70.60000000000001
      vertex 126.0000001 32.630850700163116 69.85000000000001
      vertex 126.0000001 25.325000000000003 69.85000000000001
    endloop
  endfacet
  facet normal 1 0 0
    outer loop
      vertex 126 31.97489338379276 71.05000000000001
      vertex 126 31.12830085889911 72.15330085889912
      vertex 126 25.825000000000003 74.35000000000001
    endloop
  endfacet
  facet normal -1 0 0
    outer loop
      vertex 126.0000001 32.32019052838329 70.60000000000001
      vertex 126.0000001 27.766142838268905 74.09444369716802
      vertex 126.0000001 31.12830085889911 72.15330085889912
    endloop
  endfacet
  facet normal 0 -0.6087614290087207 -0.7933533402912353
    outer loop
      vertex 126.0000001 31.12830085889911 72.15330085889912
      vertex 126.0000001 29.575000000000003 73.3451905283833
      vertex 126 31.12830085889911 72.15330085889912
    endloop
  endfacet
  facet normal -1.4246897785366197e-10 -0.6087614290087207 -0.7933533402912353
    outer loop
      vertex 126 31.12830085889911 72.15330085889912
      vertex 126.0000001 29.575000000000003 73.3451905283833
      vertex 126 29.575000000000003 73.3451905283833
    endloop
  endfacet
  facet normal -3.6750067522964564e-10 -0.7933533402912344 -0.6087614290087217
    outer loop
      vertex 126 31.97489338379276 71.05000000000001
      vertex 126.0000001 31.12830085889911 72.15330085889912
      vertex 126 31.12830085889911 72.15330085889912
    endloop
  endfacet
  facet normal 0.145577284061806 0.989346882728797 0
    outer loop
      vertex 121.02431874722242 27.44124374836683 76.35000000000001
      vertex 121.62487500160933 27.352874997258183 77.35000000000001
      vertex 121.62487500160933 27.352874997258183 76.35000000000001
    endloop
  endfacet
  facet normal 0 0 1
    outer loop
      vertex 122.12626875191927 27.20559375286102 76.35000000000001
      vertex 122.0046000033617 28.540474998950955 76.35000000000001
      vertex 121.62487500160933 27.352874997258183 76.35000000000001
    endloop
  endfacet
  facet normal 0.145577284061806 0.989346882728797 0
    outer loop
      vertex 121.02431874722242 27.44124374836683 76.35000000000001
      vertex 121.02431874722242 27.44124374836683 77.35000000000001
      vertex 121.62487500160933 27.352874997258183 77.35000000000001
    endloop
  endfacet
  facet normal 0.2818360656754799 0.959462574613813 0
    outer loop
      vertex 122.12626875191927 27.20559375286102 77.35000000000001
      vertex 121.62487500160933 27.352874997258183 76.35000000000001
      vertex 121.62487500160933 27.352874997258183 77.35000000000001
    endloop
  endfacet
  facet normal 0 0 1
    outer loop
      vertex 121.02431874722242 27.44124374836683 76.35000000000001
      vertex 121.62487500160933 27.352874997258183 76.35000000000001
      vertex 121.22604999691248 28.699418748915193 76.35000000000001
    endloop
  endfacet
  facet normal 0 0 1
    outer loop
      vertex 121.62487500160933 27.352874997258183 76.35000000000001
      vertex 122.0046000033617 28.540474998950955 76.35000000000001
      vertex 121.22604999691248 28.699418748915193 76.35000000000001
    endloop
  endfacet
  facet normal 0 0 1
    outer loop
      vertex 122.12626875191927 27.20559375286102 76.35000000000001
      vertex 122.52849999815226 26.99940000027418 76.35000000000001
      vertex 122.66025000065565 28.27556874901056 76.35000000000001
    endloop
  endfacet
  facet normal 0.2818360656754799 0.959462574613813 0
    outer loop
      vertex 122.12626875191927 27.20559375286102 76.35000000000001
      vertex 121.62487500160933 27.352874997258183 76.35000000000001
      vertex 122.12626875191927 27.20559375286102 77.35000000000001
    endloop
  endfacet
  facet normal 0 0 1
    outer loop
      vertex 122.52849999815226 26.99940000027418 76.35000000000001
      vertex 123.19300000369549 27.904699999094007 76.35000000000001
      vertex 122.66025000065565 28.27556874901056 76.35000000000001
    endloop
  endfacet
  facet normal 0 0 1
    outer loop
      vertex 122.12626875191927 27.20559375286102 76.35000000000001
      vertex 122.66025000065565 28.27556874901056 76.35000000000001
      vertex 122.0046000033617 28.540474998950955 76.35000000000001
    endloop
  endfacet
  facet normal -0.3746144419974872 -0.9271806834953538 0
    outer loop
      vertex 122.66025000065565 28.27556874901056 76.35000000000001
      vertex 122.66025000065565 28.27556874901056 77.35000000000001
      vertex 122.0046000033617 28.540474998950955 76.35000000000001
    endloop
  endfacet
  facet normal -0.5713344280077655 -0.8207173516948691 0
    outer loop
      vertex 122.66025000065565 28.27556874901056 76.35000000000001
      vertex 123.19300000369549 27.904699999094007 77.35000000000001
      vertex 122.66025000065565 28.27556874901056 77.35000000000001
    endloop
  endfacet
  facet normal -0.20002766077798026 -0.9797902504738908 0
    outer loop
      vertex 121.22604999691248 28.699418748915193 76.35000000000001
      vertex 122.0046000033617 28.540474998950955 76.35000000000001
      vertex 122.0046000033617 28.540474998950955 77.35000000000001
    endloop
  endfacet
  facet normal -0.20002766077798026 -0.9797902504738908 0
    outer loop
      vertex 121.22604999691248 28.699418748915193 76.35000000000001
      vertex 122.0046000033617 28.540474998950955 77.35000000000001
      vertex 121.22604999691248 28.699418748915193 77.35000000000001
    endloop
  endfacet
  facet normal -0.3746144419974872 -0.9271806834953538 0
    outer loop
      vertex 122.0046000033617 28.540474998950955 76.35000000000001
      vertex 122.66025000065565 28.27556874901056 77.35000000000001
      vertex 122.0046000033617 28.540474998950955 77.35000000000001
    endloop
  endfacet
  facet normal 0 0 1
    outer loop
      vertex 122.52849999815226 26.99940000027418 76.35000000000001
      vertex 123.60538750141859 27.432962502539155 76.35000000000001
      vertex 123.19300000369549 27.904699999094007 76.35000000000001
    endloop
  endfacet
  facet normal -0.7528793900552151 -0.6581585098060247 0
    outer loop
      vertex 123.60538750141859 27.432962502539155 76.35000000000001
      vertex 123.60538750141859 27.432962502539155 77.35000000000001
      vertex 123.19300000369549 27.904699999094007 76.35000000000001
    endloop
  endfacet
  facet normal -0.7528793900552151 -0.6581585098060247 0
    outer loop
      vertex 123.19300000369549 27.904699999094007 76.35000000000001
      vertex 123.60538750141859 27.432962502539155 77.35000000000001
      vertex 123.19300000369549 27.904699999094007 77.35000000000001
    endloop
  endfacet
  facet normal -0.8875647986621357 -0.4606828932962919 0
    outer loop
      vertex 123.8999499976635 26.865449997782704 77.35000000000001
      vertex 123.60538750141859 27.432962502539155 77.35000000000001
      vertex 123.60538750141859 27.432962502539155 76.35000000000001
    endloop
  endfacet
  facet normal -0.5713344280077655 -0.8207173516948691 0
    outer loop
      vertex 122.66025000065565 28.27556874901056 76.35000000000001
      vertex 123.19300000369549 27.904699999094007 76.35000000000001
      vertex 123.19300000369549 27.904699999094007 77.35000000000001
    endloop
  endfacet
  facet normal 0 0 1
    outer loop
      vertex 122.66025000065565 28.27556874901056 77.35000000000001
      vertex 123.19300000369549 27.904699999094007 77.35000000000001
      vertex 129.0000001 28.825000000000003 77.35000000000001
    endloop
  endfacet
  facet normal 0 0 1
    outer loop
      vertex 120.32460000365973 28.75239999890327 77.35000000000001
      vertex 121.22604999691248 28.699418748915193 77.35000000000001
      vertex 129.0000001 28.825000000000003 77.35000000000001
    endloop
  endfacet
  facet normal 0 0 1
    outer loop
      vertex 121.22604999691248 28.699418748915193 77.35000000000001
      vertex 122.0046000033617 28.540474998950955 77.35000000000001
      vertex 129.0000001 28.825000000000003 77.35000000000001
    endloop
  endfacet
  facet normal 0 0 1
    outer loop
      vertex 122.66025000065565 28.27556874901056 77.35000000000001
      vertex 129.0000001 28.825000000000003 77.35000000000001
      vertex 122.0046000033617 28.540474998950955 77.35000000000001
    endloop
  endfacet
  facet normal 1 0 0
    outer loop
      vertex 126 31.97489338379276 71.05000000000001
      vertex 126 25.825000000000003 74.35000000000001
      vertex 126 25.325000000000003 74.35000000000001
    endloop
  endfacet
  facet normal 1 0 0
    outer loop
      vertex 126 31.12830085889911 72.15330085889912
      vertex 126 27.766142838268905 74.09444369716802
      vertex 126 25.825000000000003 74.35000000000001
    endloop
  endfacet
  facet normal 1.2856098228854257e-10 -0.3826834323650878 -0.9238795325112876
    outer loop
      vertex 126 29.575000000000003 73.3451905283833
      vertex 126.0000001 27.766142838268905 74.09444369716802
      vertex 126 27.766142838268905 74.09444369716802
    endloop
  endfacet
  facet normal 0 -0.3826834323650878 -0.9238795325112876
    outer loop
      vertex 126.0000001 29.575000000000003 73.3451905283833
      vertex 126.0000001 27.766142838268905 74.09444369716802
      vertex 126 29.575000000000003 73.3451905283833
    endloop
  endfacet
  facet normal 0 0 1
    outer loop
      vertex 123.8999499976635 26.865449997782704 77.35000000000001
      vertex 124.07668749988079 26.202162499725816 77.35000000000001
      vertex 129.0000001 28.825000000000003 77.35000000000001
    endloop
  endfacet
  facet normal 0 0 1
    outer loop
      vertex 123.8999499976635 26.865449997782704 77.35000000000001
      vertex 129.0000001 28.825000000000003 77.35000000000001
      vertex 123.60538750141859 27.432962502539155 77.35000000000001
    endloop
  endfacet
  facet normal 0 0 1
    outer loop
      vertex 123.60538750141859 27.432962502539155 77.35000000000001
      vertex 129.0000001 28.825000000000003 77.35000000000001
      vertex 123.19300000369549 27.904699999094007 77.35000000000001
    endloop
  endfacet
  facet normal -1.8322731411534896e-8 -0.793353340291235 -0.6087614290087204
    outer loop
      vertex 126.0000001 32.32019052838329 70.60000000000001
      vertex 126.0000001 31.12830085889911 72.15330085889912
      vertex 126 31.97489338379276 71.05000000000001
    endloop
  endfacet
  facet normal 1 0 0
    outer loop
      vertex 129.0000001 36.06944369716801 71.79114283826891
      vertex 129.0000001 35.32019052838329 73.60000000000001
      vertex 129.0000001 36.325 69.85000000000001
    endloop
  endfacet
  facet normal 1 0 0
    outer loop
      vertex 129.0000001 35.32019052838329 73.60000000000001
      vertex 129.0000001 34.12830085889911 75.15330085889912
      vertex 129.0000001 36.325 69.85000000000001
    endloop
  endfacet
  facet normal 1 0 0
    outer loop
      vertex 129.0000001 28.825000000000003 77.35000000000001
      vertex 129.0000001 36.325 69.85000000000001
      vertex 129.0000001 30.766142838268905 77.09444369716802
    endloop
  endfacet
  facet normal 1 0 0
    outer loop
      vertex 129.0000001 32.575 76.3451905283833
      vertex 129.0000001 30.766142838268905 77.09444369716802
      vertex 129.0000001 36.325 69.85000000000001
    endloop
  endfacet
  facet normal 1 0 0
    outer loop
      vertex 129.0000001 34.12830085889911 75.15330085889912
      vertex 129.0000001 32.575 76.3451905283833
      vertex 129.0000001 36.325 69.85000000000001
    endloop
  endfacet
endsolid OpenSCAD_Model
