solid OpenSCAD_Model
  facet normal 0 -1 0
    outer loop
      vertex 69.75 -33.325 55.849999999999994
      vertex 72.75 -33.325 55.849999999999994
      vertex 72.75 -33.325 67.85
    endloop
  endfacet
  facet normal 0 0.5240974256643347 -0.851658316704544
    outer loop
      vertex 69.75 -33.325 55.849999999999994
      vertex 69.75 -13.825000000000003 67.85
      vertex 72.75 -33.325 55.849999999999994
    endloop
  endfacet
  facet normal 0 -1 0
    outer loop
      vertex 69.75 -33.325 55.849999999999994
      vertex 72.75 -33.325 67.85
      vertex 69.75 -33.325 67.85
    endloop
  endfacet
  facet normal -1 0 0
    outer loop
      vertex 69.75 -33.325 55.849999999999994
      vertex 69.75 -33.325 67.85
      vertex 69.75 -13.825000000000003 67.85
    endloop
  endfacet
  facet normal 1 0 0
    outer loop
      vertex 72.75 -33.325 55.849999999999994
      vertex 72.75 -13.825000000000003 67.85
      vertex 72.75 -33.325 67.85
    endloop
  endfacet
  facet normal -1 0 0
    outer loop
      vertex 69.75 -33.325 67.85
      vertex 69.75 -33.325 69.35
      vertex 69.75 -13.825000000000003 69.35
    endloop
  endfacet
  facet normal 0 0 1
    outer loop
      vertex 69.75 -33.325 69.35
      vertex 73.49815204523085 -23.382358619108047 69.35
      vertex 73.39323725421879 -23.265838939219357 69.35
    endloop
  endfacet
  facet normal 0 0 1
    outer loop
      vertex 69.75 -33.325 69.35
      vertex 73.625 -23.474519052838332 69.35
      vertex 73.49815204523085 -23.382358619108047 69.35
    endloop
  endfacet
  facet normal 0 0 1
    outer loop
      vertex 69.75 -33.325 69.35
      vertex 73.76823725421879 -23.538292387221368 69.35
      vertex 73.625 -23.474519052838332 69.35
    endloop
  endfacet
  facet normal 0 0 1
    outer loop
      vertex 69.75 -33.325 69.35
      vertex 73.92160365254927 -23.570891421526206 69.35
      vertex 73.76823725421879 -23.538292387221368 69.35
    endloop
  endfacet
  facet normal 0 0 1
    outer loop
      vertex 69.75 -33.325 69.35
      vertex 74.07839634745073 -23.570891421526206 69.35
      vertex 73.92160365254927 -23.570891421526206 69.35
    endloop
  endfacet
  facet normal 0 0 1
    outer loop
      vertex 69.75 -33.325 69.35
      vertex 74.23176274578121 -23.538292387221368 69.35
      vertex 74.07839634745073 -23.570891421526206 69.35
    endloop
  endfacet
  facet normal 0 0 1
    outer loop
      vertex 69.75 -33.325 69.35
      vertex 73.39323725421879 -23.265838939219357 69.35
      vertex 73.31484090676805 -23.13005248230685 69.35
    endloop
  endfacet
  facet normal 0 0 1
    outer loop
      vertex 69.75 -33.325 69.35
      vertex 73.31484090676805 -23.13005248230685 69.35
      vertex 73.26638929944964 -22.980933768113324 69.35
    endloop
  endfacet
  facet normal 0 0 -1
    outer loop
      vertex 73.49815204523085 -23.382358619108047 67.85
      vertex 72.75 -33.325 67.85
      vertex 73.39323725421879 -23.265838939219357 67.85
    endloop
  endfacet
  facet normal 0 0 -1
    outer loop
      vertex 73.49815204523085 -23.382358619108047 67.85
      vertex 73.625 -23.474519052838332 67.85
      vertex 72.75 -33.325 67.85
    endloop
  endfacet
  facet normal 0 0 -1
    outer loop
      vertex 73.625 -23.474519052838332 67.85
      vertex 73.76823725421879 -23.538292387221368 67.85
      vertex 72.75 -33.325 67.85
    endloop
  endfacet
  facet normal 0 0 -1
    outer loop
      vertex 73.76823725421879 -23.538292387221368 67.85
      vertex 73.92160365254927 -23.570891421526206 67.85
      vertex 72.75 -33.325 67.85
    endloop
  endfacet
  facet normal 0 0 -1
    outer loop
      vertex 73.26638929944964 -22.980933768113324 67.85
      vertex 73.31484090676805 -23.13005248230685 67.85
      vertex 72.75 -33.325 67.85
    endloop
  endfacet
  facet normal 0 0 -1
    outer loop
      vertex 73.26638929944964 -22.980933768113324 67.85
      vertex 72.75 -33.325 67.85
      vertex 73.25 -22.825000000000003 67.85
    endloop
  endfacet
  facet normal 0 0 -1
    outer loop
      vertex 73.39323725421879 -23.265838939219357 67.85
      vertex 72.75 -33.325 67.85
      vertex 73.31484090676805 -23.13005248230685 67.85
    endloop
  endfacet
  facet normal 0 0 -1
    outer loop
      vertex 73.92160365254927 -23.570891421526206 67.85
      vertex 74.07839634745073 -23.570891421526206 67.85
      vertex 72.75 -33.325 67.85
    endloop
  endfacet
  facet normal 0 0 -1
    outer loop
      vertex 74.07839634745073 -23.570891421526206 67.85
      vertex 74.23176274578121 -23.538292387221368 67.85
      vertex 72.75 -33.325 67.85
    endloop
  endfacet
  facet normal 0 0 -1
    outer loop
      vertex 74.23176274578121 -23.538292387221368 67.85
      vertex 74.375 -23.474519052838332 67.85
      vertex 72.75 -33.325 67.85
    endloop
  endfacet
  facet normal 0 0 1
    outer loop
      vertex 69.75 -33.325 69.35
      vertex 74.375 -23.474519052838332 69.35
      vertex 74.23176274578121 -23.538292387221368 69.35
    endloop
  endfacet
  facet normal 0 0 1
    outer loop
      vertex 69.75 -33.325 69.35
      vertex 74.50184795476915 -23.382358619108047 69.35
      vertex 74.375 -23.474519052838332 69.35
    endloop
  endfacet
  facet normal 0 0 1
    outer loop
      vertex 69.75 -33.325 69.35
      vertex 74.60676274578121 -23.265838939219357 69.35
      vertex 74.50184795476915 -23.382358619108047 69.35
    endloop
  endfacet
  facet normal 0 0 1
    outer loop
      vertex 69.75 -33.325 69.35
      vertex 74.68515909323195 -23.13005248230685 69.35
      vertex 74.60676274578121 -23.265838939219357 69.35
    endloop
  endfacet
  facet normal 0 0 1
    outer loop
      vertex 69.75 -33.325 69.35
      vertex 77.81484090676805 -23.13005248230685 69.35
      vertex 74.68515909323195 -23.13005248230685 69.35
    endloop
  endfacet
  facet normal 0 0 -1
    outer loop
      vertex 74.375 -23.474519052838332 67.85
      vertex 77.99815204523085 -23.382358619108047 67.85
      vertex 72.75 -33.325 67.85
    endloop
  endfacet
  facet normal 0 0 1
    outer loop
      vertex 69.75 -33.325 69.35
      vertex 77.99815204523085 -23.382358619108047 69.35
      vertex 77.89323725421879 -23.265838939219357 69.35
    endloop
  endfacet
  facet normal 0 0 1
    outer loop
      vertex 69.75 -33.325 69.35
      vertex 78.125 -23.474519052838332 69.35
      vertex 77.99815204523085 -23.382358619108047 69.35
    endloop
  endfacet
  facet normal 0 0 1
    outer loop
      vertex 69.75 -33.325 69.35
      vertex 78.26823725421879 -23.538292387221368 69.35
      vertex 78.125 -23.474519052838332 69.35
    endloop
  endfacet
  facet normal 0 0 1
    outer loop
      vertex 69.75 -33.325 69.35
      vertex 78.42160365254927 -23.570891421526206 69.35
      vertex 78.26823725421879 -23.538292387221368 69.35
    endloop
  endfacet
  facet normal 0 0 1
    outer loop
      vertex 69.75 -33.325 69.35
      vertex 78.57839634745073 -23.570891421526206 69.35
      vertex 78.42160365254927 -23.570891421526206 69.35
    endloop
  endfacet
  facet normal 0 0 1
    outer loop
      vertex 69.75 -33.325 69.35
      vertex 78.73176274578121 -23.538292387221368 69.35
      vertex 78.57839634745073 -23.570891421526206 69.35
    endloop
  endfacet
  facet normal 0 0 1
    outer loop
      vertex 69.75 -33.325 69.35
      vertex 77.89323725421879 -23.265838939219357 69.35
      vertex 77.81484090676805 -23.13005248230685 69.35
    endloop
  endfacet
  facet normal 0 -1 0
    outer loop
      vertex 69.75 -33.325 67.85
      vertex 93.75 -33.325 69.35
      vertex 69.75 -33.325 69.35
    endloop
  endfacet
  facet normal 0 -1 0
    outer loop
      vertex 93.75 -33.325 69.35
      vertex 69.75 -33.325 67.85
      vertex 72.75 -33.325 67.85
    endloop
  endfacet
  facet normal 0 0 1
    outer loop
      vertex 69.75 -33.325 69.35
      vertex 93.75 -33.325 69.35
      vertex 78.875 -23.474519052838332 69.35
    endloop
  endfacet
  facet normal 0 0 -1
    outer loop
      vertex 77.99815204523085 -23.382358619108047 67.85
      vertex 78.125 -23.474519052838332 67.85
      vertex 72.75 -33.325 67.85
    endloop
  endfacet
  facet normal 0 0 -1
    outer loop
      vertex 78.125 -23.474519052838332 67.85
      vertex 78.26823725421879 -23.538292387221368 67.85
      vertex 72.75 -33.325 67.85
    endloop
  endfacet
  facet normal 0 0 -1
    outer loop
      vertex 78.26823725421879 -23.538292387221368 67.85
      vertex 78.42160365254927 -23.570891421526206 67.85
      vertex 72.75 -33.325 67.85
    endloop
  endfacet
  facet normal 0 0 -1
    outer loop
      vertex 78.42160365254927 -23.570891421526206 67.85
      vertex 78.57839634745073 -23.570891421526206 67.85
      vertex 72.75 -33.325 67.85
    endloop
  endfacet
  facet normal 0 0 -1
    outer loop
      vertex 78.57839634745073 -23.570891421526206 67.85
      vertex 78.73176274578121 -23.538292387221368 67.85
      vertex 72.75 -33.325 67.85
    endloop
  endfacet
  facet normal 0 0 -1
    outer loop
      vertex 78.73176274578121 -23.538292387221368 67.85
      vertex 78.875 -23.474519052838332 67.85
      vertex 72.75 -33.325 67.85
    endloop
  endfacet
  facet normal 0 0 1
    outer loop
      vertex 69.75 -33.325 69.35
      vertex 78.875 -23.474519052838332 69.35
      vertex 78.73176274578121 -23.538292387221368 69.35
    endloop
  endfacet
  facet normal 0 0 -1
    outer loop
      vertex 84.49815204523085 -23.382358619108047 67.85
      vertex 84.625 -23.474519052838332 67.85
      vertex 72.75 -33.325 67.85
    endloop
  endfacet
  facet normal 0 0 -1
    outer loop
      vertex 84.49815204523085 -23.382358619108047 67.85
      vertex 72.75 -33.325 67.85
      vertex 84.39323725421879 -23.265838939219357 67.85
    endloop
  endfacet
  facet normal 0 0 -1
    outer loop
      vertex 84.26638929944964 -22.980933768113324 67.85
      vertex 72.75 -33.325 67.85
      vertex 84.25 -22.825000000000003 67.85
    endloop
  endfacet
  facet normal 0 0 -1
    outer loop
      vertex 84.31484090676805 -23.13005248230685 67.85
      vertex 84.39323725421879 -23.265838939219357 67.85
      vertex 72.75 -33.325 67.85
    endloop
  endfacet
  facet normal 0 0 -1
    outer loop
      vertex 84.31484090676805 -23.13005248230685 67.85
      vertex 72.75 -33.325 67.85
      vertex 84.26638929944964 -22.980933768113324 67.85
    endloop
  endfacet
  facet normal 0 0 -1
    outer loop
      vertex 84.25 -22.825000000000003 67.85
      vertex 72.75 -33.325 67.85
      vertex 84.26638929944964 -22.66906623188668 67.85
    endloop
  endfacet
  facet normal 0 0 -1
    outer loop
      vertex 84.26638929944964 -22.66906623188668 67.85
      vertex 72.75 -33.325 67.85
      vertex 84.31484090676805 -22.519947517693154 67.85
    endloop
  endfacet
  facet normal 0 0 -1
    outer loop
      vertex 84.31484090676805 -22.519947517693154 67.85
      vertex 72.75 -33.325 67.85
      vertex 84.39323725421879 -22.38416106078065 67.85
    endloop
  endfacet
  facet normal 0 0 -1
    outer loop
      vertex 84.39323725421879 -22.38416106078065 67.85
      vertex 72.75 -33.325 67.85
      vertex 84.49815204523085 -22.26764138089196 67.85
    endloop
  endfacet
  facet normal 0 0 -1
    outer loop
      vertex 78.875 -23.474519052838332 67.85
      vertex 89.26823725421879 -17.538292387221368 67.85
      vertex 72.75 -33.325 67.85
    endloop
  endfacet
  facet normal 0 0.5240974256643347 -0.851658316704544
    outer loop
      vertex 72.75 -33.325 55.849999999999994
      vertex 69.75 -13.825000000000003 67.85
      vertex 72.75 -13.825000000000003 67.85
    endloop
  endfacet
  facet normal 0 0 1
    outer loop
      vertex 69.75 -33.325 69.35
      vertex 73.26638929944964 -22.980933768113324 69.35
      vertex 69.75 -13.825000000000003 69.35
    endloop
  endfacet
  facet normal -1 0 0
    outer loop
      vertex 69.75 -33.325 67.85
      vertex 69.75 -13.825000000000003 69.35
      vertex 69.75 -13.825000000000003 67.85
    endloop
  endfacet
  facet normal 0 0 1
    outer loop
      vertex 73.26638929944964 -22.980933768113324 69.35
      vertex 73.25 -22.825000000000003 69.35
      vertex 69.75 -13.825000000000003 69.35
    endloop
  endfacet
  facet normal 0 0 -1
    outer loop
      vertex 73.25 -22.825000000000003 67.85
      vertex 72.75 -33.325 67.85
      vertex 72.75 -13.825000000000003 67.85
    endloop
  endfacet
  facet normal 0.7431448254774006 0.6691306063588511 3.280967868457494e-18
    outer loop
      vertex 73.49815204523085 -23.382358619108047 67.85
      vertex 73.39323725421879 -23.265838939219357 67.85
      vertex 73.39323725421879 -23.265838939219357 69.35
    endloop
  endfacet
  facet normal 0.9510565162951347 0.30901699437500557 0
    outer loop
      vertex 73.26638929944964 -22.980933768113324 67.85
      vertex 73.26638929944964 -22.980933768113324 69.35
      vertex 73.31484090676805 -23.13005248230685 67.85
    endloop
  endfacet
  facet normal 0.8660254037844555 0.49999999999997097 -1.7469664304275266e-18
    outer loop
      vertex 73.39323725421879 -23.265838939219357 67.85
      vertex 73.31484090676805 -23.13005248230685 67.85
      vertex 73.31484090676805 -23.13005248230685 69.35
    endloop
  endfacet
  facet normal 0.9945218953682758 0.1045284632676295 -4.613128588098978e-19
    outer loop
      vertex 73.26638929944964 -22.980933768113324 67.85
      vertex 73.25 -22.825000000000003 67.85
      vertex 73.25 -22.825000000000003 69.35
    endloop
  endfacet
  facet normal 0.9945218953682758 -0.1045284632676295 4.613128588098978e-19
    outer loop
      vertex 73.25 -22.825000000000003 67.85
      vertex 73.26638929944964 -22.66906623188668 67.85
      vertex 73.26638929944964 -22.66906623188668 69.35
    endloop
  endfacet
  facet normal 0.9510565162951347 -0.30901699437500557 9.265396941434659e-19
    outer loop
      vertex 73.26638929944964 -22.66906623188668 67.85
      vertex 73.31484090676805 -22.519947517693154 67.85
      vertex 73.31484090676805 -22.519947517693154 69.35
    endloop
  endfacet
  facet normal 0.8660254037844555 -0.49999999999997097 1.7469664304275266e-18
    outer loop
      vertex 73.31484090676805 -22.519947517693154 67.85
      vertex 73.39323725421879 -22.38416106078065 67.85
      vertex 73.39323725421879 -22.38416106078065 69.35
    endloop
  endfacet
  facet normal 0.5877852522924711 0.8090169943749489 -2.0684369516509876e-18
    outer loop
      vertex 73.49815204523085 -23.382358619108047 67.85
      vertex 73.625 -23.474519052838332 69.35
      vertex 73.625 -23.474519052838332 67.85
    endloop
  endfacet
  facet normal 0.40673664307580093 0.9135454576426005 -1.1214800378384944e-18
    outer loop
      vertex 73.625 -23.474519052838332 67.85
      vertex 73.76823725421879 -23.538292387221368 69.35
      vertex 73.76823725421879 -23.538292387221368 67.85
    endloop
  endfacet
  facet normal 0.2079116908177374 0.9781476007338104 -1.2045964297311871e-18
    outer loop
      vertex 73.76823725421879 -23.538292387221368 67.85
      vertex 73.92160365254927 -23.570891421526206 69.35
      vertex 73.92160365254927 -23.570891421526206 67.85
    endloop
  endfacet
  facet normal 0 1 0
    outer loop
      vertex 73.92160365254927 -23.570891421526206 67.85
      vertex 74.07839634745073 -23.570891421526206 69.35
      vertex 74.07839634745073 -23.570891421526206 67.85
    endloop
  endfacet
  facet normal -0.2079116908177374 0.9781476007338104 1.2045964297311871e-18
    outer loop
      vertex 74.07839634745073 -23.570891421526206 67.85
      vertex 74.23176274578121 -23.538292387221368 69.35
      vertex 74.23176274578121 -23.538292387221368 67.85
    endloop
  endfacet
  facet normal 0.7431448254774006 0.6691306063588511 0
    outer loop
      vertex 73.49815204523085 -23.382358619108047 67.85
      vertex 73.39323725421879 -23.265838939219357 69.35
      vertex 73.49815204523085 -23.382358619108047 69.35
    endloop
  endfacet
  facet normal 0.9510565162951347 0.30901699437500557 0
    outer loop
      vertex 73.31484090676805 -23.13005248230685 67.85
      vertex 73.26638929944964 -22.980933768113324 69.35
      vertex 73.31484090676805 -23.13005248230685 69.35
    endloop
  endfacet
  facet normal 0.8660254037844555 0.49999999999997097 0
    outer loop
      vertex 73.39323725421879 -23.265838939219357 67.85
      vertex 73.31484090676805 -23.13005248230685 69.35
      vertex 73.39323725421879 -23.265838939219357 69.35
    endloop
  endfacet
  facet normal 0.9945218953682758 0.1045284632676295 0
    outer loop
      vertex 73.26638929944964 -22.980933768113324 67.85
      vertex 73.25 -22.825000000000003 69.35
      vertex 73.26638929944964 -22.980933768113324 69.35
    endloop
  endfacet
  facet normal 0.9945218953682758 -0.1045284632676295 0
    outer loop
      vertex 73.25 -22.825000000000003 67.85
      vertex 73.26638929944964 -22.66906623188668 69.35
      vertex 73.25 -22.825000000000003 69.35
    endloop
  endfacet
  facet normal 0.9510565162951347 -0.30901699437500557 0
    outer loop
      vertex 73.26638929944964 -22.66906623188668 67.85
      vertex 73.31484090676805 -22.519947517693154 69.35
      vertex 73.26638929944964 -22.66906623188668 69.35
    endloop
  endfacet
  facet normal 0.8660254037844555 -0.49999999999997097 0
    outer loop
      vertex 73.31484090676805 -22.519947517693154 67.85
      vertex 73.39323725421879 -22.38416106078065 69.35
      vertex 73.31484090676805 -22.519947517693154 69.35
    endloop
  endfacet
  facet normal 0.40673664307580093 0.9135454576426005 0
    outer loop
      vertex 73.625 -23.474519052838332 67.85
      vertex 73.625 -23.474519052838332 69.35
      vertex 73.76823725421879 -23.538292387221368 69.35
    endloop
  endfacet
  facet normal 0.5877852522924711 0.8090169943749489 0
    outer loop
      vertex 73.49815204523085 -23.382358619108047 67.85
      vertex 73.49815204523085 -23.382358619108047 69.35
      vertex 73.625 -23.474519052838332 69.35
    endloop
  endfacet
  facet normal 0.2079116908177374 0.9781476007338104 0
    outer loop
      vertex 73.76823725421879 -23.538292387221368 67.85
      vertex 73.76823725421879 -23.538292387221368 69.35
      vertex 73.92160365254927 -23.570891421526206 69.35
    endloop
  endfacet
  facet normal 0 1 0
    outer loop
      vertex 73.92160365254927 -23.570891421526206 67.85
      vertex 73.92160365254927 -23.570891421526206 69.35
      vertex 74.07839634745073 -23.570891421526206 69.35
    endloop
  endfacet
  facet normal -0.2079116908177374 0.9781476007338104 0
    outer loop
      vertex 74.07839634745073 -23.570891421526206 67.85
      vertex 74.07839634745073 -23.570891421526206 69.35
      vertex 74.23176274578121 -23.538292387221368 69.35
    endloop
  endfacet
  facet normal 0.7431448254774006 -0.6691306063588511 -3.280967868457494e-18
    outer loop
      vertex 73.39323725421879 -22.38416106078065 67.85
      vertex 73.49815204523085 -22.26764138089196 67.85
      vertex 73.49815204523085 -22.26764138089196 69.35
    endloop
  endfacet
  facet normal 0.5877852522924711 -0.8090169943749489 0
    outer loop
      vertex 73.49815204523085 -22.26764138089196 67.85
      vertex 73.625 -22.175480947161674 67.85
      vertex 73.49815204523085 -22.26764138089196 69.35
    endloop
  endfacet
  facet normal 0.40673664307580093 -0.9135454576426005 0
    outer loop
      vertex 73.625 -22.175480947161674 67.85
      vertex 73.76823725421879 -22.111707612778638 67.85
      vertex 73.625 -22.175480947161674 69.35
    endloop
  endfacet
  facet normal 0.2079116908177374 -0.9781476007338104 0
    outer loop
      vertex 73.76823725421879 -22.111707612778638 67.85
      vertex 73.92160365254927 -22.0791085784738 67.85
      vertex 73.76823725421879 -22.111707612778638 69.35
    endloop
  endfacet
  facet normal 0 -1 0
    outer loop
      vertex 73.92160365254927 -22.0791085784738 67.85
      vertex 74.07839634745073 -22.0791085784738 67.85
      vertex 73.92160365254927 -22.0791085784738 69.35
    endloop
  endfacet
  facet normal -0.2079116908177374 -0.9781476007338104 0
    outer loop
      vertex 74.07839634745073 -22.0791085784738 67.85
      vertex 74.23176274578121 -22.111707612778638 67.85
      vertex 74.07839634745073 -22.0791085784738 69.35
    endloop
  endfacet
  facet normal 0.7431448254774006 -0.6691306063588511 0
    outer loop
      vertex 73.39323725421879 -22.38416106078065 67.85
      vertex 73.49815204523085 -22.26764138089196 69.35
      vertex 73.39323725421879 -22.38416106078065 69.35
    endloop
  endfacet
  facet normal 0.5877852522924711 -0.8090169943749489 0
    outer loop
      vertex 73.625 -22.175480947161674 67.85
      vertex 73.625 -22.175480947161674 69.35
      vertex 73.49815204523085 -22.26764138089196 69.35
    endloop
  endfacet
  facet normal 0.40673664307580093 -0.9135454576426005 0
    outer loop
      vertex 73.76823725421879 -22.111707612778638 67.85
      vertex 73.76823725421879 -22.111707612778638 69.35
      vertex 73.625 -22.175480947161674 69.35
    endloop
  endfacet
  facet normal 0.2079116908177374 -0.9781476007338104 0
    outer loop
      vertex 73.92160365254927 -22.0791085784738 67.85
      vertex 73.92160365254927 -22.0791085784738 69.35
      vertex 73.76823725421879 -22.111707612778638 69.35
    endloop
  endfacet
  facet normal 0 -1 0
    outer loop
      vertex 74.07839634745073 -22.0791085784738 67.85
      vertex 74.07839634745073 -22.0791085784738 69.35
      vertex 73.92160365254927 -22.0791085784738 69.35
    endloop
  endfacet
  facet normal -0.2079116908177374 -0.9781476007338104 0
    outer loop
      vertex 74.23176274578121 -22.111707612778638 67.85
      vertex 74.23176274578121 -22.111707612778638 69.35
      vertex 74.07839634745073 -22.0791085784738 69.35
    endloop
  endfacet
  facet normal -0.40673664307580093 0.9135454576426005 1.1214800378384944e-18
    outer loop
      vertex 74.23176274578121 -23.538292387221368 67.85
      vertex 74.375 -23.474519052838332 69.35
      vertex 74.375 -23.474519052838332 67.85
    endloop
  endfacet
  facet normal -0.5877852522924711 0.8090169943749489 2.0684369516509876e-18
    outer loop
      vertex 74.375 -23.474519052838332 67.85
      vertex 74.50184795476915 -23.382358619108047 69.35
      vertex 74.50184795476915 -23.382358619108047 67.85
    endloop
  endfacet
  facet normal -0.7431448254774006 0.6691306063588511 0
    outer loop
      vertex 74.50184795476915 -23.382358619108047 67.85
      vertex 74.50184795476915 -23.382358619108047 69.35
      vertex 74.60676274578121 -23.265838939219357 67.85
    endloop
  endfacet
  facet normal -0.8660254037844555 0.49999999999997097 0
    outer loop
      vertex 74.60676274578121 -23.265838939219357 67.85
      vertex 74.60676274578121 -23.265838939219357 69.35
      vertex 74.68515909323195 -23.13005248230685 67.85
    endloop
  endfacet
  facet normal -0.9510565162951347 0.30901699437500557 0
    outer loop
      vertex 74.68515909323195 -23.13005248230685 67.85
      vertex 74.68515909323195 -23.13005248230685 69.35
      vertex 74.73361070055036 -22.980933768113324 67.85
    endloop
  endfacet
  facet normal -0.9945218953682758 0.1045284632676295 0
    outer loop
      vertex 74.73361070055036 -22.980933768113324 67.85
      vertex 74.73361070055036 -22.980933768113324 69.35
      vertex 74.75 -22.825000000000003 67.85
    endloop
  endfacet
  facet normal -0.9945218953682758 -0.1045284632676295 0
    outer loop
      vertex 74.75 -22.825000000000003 67.85
      vertex 74.75 -22.825000000000003 69.35
      vertex 74.73361070055036 -22.66906623188668 67.85
    endloop
  endfacet
  facet normal -0.9510565162951347 -0.30901699437500557 0
    outer loop
      vertex 74.73361070055036 -22.66906623188668 67.85
      vertex 74.73361070055036 -22.66906623188668 69.35
      vertex 74.68515909323195 -22.519947517693154 67.85
    endloop
  endfacet
  facet normal -0.8660254037844555 -0.49999999999997097 -1.7469664304275266e-18
    outer loop
      vertex 74.60676274578121 -22.38416106078065 67.85
      vertex 74.68515909323195 -22.519947517693154 67.85
      vertex 74.68515909323195 -22.519947517693154 69.35
    endloop
  endfacet
  facet normal 0 0 -1
    outer loop
      vertex 74.375 -23.474519052838332 67.85
      vertex 74.50184795476915 -23.382358619108047 67.85
      vertex 77.99815204523085 -23.382358619108047 67.85
    endloop
  endfacet
  facet normal 0 0 -1
    outer loop
      vertex 74.50184795476915 -23.382358619108047 67.85
      vertex 74.60676274578121 -23.265838939219357 67.85
      vertex 77.89323725421879 -23.265838939219357 67.85
    endloop
  endfacet
  facet normal 0 0 -1
    outer loop
      vertex 74.60676274578121 -23.265838939219357 67.85
      vertex 74.68515909323195 -23.13005248230685 67.85
      vertex 77.81484090676805 -23.13005248230685 67.85
    endloop
  endfacet
  facet normal 0 0 -1
    outer loop
      vertex 74.68515909323195 -23.13005248230685 67.85
      vertex 74.73361070055036 -22.980933768113324 67.85
      vertex 77.76638929944964 -22.980933768113324 67.85
    endloop
  endfacet
  facet normal 0 0 -1
    outer loop
      vertex 74.73361070055036 -22.980933768113324 67.85
      vertex 74.75 -22.825000000000003 67.85
      vertex 77.75 -22.825000000000003 67.85
    endloop
  endfacet
  facet normal 0 0 -1
    outer loop
      vertex 74.73361070055036 -22.66906623188668 67.85
      vertex 74.68515909323195 -22.519947517693154 67.85
      vertex 77.81484090676805 -22.519947517693154 67.85
    endloop
  endfacet
  facet normal 0 0 -1
    outer loop
      vertex 74.60676274578121 -22.38416106078065 67.85
      vertex 77.89323725421879 -22.38416106078065 67.85
      vertex 74.68515909323195 -22.519947517693154 67.85
    endloop
  endfacet
  facet normal -0.40673664307580093 0.9135454576426005 0
    outer loop
      vertex 74.23176274578121 -23.538292387221368 67.85
      vertex 74.23176274578121 -23.538292387221368 69.35
      vertex 74.375 -23.474519052838332 69.35
    endloop
  endfacet
  facet normal -0.5877852522924711 0.8090169943749489 0
    outer loop
      vertex 74.375 -23.474519052838332 67.85
      vertex 74.375 -23.474519052838332 69.35
      vertex 74.50184795476915 -23.382358619108047 69.35
    endloop
  endfacet
  facet normal -0.7431448254774006 0.6691306063588511 0
    outer loop
      vertex 74.60676274578121 -23.265838939219357 67.85
      vertex 74.50184795476915 -23.382358619108047 69.35
      vertex 74.60676274578121 -23.265838939219357 69.35
    endloop
  endfacet
  facet normal -0.8660254037844555 0.49999999999997097 0
    outer loop
      vertex 74.68515909323195 -23.13005248230685 67.85
      vertex 74.60676274578121 -23.265838939219357 69.35
      vertex 74.68515909323195 -23.13005248230685 69.35
    endloop
  endfacet
  facet normal -0.9510565162951347 0.30901699437500557 0
    outer loop
      vertex 74.73361070055036 -22.980933768113324 67.85
      vertex 74.68515909323195 -23.13005248230685 69.35
      vertex 74.73361070055036 -22.980933768113324 69.35
    endloop
  endfacet
  facet normal -0.9945218953682758 0.1045284632676295 0
    outer loop
      vertex 74.75 -22.825000000000003 67.85
      vertex 74.73361070055036 -22.980933768113324 69.35
      vertex 74.75 -22.825000000000003 69.35
    endloop
  endfacet
  facet normal -0.9945218953682758 -0.1045284632676295 0
    outer loop
      vertex 74.73361070055036 -22.66906623188668 67.85
      vertex 74.75 -22.825000000000003 69.35
      vertex 74.73361070055036 -22.66906623188668 69.35
    endloop
  endfacet
  facet normal -0.9510565162951347 -0.30901699437500557 0
    outer loop
      vertex 74.68515909323195 -22.519947517693154 67.85
      vertex 74.73361070055036 -22.66906623188668 69.35
      vertex 74.68515909323195 -22.519947517693154 69.35
    endloop
  endfacet
  facet normal -0.8660254037844555 -0.49999999999997097 0
    outer loop
      vertex 74.60676274578121 -22.38416106078065 67.85
      vertex 74.68515909323195 -22.519947517693154 69.35
      vertex 74.60676274578121 -22.38416106078065 69.35
    endloop
  endfacet
  facet normal 0 0 1
    outer loop
      vertex 74.68515909323195 -23.13005248230685 69.35
      vertex 77.81484090676805 -23.13005248230685 69.35
      vertex 74.73361070055036 -22.980933768113324 69.35
    endloop
  endfacet
  facet normal 0 0 1
    outer loop
      vertex 74.75 -22.825000000000003 69.35
      vertex 77.75 -22.825000000000003 69.35
      vertex 74.73361070055036 -22.66906623188668 69.35
    endloop
  endfacet
  facet normal 0 0 1
    outer loop
      vertex 74.73361070055036 -22.66906623188668 69.35
      vertex 77.76638929944964 -22.66906623188668 69.35
      vertex 74.68515909323195 -22.519947517693154 69.35
    endloop
  endfacet
  facet normal 0 0 1
    outer loop
      vertex 74.60676274578121 -22.38416106078065 69.35
      vertex 74.68515909323195 -22.519947517693154 69.35
      vertex 77.81484090676805 -22.519947517693154 69.35
    endloop
  endfacet
  facet normal -0.5877852522924711 -0.8090169943749489 0
    outer loop
      vertex 74.375 -22.175480947161674 67.85
      vertex 74.50184795476915 -22.26764138089196 67.85
      vertex 74.375 -22.175480947161674 69.35
    endloop
  endfacet
  facet normal -0.40673664307580093 -0.9135454576426005 0
    outer loop
      vertex 74.23176274578121 -22.111707612778638 67.85
      vertex 74.375 -22.175480947161674 67.85
      vertex 74.23176274578121 -22.111707612778638 69.35
    endloop
  endfacet
  facet normal -0.7431448254774006 -0.6691306063588511 0
    outer loop
      vertex 74.60676274578121 -22.38416106078065 67.85
      vertex 74.60676274578121 -22.38416106078065 69.35
      vertex 74.50184795476915 -22.26764138089196 67.85
    endloop
  endfacet
  facet normal -0.40673664307580093 -0.9135454576426005 0
    outer loop
      vertex 74.375 -22.175480947161674 67.85
      vertex 74.375 -22.175480947161674 69.35
      vertex 74.23176274578121 -22.111707612778638 69.35
    endloop
  endfacet
  facet normal -0.5877852522924711 -0.8090169943749489 0
    outer loop
      vertex 74.50184795476915 -22.26764138089196 67.85
      vertex 74.50184795476915 -22.26764138089196 69.35
      vertex 74.375 -22.175480947161674 69.35
    endloop
  endfacet
  facet normal -0.7431448254774006 -0.6691306063588511 0
    outer loop
      vertex 74.50184795476915 -22.26764138089196 67.85
      vertex 74.60676274578121 -22.38416106078065 69.35
      vertex 74.50184795476915 -22.26764138089196 69.35
    endloop
  endfacet
  facet normal 0 0 1
    outer loop
      vertex 74.60676274578121 -22.38416106078065 69.35
      vertex 77.89323725421879 -22.38416106078065 69.35
      vertex 74.50184795476915 -22.26764138089196 69.35
    endloop
  endfacet
  facet normal 0 0 -1
    outer loop
      vertex 73.25 -22.825000000000003 67.85
      vertex 73.26638929944964 -16.980933768113324 67.85
      vertex 73.26638929944964 -22.66906623188668 67.85
    endloop
  endfacet
  facet normal 0 0 -1
    outer loop
      vertex 73.26638929944964 -22.66906623188668 67.85
      vertex 73.26638929944964 -16.980933768113324 67.85
      vertex 73.31484090676805 -22.519947517693154 67.85
    endloop
  endfacet
  facet normal 0 0 -1
    outer loop
      vertex 73.31484090676805 -22.519947517693154 67.85
      vertex 73.39323725421879 -17.265838939219357 67.85
      vertex 73.39323725421879 -22.38416106078065 67.85
    endloop
  endfacet
  facet normal 0 0 -1
    outer loop
      vertex 73.39323725421879 -22.38416106078065 67.85
      vertex 73.39323725421879 -17.265838939219357 67.85
      vertex 73.49815204523085 -22.26764138089196 67.85
    endloop
  endfacet
  facet normal 0 0 -1
    outer loop
      vertex 73.49815204523085 -22.26764138089196 67.85
      vertex 73.49815204523085 -17.382358619108047 67.85
      vertex 73.625 -22.175480947161674 67.85
    endloop
  endfacet
  facet normal 0 0 -1
    outer loop
      vertex 73.625 -22.175480947161674 67.85
      vertex 73.625 -17.474519052838332 67.85
      vertex 73.76823725421879 -22.111707612778638 67.85
    endloop
  endfacet
  facet normal 0 0 -1
    outer loop
      vertex 73.76823725421879 -22.111707612778638 67.85
      vertex 73.76823725421879 -17.538292387221368 67.85
      vertex 73.92160365254927 -22.0791085784738 67.85
    endloop
  endfacet
  facet normal 0 0 -1
    outer loop
      vertex 73.92160365254927 -22.0791085784738 67.85
      vertex 73.92160365254927 -17.570891421526206 67.85
      vertex 74.07839634745073 -22.0791085784738 67.85
    endloop
  endfacet
  facet normal 0 0 -1
    outer loop
      vertex 74.07839634745073 -22.0791085784738 67.85
      vertex 74.07839634745073 -17.570891421526206 67.85
      vertex 74.23176274578121 -22.111707612778638 67.85
    endloop
  endfacet
  facet normal 0 0 1
    outer loop
      vertex 73.25 -22.825000000000003 69.35
      vertex 73.26638929944964 -22.66906623188668 69.35
      vertex 73.26638929944964 -16.980933768113324 69.35
    endloop
  endfacet
  facet normal 0 0 1
    outer loop
      vertex 73.26638929944964 -22.66906623188668 69.35
      vertex 73.31484090676805 -22.519947517693154 69.35
      vertex 73.26638929944964 -16.980933768113324 69.35
    endloop
  endfacet
  facet normal 0 0 1
    outer loop
      vertex 73.31484090676805 -22.519947517693154 69.35
      vertex 73.39323725421879 -22.38416106078065 69.35
      vertex 73.39323725421879 -17.265838939219357 69.35
    endloop
  endfacet
  facet normal 0 0 1
    outer loop
      vertex 73.39323725421879 -22.38416106078065 69.35
      vertex 73.49815204523085 -22.26764138089196 69.35
      vertex 73.49815204523085 -17.382358619108047 69.35
    endloop
  endfacet
  facet normal 0 0 1
    outer loop
      vertex 73.49815204523085 -22.26764138089196 69.35
      vertex 73.625 -22.175480947161674 69.35
      vertex 73.625 -17.474519052838332 69.35
    endloop
  endfacet
  facet normal 0 0 1
    outer loop
      vertex 73.625 -22.175480947161674 69.35
      vertex 73.76823725421879 -22.111707612778638 69.35
      vertex 73.76823725421879 -17.538292387221368 69.35
    endloop
  endfacet
  facet normal 0 0 1
    outer loop
      vertex 73.76823725421879 -22.111707612778638 69.35
      vertex 73.92160365254927 -22.0791085784738 69.35
      vertex 73.92160365254927 -17.570891421526206 69.35
    endloop
  endfacet
  facet normal 0 0 1
    outer loop
      vertex 73.92160365254927 -22.0791085784738 69.35
      vertex 74.07839634745073 -22.0791085784738 69.35
      vertex 74.07839634745073 -17.570891421526206 69.35
    endloop
  endfacet
  facet normal 0 0 1
    outer loop
      vertex 74.07839634745073 -22.0791085784738 69.35
      vertex 74.23176274578121 -22.111707612778638 69.35
      vertex 74.23176274578121 -17.538292387221368 69.35
    endloop
  endfacet
  facet normal 0 0 -1
    outer loop
      vertex 73.25 -22.825000000000003 67.85
      vertex 73.25 -16.825000000000003 67.85
      vertex 73.26638929944964 -16.980933768113324 67.85
    endloop
  endfacet
  facet normal 0 0 -1
    outer loop
      vertex 73.31484090676805 -22.519947517693154 67.85
      vertex 73.26638929944964 -16.980933768113324 67.85
      vertex 73.31484090676805 -17.13005248230685 67.85
    endloop
  endfacet
  facet normal 0 0 -1
    outer loop
      vertex 73.31484090676805 -22.519947517693154 67.85
      vertex 73.31484090676805 -17.13005248230685 67.85
      vertex 73.39323725421879 -17.265838939219357 67.85
    endloop
  endfacet
  facet normal 0 0 -1
    outer loop
      vertex 73.49815204523085 -22.26764138089196 67.85
      vertex 73.39323725421879 -17.265838939219357 67.85
      vertex 73.49815204523085 -17.382358619108047 67.85
    endloop
  endfacet
  facet normal 0 0 -1
    outer loop
      vertex 73.625 -22.175480947161674 67.85
      vertex 73.49815204523085 -17.382358619108047 67.85
      vertex 73.625 -17.474519052838332 67.85
    endloop
  endfacet
  facet normal 0 0 -1
    outer loop
      vertex 73.76823725421879 -22.111707612778638 67.85
      vertex 73.625 -17.474519052838332 67.85
      vertex 73.76823725421879 -17.538292387221368 67.85
    endloop
  endfacet
  facet normal 0 0 -1
    outer loop
      vertex 73.92160365254927 -22.0791085784738 67.85
      vertex 73.76823725421879 -17.538292387221368 67.85
      vertex 73.92160365254927 -17.570891421526206 67.85
    endloop
  endfacet
  facet normal 0 0 -1
    outer loop
      vertex 74.07839634745073 -22.0791085784738 67.85
      vertex 73.92160365254927 -17.570891421526206 67.85
      vertex 74.07839634745073 -17.570891421526206 67.85
    endloop
  endfacet
  facet normal 0 0 -1
    outer loop
      vertex 74.23176274578121 -22.111707612778638 67.85
      vertex 74.07839634745073 -17.570891421526206 67.85
      vertex 74.23176274578121 -17.538292387221368 67.85
    endloop
  endfacet
  facet normal 0 0 1
    outer loop
      vertex 73.39323725421879 -22.38416106078065 69.35
      vertex 73.49815204523085 -17.382358619108047 69.35
      vertex 73.39323725421879 -17.265838939219357 69.35
    endloop
  endfacet
  facet normal 0 0 1
    outer loop
      vertex 73.31484090676805 -22.519947517693154 69.35
      vertex 73.31484090676805 -17.13005248230685 69.35
      vertex 73.26638929944964 -16.980933768113324 69.35
    endloop
  endfacet
  facet normal 0 0 1
    outer loop
      vertex 73.31484090676805 -22.519947517693154 69.35
      vertex 73.39323725421879 -17.265838939219357 69.35
      vertex 73.31484090676805 -17.13005248230685 69.35
    endloop
  endfacet
  facet normal 0 0 1
    outer loop
      vertex 73.49815204523085 -22.26764138089196 69.35
      vertex 73.625 -17.474519052838332 69.35
      vertex 73.49815204523085 -17.382358619108047 69.35
    endloop
  endfacet
  facet normal 0 0 1
    outer loop
      vertex 73.625 -22.175480947161674 69.35
      vertex 73.76823725421879 -17.538292387221368 69.35
      vertex 73.625 -17.474519052838332 69.35
    endloop
  endfacet
  facet normal 0 0 1
    outer loop
      vertex 73.76823725421879 -22.111707612778638 69.35
      vertex 73.92160365254927 -17.570891421526206 69.35
      vertex 73.76823725421879 -17.538292387221368 69.35
    endloop
  endfacet
  facet normal 0 0 1
    outer loop
      vertex 73.92160365254927 -22.0791085784738 69.35
      vertex 74.07839634745073 -17.570891421526206 69.35
      vertex 73.92160365254927 -17.570891421526206 69.35
    endloop
  endfacet
  facet normal 0 0 1
    outer loop
      vertex 74.07839634745073 -22.0791085784738 69.35
      vertex 74.23176274578121 -17.538292387221368 69.35
      vertex 74.07839634745073 -17.570891421526206 69.35
    endloop
  endfacet
  facet normal 0 0 -1
    outer loop
      vertex 74.23176274578121 -22.111707612778638 67.85
      vertex 74.23176274578121 -17.538292387221368 67.85
      vertex 74.375 -22.175480947161674 67.85
    endloop
  endfacet
  facet normal 0 0 -1
    outer loop
      vertex 74.375 -22.175480947161674 67.85
      vertex 74.375 -17.474519052838332 67.85
      vertex 74.50184795476915 -22.26764138089196 67.85
    endloop
  endfacet
  facet normal 0 0 -1
    outer loop
      vertex 74.60676274578121 -22.38416106078065 67.85
      vertex 74.50184795476915 -22.26764138089196 67.85
      vertex 78.125 -17.474519052838332 67.85
    endloop
  endfacet
  facet normal 0 0 1
    outer loop
      vertex 74.23176274578121 -22.111707612778638 69.35
      vertex 74.375 -22.175480947161674 69.35
      vertex 74.23176274578121 -17.538292387221368 69.35
    endloop
  endfacet
  facet normal 0 0 1
    outer loop
      vertex 74.375 -22.175480947161674 69.35
      vertex 74.50184795476915 -22.26764138089196 69.35
      vertex 74.23176274578121 -17.538292387221368 69.35
    endloop
  endfacet
  facet normal 0 0 1
    outer loop
      vertex 74.50184795476915 -22.26764138089196 69.35
      vertex 77.99815204523085 -22.26764138089196 69.35
      vertex 74.23176274578121 -17.538292387221368 69.35
    endloop
  endfacet
  facet normal 0 0 -1
    outer loop
      vertex 74.375 -22.175480947161674 67.85
      vertex 74.23176274578121 -17.538292387221368 67.85
      vertex 74.375 -17.474519052838332 67.85
    endloop
  endfacet
  facet normal 0 0 -1
    outer loop
      vertex 74.50184795476915 -22.26764138089196 67.85
      vertex 74.375 -17.474519052838332 67.85
      vertex 74.50184795476915 -17.382358619108047 67.85
    endloop
  endfacet
  facet normal 0 0 -1
    outer loop
      vertex 74.50184795476915 -22.26764138089196 67.85
      vertex 74.50184795476915 -17.382358619108047 67.85
      vertex 77.89323725421879 -17.265838939219357 67.85
    endloop
  endfacet
  facet normal 0 0 1
    outer loop
      vertex 73.25 -22.825000000000003 69.35
      vertex 73.26638929944964 -16.980933768113324 69.35
      vertex 69.75 -13.825000000000003 69.35
    endloop
  endfacet
  facet normal 0 1 0
    outer loop
      vertex 69.75 -13.825000000000003 67.85
      vertex 69.75 -13.825000000000003 69.35
      vertex 72.75 -13.825000000000003 67.85
    endloop
  endfacet
  facet normal 0 0 1
    outer loop
      vertex 69.75 -13.825000000000003 69.35
      vertex 73.26638929944964 -16.980933768113324 69.35
      vertex 73.25 -16.825000000000003 69.35
    endloop
  endfacet
  facet normal 0 0 1
    outer loop
      vertex 69.75 -13.825000000000003 69.35
      vertex 73.25 -16.825000000000003 69.35
      vertex 73.26638929944964 -16.66906623188668 69.35
    endloop
  endfacet
  facet normal 0 0 1
    outer loop
      vertex 69.75 -13.825000000000003 69.35
      vertex 73.26638929944964 -16.66906623188668 69.35
      vertex 73.31484090676805 -16.519947517693154 69.35
    endloop
  endfacet
  facet normal 0 0 1
    outer loop
      vertex 69.75 -13.825000000000003 69.35
      vertex 73.31484090676805 -16.519947517693154 69.35
      vertex 73.39323725421879 -16.38416106078065 69.35
    endloop
  endfacet
  facet normal 0 0 1
    outer loop
      vertex 69.75 -13.825000000000003 69.35
      vertex 73.39323725421879 -16.38416106078065 69.35
      vertex 73.49815204523085 -16.26764138089196 69.35
    endloop
  endfacet
  facet normal 0 0 1
    outer loop
      vertex 69.75 -13.825000000000003 69.35
      vertex 73.49815204523085 -16.26764138089196 69.35
      vertex 73.625 -16.175480947161674 69.35
    endloop
  endfacet
  facet normal 0 0 1
    outer loop
      vertex 69.75 -13.825000000000003 69.35
      vertex 73.625 -16.175480947161674 69.35
      vertex 73.76823725421879 -16.111707612778638 69.35
    endloop
  endfacet
  facet normal 0 0 1
    outer loop
      vertex 69.75 -13.825000000000003 69.35
      vertex 73.76823725421879 -16.111707612778638 69.35
      vertex 73.92160365254927 -16.0791085784738 69.35
    endloop
  endfacet
  facet normal 0 0 1
    outer loop
      vertex 69.75 -13.825000000000003 69.35
      vertex 73.92160365254927 -16.0791085784738 69.35
      vertex 74.07839634745073 -16.0791085784738 69.35
    endloop
  endfacet
  facet normal 0 0 1
    outer loop
      vertex 69.75 -13.825000000000003 69.35
      vertex 74.07839634745073 -16.0791085784738 69.35
      vertex 74.23176274578121 -16.111707612778638 69.35
    endloop
  endfacet
  facet normal 0 0 -1
    outer loop
      vertex 73.25 -22.825000000000003 67.85
      vertex 72.75 -13.825000000000003 67.85
      vertex 73.25 -16.825000000000003 67.85
    endloop
  endfacet
  facet normal 0.40673664307580093 0.9135454576426005 0
    outer loop
      vertex 73.76823725421879 -17.538292387221368 67.85
      vertex 73.625 -17.474519052838332 67.85
      vertex 73.76823725421879 -17.538292387221368 69.35
    endloop
  endfacet
  facet normal 0.2079116908177374 0.9781476007338104 -1.2045964297311871e-18
    outer loop
      vertex 73.76823725421879 -17.538292387221368 67.85
      vertex 73.92160365254927 -17.570891421526206 69.35
      vertex 73.92160365254927 -17.570891421526206 67.85
    endloop
  endfacet
  facet normal 0 1 0
    outer loop
      vertex 73.92160365254927 -17.570891421526206 67.85
      vertex 74.07839634745073 -17.570891421526206 69.35
      vertex 74.07839634745073 -17.570891421526206 67.85
    endloop
  endfacet
  facet normal -0.2079116908177374 0.9781476007338104 1.2045964297311871e-18
    outer loop
      vertex 74.07839634745073 -17.570891421526206 67.85
      vertex 74.23176274578121 -17.538292387221368 69.35
      vertex 74.23176274578121 -17.538292387221368 67.85
    endloop
  endfacet
  facet normal 0.40673664307580093 0.9135454576426005 0
    outer loop
      vertex 73.625 -17.474519052838332 67.85
      vertex 73.625 -17.474519052838332 69.35
      vertex 73.76823725421879 -17.538292387221368 69.35
    endloop
  endfacet
  facet normal 0.2079116908177374 0.9781476007338104 0
    outer loop
      vertex 73.76823725421879 -17.538292387221368 67.85
      vertex 73.76823725421879 -17.538292387221368 69.35
      vertex 73.92160365254927 -17.570891421526206 69.35
    endloop
  endfacet
  facet normal 0 1 0
    outer loop
      vertex 73.92160365254927 -17.570891421526206 67.85
      vertex 73.92160365254927 -17.570891421526206 69.35
      vertex 74.07839634745073 -17.570891421526206 69.35
    endloop
  endfacet
  facet normal -0.2079116908177374 0.9781476007338104 0
    outer loop
      vertex 74.07839634745073 -17.570891421526206 67.85
      vertex 74.07839634745073 -17.570891421526206 69.35
      vertex 74.23176274578121 -17.538292387221368 69.35
    endloop
  endfacet
  facet normal 0.7431448254774006 0.6691306063588511 3.280967868457494e-18
    outer loop
      vertex 73.49815204523085 -17.382358619108047 67.85
      vertex 73.39323725421879 -17.265838939219357 67.85
      vertex 73.39323725421879 -17.265838939219357 69.35
    endloop
  endfacet
  facet normal 0.9510565162951347 0.30901699437500557 0
    outer loop
      vertex 73.26638929944964 -16.980933768113324 67.85
      vertex 73.26638929944964 -16.980933768113324 69.35
      vertex 73.31484090676805 -17.13005248230685 67.85
    endloop
  endfacet
  facet normal 0.9945218953682758 0.1045284632676295 -4.613128588098978e-19
    outer loop
      vertex 73.26638929944964 -16.980933768113324 67.85
      vertex 73.25 -16.825000000000003 67.85
      vertex 73.25 -16.825000000000003 69.35
    endloop
  endfacet
  facet normal 0.8660254037844555 0.49999999999997097 -1.7469664304275266e-18
    outer loop
      vertex 73.39323725421879 -17.265838939219357 67.85
      vertex 73.31484090676805 -17.13005248230685 67.85
      vertex 73.31484090676805 -17.13005248230685 69.35
    endloop
  endfacet
  facet normal 0.9945218953682758 -0.1045284632676295 4.613128588098978e-19
    outer loop
      vertex 73.25 -16.825000000000003 67.85
      vertex 73.26638929944964 -16.66906623188668 67.85
      vertex 73.26638929944964 -16.66906623188668 69.35
    endloop
  endfacet
  facet normal 0.9510565162951347 -0.30901699437500557 9.265396941434659e-19
    outer loop
      vertex 73.26638929944964 -16.66906623188668 67.85
      vertex 73.31484090676805 -16.519947517693154 67.85
      vertex 73.31484090676805 -16.519947517693154 69.35
    endloop
  endfacet
  facet normal 0.8660254037844555 -0.49999999999997097 1.7469664304275266e-18
    outer loop
      vertex 73.31484090676805 -16.519947517693154 67.85
      vertex 73.39323725421879 -16.38416106078065 67.85
      vertex 73.39323725421879 -16.38416106078065 69.35
    endloop
  endfacet
  facet normal 0.7431448254774006 -0.6691306063588511 -3.280967868457494e-18
    outer loop
      vertex 73.39323725421879 -16.38416106078065 67.85
      vertex 73.49815204523085 -16.26764138089196 67.85
      vertex 73.49815204523085 -16.26764138089196 69.35
    endloop
  endfacet
  facet normal 0.5877852522924711 0.8090169943749489 -2.0684369516509876e-18
    outer loop
      vertex 73.49815204523085 -17.382358619108047 67.85
      vertex 73.625 -17.474519052838332 69.35
      vertex 73.625 -17.474519052838332 67.85
    endloop
  endfacet
  facet normal 0.7431448254774006 0.6691306063588511 0
    outer loop
      vertex 73.49815204523085 -17.382358619108047 67.85
      vertex 73.39323725421879 -17.265838939219357 69.35
      vertex 73.49815204523085 -17.382358619108047 69.35
    endloop
  endfacet
  facet normal 0.8660254037844555 0.49999999999997097 0
    outer loop
      vertex 73.39323725421879 -17.265838939219357 67.85
      vertex 73.31484090676805 -17.13005248230685 69.35
      vertex 73.39323725421879 -17.265838939219357 69.35
    endloop
  endfacet
  facet normal 0.9510565162951347 0.30901699437500557 0
    outer loop
      vertex 73.31484090676805 -17.13005248230685 67.85
      vertex 73.26638929944964 -16.980933768113324 69.35
      vertex 73.31484090676805 -17.13005248230685 69.35
    endloop
  endfacet
  facet normal 0.9945218953682758 0.1045284632676295 0
    outer loop
      vertex 73.26638929944964 -16.980933768113324 67.85
      vertex 73.25 -16.825000000000003 69.35
      vertex 73.26638929944964 -16.980933768113324 69.35
    endloop
  endfacet
  facet normal 0.9945218953682758 -0.1045284632676295 0
    outer loop
      vertex 73.25 -16.825000000000003 67.85
      vertex 73.26638929944964 -16.66906623188668 69.35
      vertex 73.25 -16.825000000000003 69.35
    endloop
  endfacet
  facet normal 0.9510565162951347 -0.30901699437500557 0
    outer loop
      vertex 73.26638929944964 -16.66906623188668 67.85
      vertex 73.31484090676805 -16.519947517693154 69.35
      vertex 73.26638929944964 -16.66906623188668 69.35
    endloop
  endfacet
  facet normal 0.8660254037844555 -0.49999999999997097 0
    outer loop
      vertex 73.31484090676805 -16.519947517693154 67.85
      vertex 73.39323725421879 -16.38416106078065 69.35
      vertex 73.31484090676805 -16.519947517693154 69.35
    endloop
  endfacet
  facet normal 0.7431448254774006 -0.6691306063588511 0
    outer loop
      vertex 73.39323725421879 -16.38416106078065 67.85
      vertex 73.49815204523085 -16.26764138089196 69.35
      vertex 73.39323725421879 -16.38416106078065 69.35
    endloop
  endfacet
  facet normal 0.5877852522924711 0.8090169943749489 0
    outer loop
      vertex 73.49815204523085 -17.382358619108047 67.85
      vertex 73.49815204523085 -17.382358619108047 69.35
      vertex 73.625 -17.474519052838332 69.35
    endloop
  endfacet
  facet normal -0.40673664307580093 0.9135454576426005 1.1214800378384944e-18
    outer loop
      vertex 74.23176274578121 -17.538292387221368 67.85
      vertex 74.375 -17.474519052838332 69.35
      vertex 74.375 -17.474519052838332 67.85
    endloop
  endfacet
  facet normal -0.40673664307580093 0.9135454576426005 0
    outer loop
      vertex 74.23176274578121 -17.538292387221368 67.85
      vertex 74.23176274578121 -17.538292387221368 69.35
      vertex 74.375 -17.474519052838332 69.35
    endloop
  endfacet
  facet normal -0.5877852522924711 0.8090169943749489 2.0684369516509876e-18
    outer loop
      vertex 74.375 -17.474519052838332 67.85
      vertex 74.50184795476915 -17.382358619108047 69.35
      vertex 74.50184795476915 -17.382358619108047 67.85
    endloop
  endfacet
  facet normal -0.7431448254774006 0.6691306063588511 0
    outer loop
      vertex 74.50184795476915 -17.382358619108047 67.85
      vertex 74.50184795476915 -17.382358619108047 69.35
      vertex 74.60676274578121 -17.265838939219357 67.85
    endloop
  endfacet
  facet normal -0.8660254037844555 0.49999999999997097 0
    outer loop
      vertex 74.60676274578121 -17.265838939219357 67.85
      vertex 74.60676274578121 -17.265838939219357 69.35
      vertex 74.68515909323195 -17.13005248230685 67.85
    endloop
  endfacet
  facet normal -0.9510565162951347 0.30901699437500557 0
    outer loop
      vertex 74.68515909323195 -17.13005248230685 67.85
      vertex 74.68515909323195 -17.13005248230685 69.35
      vertex 74.73361070055036 -16.980933768113324 67.85
    endloop
  endfacet
  facet normal -0.9945218953682758 0.1045284632676295 0
    outer loop
      vertex 74.73361070055036 -16.980933768113324 67.85
      vertex 74.73361070055036 -16.980933768113324 69.35
      vertex 74.75 -16.825000000000003 67.85
    endloop
  endfacet
  facet normal -0.7431448254774006 -0.6691306063588511 3.280967868457494e-18
    outer loop
      vertex 74.50184795476915 -16.26764138089196 67.85
      vertex 74.60676274578121 -16.38416106078065 67.85
      vertex 74.60676274578121 -16.38416106078065 69.35
    endloop
  endfacet
  facet normal -0.9945218953682758 -0.1045284632676295 0
    outer loop
      vertex 74.75 -16.825000000000003 67.85
      vertex 74.75 -16.825000000000003 69.35
      vertex 74.73361070055036 -16.66906623188668 67.85
    endloop
  endfacet
  facet normal -0.9510565162951347 -0.30901699437500557 0
    outer loop
      vertex 74.73361070055036 -16.66906623188668 67.85
      vertex 74.73361070055036 -16.66906623188668 69.35
      vertex 74.68515909323195 -16.519947517693154 67.85
    endloop
  endfacet
  facet normal -0.8660254037844555 -0.49999999999997097 -1.7469664304275266e-18
    outer loop
      vertex 74.60676274578121 -16.38416106078065 67.85
      vertex 74.68515909323195 -16.519947517693154 67.85
      vertex 74.68515909323195 -16.519947517693154 69.35
    endloop
  endfacet
  facet normal 0 0 -1
    outer loop
      vertex 74.50184795476915 -17.382358619108047 67.85
      vertex 74.60676274578121 -17.265838939219357 67.85
      vertex 77.89323725421879 -17.265838939219357 67.85
    endloop
  endfacet
  facet normal 0 0 -1
    outer loop
      vertex 74.60676274578121 -17.265838939219357 67.85
      vertex 74.68515909323195 -17.13005248230685 67.85
      vertex 77.81484090676805 -17.13005248230685 67.85
    endloop
  endfacet
  facet normal 0 0 -1
    outer loop
      vertex 74.68515909323195 -17.13005248230685 67.85
      vertex 74.73361070055036 -16.980933768113324 67.85
      vertex 77.76638929944964 -16.980933768113324 67.85
    endloop
  endfacet
  facet normal 0 0 -1
    outer loop
      vertex 74.73361070055036 -16.980933768113324 67.85
      vertex 74.75 -16.825000000000003 67.85
      vertex 77.75 -16.825000000000003 67.85
    endloop
  endfacet
  facet normal 0 0 -1
    outer loop
      vertex 74.73361070055036 -16.66906623188668 67.85
      vertex 74.68515909323195 -16.519947517693154 67.85
      vertex 77.81484090676805 -16.519947517693154 67.85
    endloop
  endfacet
  facet normal 0 0 -1
    outer loop
      vertex 74.60676274578121 -16.38416106078065 67.85
      vertex 77.89323725421879 -16.38416106078065 67.85
      vertex 74.68515909323195 -16.519947517693154 67.85
    endloop
  endfacet
  facet normal 0 0 -1
    outer loop
      vertex 74.50184795476915 -16.26764138089196 67.85
      vertex 77.99815204523085 -16.26764138089196 67.85
      vertex 74.60676274578121 -16.38416106078065 67.85
    endloop
  endfacet
  facet normal -0.5877852522924711 0.8090169943749489 0
    outer loop
      vertex 74.375 -17.474519052838332 67.85
      vertex 74.375 -17.474519052838332 69.35
      vertex 74.50184795476915 -17.382358619108047 69.35
    endloop
  endfacet
  facet normal -0.7431448254774006 0.6691306063588511 0
    outer loop
      vertex 74.60676274578121 -17.265838939219357 67.85
      vertex 74.50184795476915 -17.382358619108047 69.35
      vertex 74.60676274578121 -17.265838939219357 69.35
    endloop
  endfacet
  facet normal -0.8660254037844555 0.49999999999997097 0
    outer loop
      vertex 74.68515909323195 -17.13005248230685 67.85
      vertex 74.60676274578121 -17.265838939219357 69.35
      vertex 74.68515909323195 -17.13005248230685 69.35
    endloop
  endfacet
  facet normal -0.9510565162951347 0.30901699437500557 0
    outer loop
      vertex 74.73361070055036 -16.980933768113324 67.85
      vertex 74.68515909323195 -17.13005248230685 69.35
      vertex 74.73361070055036 -16.980933768113324 69.35
    endloop
  endfacet
  facet normal -0.9945218953682758 0.1045284632676295 0
    outer loop
      vertex 74.75 -16.825000000000003 67.85
      vertex 74.73361070055036 -16.980933768113324 69.35
      vertex 74.75 -16.825000000000003 69.35
    endloop
  endfacet
  facet normal -0.7431448254774006 -0.6691306063588511 0
    outer loop
      vertex 74.50184795476915 -16.26764138089196 67.85
      vertex 74.60676274578121 -16.38416106078065 69.35
      vertex 74.50184795476915 -16.26764138089196 69.35
    endloop
  endfacet
  facet normal -0.9945218953682758 -0.1045284632676295 0
    outer loop
      vertex 74.73361070055036 -16.66906623188668 67.85
      vertex 74.75 -16.825000000000003 69.35
      vertex 74.73361070055036 -16.66906623188668 69.35
    endloop
  endfacet
  facet normal -0.9510565162951347 -0.30901699437500557 0
    outer loop
      vertex 74.68515909323195 -16.519947517693154 67.85
      vertex 74.73361070055036 -16.66906623188668 69.35
      vertex 74.68515909323195 -16.519947517693154 69.35
    endloop
  endfacet
  facet normal -0.8660254037844555 -0.49999999999997097 0
    outer loop
      vertex 74.60676274578121 -16.38416106078065 67.85
      vertex 74.68515909323195 -16.519947517693154 69.35
      vertex 74.60676274578121 -16.38416106078065 69.35
    endloop
  endfacet
  facet normal 0 0 1
    outer loop
      vertex 74.60676274578121 -17.265838939219357 69.35
      vertex 77.89323725421879 -17.265838939219357 69.35
      vertex 74.68515909323195 -17.13005248230685 69.35
    endloop
  endfacet
  facet normal 0 0 1
    outer loop
      vertex 74.68515909323195 -17.13005248230685 69.35
      vertex 77.81484090676805 -17.13005248230685 69.35
      vertex 74.73361070055036 -16.980933768113324 69.35
    endloop
  endfacet
  facet normal 0 0 1
    outer loop
      vertex 74.75 -16.825000000000003 69.35
      vertex 77.75 -16.825000000000003 69.35
      vertex 74.73361070055036 -16.66906623188668 69.35
    endloop
  endfacet
  facet normal 0 0 1
    outer loop
      vertex 74.73361070055036 -16.66906623188668 69.35
      vertex 77.76638929944964 -16.66906623188668 69.35
      vertex 74.68515909323195 -16.519947517693154 69.35
    endloop
  endfacet
  facet normal 0 0 1
    outer loop
      vertex 74.60676274578121 -16.38416106078065 69.35
      vertex 74.68515909323195 -16.519947517693154 69.35
      vertex 77.81484090676805 -16.519947517693154 69.35
    endloop
  endfacet
  facet normal 0 0 1
    outer loop
      vertex 74.50184795476915 -16.26764138089196 69.35
      vertex 74.60676274578121 -16.38416106078065 69.35
      vertex 77.89323725421879 -16.38416106078065 69.35
    endloop
  endfacet
  facet normal 0 0 -1
    outer loop
      vertex 73.25 -16.825000000000003 67.85
      vertex 72.75 -13.825000000000003 67.85
      vertex 73.26638929944964 -16.66906623188668 67.85
    endloop
  endfacet
  facet normal 0 0 -1
    outer loop
      vertex 73.26638929944964 -16.66906623188668 67.85
      vertex 72.75 -13.825000000000003 67.85
      vertex 73.31484090676805 -16.519947517693154 67.85
    endloop
  endfacet
  facet normal 0 0 -1
    outer loop
      vertex 73.31484090676805 -16.519947517693154 67.85
      vertex 72.75 -13.825000000000003 67.85
      vertex 73.39323725421879 -16.38416106078065 67.85
    endloop
  endfacet
  facet normal 0 0 -1
    outer loop
      vertex 73.39323725421879 -16.38416106078065 67.85
      vertex 72.75 -13.825000000000003 67.85
      vertex 73.49815204523085 -16.26764138089196 67.85
    endloop
  endfacet
  facet normal 0 0 -1
    outer loop
      vertex 73.49815204523085 -16.26764138089196 67.85
      vertex 72.75 -13.825000000000003 67.85
      vertex 73.625 -16.175480947161674 67.85
    endloop
  endfacet
  facet normal 0 0 -1
    outer loop
      vertex 73.625 -16.175480947161674 67.85
      vertex 72.75 -13.825000000000003 67.85
      vertex 73.76823725421879 -16.111707612778638 67.85
    endloop
  endfacet
  facet normal 0 0 -1
    outer loop
      vertex 73.76823725421879 -16.111707612778638 67.85
      vertex 72.75 -13.825000000000003 67.85
      vertex 73.92160365254927 -16.0791085784738 67.85
    endloop
  endfacet
  facet normal 0.5877852522924711 -0.8090169943749489 0
    outer loop
      vertex 73.49815204523085 -16.26764138089196 67.85
      vertex 73.625 -16.175480947161674 67.85
      vertex 73.49815204523085 -16.26764138089196 69.35
    endloop
  endfacet
  facet normal 0.40673664307580093 -0.9135454576426005 0
    outer loop
      vertex 73.625 -16.175480947161674 67.85
      vertex 73.76823725421879 -16.111707612778638 67.85
      vertex 73.625 -16.175480947161674 69.35
    endloop
  endfacet
  facet normal 0.2079116908177374 -0.9781476007338104 0
    outer loop
      vertex 73.76823725421879 -16.111707612778638 67.85
      vertex 73.92160365254927 -16.0791085784738 67.85
      vertex 73.76823725421879 -16.111707612778638 69.35
    endloop
  endfacet
  facet normal 0 -1 0
    outer loop
      vertex 73.92160365254927 -16.0791085784738 67.85
      vertex 74.07839634745073 -16.0791085784738 67.85
      vertex 73.92160365254927 -16.0791085784738 69.35
    endloop
  endfacet
  facet normal -0.2079116908177374 -0.9781476007338104 -1.2045964297311871e-18
    outer loop
      vertex 74.23176274578121 -16.111707612778638 67.85
      vertex 74.07839634745073 -16.0791085784738 69.35
      vertex 74.07839634745073 -16.0791085784738 67.85
    endloop
  endfacet
  facet normal 0 0 -1
    outer loop
      vertex 73.92160365254927 -16.0791085784738 67.85
      vertex 72.75 -13.825000000000003 67.85
      vertex 74.07839634745073 -16.0791085784738 67.85
    endloop
  endfacet
  facet normal 0 0 -1
    outer loop
      vertex 74.23176274578121 -16.111707612778638 67.85
      vertex 74.07839634745073 -16.0791085784738 67.85
      vertex 72.75 -13.825000000000003 67.85
    endloop
  endfacet
  facet normal 0.5877852522924711 -0.8090169943749489 0
    outer loop
      vertex 73.625 -16.175480947161674 67.85
      vertex 73.625 -16.175480947161674 69.35
      vertex 73.49815204523085 -16.26764138089196 69.35
    endloop
  endfacet
  facet normal 0.40673664307580093 -0.9135454576426005 0
    outer loop
      vertex 73.76823725421879 -16.111707612778638 67.85
      vertex 73.76823725421879 -16.111707612778638 69.35
      vertex 73.625 -16.175480947161674 69.35
    endloop
  endfacet
  facet normal 0.2079116908177374 -0.9781476007338104 0
    outer loop
      vertex 73.92160365254927 -16.0791085784738 67.85
      vertex 73.92160365254927 -16.0791085784738 69.35
      vertex 73.76823725421879 -16.111707612778638 69.35
    endloop
  endfacet
  facet normal 0 -1 0
    outer loop
      vertex 74.07839634745073 -16.0791085784738 67.85
      vertex 74.07839634745073 -16.0791085784738 69.35
      vertex 73.92160365254927 -16.0791085784738 69.35
    endloop
  endfacet
  facet normal -0.2079116908177374 -0.9781476007338104 0
    outer loop
      vertex 74.23176274578121 -16.111707612778638 67.85
      vertex 74.23176274578121 -16.111707612778638 69.35
      vertex 74.07839634745073 -16.0791085784738 69.35
    endloop
  endfacet
  facet normal 0 0 1
    outer loop
      vertex 69.75 -13.825000000000003 69.35
      vertex 74.23176274578121 -16.111707612778638 69.35
      vertex 78.26823725421879 -16.111707612778638 69.35
    endloop
  endfacet
  facet normal -0.40673664307580093 -0.9135454576426005 0
    outer loop
      vertex 74.23176274578121 -16.111707612778638 67.85
      vertex 74.375 -16.175480947161674 67.85
      vertex 74.23176274578121 -16.111707612778638 69.35
    endloop
  endfacet
  facet normal -0.5877852522924711 -0.8090169943749489 -2.0684369516509876e-18
    outer loop
      vertex 74.50184795476915 -16.26764138089196 67.85
      vertex 74.375 -16.175480947161674 69.35
      vertex 74.375 -16.175480947161674 67.85
    endloop
  endfacet
  facet normal 0 0 -1
    outer loop
      vertex 74.23176274578121 -16.111707612778638 67.85
      vertex 78.26823725421879 -16.111707612778638 67.85
      vertex 74.375 -16.175480947161674 67.85
    endloop
  endfacet
  facet normal 0 0 -1
    outer loop
      vertex 74.50184795476915 -16.26764138089196 67.85
      vertex 74.375 -16.175480947161674 67.85
      vertex 78.125 -16.175480947161674 67.85
    endloop
  endfacet
  facet normal 0 0 -1
    outer loop
      vertex 74.23176274578121 -16.111707612778638 67.85
      vertex 72.75 -13.825000000000003 67.85
      vertex 78.26823725421879 -16.111707612778638 67.85
    endloop
  endfacet
  facet normal -0.40673664307580093 -0.9135454576426005 0
    outer loop
      vertex 74.375 -16.175480947161674 67.85
      vertex 74.375 -16.175480947161674 69.35
      vertex 74.23176274578121 -16.111707612778638 69.35
    endloop
  endfacet
  facet normal -0.5877852522924711 -0.8090169943749489 0
    outer loop
      vertex 74.50184795476915 -16.26764138089196 67.85
      vertex 74.50184795476915 -16.26764138089196 69.35
      vertex 74.375 -16.175480947161674 69.35
    endloop
  endfacet
  facet normal 0 0 1
    outer loop
      vertex 74.50184795476915 -16.26764138089196 69.35
      vertex 77.99815204523085 -16.26764138089196 69.35
      vertex 74.375 -16.175480947161674 69.35
    endloop
  endfacet
  facet normal 0 0 1
    outer loop
      vertex 74.23176274578121 -16.111707612778638 69.35
      vertex 74.375 -16.175480947161674 69.35
      vertex 78.125 -16.175480947161674 69.35
    endloop
  endfacet
  facet normal 0 0 1
    outer loop
      vertex 69.75 -13.825000000000003 69.35
      vertex 78.26823725421879 -16.111707612778638 69.35
      vertex 78.42160365254927 -16.0791085784738 69.35
    endloop
  endfacet
  facet normal 0 0 1
    outer loop
      vertex 69.75 -13.825000000000003 69.35
      vertex 78.42160365254927 -16.0791085784738 69.35
      vertex 78.57839634745073 -16.0791085784738 69.35
    endloop
  endfacet
  facet normal 0 0 1
    outer loop
      vertex 69.75 -13.825000000000003 69.35
      vertex 78.57839634745073 -16.0791085784738 69.35
      vertex 78.73176274578121 -16.111707612778638 69.35
    endloop
  endfacet
  facet normal 0 0 -1
    outer loop
      vertex 74.75 -22.825000000000003 67.85
      vertex 74.73361070055036 -22.66906623188668 67.85
      vertex 77.76638929944964 -22.66906623188668 67.85
    endloop
  endfacet
  facet normal 0 0 -1
    outer loop
      vertex 74.50184795476915 -23.382358619108047 67.85
      vertex 77.89323725421879 -23.265838939219357 67.85
      vertex 77.99815204523085 -23.382358619108047 67.85
    endloop
  endfacet
  facet normal 0 0 -1
    outer loop
      vertex 74.60676274578121 -23.265838939219357 67.85
      vertex 77.81484090676805 -23.13005248230685 67.85
      vertex 77.89323725421879 -23.265838939219357 67.85
    endloop
  endfacet
  facet normal 0 0 -1
    outer loop
      vertex 74.68515909323195 -23.13005248230685 67.85
      vertex 77.76638929944964 -22.980933768113324 67.85
      vertex 77.81484090676805 -23.13005248230685 67.85
    endloop
  endfacet
  facet normal 0 0 -1
    outer loop
      vertex 74.73361070055036 -22.980933768113324 67.85
      vertex 77.75 -22.825000000000003 67.85
      vertex 77.76638929944964 -22.980933768113324 67.85
    endloop
  endfacet
  facet normal 0 0 -1
    outer loop
      vertex 74.75 -22.825000000000003 67.85
      vertex 77.76638929944964 -22.66906623188668 67.85
      vertex 77.75 -22.825000000000003 67.85
    endloop
  endfacet
  facet normal 0 0 -1
    outer loop
      vertex 74.73361070055036 -22.66906623188668 67.85
      vertex 77.81484090676805 -22.519947517693154 67.85
      vertex 77.76638929944964 -22.66906623188668 67.85
    endloop
  endfacet
  facet normal 0 0 -1
    outer loop
      vertex 74.68515909323195 -22.519947517693154 67.85
      vertex 77.89323725421879 -22.38416106078065 67.85
      vertex 77.81484090676805 -22.519947517693154 67.85
    endloop
  endfacet
  facet normal 0 0 1
    outer loop
      vertex 74.73361070055036 -22.980933768113324 69.35
      vertex 77.76638929944964 -22.980933768113324 69.35
      vertex 74.75 -22.825000000000003 69.35
    endloop
  endfacet
  facet normal 0 0 1
    outer loop
      vertex 74.73361070055036 -22.980933768113324 69.35
      vertex 77.81484090676805 -23.13005248230685 69.35
      vertex 77.76638929944964 -22.980933768113324 69.35
    endloop
  endfacet
  facet normal 0 0 1
    outer loop
      vertex 74.75 -22.825000000000003 69.35
      vertex 77.76638929944964 -22.980933768113324 69.35
      vertex 77.75 -22.825000000000003 69.35
    endloop
  endfacet
  facet normal 0 0 1
    outer loop
      vertex 74.73361070055036 -22.66906623188668 69.35
      vertex 77.75 -22.825000000000003 69.35
      vertex 77.76638929944964 -22.66906623188668 69.35
    endloop
  endfacet
  facet normal 0 0 1
    outer loop
      vertex 74.68515909323195 -22.519947517693154 69.35
      vertex 77.76638929944964 -22.66906623188668 69.35
      vertex 77.81484090676805 -22.519947517693154 69.35
    endloop
  endfacet
  facet normal 0 0 1
    outer loop
      vertex 74.60676274578121 -22.38416106078065 69.35
      vertex 77.81484090676805 -22.519947517693154 69.35
      vertex 77.89323725421879 -22.38416106078065 69.35
    endloop
  endfacet
  facet normal 0 0 1
    outer loop
      vertex 74.50184795476915 -22.26764138089196 69.35
      vertex 77.89323725421879 -22.38416106078065 69.35
      vertex 77.99815204523085 -22.26764138089196 69.35
    endloop
  endfacet
  facet normal 0.7431448254774006 0.6691306063588511 3.280967868457494e-18
    outer loop
      vertex 77.99815204523085 -23.382358619108047 67.85
      vertex 77.89323725421879 -23.265838939219357 67.85
      vertex 77.89323725421879 -23.265838939219357 69.35
    endloop
  endfacet
  facet normal 0.9510565162951347 0.30901699437500557 0
    outer loop
      vertex 77.76638929944964 -22.980933768113324 67.85
      vertex 77.76638929944964 -22.980933768113324 69.35
      vertex 77.81484090676805 -23.13005248230685 67.85
    endloop
  endfacet
  facet normal 0.8660254037844555 0.49999999999997097 -1.7469664304275266e-18
    outer loop
      vertex 77.89323725421879 -23.265838939219357 67.85
      vertex 77.81484090676805 -23.13005248230685 67.85
      vertex 77.81484090676805 -23.13005248230685 69.35
    endloop
  endfacet
  facet normal 0.9945218953682758 0.1045284632676295 -4.613128588098978e-19
    outer loop
      vertex 77.76638929944964 -22.980933768113324 67.85
      vertex 77.75 -22.825000000000003 67.85
      vertex 77.75 -22.825000000000003 69.35
    endloop
  endfacet
  facet normal 0.9945218953682758 -0.1045284632676295 4.613128588098978e-19
    outer loop
      vertex 77.75 -22.825000000000003 67.85
      vertex 77.76638929944964 -22.66906623188668 67.85
      vertex 77.76638929944964 -22.66906623188668 69.35
    endloop
  endfacet
  facet normal 0.9510565162951347 -0.30901699437500557 9.265396941434659e-19
    outer loop
      vertex 77.76638929944964 -22.66906623188668 67.85
      vertex 77.81484090676805 -22.519947517693154 67.85
      vertex 77.81484090676805 -22.519947517693154 69.35
    endloop
  endfacet
  facet normal 0.8660254037844555 -0.49999999999997097 1.7469664304275266e-18
    outer loop
      vertex 77.81484090676805 -22.519947517693154 67.85
      vertex 77.89323725421879 -22.38416106078065 67.85
      vertex 77.89323725421879 -22.38416106078065 69.35
    endloop
  endfacet
  facet normal 0.5877852522924711 0.8090169943749489 -2.0684369516509876e-18
    outer loop
      vertex 77.99815204523085 -23.382358619108047 67.85
      vertex 78.125 -23.474519052838332 69.35
      vertex 78.125 -23.474519052838332 67.85
    endloop
  endfacet
  facet normal 0.40673664307580093 0.9135454576426005 -1.1214800378384944e-18
    outer loop
      vertex 78.125 -23.474519052838332 67.85
      vertex 78.26823725421879 -23.538292387221368 69.35
      vertex 78.26823725421879 -23.538292387221368 67.85
    endloop
  endfacet
  facet normal 0.2079116908177374 0.9781476007338104 -1.2045964297311871e-18
    outer loop
      vertex 78.26823725421879 -23.538292387221368 67.85
      vertex 78.42160365254927 -23.570891421526206 69.35
      vertex 78.42160365254927 -23.570891421526206 67.85
    endloop
  endfacet
  facet normal 0 1 0
    outer loop
      vertex 78.42160365254927 -23.570891421526206 67.85
      vertex 78.57839634745073 -23.570891421526206 69.35
      vertex 78.57839634745073 -23.570891421526206 67.85
    endloop
  endfacet
  facet normal -0.2079116908177374 0.9781476007338104 1.2045964297311871e-18
    outer loop
      vertex 78.57839634745073 -23.570891421526206 67.85
      vertex 78.73176274578121 -23.538292387221368 69.35
      vertex 78.73176274578121 -23.538292387221368 67.85
    endloop
  endfacet
  facet normal 0.7431448254774006 0.6691306063588511 0
    outer loop
      vertex 77.99815204523085 -23.382358619108047 67.85
      vertex 77.89323725421879 -23.265838939219357 69.35
      vertex 77.99815204523085 -23.382358619108047 69.35
    endloop
  endfacet
  facet normal 0.9510565162951347 0.30901699437500557 0
    outer loop
      vertex 77.81484090676805 -23.13005248230685 67.85
      vertex 77.76638929944964 -22.980933768113324 69.35
      vertex 77.81484090676805 -23.13005248230685 69.35
    endloop
  endfacet
  facet normal 0.8660254037844555 0.49999999999997097 0
    outer loop
      vertex 77.89323725421879 -23.265838939219357 67.85
      vertex 77.81484090676805 -23.13005248230685 69.35
      vertex 77.89323725421879 -23.265838939219357 69.35
    endloop
  endfacet
  facet normal 0.9945218953682758 0.1045284632676295 0
    outer loop
      vertex 77.76638929944964 -22.980933768113324 67.85
      vertex 77.75 -22.825000000000003 69.35
      vertex 77.76638929944964 -22.980933768113324 69.35
    endloop
  endfacet
  facet normal 0.9945218953682758 -0.1045284632676295 0
    outer loop
      vertex 77.75 -22.825000000000003 67.85
      vertex 77.76638929944964 -22.66906623188668 69.35
      vertex 77.75 -22.825000000000003 69.35
    endloop
  endfacet
  facet normal 0.9510565162951347 -0.30901699437500557 0
    outer loop
      vertex 77.76638929944964 -22.66906623188668 67.85
      vertex 77.81484090676805 -22.519947517693154 69.35
      vertex 77.76638929944964 -22.66906623188668 69.35
    endloop
  endfacet
  facet normal 0.8660254037844555 -0.49999999999997097 0
    outer loop
      vertex 77.81484090676805 -22.519947517693154 67.85
      vertex 77.89323725421879 -22.38416106078065 69.35
      vertex 77.81484090676805 -22.519947517693154 69.35
    endloop
  endfacet
  facet normal 0.40673664307580093 0.9135454576426005 0
    outer loop
      vertex 78.125 -23.474519052838332 67.85
      vertex 78.125 -23.474519052838332 69.35
      vertex 78.26823725421879 -23.538292387221368 69.35
    endloop
  endfacet
  facet normal 0.5877852522924711 0.8090169943749489 0
    outer loop
      vertex 77.99815204523085 -23.382358619108047 67.85
      vertex 77.99815204523085 -23.382358619108047 69.35
      vertex 78.125 -23.474519052838332 69.35
    endloop
  endfacet
  facet normal 0.2079116908177374 0.9781476007338104 0
    outer loop
      vertex 78.26823725421879 -23.538292387221368 67.85
      vertex 78.26823725421879 -23.538292387221368 69.35
      vertex 78.42160365254927 -23.570891421526206 69.35
    endloop
  endfacet
  facet normal 0 1 0
    outer loop
      vertex 78.42160365254927 -23.570891421526206 67.85
      vertex 78.42160365254927 -23.570891421526206 69.35
      vertex 78.57839634745073 -23.570891421526206 69.35
    endloop
  endfacet
  facet normal -0.2079116908177374 0.9781476007338104 0
    outer loop
      vertex 78.57839634745073 -23.570891421526206 67.85
      vertex 78.57839634745073 -23.570891421526206 69.35
      vertex 78.73176274578121 -23.538292387221368 69.35
    endloop
  endfacet
  facet normal 0.7431448254774006 -0.6691306063588511 -3.280967868457494e-18
    outer loop
      vertex 77.89323725421879 -22.38416106078065 67.85
      vertex 77.99815204523085 -22.26764138089196 67.85
      vertex 77.99815204523085 -22.26764138089196 69.35
    endloop
  endfacet
  facet normal 0.5877852522924711 -0.8090169943749489 0
    outer loop
      vertex 77.99815204523085 -22.26764138089196 67.85
      vertex 78.125 -22.175480947161674 67.85
      vertex 77.99815204523085 -22.26764138089196 69.35
    endloop
  endfacet
  facet normal 0.40673664307580093 -0.9135454576426005 0
    outer loop
      vertex 78.125 -22.175480947161674 67.85
      vertex 78.26823725421879 -22.111707612778638 67.85
      vertex 78.125 -22.175480947161674 69.35
    endloop
  endfacet
  facet normal 0.2079116908177374 -0.9781476007338104 0
    outer loop
      vertex 78.26823725421879 -22.111707612778638 67.85
      vertex 78.42160365254927 -22.0791085784738 67.85
      vertex 78.26823725421879 -22.111707612778638 69.35
    endloop
  endfacet
  facet normal 0 -1 0
    outer loop
      vertex 78.42160365254927 -22.0791085784738 67.85
      vertex 78.57839634745073 -22.0791085784738 67.85
      vertex 78.42160365254927 -22.0791085784738 69.35
    endloop
  endfacet
  facet normal -0.2079116908177374 -0.9781476007338104 0
    outer loop
      vertex 78.57839634745073 -22.0791085784738 67.85
      vertex 78.73176274578121 -22.111707612778638 67.85
      vertex 78.57839634745073 -22.0791085784738 69.35
    endloop
  endfacet
  facet normal 0.7431448254774006 -0.6691306063588511 0
    outer loop
      vertex 77.89323725421879 -22.38416106078065 67.85
      vertex 77.99815204523085 -22.26764138089196 69.35
      vertex 77.89323725421879 -22.38416106078065 69.35
    endloop
  endfacet
  facet normal 0.5877852522924711 -0.8090169943749489 0
    outer loop
      vertex 78.125 -22.175480947161674 67.85
      vertex 78.125 -22.175480947161674 69.35
      vertex 77.99815204523085 -22.26764138089196 69.35
    endloop
  endfacet
  facet normal 0.40673664307580093 -0.9135454576426005 0
    outer loop
      vertex 78.26823725421879 -22.111707612778638 67.85
      vertex 78.26823725421879 -22.111707612778638 69.35
      vertex 78.125 -22.175480947161674 69.35
    endloop
  endfacet
  facet normal 0.2079116908177374 -0.9781476007338104 0
    outer loop
      vertex 78.42160365254927 -22.0791085784738 67.85
      vertex 78.42160365254927 -22.0791085784738 69.35
      vertex 78.26823725421879 -22.111707612778638 69.35
    endloop
  endfacet
  facet normal 0 -1 0
    outer loop
      vertex 78.57839634745073 -22.0791085784738 67.85
      vertex 78.57839634745073 -22.0791085784738 69.35
      vertex 78.42160365254927 -22.0791085784738 69.35
    endloop
  endfacet
  facet normal -0.2079116908177374 -0.9781476007338104 0
    outer loop
      vertex 78.73176274578121 -22.111707612778638 67.85
      vertex 78.73176274578121 -22.111707612778638 69.35
      vertex 78.57839634745073 -22.0791085784738 69.35
    endloop
  endfacet
  facet normal 0 0 -1
    outer loop
      vertex 74.60676274578121 -22.38416106078065 67.85
      vertex 78.26823725421879 -17.538292387221368 67.85
      vertex 77.89323725421879 -22.38416106078065 67.85
    endloop
  endfacet
  facet normal 0 0 1
    outer loop
      vertex 74.23176274578121 -17.538292387221368 69.35
      vertex 77.99815204523085 -22.26764138089196 69.35
      vertex 78.125 -22.175480947161674 69.35
    endloop
  endfacet
  facet normal 0 0 1
    outer loop
      vertex 74.23176274578121 -17.538292387221368 69.35
      vertex 78.125 -22.175480947161674 69.35
      vertex 78.26823725421879 -22.111707612778638 69.35
    endloop
  endfacet
  facet normal 0 0 1
    outer loop
      vertex 74.23176274578121 -17.538292387221368 69.35
      vertex 78.26823725421879 -22.111707612778638 69.35
      vertex 78.42160365254927 -22.0791085784738 69.35
    endloop
  endfacet
  facet normal 0 0 1
    outer loop
      vertex 74.23176274578121 -17.538292387221368 69.35
      vertex 78.42160365254927 -22.0791085784738 69.35
      vertex 78.57839634745073 -22.0791085784738 69.35
    endloop
  endfacet
  facet normal 0 0 1
    outer loop
      vertex 74.23176274578121 -17.538292387221368 69.35
      vertex 78.57839634745073 -22.0791085784738 69.35
      vertex 78.73176274578121 -22.111707612778638 69.35
    endloop
  endfacet
  facet normal 0 0 -1
    outer loop
      vertex 74.50184795476915 -22.26764138089196 67.85
      vertex 77.89323725421879 -17.265838939219357 67.85
      vertex 77.99815204523085 -17.382358619108047 67.85
    endloop
  endfacet
  facet normal 0 0 -1
    outer loop
      vertex 74.50184795476915 -22.26764138089196 67.85
      vertex 77.99815204523085 -17.382358619108047 67.85
      vertex 78.125 -17.474519052838332 67.85
    endloop
  endfacet
  facet normal 0 0 -1
    outer loop
      vertex 74.60676274578121 -22.38416106078065 67.85
      vertex 78.125 -17.474519052838332 67.85
      vertex 78.26823725421879 -17.538292387221368 67.85
    endloop
  endfacet
  facet normal 0 0 -1
    outer loop
      vertex 77.89323725421879 -22.38416106078065 67.85
      vertex 78.26823725421879 -17.538292387221368 67.85
      vertex 77.99815204523085 -22.26764138089196 67.85
    endloop
  endfacet
  facet normal 0 0 -1
    outer loop
      vertex 77.99815204523085 -22.26764138089196 67.85
      vertex 78.26823725421879 -17.538292387221368 67.85
      vertex 78.125 -22.175480947161674 67.85
    endloop
  endfacet
  facet normal 0 0 -1
    outer loop
      vertex 78.125 -22.175480947161674 67.85
      vertex 78.26823725421879 -17.538292387221368 67.85
      vertex 78.26823725421879 -22.111707612778638 67.85
    endloop
  endfacet
  facet normal 0 0 -1
    outer loop
      vertex 78.26823725421879 -22.111707612778638 67.85
      vertex 78.26823725421879 -17.538292387221368 67.85
      vertex 78.42160365254927 -22.0791085784738 67.85
    endloop
  endfacet
  facet normal 0 0 -1
    outer loop
      vertex 78.42160365254927 -22.0791085784738 67.85
      vertex 78.42160365254927 -17.570891421526206 67.85
      vertex 78.57839634745073 -22.0791085784738 67.85
    endloop
  endfacet
  facet normal 0 0 -1
    outer loop
      vertex 78.57839634745073 -22.0791085784738 67.85
      vertex 78.57839634745073 -17.570891421526206 67.85
      vertex 78.73176274578121 -22.111707612778638 67.85
    endloop
  endfacet
  facet normal 0 0 1
    outer loop
      vertex 74.23176274578121 -17.538292387221368 69.35
      vertex 78.73176274578121 -22.111707612778638 69.35
      vertex 78.875 -22.175480947161674 69.35
    endloop
  endfacet
  facet normal 0 0 1
    outer loop
      vertex 74.23176274578121 -17.538292387221368 69.35
      vertex 78.875 -22.175480947161674 69.35
      vertex 79.00184795476915 -22.26764138089196 69.35
    endloop
  endfacet
  facet normal 0 0 -1
    outer loop
      vertex 78.42160365254927 -22.0791085784738 67.85
      vertex 78.26823725421879 -17.538292387221368 67.85
      vertex 78.42160365254927 -17.570891421526206 67.85
    endloop
  endfacet
  facet normal 0 0 -1
    outer loop
      vertex 78.57839634745073 -22.0791085784738 67.85
      vertex 78.42160365254927 -17.570891421526206 67.85
      vertex 78.57839634745073 -17.570891421526206 67.85
    endloop
  endfacet
  facet normal 0 0 -1
    outer loop
      vertex 78.73176274578121 -22.111707612778638 67.85
      vertex 78.57839634745073 -17.570891421526206 67.85
      vertex 78.73176274578121 -17.538292387221368 67.85
    endloop
  endfacet
  facet normal 0 0 1
    outer loop
      vertex 74.23176274578121 -17.538292387221368 69.35
      vertex 84.625 -23.474519052838332 69.35
      vertex 74.375 -17.474519052838332 69.35
    endloop
  endfacet
  facet normal 0 0 1
    outer loop
      vertex 74.375 -17.474519052838332 69.35
      vertex 84.625 -23.474519052838332 69.35
      vertex 74.50184795476915 -17.382358619108047 69.35
    endloop
  endfacet
  facet normal 0 0 1
    outer loop
      vertex 74.50184795476915 -17.382358619108047 69.35
      vertex 84.625 -23.474519052838332 69.35
      vertex 74.60676274578121 -17.265838939219357 69.35
    endloop
  endfacet
  facet normal -0.40673664307580093 0.9135454576426005 1.1214800378384944e-18
    outer loop
      vertex 78.73176274578121 -23.538292387221368 67.85
      vertex 78.875 -23.474519052838332 69.35
      vertex 78.875 -23.474519052838332 67.85
    endloop
  endfacet
  facet normal -0.5877852522924711 0.8090169943749489 2.0684369516509876e-18
    outer loop
      vertex 78.875 -23.474519052838332 67.85
      vertex 79.00184795476915 -23.382358619108047 69.35
      vertex 79.00184795476915 -23.382358619108047 67.85
    endloop
  endfacet
  facet normal -0.7431448254774006 0.6691306063588511 0
    outer loop
      vertex 79.00184795476915 -23.382358619108047 67.85
      vertex 79.00184795476915 -23.382358619108047 69.35
      vertex 79.10676274578121 -23.265838939219357 67.85
    endloop
  endfacet
  facet normal -0.8660254037844555 0.49999999999997097 0
    outer loop
      vertex 79.10676274578121 -23.265838939219357 67.85
      vertex 79.10676274578121 -23.265838939219357 69.35
      vertex 79.18515909323195 -23.13005248230685 67.85
    endloop
  endfacet
  facet normal -0.9510565162951347 0.30901699437500557 0
    outer loop
      vertex 79.18515909323195 -23.13005248230685 67.85
      vertex 79.18515909323195 -23.13005248230685 69.35
      vertex 79.23361070055036 -22.980933768113324 67.85
    endloop
  endfacet
  facet normal -0.9945218953682758 0.1045284632676295 0
    outer loop
      vertex 79.23361070055036 -22.980933768113324 67.85
      vertex 79.23361070055036 -22.980933768113324 69.35
      vertex 79.25 -22.825000000000003 67.85
    endloop
  endfacet
  facet normal -0.9945218953682758 -0.1045284632676295 0
    outer loop
      vertex 79.25 -22.825000000000003 67.85
      vertex 79.25 -22.825000000000003 69.35
      vertex 79.23361070055036 -22.66906623188668 67.85
    endloop
  endfacet
  facet normal -0.9510565162951347 -0.30901699437500557 0
    outer loop
      vertex 79.23361070055036 -22.66906623188668 67.85
      vertex 79.23361070055036 -22.66906623188668 69.35
      vertex 79.18515909323195 -22.519947517693154 67.85
    endloop
  endfacet
  facet normal -0.8660254037844555 -0.49999999999997097 -1.7469664304275266e-18
    outer loop
      vertex 79.10676274578121 -22.38416106078065 67.85
      vertex 79.18515909323195 -22.519947517693154 67.85
      vertex 79.18515909323195 -22.519947517693154 69.35
    endloop
  endfacet
  facet normal -0.40673664307580093 0.9135454576426005 0
    outer loop
      vertex 78.73176274578121 -23.538292387221368 67.85
      vertex 78.73176274578121 -23.538292387221368 69.35
      vertex 78.875 -23.474519052838332 69.35
    endloop
  endfacet
  facet normal -0.5877852522924711 0.8090169943749489 0
    outer loop
      vertex 78.875 -23.474519052838332 67.85
      vertex 78.875 -23.474519052838332 69.35
      vertex 79.00184795476915 -23.382358619108047 69.35
    endloop
  endfacet
  facet normal -0.7431448254774006 0.6691306063588511 0
    outer loop
      vertex 79.10676274578121 -23.265838939219357 67.85
      vertex 79.00184795476915 -23.382358619108047 69.35
      vertex 79.10676274578121 -23.265838939219357 69.35
    endloop
  endfacet
  facet normal -0.8660254037844555 0.49999999999997097 0
    outer loop
      vertex 79.18515909323195 -23.13005248230685 67.85
      vertex 79.10676274578121 -23.265838939219357 69.35
      vertex 79.18515909323195 -23.13005248230685 69.35
    endloop
  endfacet
  facet normal -0.9510565162951347 0.30901699437500557 0
    outer loop
      vertex 79.23361070055036 -22.980933768113324 67.85
      vertex 79.18515909323195 -23.13005248230685 69.35
      vertex 79.23361070055036 -22.980933768113324 69.35
    endloop
  endfacet
  facet normal -0.9945218953682758 0.1045284632676295 0
    outer loop
      vertex 79.25 -22.825000000000003 67.85
      vertex 79.23361070055036 -22.980933768113324 69.35
      vertex 79.25 -22.825000000000003 69.35
    endloop
  endfacet
  facet normal -0.9945218953682758 -0.1045284632676295 0
    outer loop
      vertex 79.23361070055036 -22.66906623188668 67.85
      vertex 79.25 -22.825000000000003 69.35
      vertex 79.23361070055036 -22.66906623188668 69.35
    endloop
  endfacet
  facet normal -0.9510565162951347 -0.30901699437500557 0
    outer loop
      vertex 79.18515909323195 -22.519947517693154 67.85
      vertex 79.23361070055036 -22.66906623188668 69.35
      vertex 79.18515909323195 -22.519947517693154 69.35
    endloop
  endfacet
  facet normal -0.8660254037844555 -0.49999999999997097 0
    outer loop
      vertex 79.10676274578121 -22.38416106078065 67.85
      vertex 79.18515909323195 -22.519947517693154 69.35
      vertex 79.10676274578121 -22.38416106078065 69.35
    endloop
  endfacet
  facet normal -0.5877852522924711 -0.8090169943749489 0
    outer loop
      vertex 78.875 -22.175480947161674 67.85
      vertex 79.00184795476915 -22.26764138089196 67.85
      vertex 78.875 -22.175480947161674 69.35
    endloop
  endfacet
  facet normal -0.40673664307580093 -0.9135454576426005 0
    outer loop
      vertex 78.73176274578121 -22.111707612778638 67.85
      vertex 78.875 -22.175480947161674 67.85
      vertex 78.73176274578121 -22.111707612778638 69.35
    endloop
  endfacet
  facet normal -0.7431448254774006 -0.6691306063588511 0
    outer loop
      vertex 79.10676274578121 -22.38416106078065 67.85
      vertex 79.10676274578121 -22.38416106078065 69.35
      vertex 79.00184795476915 -22.26764138089196 67.85
    endloop
  endfacet
  facet normal -0.40673664307580093 -0.9135454576426005 0
    outer loop
      vertex 78.875 -22.175480947161674 67.85
      vertex 78.875 -22.175480947161674 69.35
      vertex 78.73176274578121 -22.111707612778638 69.35
    endloop
  endfacet
  facet normal -0.5877852522924711 -0.8090169943749489 0
    outer loop
      vertex 79.00184795476915 -22.26764138089196 67.85
      vertex 79.00184795476915 -22.26764138089196 69.35
      vertex 78.875 -22.175480947161674 69.35
    endloop
  endfacet
  facet normal -0.7431448254774006 -0.6691306063588511 0
    outer loop
      vertex 79.00184795476915 -22.26764138089196 67.85
      vertex 79.10676274578121 -22.38416106078065 69.35
      vertex 79.00184795476915 -22.26764138089196 69.35
    endloop
  endfacet
  facet normal 0 0 -1
    outer loop
      vertex 79.18515909323195 -23.13005248230685 67.85
      vertex 79.23361070055036 -22.980933768113324 67.85
      vertex 85.23176274578121 -17.538292387221368 67.85
    endloop
  endfacet
  facet normal 0 0 1
    outer loop
      vertex 74.60676274578121 -17.265838939219357 69.35
      vertex 84.49815204523085 -23.382358619108047 69.35
      vertex 84.39323725421879 -23.265838939219357 69.35
    endloop
  endfacet
  facet normal 0 0 1
    outer loop
      vertex 74.60676274578121 -17.265838939219357 69.35
      vertex 84.39323725421879 -23.265838939219357 69.35
      vertex 84.31484090676805 -23.13005248230685 69.35
    endloop
  endfacet
  facet normal 0 0 1
    outer loop
      vertex 74.60676274578121 -17.265838939219357 69.35
      vertex 84.625 -23.474519052838332 69.35
      vertex 84.49815204523085 -23.382358619108047 69.35
    endloop
  endfacet
  facet normal 0 0 -1
    outer loop
      vertex 78.73176274578121 -22.111707612778638 67.85
      vertex 78.73176274578121 -17.538292387221368 67.85
      vertex 78.875 -22.175480947161674 67.85
    endloop
  endfacet
  facet normal 0 0 -1
    outer loop
      vertex 78.875 -22.175480947161674 67.85
      vertex 78.875 -17.474519052838332 67.85
      vertex 79.00184795476915 -22.26764138089196 67.85
    endloop
  endfacet
  facet normal 0 0 -1
    outer loop
      vertex 78.875 -22.175480947161674 67.85
      vertex 78.73176274578121 -17.538292387221368 67.85
      vertex 78.875 -17.474519052838332 67.85
    endloop
  endfacet
  facet normal 0 0 -1
    outer loop
      vertex 79.00184795476915 -22.26764138089196 67.85
      vertex 78.875 -17.474519052838332 67.85
      vertex 79.00184795476915 -17.382358619108047 67.85
    endloop
  endfacet
  facet normal 0 0 1
    outer loop
      vertex 74.60676274578121 -17.265838939219357 69.35
      vertex 84.31484090676805 -23.13005248230685 69.35
      vertex 78.26823725421879 -17.538292387221368 69.35
    endloop
  endfacet
  facet normal 0 0 -1
    outer loop
      vertex 79.10676274578121 -22.38416106078065 67.85
      vertex 84.625 -17.474519052838332 67.85
      vertex 79.18515909323195 -22.519947517693154 67.85
    endloop
  endfacet
  facet normal 0 0 -1
    outer loop
      vertex 79.10676274578121 -22.38416106078065 67.85
      vertex 79.00184795476915 -22.26764138089196 67.85
      vertex 84.49815204523085 -17.382358619108047 67.85
    endloop
  endfacet
  facet normal 0 0 -1
    outer loop
      vertex 79.23361070055036 -22.980933768113324 67.85
      vertex 79.25 -22.825000000000003 67.85
      vertex 85.07839634745073 -17.570891421526206 67.85
    endloop
  endfacet
  facet normal 0 0 -1
    outer loop
      vertex 79.25 -22.825000000000003 67.85
      vertex 79.23361070055036 -22.66906623188668 67.85
      vertex 84.92160365254927 -17.570891421526206 67.85
    endloop
  endfacet
  facet normal 0 0 -1
    outer loop
      vertex 79.23361070055036 -22.66906623188668 67.85
      vertex 79.18515909323195 -22.519947517693154 67.85
      vertex 84.76823725421879 -17.538292387221368 67.85
    endloop
  endfacet
  facet normal 0 0 -1
    outer loop
      vertex 79.00184795476915 -22.26764138089196 67.85
      vertex 79.00184795476915 -17.382358619108047 67.85
      vertex 84.39323725421879 -17.265838939219357 67.85
    endloop
  endfacet
  facet normal 0 0 1
    outer loop
      vertex 78.26823725421879 -17.538292387221368 69.35
      vertex 84.26638929944964 -22.980933768113324 69.35
      vertex 78.42160365254927 -17.570891421526206 69.35
    endloop
  endfacet
  facet normal 0 0 1
    outer loop
      vertex 78.42160365254927 -17.570891421526206 69.35
      vertex 84.25 -22.825000000000003 69.35
      vertex 78.57839634745073 -17.570891421526206 69.35
    endloop
  endfacet
  facet normal 0 0 1
    outer loop
      vertex 78.57839634745073 -17.570891421526206 69.35
      vertex 84.26638929944964 -22.66906623188668 69.35
      vertex 78.73176274578121 -17.538292387221368 69.35
    endloop
  endfacet
  facet normal 0 0 1
    outer loop
      vertex 78.73176274578121 -17.538292387221368 69.35
      vertex 84.31484090676805 -22.519947517693154 69.35
      vertex 78.875 -17.474519052838332 69.35
    endloop
  endfacet
  facet normal 0 0 1
    outer loop
      vertex 78.875 -17.474519052838332 69.35
      vertex 84.39323725421879 -22.38416106078065 69.35
      vertex 79.00184795476915 -17.382358619108047 69.35
    endloop
  endfacet
  facet normal 0 0 1
    outer loop
      vertex 79.00184795476915 -17.382358619108047 69.35
      vertex 84.49815204523085 -22.26764138089196 69.35
      vertex 79.10676274578121 -17.265838939219357 69.35
    endloop
  endfacet
  facet normal 0 0 -1
    outer loop
      vertex 74.75 -16.825000000000003 67.85
      vertex 74.73361070055036 -16.66906623188668 67.85
      vertex 77.76638929944964 -16.66906623188668 67.85
    endloop
  endfacet
  facet normal 0 0 -1
    outer loop
      vertex 74.60676274578121 -17.265838939219357 67.85
      vertex 77.81484090676805 -17.13005248230685 67.85
      vertex 77.89323725421879 -17.265838939219357 67.85
    endloop
  endfacet
  facet normal 0 0 -1
    outer loop
      vertex 74.68515909323195 -17.13005248230685 67.85
      vertex 77.76638929944964 -16.980933768113324 67.85
      vertex 77.81484090676805 -17.13005248230685 67.85
    endloop
  endfacet
  facet normal 0 0 -1
    outer loop
      vertex 74.73361070055036 -16.980933768113324 67.85
      vertex 77.75 -16.825000000000003 67.85
      vertex 77.76638929944964 -16.980933768113324 67.85
    endloop
  endfacet
  facet normal 0 0 -1
    outer loop
      vertex 74.75 -16.825000000000003 67.85
      vertex 77.76638929944964 -16.66906623188668 67.85
      vertex 77.75 -16.825000000000003 67.85
    endloop
  endfacet
  facet normal 0 0 -1
    outer loop
      vertex 74.73361070055036 -16.66906623188668 67.85
      vertex 77.81484090676805 -16.519947517693154 67.85
      vertex 77.76638929944964 -16.66906623188668 67.85
    endloop
  endfacet
  facet normal 0 0 -1
    outer loop
      vertex 74.68515909323195 -16.519947517693154 67.85
      vertex 77.89323725421879 -16.38416106078065 67.85
      vertex 77.81484090676805 -16.519947517693154 67.85
    endloop
  endfacet
  facet normal 0 0 -1
    outer loop
      vertex 74.60676274578121 -16.38416106078065 67.85
      vertex 77.99815204523085 -16.26764138089196 67.85
      vertex 77.89323725421879 -16.38416106078065 67.85
    endloop
  endfacet
  facet normal 0 0 1
    outer loop
      vertex 74.73361070055036 -16.980933768113324 69.35
      vertex 77.76638929944964 -16.980933768113324 69.35
      vertex 74.75 -16.825000000000003 69.35
    endloop
  endfacet
  facet normal 0 0 1
    outer loop
      vertex 74.60676274578121 -17.265838939219357 69.35
      vertex 77.99815204523085 -17.382358619108047 69.35
      vertex 77.89323725421879 -17.265838939219357 69.35
    endloop
  endfacet
  facet normal 0 0 1
    outer loop
      vertex 74.73361070055036 -16.980933768113324 69.35
      vertex 77.81484090676805 -17.13005248230685 69.35
      vertex 77.76638929944964 -16.980933768113324 69.35
    endloop
  endfacet
  facet normal 0 0 1
    outer loop
      vertex 74.68515909323195 -17.13005248230685 69.35
      vertex 77.89323725421879 -17.265838939219357 69.35
      vertex 77.81484090676805 -17.13005248230685 69.35
    endloop
  endfacet
  facet normal 0 0 1
    outer loop
      vertex 74.75 -16.825000000000003 69.35
      vertex 77.76638929944964 -16.980933768113324 69.35
      vertex 77.75 -16.825000000000003 69.35
    endloop
  endfacet
  facet normal 0 0 1
    outer loop
      vertex 74.60676274578121 -17.265838939219357 69.35
      vertex 78.125 -17.474519052838332 69.35
      vertex 77.99815204523085 -17.382358619108047 69.35
    endloop
  endfacet
  facet normal 0 0 1
    outer loop
      vertex 74.60676274578121 -17.265838939219357 69.35
      vertex 78.26823725421879 -17.538292387221368 69.35
      vertex 78.125 -17.474519052838332 69.35
    endloop
  endfacet
  facet normal 0 0 1
    outer loop
      vertex 74.73361070055036 -16.66906623188668 69.35
      vertex 77.75 -16.825000000000003 69.35
      vertex 77.76638929944964 -16.66906623188668 69.35
    endloop
  endfacet
  facet normal 0 0 1
    outer loop
      vertex 74.68515909323195 -16.519947517693154 69.35
      vertex 77.76638929944964 -16.66906623188668 69.35
      vertex 77.81484090676805 -16.519947517693154 69.35
    endloop
  endfacet
  facet normal 0 0 1
    outer loop
      vertex 74.60676274578121 -16.38416106078065 69.35
      vertex 77.81484090676805 -16.519947517693154 69.35
      vertex 77.89323725421879 -16.38416106078065 69.35
    endloop
  endfacet
  facet normal 0 0 1
    outer loop
      vertex 74.50184795476915 -16.26764138089196 69.35
      vertex 77.89323725421879 -16.38416106078065 69.35
      vertex 77.99815204523085 -16.26764138089196 69.35
    endloop
  endfacet
  facet normal 0.40673664307580093 0.9135454576426005 0
    outer loop
      vertex 78.26823725421879 -17.538292387221368 67.85
      vertex 78.125 -17.474519052838332 67.85
      vertex 78.26823725421879 -17.538292387221368 69.35
    endloop
  endfacet
  facet normal 0.2079116908177374 0.9781476007338104 -1.2045964297311871e-18
    outer loop
      vertex 78.26823725421879 -17.538292387221368 67.85
      vertex 78.42160365254927 -17.570891421526206 69.35
      vertex 78.42160365254927 -17.570891421526206 67.85
    endloop
  endfacet
  facet normal 0 1 0
    outer loop
      vertex 78.42160365254927 -17.570891421526206 67.85
      vertex 78.57839634745073 -17.570891421526206 69.35
      vertex 78.57839634745073 -17.570891421526206 67.85
    endloop
  endfacet
  facet normal -0.2079116908177374 0.9781476007338104 1.2045964297311871e-18
    outer loop
      vertex 78.57839634745073 -17.570891421526206 67.85
      vertex 78.73176274578121 -17.538292387221368 69.35
      vertex 78.73176274578121 -17.538292387221368 67.85
    endloop
  endfacet
  facet normal 0.40673664307580093 0.9135454576426005 0
    outer loop
      vertex 78.125 -17.474519052838332 67.85
      vertex 78.125 -17.474519052838332 69.35
      vertex 78.26823725421879 -17.538292387221368 69.35
    endloop
  endfacet
  facet normal 0.2079116908177374 0.9781476007338104 0
    outer loop
      vertex 78.26823725421879 -17.538292387221368 67.85
      vertex 78.26823725421879 -17.538292387221368 69.35
      vertex 78.42160365254927 -17.570891421526206 69.35
    endloop
  endfacet
  facet normal 0 1 0
    outer loop
      vertex 78.42160365254927 -17.570891421526206 67.85
      vertex 78.42160365254927 -17.570891421526206 69.35
      vertex 78.57839634745073 -17.570891421526206 69.35
    endloop
  endfacet
  facet normal -0.2079116908177374 0.9781476007338104 0
    outer loop
      vertex 78.57839634745073 -17.570891421526206 67.85
      vertex 78.57839634745073 -17.570891421526206 69.35
      vertex 78.73176274578121 -17.538292387221368 69.35
    endloop
  endfacet
  facet normal 0.7431448254774006 0.6691306063588511 3.280967868457494e-18
    outer loop
      vertex 77.99815204523085 -17.382358619108047 67.85
      vertex 77.89323725421879 -17.265838939219357 67.85
      vertex 77.89323725421879 -17.265838939219357 69.35
    endloop
  endfacet
  facet normal 0.9510565162951347 0.30901699437500557 0
    outer loop
      vertex 77.76638929944964 -16.980933768113324 67.85
      vertex 77.76638929944964 -16.980933768113324 69.35
      vertex 77.81484090676805 -17.13005248230685 67.85
    endloop
  endfacet
  facet normal 0.9945218953682758 0.1045284632676295 -4.613128588098978e-19
    outer loop
      vertex 77.76638929944964 -16.980933768113324 67.85
      vertex 77.75 -16.825000000000003 67.85
      vertex 77.75 -16.825000000000003 69.35
    endloop
  endfacet
  facet normal 0.8660254037844555 0.49999999999997097 -1.7469664304275266e-18
    outer loop
      vertex 77.89323725421879 -17.265838939219357 67.85
      vertex 77.81484090676805 -17.13005248230685 67.85
      vertex 77.81484090676805 -17.13005248230685 69.35
    endloop
  endfacet
  facet normal 0.9945218953682758 -0.1045284632676295 4.613128588098978e-19
    outer loop
      vertex 77.75 -16.825000000000003 67.85
      vertex 77.76638929944964 -16.66906623188668 67.85
      vertex 77.76638929944964 -16.66906623188668 69.35
    endloop
  endfacet
  facet normal 0.9510565162951347 -0.30901699437500557 9.265396941434659e-19
    outer loop
      vertex 77.76638929944964 -16.66906623188668 67.85
      vertex 77.81484090676805 -16.519947517693154 67.85
      vertex 77.81484090676805 -16.519947517693154 69.35
    endloop
  endfacet
  facet normal 0.8660254037844555 -0.49999999999997097 1.7469664304275266e-18
    outer loop
      vertex 77.81484090676805 -16.519947517693154 67.85
      vertex 77.89323725421879 -16.38416106078065 67.85
      vertex 77.89323725421879 -16.38416106078065 69.35
    endloop
  endfacet
  facet normal 0.7431448254774006 -0.6691306063588511 -3.280967868457494e-18
    outer loop
      vertex 77.89323725421879 -16.38416106078065 67.85
      vertex 77.99815204523085 -16.26764138089196 67.85
      vertex 77.99815204523085 -16.26764138089196 69.35
    endloop
  endfacet
  facet normal 0.5877852522924711 0.8090169943749489 -2.0684369516509876e-18
    outer loop
      vertex 77.99815204523085 -17.382358619108047 67.85
      vertex 78.125 -17.474519052838332 69.35
      vertex 78.125 -17.474519052838332 67.85
    endloop
  endfacet
  facet normal 0.7431448254774006 0.6691306063588511 0
    outer loop
      vertex 77.99815204523085 -17.382358619108047 67.85
      vertex 77.89323725421879 -17.265838939219357 69.35
      vertex 77.99815204523085 -17.382358619108047 69.35
    endloop
  endfacet
  facet normal 0.8660254037844555 0.49999999999997097 0
    outer loop
      vertex 77.89323725421879 -17.265838939219357 67.85
      vertex 77.81484090676805 -17.13005248230685 69.35
      vertex 77.89323725421879 -17.265838939219357 69.35
    endloop
  endfacet
  facet normal 0.9510565162951347 0.30901699437500557 0
    outer loop
      vertex 77.81484090676805 -17.13005248230685 67.85
      vertex 77.76638929944964 -16.980933768113324 69.35
      vertex 77.81484090676805 -17.13005248230685 69.35
    endloop
  endfacet
  facet normal 0.9945218953682758 0.1045284632676295 0
    outer loop
      vertex 77.76638929944964 -16.980933768113324 67.85
      vertex 77.75 -16.825000000000003 69.35
      vertex 77.76638929944964 -16.980933768113324 69.35
    endloop
  endfacet
  facet normal 0.9945218953682758 -0.1045284632676295 0
    outer loop
      vertex 77.75 -16.825000000000003 67.85
      vertex 77.76638929944964 -16.66906623188668 69.35
      vertex 77.75 -16.825000000000003 69.35
    endloop
  endfacet
  facet normal 0.9510565162951347 -0.30901699437500557 0
    outer loop
      vertex 77.76638929944964 -16.66906623188668 67.85
      vertex 77.81484090676805 -16.519947517693154 69.35
      vertex 77.76638929944964 -16.66906623188668 69.35
    endloop
  endfacet
  facet normal 0.8660254037844555 -0.49999999999997097 0
    outer loop
      vertex 77.81484090676805 -16.519947517693154 67.85
      vertex 77.89323725421879 -16.38416106078065 69.35
      vertex 77.81484090676805 -16.519947517693154 69.35
    endloop
  endfacet
  facet normal 0.7431448254774006 -0.6691306063588511 0
    outer loop
      vertex 77.89323725421879 -16.38416106078065 67.85
      vertex 77.99815204523085 -16.26764138089196 69.35
      vertex 77.89323725421879 -16.38416106078065 69.35
    endloop
  endfacet
  facet normal 0.5877852522924711 0.8090169943749489 0
    outer loop
      vertex 77.99815204523085 -17.382358619108047 67.85
      vertex 77.99815204523085 -17.382358619108047 69.35
      vertex 78.125 -17.474519052838332 69.35
    endloop
  endfacet
  facet normal 0 0 -1
    outer loop
      vertex 78.26823725421879 -16.111707612778638 67.85
      vertex 72.75 -13.825000000000003 67.85
      vertex 78.42160365254927 -16.0791085784738 67.85
    endloop
  endfacet
  facet normal 0 0 -1
    outer loop
      vertex 74.50184795476915 -16.26764138089196 67.85
      vertex 78.125 -16.175480947161674 67.85
      vertex 77.99815204523085 -16.26764138089196 67.85
    endloop
  endfacet
  facet normal 0 0 -1
    outer loop
      vertex 74.375 -16.175480947161674 67.85
      vertex 78.26823725421879 -16.111707612778638 67.85
      vertex 78.125 -16.175480947161674 67.85
    endloop
  endfacet
  facet normal 0 0 -1
    outer loop
      vertex 78.42160365254927 -16.0791085784738 67.85
      vertex 72.75 -13.825000000000003 67.85
      vertex 78.57839634745073 -16.0791085784738 67.85
    endloop
  endfacet
  facet normal 0 0 -1
    outer loop
      vertex 78.73176274578121 -16.111707612778638 67.85
      vertex 78.57839634745073 -16.0791085784738 67.85
      vertex 72.75 -13.825000000000003 67.85
    endloop
  endfacet
  facet normal 0 0 1
    outer loop
      vertex 74.375 -16.175480947161674 69.35
      vertex 77.99815204523085 -16.26764138089196 69.35
      vertex 78.125 -16.175480947161674 69.35
    endloop
  endfacet
  facet normal 0 0 1
    outer loop
      vertex 74.23176274578121 -16.111707612778638 69.35
      vertex 78.125 -16.175480947161674 69.35
      vertex 78.26823725421879 -16.111707612778638 69.35
    endloop
  endfacet
  facet normal 0.5877852522924711 -0.8090169943749489 0
    outer loop
      vertex 77.99815204523085 -16.26764138089196 67.85
      vertex 78.125 -16.175480947161674 67.85
      vertex 77.99815204523085 -16.26764138089196 69.35
    endloop
  endfacet
  facet normal 0.40673664307580093 -0.9135454576426005 0
    outer loop
      vertex 78.125 -16.175480947161674 67.85
      vertex 78.26823725421879 -16.111707612778638 67.85
      vertex 78.125 -16.175480947161674 69.35
    endloop
  endfacet
  facet normal 0.2079116908177374 -0.9781476007338104 0
    outer loop
      vertex 78.26823725421879 -16.111707612778638 67.85
      vertex 78.42160365254927 -16.0791085784738 67.85
      vertex 78.26823725421879 -16.111707612778638 69.35
    endloop
  endfacet
  facet normal 0 -1 0
    outer loop
      vertex 78.42160365254927 -16.0791085784738 67.85
      vertex 78.57839634745073 -16.0791085784738 67.85
      vertex 78.42160365254927 -16.0791085784738 69.35
    endloop
  endfacet
  facet normal -0.2079116908177374 -0.9781476007338104 -1.2045964297311871e-18
    outer loop
      vertex 78.73176274578121 -16.111707612778638 67.85
      vertex 78.57839634745073 -16.0791085784738 69.35
      vertex 78.57839634745073 -16.0791085784738 67.85
    endloop
  endfacet
  facet normal 0 0 1
    outer loop
      vertex 69.75 -13.825000000000003 69.35
      vertex 78.73176274578121 -16.111707612778638 69.35
      vertex 84.76823725421879 -16.111707612778638 69.35
    endloop
  endfacet
  facet normal 0.5877852522924711 -0.8090169943749489 0
    outer loop
      vertex 78.125 -16.175480947161674 67.85
      vertex 78.125 -16.175480947161674 69.35
      vertex 77.99815204523085 -16.26764138089196 69.35
    endloop
  endfacet
  facet normal 0.40673664307580093 -0.9135454576426005 0
    outer loop
      vertex 78.26823725421879 -16.111707612778638 67.85
      vertex 78.26823725421879 -16.111707612778638 69.35
      vertex 78.125 -16.175480947161674 69.35
    endloop
  endfacet
  facet normal 0.2079116908177374 -0.9781476007338104 0
    outer loop
      vertex 78.42160365254927 -16.0791085784738 67.85
      vertex 78.42160365254927 -16.0791085784738 69.35
      vertex 78.26823725421879 -16.111707612778638 69.35
    endloop
  endfacet
  facet normal 0 -1 0
    outer loop
      vertex 78.57839634745073 -16.0791085784738 67.85
      vertex 78.57839634745073 -16.0791085784738 69.35
      vertex 78.42160365254927 -16.0791085784738 69.35
    endloop
  endfacet
  facet normal -0.2079116908177374 -0.9781476007338104 0
    outer loop
      vertex 78.73176274578121 -16.111707612778638 67.85
      vertex 78.73176274578121 -16.111707612778638 69.35
      vertex 78.57839634745073 -16.0791085784738 69.35
    endloop
  endfacet
  facet normal 0 1 0
    outer loop
      vertex 69.75 -13.825000000000003 69.35
      vertex 90.75 -13.825000000000003 67.85
      vertex 72.75 -13.825000000000003 67.85
    endloop
  endfacet
  facet normal -0.40673664307580093 0.9135454576426005 1.1214800378384944e-18
    outer loop
      vertex 78.73176274578121 -17.538292387221368 67.85
      vertex 78.875 -17.474519052838332 69.35
      vertex 78.875 -17.474519052838332 67.85
    endloop
  endfacet
  facet normal -0.40673664307580093 0.9135454576426005 0
    outer loop
      vertex 78.73176274578121 -17.538292387221368 67.85
      vertex 78.73176274578121 -17.538292387221368 69.35
      vertex 78.875 -17.474519052838332 69.35
    endloop
  endfacet
  facet normal -0.5877852522924711 0.8090169943749489 2.0684369516509876e-18
    outer loop
      vertex 78.875 -17.474519052838332 67.85
      vertex 79.00184795476915 -17.382358619108047 69.35
      vertex 79.00184795476915 -17.382358619108047 67.85
    endloop
  endfacet
  facet normal -0.7431448254774006 0.6691306063588511 0
    outer loop
      vertex 79.00184795476915 -17.382358619108047 67.85
      vertex 79.00184795476915 -17.382358619108047 69.35
      vertex 79.10676274578121 -17.265838939219357 67.85
    endloop
  endfacet
  facet normal -0.8660254037844555 0.49999999999997097 0
    outer loop
      vertex 79.10676274578121 -17.265838939219357 67.85
      vertex 79.10676274578121 -17.265838939219357 69.35
      vertex 79.18515909323195 -17.13005248230685 67.85
    endloop
  endfacet
  facet normal -0.9510565162951347 0.30901699437500557 0
    outer loop
      vertex 79.18515909323195 -17.13005248230685 67.85
      vertex 79.18515909323195 -17.13005248230685 69.35
      vertex 79.23361070055036 -16.980933768113324 67.85
    endloop
  endfacet
  facet normal -0.9945218953682758 0.1045284632676295 0
    outer loop
      vertex 79.23361070055036 -16.980933768113324 67.85
      vertex 79.23361070055036 -16.980933768113324 69.35
      vertex 79.25 -16.825000000000003 67.85
    endloop
  endfacet
  facet normal -0.7431448254774006 -0.6691306063588511 3.280967868457494e-18
    outer loop
      vertex 79.00184795476915 -16.26764138089196 67.85
      vertex 79.10676274578121 -16.38416106078065 67.85
      vertex 79.10676274578121 -16.38416106078065 69.35
    endloop
  endfacet
  facet normal -0.9945218953682758 -0.1045284632676295 0
    outer loop
      vertex 79.25 -16.825000000000003 67.85
      vertex 79.25 -16.825000000000003 69.35
      vertex 79.23361070055036 -16.66906623188668 67.85
    endloop
  endfacet
  facet normal -0.9510565162951347 -0.30901699437500557 0
    outer loop
      vertex 79.23361070055036 -16.66906623188668 67.85
      vertex 79.23361070055036 -16.66906623188668 69.35
      vertex 79.18515909323195 -16.519947517693154 67.85
    endloop
  endfacet
  facet normal -0.8660254037844555 -0.49999999999997097 -1.7469664304275266e-18
    outer loop
      vertex 79.10676274578121 -16.38416106078065 67.85
      vertex 79.18515909323195 -16.519947517693154 67.85
      vertex 79.18515909323195 -16.519947517693154 69.35
    endloop
  endfacet
  facet normal -0.5877852522924711 0.8090169943749489 0
    outer loop
      vertex 78.875 -17.474519052838332 67.85
      vertex 78.875 -17.474519052838332 69.35
      vertex 79.00184795476915 -17.382358619108047 69.35
    endloop
  endfacet
  facet normal -0.7431448254774006 0.6691306063588511 0
    outer loop
      vertex 79.10676274578121 -17.265838939219357 67.85
      vertex 79.00184795476915 -17.382358619108047 69.35
      vertex 79.10676274578121 -17.265838939219357 69.35
    endloop
  endfacet
  facet normal -0.8660254037844555 0.49999999999997097 0
    outer loop
      vertex 79.18515909323195 -17.13005248230685 67.85
      vertex 79.10676274578121 -17.265838939219357 69.35
      vertex 79.18515909323195 -17.13005248230685 69.35
    endloop
  endfacet
  facet normal -0.9510565162951347 0.30901699437500557 0
    outer loop
      vertex 79.23361070055036 -16.980933768113324 67.85
      vertex 79.18515909323195 -17.13005248230685 69.35
      vertex 79.23361070055036 -16.980933768113324 69.35
    endloop
  endfacet
  facet normal -0.9945218953682758 0.1045284632676295 0
    outer loop
      vertex 79.25 -16.825000000000003 67.85
      vertex 79.23361070055036 -16.980933768113324 69.35
      vertex 79.25 -16.825000000000003 69.35
    endloop
  endfacet
  facet normal -0.7431448254774006 -0.6691306063588511 0
    outer loop
      vertex 79.00184795476915 -16.26764138089196 67.85
      vertex 79.10676274578121 -16.38416106078065 69.35
      vertex 79.00184795476915 -16.26764138089196 69.35
    endloop
  endfacet
  facet normal -0.9945218953682758 -0.1045284632676295 0
    outer loop
      vertex 79.23361070055036 -16.66906623188668 67.85
      vertex 79.25 -16.825000000000003 69.35
      vertex 79.23361070055036 -16.66906623188668 69.35
    endloop
  endfacet
  facet normal -0.9510565162951347 -0.30901699437500557 0
    outer loop
      vertex 79.18515909323195 -16.519947517693154 67.85
      vertex 79.23361070055036 -16.66906623188668 69.35
      vertex 79.18515909323195 -16.519947517693154 69.35
    endloop
  endfacet
  facet normal -0.8660254037844555 -0.49999999999997097 0
    outer loop
      vertex 79.10676274578121 -16.38416106078065 67.85
      vertex 79.18515909323195 -16.519947517693154 69.35
      vertex 79.10676274578121 -16.38416106078065 69.35
    endloop
  endfacet
  facet normal 0 0 -1
    outer loop
      vertex 79.00184795476915 -17.382358619108047 67.85
      vertex 79.10676274578121 -17.265838939219357 67.85
      vertex 84.39323725421879 -17.265838939219357 67.85
    endloop
  endfacet
  facet normal 0 0 -1
    outer loop
      vertex 79.10676274578121 -17.265838939219357 67.85
      vertex 79.18515909323195 -17.13005248230685 67.85
      vertex 84.31484090676805 -17.13005248230685 67.85
    endloop
  endfacet
  facet normal 0 0 -1
    outer loop
      vertex 79.18515909323195 -17.13005248230685 67.85
      vertex 79.23361070055036 -16.980933768113324 67.85
      vertex 84.26638929944964 -16.980933768113324 67.85
    endloop
  endfacet
  facet normal 0 0 -1
    outer loop
      vertex 79.23361070055036 -16.980933768113324 67.85
      vertex 79.25 -16.825000000000003 67.85
      vertex 84.25 -16.825000000000003 67.85
    endloop
  endfacet
  facet normal 0 0 -1
    outer loop
      vertex 79.25 -16.825000000000003 67.85
      vertex 79.23361070055036 -16.66906623188668 67.85
      vertex 84.26638929944964 -16.66906623188668 67.85
    endloop
  endfacet
  facet normal 0 0 -1
    outer loop
      vertex 79.23361070055036 -16.66906623188668 67.85
      vertex 79.18515909323195 -16.519947517693154 67.85
      vertex 84.31484090676805 -16.519947517693154 67.85
    endloop
  endfacet
  facet normal 0 0 -1
    outer loop
      vertex 79.10676274578121 -16.38416106078065 67.85
      vertex 84.39323725421879 -16.38416106078065 67.85
      vertex 79.18515909323195 -16.519947517693154 67.85
    endloop
  endfacet
  facet normal 0 0 -1
    outer loop
      vertex 79.00184795476915 -16.26764138089196 67.85
      vertex 84.49815204523085 -16.26764138089196 67.85
      vertex 79.10676274578121 -16.38416106078065 67.85
    endloop
  endfacet
  facet normal 0 0 1
    outer loop
      vertex 79.10676274578121 -17.265838939219357 69.35
      vertex 84.39323725421879 -17.265838939219357 69.35
      vertex 79.18515909323195 -17.13005248230685 69.35
    endloop
  endfacet
  facet normal 0 0 1
    outer loop
      vertex 79.18515909323195 -17.13005248230685 69.35
      vertex 84.31484090676805 -17.13005248230685 69.35
      vertex 79.23361070055036 -16.980933768113324 69.35
    endloop
  endfacet
  facet normal 0 0 1
    outer loop
      vertex 79.23361070055036 -16.980933768113324 69.35
      vertex 84.26638929944964 -16.980933768113324 69.35
      vertex 79.25 -16.825000000000003 69.35
    endloop
  endfacet
  facet normal 0 0 1
    outer loop
      vertex 79.25 -16.825000000000003 69.35
      vertex 84.25 -16.825000000000003 69.35
      vertex 79.23361070055036 -16.66906623188668 69.35
    endloop
  endfacet
  facet normal 0 0 1
    outer loop
      vertex 79.23361070055036 -16.66906623188668 69.35
      vertex 84.26638929944964 -16.66906623188668 69.35
      vertex 79.18515909323195 -16.519947517693154 69.35
    endloop
  endfacet
  facet normal 0 0 1
    outer loop
      vertex 79.10676274578121 -16.38416106078065 69.35
      vertex 79.18515909323195 -16.519947517693154 69.35
      vertex 84.31484090676805 -16.519947517693154 69.35
    endloop
  endfacet
  facet normal 0 0 1
    outer loop
      vertex 79.00184795476915 -16.26764138089196 69.35
      vertex 79.10676274578121 -16.38416106078065 69.35
      vertex 84.39323725421879 -16.38416106078065 69.35
    endloop
  endfacet
  facet normal -0.40673664307580093 -0.9135454576426005 0
    outer loop
      vertex 78.73176274578121 -16.111707612778638 67.85
      vertex 78.875 -16.175480947161674 67.85
      vertex 78.73176274578121 -16.111707612778638 69.35
    endloop
  endfacet
  facet normal -0.5877852522924711 -0.8090169943749489 -2.0684369516509876e-18
    outer loop
      vertex 79.00184795476915 -16.26764138089196 67.85
      vertex 78.875 -16.175480947161674 69.35
      vertex 78.875 -16.175480947161674 67.85
    endloop
  endfacet
  facet normal 0 0 -1
    outer loop
      vertex 78.73176274578121 -16.111707612778638 67.85
      vertex 72.75 -13.825000000000003 67.85
      vertex 84.76823725421879 -16.111707612778638 67.85
    endloop
  endfacet
  facet normal -0.40673664307580093 -0.9135454576426005 0
    outer loop
      vertex 78.875 -16.175480947161674 67.85
      vertex 78.875 -16.175480947161674 69.35
      vertex 78.73176274578121 -16.111707612778638 69.35
    endloop
  endfacet
  facet normal -0.5877852522924711 -0.8090169943749489 0
    outer loop
      vertex 79.00184795476915 -16.26764138089196 67.85
      vertex 79.00184795476915 -16.26764138089196 69.35
      vertex 78.875 -16.175480947161674 69.35
    endloop
  endfacet
  facet normal 0 0 1
    outer loop
      vertex 69.75 -13.825000000000003 69.35
      vertex 84.76823725421879 -16.111707612778638 69.35
      vertex 84.92160365254927 -16.0791085784738 69.35
    endloop
  endfacet
  facet normal 0 0 1
    outer loop
      vertex 69.75 -13.825000000000003 69.35
      vertex 84.92160365254927 -16.0791085784738 69.35
      vertex 85.07839634745073 -16.0791085784738 69.35
    endloop
  endfacet
  facet normal 0 0 -1
    outer loop
      vertex 78.73176274578121 -16.111707612778638 67.85
      vertex 84.76823725421879 -16.111707612778638 67.85
      vertex 78.875 -16.175480947161674 67.85
    endloop
  endfacet
  facet normal 0 0 -1
    outer loop
      vertex 79.00184795476915 -16.26764138089196 67.85
      vertex 78.875 -16.175480947161674 67.85
      vertex 84.625 -16.175480947161674 67.85
    endloop
  endfacet
  facet normal 0 0 -1
    outer loop
      vertex 84.76823725421879 -16.111707612778638 67.85
      vertex 72.75 -13.825000000000003 67.85
      vertex 84.92160365254927 -16.0791085784738 67.85
    endloop
  endfacet
  facet normal 0 0 -1
    outer loop
      vertex 84.92160365254927 -16.0791085784738 67.85
      vertex 72.75 -13.825000000000003 67.85
      vertex 85.07839634745073 -16.0791085784738 67.85
    endloop
  endfacet
  facet normal 0 0 1
    outer loop
      vertex 79.00184795476915 -16.26764138089196 69.35
      vertex 84.49815204523085 -16.26764138089196 69.35
      vertex 78.875 -16.175480947161674 69.35
    endloop
  endfacet
  facet normal 0 0 1
    outer loop
      vertex 78.73176274578121 -16.111707612778638 69.35
      vertex 78.875 -16.175480947161674 69.35
      vertex 84.625 -16.175480947161674 69.35
    endloop
  endfacet
  facet normal 0 -1 0
    outer loop
      vertex 90.75 -33.325 55.849999999999994
      vertex 93.75 -33.325 55.849999999999994
      vertex 93.75 -33.325 67.85
    endloop
  endfacet
  facet normal 0 0.5240974256643347 -0.851658316704544
    outer loop
      vertex 90.75 -33.325 55.849999999999994
      vertex 90.75 -13.825000000000003 67.85
      vertex 93.75 -33.325 55.849999999999994
    endloop
  endfacet
  facet normal 0 0 -1
    outer loop
      vertex 84.625 -23.474519052838332 67.85
      vertex 90.75 -33.325 67.85
      vertex 72.75 -33.325 67.85
    endloop
  endfacet
  facet normal 0 -1 0
    outer loop
      vertex 72.75 -33.325 67.85
      vertex 90.75 -33.325 67.85
      vertex 93.75 -33.325 69.35
    endloop
  endfacet
  facet normal 0 0 1
    outer loop
      vertex 78.875 -23.474519052838332 69.35
      vertex 93.75 -33.325 69.35
      vertex 79.00184795476915 -23.382358619108047 69.35
    endloop
  endfacet
  facet normal 0 0 1
    outer loop
      vertex 79.00184795476915 -23.382358619108047 69.35
      vertex 93.75 -33.325 69.35
      vertex 79.10676274578121 -23.265838939219357 69.35
    endloop
  endfacet
  facet normal 0 0 1
    outer loop
      vertex 79.10676274578121 -23.265838939219357 69.35
      vertex 93.75 -33.325 69.35
      vertex 79.18515909323195 -23.13005248230685 69.35
    endloop
  endfacet
  facet normal 0 0 1
    outer loop
      vertex 79.18515909323195 -23.13005248230685 69.35
      vertex 93.75 -33.325 69.35
      vertex 79.23361070055036 -22.980933768113324 69.35
    endloop
  endfacet
  facet normal 0 0 1
    outer loop
      vertex 79.23361070055036 -22.980933768113324 69.35
      vertex 93.75 -33.325 69.35
      vertex 79.25 -22.825000000000003 69.35
    endloop
  endfacet
  facet normal 0 0 1
    outer loop
      vertex 79.25 -22.825000000000003 69.35
      vertex 93.75 -33.325 69.35
      vertex 79.23361070055036 -22.66906623188668 69.35
    endloop
  endfacet
  facet normal 0 0 1
    outer loop
      vertex 79.23361070055036 -22.66906623188668 69.35
      vertex 93.75 -33.325 69.35
      vertex 79.18515909323195 -22.519947517693154 69.35
    endloop
  endfacet
  facet normal 0 0 1
    outer loop
      vertex 79.10676274578121 -22.38416106078065 69.35
      vertex 79.18515909323195 -22.519947517693154 69.35
      vertex 93.75 -33.325 69.35
    endloop
  endfacet
  facet normal 0 0 -1
    outer loop
      vertex 84.49815204523085 -22.26764138089196 67.85
      vertex 72.75 -33.325 67.85
      vertex 89.26823725421879 -17.538292387221368 67.85
    endloop
  endfacet
  facet normal 0 0 1
    outer loop
      vertex 74.23176274578121 -17.538292387221368 69.35
      vertex 79.00184795476915 -22.26764138089196 69.35
      vertex 93.75 -33.325 69.35
    endloop
  endfacet
  facet normal 0 0 1
    outer loop
      vertex 79.10676274578121 -22.38416106078065 69.35
      vertex 93.75 -33.325 69.35
      vertex 79.00184795476915 -22.26764138089196 69.35
    endloop
  endfacet
  facet normal 0 0 1
    outer loop
      vertex 74.23176274578121 -17.538292387221368 69.35
      vertex 93.75 -33.325 69.35
      vertex 84.625 -23.474519052838332 69.35
    endloop
  endfacet
  facet normal 0 0 -1
    outer loop
      vertex 84.625 -23.474519052838332 67.85
      vertex 84.76823725421879 -23.538292387221368 67.85
      vertex 90.75 -33.325 67.85
    endloop
  endfacet
  facet normal 0 0 -1
    outer loop
      vertex 84.76823725421879 -23.538292387221368 67.85
      vertex 84.92160365254927 -23.570891421526206 67.85
      vertex 90.75 -33.325 67.85
    endloop
  endfacet
  facet normal 0 0 -1
    outer loop
      vertex 84.92160365254927 -23.570891421526206 67.85
      vertex 85.07839634745073 -23.570891421526206 67.85
      vertex 90.75 -33.325 67.85
    endloop
  endfacet
  facet normal 0 0 -1
    outer loop
      vertex 85.07839634745073 -23.570891421526206 67.85
      vertex 85.23176274578121 -23.538292387221368 67.85
      vertex 90.75 -33.325 67.85
    endloop
  endfacet
  facet normal 0 0 -1
    outer loop
      vertex 85.23176274578121 -23.538292387221368 67.85
      vertex 85.375 -23.474519052838332 67.85
      vertex 90.75 -33.325 67.85
    endloop
  endfacet
  facet normal 0 0 -1
    outer loop
      vertex 85.375 -23.474519052838332 67.85
      vertex 85.50184795476915 -23.382358619108047 67.85
      vertex 90.75 -33.325 67.85
    endloop
  endfacet
  facet normal 0 0 -1
    outer loop
      vertex 85.50184795476915 -23.382358619108047 67.85
      vertex 85.60676274578121 -23.265838939219357 67.85
      vertex 90.75 -33.325 67.85
    endloop
  endfacet
  facet normal 0 0 -1
    outer loop
      vertex 85.60676274578121 -23.265838939219357 67.85
      vertex 85.68515909323195 -23.13005248230685 67.85
      vertex 90.75 -33.325 67.85
    endloop
  endfacet
  facet normal 0 0 1
    outer loop
      vertex 93.75 -33.325 69.35
      vertex 84.76823725421879 -23.538292387221368 69.35
      vertex 84.625 -23.474519052838332 69.35
    endloop
  endfacet
  facet normal 0 -1 0
    outer loop
      vertex 90.75 -33.325 55.849999999999994
      vertex 93.75 -33.325 67.85
      vertex 90.75 -33.325 67.85
    endloop
  endfacet
  facet normal 0 -1 0
    outer loop
      vertex 93.75 -33.325 67.85
      vertex 93.75 -33.325 69.35
      vertex 90.75 -33.325 67.85
    endloop
  endfacet
  facet normal -1 0 0
    outer loop
      vertex 90.75 -33.325 55.849999999999994
      vertex 90.75 -33.325 67.85
      vertex 90.75 -13.825000000000003 67.85
    endloop
  endfacet
  facet normal 1 0 0
    outer loop
      vertex 93.75 -33.325 55.849999999999994
      vertex 93.75 -13.825000000000003 67.85
      vertex 93.75 -33.325 67.85
    endloop
  endfacet
  facet normal 0 0 -1
    outer loop
      vertex 85.68515909323195 -23.13005248230685 67.85
      vertex 88.81484090676804 -23.13005248230685 67.85
      vertex 90.75 -33.325 67.85
    endloop
  endfacet
  facet normal 0 0 1
    outer loop
      vertex 93.75 -33.325 69.35
      vertex 84.92160365254927 -23.570891421526206 69.35
      vertex 84.76823725421879 -23.538292387221368 69.35
    endloop
  endfacet
  facet normal 0 0 1
    outer loop
      vertex 93.75 -33.325 69.35
      vertex 85.07839634745073 -23.570891421526206 69.35
      vertex 84.92160365254927 -23.570891421526206 69.35
    endloop
  endfacet
  facet normal 0 0 1
    outer loop
      vertex 93.75 -33.325 69.35
      vertex 85.23176274578121 -23.538292387221368 69.35
      vertex 85.07839634745073 -23.570891421526206 69.35
    endloop
  endfacet
  facet normal 0 0 1
    outer loop
      vertex 93.75 -33.325 69.35
      vertex 85.375 -23.474519052838332 69.35
      vertex 85.23176274578121 -23.538292387221368 69.35
    endloop
  endfacet
  facet normal 0 0 1
    outer loop
      vertex 93.75 -33.325 69.35
      vertex 85.50184795476915 -23.382358619108047 69.35
      vertex 85.375 -23.474519052838332 69.35
    endloop
  endfacet
  facet normal 0 0 -1
    outer loop
      vertex 88.99815204523085 -23.382358619108047 67.85
      vertex 89.125 -23.474519052838332 67.85
      vertex 90.75 -33.325 67.85
    endloop
  endfacet
  facet normal 0 0 -1
    outer loop
      vertex 88.99815204523085 -23.382358619108047 67.85
      vertex 90.75 -33.325 67.85
      vertex 88.89323725421879 -23.265838939219357 67.85
    endloop
  endfacet
  facet normal 0 0 -1
    outer loop
      vertex 89.125 -23.474519052838332 67.85
      vertex 89.26823725421879 -23.538292387221368 67.85
      vertex 90.75 -33.325 67.85
    endloop
  endfacet
  facet normal 0 0 -1
    outer loop
      vertex 89.26823725421879 -23.538292387221368 67.85
      vertex 89.42160365254927 -23.570891421526206 67.85
      vertex 90.75 -33.325 67.85
    endloop
  endfacet
  facet normal 0 0 -1
    outer loop
      vertex 89.42160365254927 -23.570891421526206 67.85
      vertex 89.57839634745073 -23.570891421526206 67.85
      vertex 90.75 -33.325 67.85
    endloop
  endfacet
  facet normal 0 0 -1
    outer loop
      vertex 88.81484090676804 -23.13005248230685 67.85
      vertex 88.89323725421879 -23.265838939219357 67.85
      vertex 90.75 -33.325 67.85
    endloop
  endfacet
  facet normal 0 0 -1
    outer loop
      vertex 89.57839634745073 -23.570891421526206 67.85
      vertex 89.73176274578121 -23.538292387221368 67.85
      vertex 90.75 -33.325 67.85
    endloop
  endfacet
  facet normal 0 0 -1
    outer loop
      vertex 89.73176274578121 -23.538292387221368 67.85
      vertex 89.875 -23.474519052838332 67.85
      vertex 90.75 -33.325 67.85
    endloop
  endfacet
  facet normal 0 0 -1
    outer loop
      vertex 89.875 -23.474519052838332 67.85
      vertex 90.00184795476915 -23.382358619108047 67.85
      vertex 90.75 -33.325 67.85
    endloop
  endfacet
  facet normal 0 0 -1
    outer loop
      vertex 90.00184795476915 -23.382358619108047 67.85
      vertex 90.10676274578121 -23.265838939219357 67.85
      vertex 90.75 -33.325 67.85
    endloop
  endfacet
  facet normal 0 0 -1
    outer loop
      vertex 90.10676274578121 -23.265838939219357 67.85
      vertex 90.18515909323196 -23.13005248230685 67.85
      vertex 90.75 -33.325 67.85
    endloop
  endfacet
  facet normal 0 0 -1
    outer loop
      vertex 90.18515909323196 -23.13005248230685 67.85
      vertex 90.23361070055036 -22.980933768113324 67.85
      vertex 90.75 -33.325 67.85
    endloop
  endfacet
  facet normal 0 0 -1
    outer loop
      vertex 90.23361070055036 -22.980933768113324 67.85
      vertex 90.25 -22.825000000000003 67.85
      vertex 90.75 -33.325 67.85
    endloop
  endfacet
  facet normal 0 0 1
    outer loop
      vertex 93.75 -33.325 69.35
      vertex 89.125 -23.474519052838332 69.35
      vertex 85.50184795476915 -23.382358619108047 69.35
    endloop
  endfacet
  facet normal 0 0 1
    outer loop
      vertex 93.75 -33.325 69.35
      vertex 89.26823725421879 -23.538292387221368 69.35
      vertex 89.125 -23.474519052838332 69.35
    endloop
  endfacet
  facet normal 0 0 -1
    outer loop
      vertex 90.25 -22.825000000000003 67.85
      vertex 90.23361070055036 -16.980933768113324 67.85
      vertex 90.75 -33.325 67.85
    endloop
  endfacet
  facet normal 0 0 1
    outer loop
      vertex 93.75 -33.325 69.35
      vertex 89.42160365254927 -23.570891421526206 69.35
      vertex 89.26823725421879 -23.538292387221368 69.35
    endloop
  endfacet
  facet normal 0 0 1
    outer loop
      vertex 93.75 -33.325 69.35
      vertex 89.57839634745073 -23.570891421526206 69.35
      vertex 89.42160365254927 -23.570891421526206 69.35
    endloop
  endfacet
  facet normal 0 0 1
    outer loop
      vertex 93.75 -33.325 69.35
      vertex 89.73176274578121 -23.538292387221368 69.35
      vertex 89.57839634745073 -23.570891421526206 69.35
    endloop
  endfacet
  facet normal 0 0 1
    outer loop
      vertex 93.75 -33.325 69.35
      vertex 89.875 -23.474519052838332 69.35
      vertex 89.73176274578121 -23.538292387221368 69.35
    endloop
  endfacet
  facet normal 0 0 1
    outer loop
      vertex 93.75 -33.325 69.35
      vertex 90.00184795476915 -23.382358619108047 69.35
      vertex 89.875 -23.474519052838332 69.35
    endloop
  endfacet
  facet normal 0 0 1
    outer loop
      vertex 93.75 -33.325 69.35
      vertex 90.10676274578121 -23.265838939219357 69.35
      vertex 90.00184795476915 -23.382358619108047 69.35
    endloop
  endfacet
  facet normal 0 0 1
    outer loop
      vertex 93.75 -33.325 69.35
      vertex 90.18515909323196 -23.13005248230685 69.35
      vertex 90.10676274578121 -23.265838939219357 69.35
    endloop
  endfacet
  facet normal 0 0 1
    outer loop
      vertex 93.75 -33.325 69.35
      vertex 90.23361070055036 -22.980933768113324 69.35
      vertex 90.18515909323196 -23.13005248230685 69.35
    endloop
  endfacet
  facet normal 0 0 1
    outer loop
      vertex 93.75 -33.325 69.35
      vertex 90.25 -22.825000000000003 69.35
      vertex 90.23361070055036 -22.980933768113324 69.35
    endloop
  endfacet
  facet normal 1 0 0
    outer loop
      vertex 93.75 -33.325 67.85
      vertex 93.75 -13.825000000000003 67.85
      vertex 93.75 -33.325 69.35
    endloop
  endfacet
  facet normal 0 0 -1
    outer loop
      vertex 78.875 -23.474519052838332 67.85
      vertex 79.00184795476915 -23.382358619108047 67.85
      vertex 88.89323725421879 -17.265838939219357 67.85
    endloop
  endfacet
  facet normal 0 0 -1
    outer loop
      vertex 79.00184795476915 -23.382358619108047 67.85
      vertex 79.10676274578121 -23.265838939219357 67.85
      vertex 88.89323725421879 -17.265838939219357 67.85
    endloop
  endfacet
  facet normal 0 0 -1
    outer loop
      vertex 79.10676274578121 -23.265838939219357 67.85
      vertex 79.18515909323195 -23.13005248230685 67.85
      vertex 88.89323725421879 -17.265838939219357 67.85
    endloop
  endfacet
  facet normal 0 0 1
    outer loop
      vertex 78.26823725421879 -17.538292387221368 69.35
      vertex 84.31484090676805 -23.13005248230685 69.35
      vertex 84.26638929944964 -22.980933768113324 69.35
    endloop
  endfacet
  facet normal 0.8660254037844555 0.49999999999997097 0
    outer loop
      vertex 84.31484090676805 -23.13005248230685 67.85
      vertex 84.31484090676805 -23.13005248230685 69.35
      vertex 84.39323725421879 -23.265838939219357 67.85
    endloop
  endfacet
  facet normal 0.9510565162951347 0.30901699437500557 -9.265396941434659e-19
    outer loop
      vertex 84.31484090676805 -23.13005248230685 67.85
      vertex 84.26638929944964 -22.980933768113324 67.85
      vertex 84.26638929944964 -22.980933768113324 69.35
    endloop
  endfacet
  facet normal 0.7431448254774006 0.6691306063588511 3.280967868457494e-18
    outer loop
      vertex 84.49815204523085 -23.382358619108047 67.85
      vertex 84.39323725421879 -23.265838939219357 67.85
      vertex 84.39323725421879 -23.265838939219357 69.35
    endloop
  endfacet
  facet normal 0.5877852522924711 0.8090169943749489 -2.0684369516509876e-18
    outer loop
      vertex 84.49815204523085 -23.382358619108047 67.85
      vertex 84.625 -23.474519052838332 69.35
      vertex 84.625 -23.474519052838332 67.85
    endloop
  endfacet
  facet normal 0.40673664307580093 0.9135454576426005 -1.1214800378384944e-18
    outer loop
      vertex 84.625 -23.474519052838332 67.85
      vertex 84.76823725421879 -23.538292387221368 69.35
      vertex 84.76823725421879 -23.538292387221368 67.85
    endloop
  endfacet
  facet normal 0.9945218953682758 0.1045284632676295 -4.613128588098978e-19
    outer loop
      vertex 84.26638929944964 -22.980933768113324 67.85
      vertex 84.25 -22.825000000000003 67.85
      vertex 84.25 -22.825000000000003 69.35
    endloop
  endfacet
  facet normal 0.9945218953682758 -0.1045284632676295 4.613128588098978e-19
    outer loop
      vertex 84.25 -22.825000000000003 67.85
      vertex 84.26638929944964 -22.66906623188668 67.85
      vertex 84.26638929944964 -22.66906623188668 69.35
    endloop
  endfacet
  facet normal 0.9510565162951347 -0.30901699437500557 9.265396941434659e-19
    outer loop
      vertex 84.26638929944964 -22.66906623188668 67.85
      vertex 84.31484090676805 -22.519947517693154 67.85
      vertex 84.31484090676805 -22.519947517693154 69.35
    endloop
  endfacet
  facet normal 0.8660254037844555 -0.49999999999997097 1.7469664304275266e-18
    outer loop
      vertex 84.31484090676805 -22.519947517693154 67.85
      vertex 84.39323725421879 -22.38416106078065 67.85
      vertex 84.39323725421879 -22.38416106078065 69.35
    endloop
  endfacet
  facet normal 0.8660254037844555 0.49999999999997097 0
    outer loop
      vertex 84.39323725421879 -23.265838939219357 67.85
      vertex 84.31484090676805 -23.13005248230685 69.35
      vertex 84.39323725421879 -23.265838939219357 69.35
    endloop
  endfacet
  facet normal 0.9510565162951347 0.30901699437500557 0
    outer loop
      vertex 84.31484090676805 -23.13005248230685 67.85
      vertex 84.26638929944964 -22.980933768113324 69.35
      vertex 84.31484090676805 -23.13005248230685 69.35
    endloop
  endfacet
  facet normal 0.7431448254774006 0.6691306063588511 0
    outer loop
      vertex 84.49815204523085 -23.382358619108047 67.85
      vertex 84.39323725421879 -23.265838939219357 69.35
      vertex 84.49815204523085 -23.382358619108047 69.35
    endloop
  endfacet
  facet normal 0.5877852522924711 0.8090169943749489 0
    outer loop
      vertex 84.49815204523085 -23.382358619108047 67.85
      vertex 84.49815204523085 -23.382358619108047 69.35
      vertex 84.625 -23.474519052838332 69.35
    endloop
  endfacet
  facet normal 0.40673664307580093 0.9135454576426005 0
    outer loop
      vertex 84.625 -23.474519052838332 67.85
      vertex 84.625 -23.474519052838332 69.35
      vertex 84.76823725421879 -23.538292387221368 69.35
    endloop
  endfacet
  facet normal 0.9945218953682758 0.1045284632676295 0
    outer loop
      vertex 84.26638929944964 -22.980933768113324 67.85
      vertex 84.25 -22.825000000000003 69.35
      vertex 84.26638929944964 -22.980933768113324 69.35
    endloop
  endfacet
  facet normal 0.9945218953682758 -0.1045284632676295 0
    outer loop
      vertex 84.25 -22.825000000000003 67.85
      vertex 84.26638929944964 -22.66906623188668 69.35
      vertex 84.25 -22.825000000000003 69.35
    endloop
  endfacet
  facet normal 0.9510565162951347 -0.30901699437500557 0
    outer loop
      vertex 84.26638929944964 -22.66906623188668 67.85
      vertex 84.31484090676805 -22.519947517693154 69.35
      vertex 84.26638929944964 -22.66906623188668 69.35
    endloop
  endfacet
  facet normal 0.8660254037844555 -0.49999999999997097 0
    outer loop
      vertex 84.31484090676805 -22.519947517693154 67.85
      vertex 84.39323725421879 -22.38416106078065 69.35
      vertex 84.31484090676805 -22.519947517693154 69.35
    endloop
  endfacet
  facet normal 0.7431448254774006 -0.6691306063588511 -3.280967868457494e-18
    outer loop
      vertex 84.39323725421879 -22.38416106078065 67.85
      vertex 84.49815204523085 -22.26764138089196 67.85
      vertex 84.49815204523085 -22.26764138089196 69.35
    endloop
  endfacet
  facet normal 0.5877852522924711 -0.8090169943749489 0
    outer loop
      vertex 84.49815204523085 -22.26764138089196 67.85
      vertex 84.625 -22.175480947161674 67.85
      vertex 84.49815204523085 -22.26764138089196 69.35
    endloop
  endfacet
  facet normal 0.40673664307580093 -0.9135454576426005 0
    outer loop
      vertex 84.625 -22.175480947161674 67.85
      vertex 84.76823725421879 -22.111707612778638 67.85
      vertex 84.625 -22.175480947161674 69.35
    endloop
  endfacet
  facet normal 0.7431448254774006 -0.6691306063588511 0
    outer loop
      vertex 84.39323725421879 -22.38416106078065 67.85
      vertex 84.49815204523085 -22.26764138089196 69.35
      vertex 84.39323725421879 -22.38416106078065 69.35
    endloop
  endfacet
  facet normal 0.5877852522924711 -0.8090169943749489 0
    outer loop
      vertex 84.625 -22.175480947161674 67.85
      vertex 84.625 -22.175480947161674 69.35
      vertex 84.49815204523085 -22.26764138089196 69.35
    endloop
  endfacet
  facet normal 0.40673664307580093 -0.9135454576426005 0
    outer loop
      vertex 84.76823725421879 -22.111707612778638 67.85
      vertex 84.76823725421879 -22.111707612778638 69.35
      vertex 84.625 -22.175480947161674 69.35
    endloop
  endfacet
  facet normal 0 0 1
    outer loop
      vertex 78.42160365254927 -17.570891421526206 69.35
      vertex 84.26638929944964 -22.980933768113324 69.35
      vertex 84.25 -22.825000000000003 69.35
    endloop
  endfacet
  facet normal 0 0 1
    outer loop
      vertex 78.57839634745073 -17.570891421526206 69.35
      vertex 84.25 -22.825000000000003 69.35
      vertex 84.26638929944964 -22.66906623188668 69.35
    endloop
  endfacet
  facet normal 0 0 1
    outer loop
      vertex 78.73176274578121 -17.538292387221368 69.35
      vertex 84.26638929944964 -22.66906623188668 69.35
      vertex 84.31484090676805 -22.519947517693154 69.35
    endloop
  endfacet
  facet normal 0 0 1
    outer loop
      vertex 78.875 -17.474519052838332 69.35
      vertex 84.31484090676805 -22.519947517693154 69.35
      vertex 84.39323725421879 -22.38416106078065 69.35
    endloop
  endfacet
  facet normal 0 0 1
    outer loop
      vertex 79.00184795476915 -17.382358619108047 69.35
      vertex 84.39323725421879 -22.38416106078065 69.35
      vertex 84.49815204523085 -22.26764138089196 69.35
    endloop
  endfacet
  facet normal 0 0 -1
    outer loop
      vertex 79.25 -22.825000000000003 67.85
      vertex 84.92160365254927 -17.570891421526206 67.85
      vertex 85.07839634745073 -17.570891421526206 67.85
    endloop
  endfacet
  facet normal 0 0 -1
    outer loop
      vertex 79.23361070055036 -22.980933768113324 67.85
      vertex 85.07839634745073 -17.570891421526206 67.85
      vertex 85.23176274578121 -17.538292387221368 67.85
    endloop
  endfacet
  facet normal 0 0 -1
    outer loop
      vertex 79.18515909323195 -22.519947517693154 67.85
      vertex 84.625 -17.474519052838332 67.85
      vertex 84.76823725421879 -17.538292387221368 67.85
    endloop
  endfacet
  facet normal 0 0 -1
    outer loop
      vertex 79.10676274578121 -22.38416106078065 67.85
      vertex 84.49815204523085 -17.382358619108047 67.85
      vertex 84.625 -17.474519052838332 67.85
    endloop
  endfacet
  facet normal 0 0 -1
    outer loop
      vertex 79.00184795476915 -22.26764138089196 67.85
      vertex 84.39323725421879 -17.265838939219357 67.85
      vertex 84.49815204523085 -17.382358619108047 67.85
    endloop
  endfacet
  facet normal 0 0 -1
    outer loop
      vertex 79.23361070055036 -22.66906623188668 67.85
      vertex 84.76823725421879 -17.538292387221368 67.85
      vertex 84.92160365254927 -17.570891421526206 67.85
    endloop
  endfacet
  facet normal 0 0 1
    outer loop
      vertex 79.10676274578121 -17.265838939219357 69.35
      vertex 84.49815204523085 -22.26764138089196 69.35
      vertex 84.49815204523085 -17.382358619108047 69.35
    endloop
  endfacet
  facet normal 0 0 1
    outer loop
      vertex 84.49815204523085 -22.26764138089196 69.35
      vertex 84.625 -22.175480947161674 69.35
      vertex 84.625 -17.474519052838332 69.35
    endloop
  endfacet
  facet normal 0 0 1
    outer loop
      vertex 84.625 -22.175480947161674 69.35
      vertex 84.76823725421879 -22.111707612778638 69.35
      vertex 84.76823725421879 -17.538292387221368 69.35
    endloop
  endfacet
  facet normal 0 0 -1
    outer loop
      vertex 79.18515909323195 -23.13005248230685 67.85
      vertex 85.23176274578121 -17.538292387221368 67.85
      vertex 88.89323725421879 -17.265838939219357 67.85
    endloop
  endfacet
  facet normal 0 0 1
    outer loop
      vertex 84.49815204523085 -22.26764138089196 69.35
      vertex 84.625 -17.474519052838332 69.35
      vertex 84.49815204523085 -17.382358619108047 69.35
    endloop
  endfacet
  facet normal 0 0 1
    outer loop
      vertex 84.625 -22.175480947161674 69.35
      vertex 84.76823725421879 -17.538292387221368 69.35
      vertex 84.625 -17.474519052838332 69.35
    endloop
  endfacet
  facet normal 0.2079116908177374 0.9781476007338104 -1.2045964297311871e-18
    outer loop
      vertex 84.76823725421879 -23.538292387221368 67.85
      vertex 84.92160365254927 -23.570891421526206 69.35
      vertex 84.92160365254927 -23.570891421526206 67.85
    endloop
  endfacet
  facet normal 0 1 0
    outer loop
      vertex 84.92160365254927 -23.570891421526206 67.85
      vertex 85.07839634745073 -23.570891421526206 69.35
      vertex 85.07839634745073 -23.570891421526206 67.85
    endloop
  endfacet
  facet normal -0.2079116908177374 0.9781476007338104 1.2045964297311871e-18
    outer loop
      vertex 85.07839634745073 -23.570891421526206 67.85
      vertex 85.23176274578121 -23.538292387221368 69.35
      vertex 85.23176274578121 -23.538292387221368 67.85
    endloop
  endfacet
  facet normal -0.40673664307580093 0.9135454576426005 1.1214800378384944e-18
    outer loop
      vertex 85.23176274578121 -23.538292387221368 67.85
      vertex 85.375 -23.474519052838332 69.35
      vertex 85.375 -23.474519052838332 67.85
    endloop
  endfacet
  facet normal -0.5877852522924711 0.8090169943749489 2.0684369516509876e-18
    outer loop
      vertex 85.375 -23.474519052838332 67.85
      vertex 85.50184795476915 -23.382358619108047 69.35
      vertex 85.50184795476915 -23.382358619108047 67.85
    endloop
  endfacet
  facet normal -0.7431448254774006 0.6691306063588511 0
    outer loop
      vertex 85.50184795476915 -23.382358619108047 67.85
      vertex 85.50184795476915 -23.382358619108047 69.35
      vertex 85.60676274578121 -23.265838939219357 67.85
    endloop
  endfacet
  facet normal -0.8660254037844555 0.49999999999997097 0
    outer loop
      vertex 85.60676274578121 -23.265838939219357 67.85
      vertex 85.60676274578121 -23.265838939219357 69.35
      vertex 85.68515909323195 -23.13005248230685 67.85
    endloop
  endfacet
  facet normal -0.9510565162951347 0.30901699437500557 0
    outer loop
      vertex 85.68515909323195 -23.13005248230685 67.85
      vertex 85.68515909323195 -23.13005248230685 69.35
      vertex 85.73361070055036 -22.980933768113324 67.85
    endloop
  endfacet
  facet normal -0.9945218953682758 0.1045284632676295 0
    outer loop
      vertex 85.73361070055036 -22.980933768113324 67.85
      vertex 85.73361070055036 -22.980933768113324 69.35
      vertex 85.75 -22.825000000000003 67.85
    endloop
  endfacet
  facet normal -0.9945218953682758 -0.1045284632676295 0
    outer loop
      vertex 85.75 -22.825000000000003 67.85
      vertex 85.75 -22.825000000000003 69.35
      vertex 85.73361070055036 -22.66906623188668 67.85
    endloop
  endfacet
  facet normal -0.8660254037844555 -0.49999999999997097 0
    outer loop
      vertex 85.68515909323195 -22.519947517693154 67.85
      vertex 85.68515909323195 -22.519947517693154 69.35
      vertex 85.60676274578121 -22.38416106078065 67.85
    endloop
  endfacet
  facet normal -0.9510565162951347 -0.30901699437500557 0
    outer loop
      vertex 85.73361070055036 -22.66906623188668 67.85
      vertex 85.73361070055036 -22.66906623188668 69.35
      vertex 85.68515909323195 -22.519947517693154 67.85
    endloop
  endfacet
  facet normal 0.2079116908177374 0.9781476007338104 0
    outer loop
      vertex 84.76823725421879 -23.538292387221368 67.85
      vertex 84.76823725421879 -23.538292387221368 69.35
      vertex 84.92160365254927 -23.570891421526206 69.35
    endloop
  endfacet
  facet normal 0 1 0
    outer loop
      vertex 84.92160365254927 -23.570891421526206 67.85
      vertex 84.92160365254927 -23.570891421526206 69.35
      vertex 85.07839634745073 -23.570891421526206 69.35
    endloop
  endfacet
  facet normal -0.2079116908177374 0.9781476007338104 0
    outer loop
      vertex 85.07839634745073 -23.570891421526206 67.85
      vertex 85.07839634745073 -23.570891421526206 69.35
      vertex 85.23176274578121 -23.538292387221368 69.35
    endloop
  endfacet
  facet normal -0.40673664307580093 0.9135454576426005 0
    outer loop
      vertex 85.23176274578121 -23.538292387221368 67.85
      vertex 85.23176274578121 -23.538292387221368 69.35
      vertex 85.375 -23.474519052838332 69.35
    endloop
  endfacet
  facet normal -0.5877852522924711 0.8090169943749489 0
    outer loop
      vertex 85.375 -23.474519052838332 67.85
      vertex 85.375 -23.474519052838332 69.35
      vertex 85.50184795476915 -23.382358619108047 69.35
    endloop
  endfacet
  facet normal -0.7431448254774006 0.6691306063588511 0
    outer loop
      vertex 85.60676274578121 -23.265838939219357 67.85
      vertex 85.50184795476915 -23.382358619108047 69.35
      vertex 85.60676274578121 -23.265838939219357 69.35
    endloop
  endfacet
  facet normal -0.8660254037844555 0.49999999999997097 0
    outer loop
      vertex 85.68515909323195 -23.13005248230685 67.85
      vertex 85.60676274578121 -23.265838939219357 69.35
      vertex 85.68515909323195 -23.13005248230685 69.35
    endloop
  endfacet
  facet normal -0.9510565162951347 0.30901699437500557 0
    outer loop
      vertex 85.73361070055036 -22.980933768113324 67.85
      vertex 85.68515909323195 -23.13005248230685 69.35
      vertex 85.73361070055036 -22.980933768113324 69.35
    endloop
  endfacet
  facet normal -0.9945218953682758 0.1045284632676295 0
    outer loop
      vertex 85.75 -22.825000000000003 67.85
      vertex 85.73361070055036 -22.980933768113324 69.35
      vertex 85.75 -22.825000000000003 69.35
    endloop
  endfacet
  facet normal -0.9945218953682758 -0.1045284632676295 0
    outer loop
      vertex 85.73361070055036 -22.66906623188668 67.85
      vertex 85.75 -22.825000000000003 69.35
      vertex 85.73361070055036 -22.66906623188668 69.35
    endloop
  endfacet
  facet normal -0.8660254037844555 -0.49999999999997097 0
    outer loop
      vertex 85.60676274578121 -22.38416106078065 67.85
      vertex 85.68515909323195 -22.519947517693154 69.35
      vertex 85.60676274578121 -22.38416106078065 69.35
    endloop
  endfacet
  facet normal -0.9510565162951347 -0.30901699437500557 0
    outer loop
      vertex 85.68515909323195 -22.519947517693154 67.85
      vertex 85.73361070055036 -22.66906623188668 69.35
      vertex 85.68515909323195 -22.519947517693154 69.35
    endloop
  endfacet
  facet normal 0.2079116908177374 -0.9781476007338104 0
    outer loop
      vertex 84.76823725421879 -22.111707612778638 67.85
      vertex 84.92160365254927 -22.0791085784738 67.85
      vertex 84.76823725421879 -22.111707612778638 69.35
    endloop
  endfacet
  facet normal 0 -1 0
    outer loop
      vertex 84.92160365254927 -22.0791085784738 67.85
      vertex 85.07839634745073 -22.0791085784738 67.85
      vertex 84.92160365254927 -22.0791085784738 69.35
    endloop
  endfacet
  facet normal -0.2079116908177374 -0.9781476007338104 0
    outer loop
      vertex 85.07839634745073 -22.0791085784738 67.85
      vertex 85.23176274578121 -22.111707612778638 67.85
      vertex 85.07839634745073 -22.0791085784738 69.35
    endloop
  endfacet
  facet normal -0.40673664307580093 -0.9135454576426005 0
    outer loop
      vertex 85.23176274578121 -22.111707612778638 67.85
      vertex 85.375 -22.175480947161674 67.85
      vertex 85.23176274578121 -22.111707612778638 69.35
    endloop
  endfacet
  facet normal -0.5877852522924711 -0.8090169943749489 0
    outer loop
      vertex 85.375 -22.175480947161674 67.85
      vertex 85.50184795476915 -22.26764138089196 67.85
      vertex 85.375 -22.175480947161674 69.35
    endloop
  endfacet
  facet normal -0.7431448254774006 -0.6691306063588511 0
    outer loop
      vertex 85.60676274578121 -22.38416106078065 67.85
      vertex 85.60676274578121 -22.38416106078065 69.35
      vertex 85.50184795476915 -22.26764138089196 67.85
    endloop
  endfacet
  facet normal 0.2079116908177374 -0.9781476007338104 0
    outer loop
      vertex 84.92160365254927 -22.0791085784738 67.85
      vertex 84.92160365254927 -22.0791085784738 69.35
      vertex 84.76823725421879 -22.111707612778638 69.35
    endloop
  endfacet
  facet normal 0 -1 0
    outer loop
      vertex 85.07839634745073 -22.0791085784738 67.85
      vertex 85.07839634745073 -22.0791085784738 69.35
      vertex 84.92160365254927 -22.0791085784738 69.35
    endloop
  endfacet
  facet normal -0.2079116908177374 -0.9781476007338104 0
    outer loop
      vertex 85.23176274578121 -22.111707612778638 67.85
      vertex 85.23176274578121 -22.111707612778638 69.35
      vertex 85.07839634745073 -22.0791085784738 69.35
    endloop
  endfacet
  facet normal -0.5877852522924711 -0.8090169943749489 0
    outer loop
      vertex 85.50184795476915 -22.26764138089196 67.85
      vertex 85.50184795476915 -22.26764138089196 69.35
      vertex 85.375 -22.175480947161674 69.35
    endloop
  endfacet
  facet normal -0.40673664307580093 -0.9135454576426005 0
    outer loop
      vertex 85.375 -22.175480947161674 67.85
      vertex 85.375 -22.175480947161674 69.35
      vertex 85.23176274578121 -22.111707612778638 69.35
    endloop
  endfacet
  facet normal -0.7431448254774006 -0.6691306063588511 0
    outer loop
      vertex 85.50184795476915 -22.26764138089196 67.85
      vertex 85.60676274578121 -22.38416106078065 69.35
      vertex 85.50184795476915 -22.26764138089196 69.35
    endloop
  endfacet
  facet normal 0 0 -1
    outer loop
      vertex 85.68515909323195 -23.13005248230685 67.85
      vertex 85.73361070055036 -22.980933768113324 67.85
      vertex 88.81484090676804 -23.13005248230685 67.85
    endloop
  endfacet
  facet normal 0 0 -1
    outer loop
      vertex 85.73361070055036 -22.980933768113324 67.85
      vertex 85.75 -22.825000000000003 67.85
      vertex 88.75 -22.825000000000003 67.85
    endloop
  endfacet
  facet normal 0 0 -1
    outer loop
      vertex 85.75 -22.825000000000003 67.85
      vertex 85.73361070055036 -22.66906623188668 67.85
      vertex 88.76638929944964 -22.66906623188668 67.85
    endloop
  endfacet
  facet normal 0 0 -1
    outer loop
      vertex 85.73361070055036 -22.66906623188668 67.85
      vertex 85.68515909323195 -22.519947517693154 67.85
      vertex 88.81484090676804 -22.519947517693154 67.85
    endloop
  endfacet
  facet normal 0 0 -1
    outer loop
      vertex 85.68515909323195 -22.519947517693154 67.85
      vertex 85.60676274578121 -22.38416106078065 67.85
      vertex 88.81484090676804 -22.519947517693154 67.85
    endloop
  endfacet
  facet normal 0 0 1
    outer loop
      vertex 85.50184795476915 -23.382358619108047 69.35
      vertex 88.99815204523085 -23.382358619108047 69.35
      vertex 85.60676274578121 -23.265838939219357 69.35
    endloop
  endfacet
  facet normal 0 0 1
    outer loop
      vertex 85.60676274578121 -23.265838939219357 69.35
      vertex 88.81484090676804 -23.13005248230685 69.35
      vertex 85.68515909323195 -23.13005248230685 69.35
    endloop
  endfacet
  facet normal 0 0 1
    outer loop
      vertex 85.68515909323195 -23.13005248230685 69.35
      vertex 88.81484090676804 -23.13005248230685 69.35
      vertex 85.73361070055036 -22.980933768113324 69.35
    endloop
  endfacet
  facet normal 0 0 1
    outer loop
      vertex 85.73361070055036 -22.980933768113324 69.35
      vertex 88.76638929944964 -22.980933768113324 69.35
      vertex 85.75 -22.825000000000003 69.35
    endloop
  endfacet
  facet normal 0 0 1
    outer loop
      vertex 85.75 -22.825000000000003 69.35
      vertex 88.75 -22.825000000000003 69.35
      vertex 85.73361070055036 -22.66906623188668 69.35
    endloop
  endfacet
  facet normal 0 0 1
    outer loop
      vertex 85.73361070055036 -22.66906623188668 69.35
      vertex 88.81484090676804 -22.519947517693154 69.35
      vertex 85.68515909323195 -22.519947517693154 69.35
    endloop
  endfacet
  facet normal 0 0 1
    outer loop
      vertex 85.68515909323195 -22.519947517693154 69.35
      vertex 88.81484090676804 -22.519947517693154 69.35
      vertex 85.60676274578121 -22.38416106078065 69.35
    endloop
  endfacet
  facet normal 0 0 -1
    outer loop
      vertex 85.60676274578121 -22.38416106078065 67.85
      vertex 85.50184795476915 -22.26764138089196 67.85
      vertex 88.99815204523085 -22.26764138089196 67.85
    endloop
  endfacet
  facet normal 0 0 -1
    outer loop
      vertex 84.49815204523085 -22.26764138089196 67.85
      vertex 89.26823725421879 -17.538292387221368 67.85
      vertex 84.625 -22.175480947161674 67.85
    endloop
  endfacet
  facet normal 0 0 -1
    outer loop
      vertex 84.625 -22.175480947161674 67.85
      vertex 89.26823725421879 -17.538292387221368 67.85
      vertex 84.76823725421879 -22.111707612778638 67.85
    endloop
  endfacet
  facet normal 0 0 1
    outer loop
      vertex 84.76823725421879 -22.111707612778638 69.35
      vertex 84.92160365254927 -22.0791085784738 69.35
      vertex 84.92160365254927 -17.570891421526206 69.35
    endloop
  endfacet
  facet normal 0 0 1
    outer loop
      vertex 84.92160365254927 -22.0791085784738 69.35
      vertex 85.07839634745073 -22.0791085784738 69.35
      vertex 85.07839634745073 -17.570891421526206 69.35
    endloop
  endfacet
  facet normal 0 0 1
    outer loop
      vertex 85.07839634745073 -22.0791085784738 69.35
      vertex 85.23176274578121 -22.111707612778638 69.35
      vertex 85.23176274578121 -17.538292387221368 69.35
    endloop
  endfacet
  facet normal 0 0 1
    outer loop
      vertex 85.23176274578121 -22.111707612778638 69.35
      vertex 85.375 -22.175480947161674 69.35
      vertex 85.23176274578121 -17.538292387221368 69.35
    endloop
  endfacet
  facet normal 0 0 1
    outer loop
      vertex 85.60676274578121 -22.38416106078065 69.35
      vertex 85.23176274578121 -17.538292387221368 69.35
      vertex 85.50184795476915 -22.26764138089196 69.35
    endloop
  endfacet
  facet normal 0 0 1
    outer loop
      vertex 85.375 -22.175480947161674 69.35
      vertex 85.50184795476915 -22.26764138089196 69.35
      vertex 85.23176274578121 -17.538292387221368 69.35
    endloop
  endfacet
  facet normal 0 0 -1
    outer loop
      vertex 78.875 -23.474519052838332 67.85
      vertex 88.89323725421879 -17.265838939219357 67.85
      vertex 88.99815204523085 -17.382358619108047 67.85
    endloop
  endfacet
  facet normal 0 0 -1
    outer loop
      vertex 78.875 -23.474519052838332 67.85
      vertex 88.99815204523085 -17.382358619108047 67.85
      vertex 89.125 -17.474519052838332 67.85
    endloop
  endfacet
  facet normal 0 0 -1
    outer loop
      vertex 78.875 -23.474519052838332 67.85
      vertex 89.125 -17.474519052838332 67.85
      vertex 89.26823725421879 -17.538292387221368 67.85
    endloop
  endfacet
  facet normal 0 0 1
    outer loop
      vertex 84.76823725421879 -22.111707612778638 69.35
      vertex 84.92160365254927 -17.570891421526206 69.35
      vertex 84.76823725421879 -17.538292387221368 69.35
    endloop
  endfacet
  facet normal 0 0 1
    outer loop
      vertex 84.92160365254927 -22.0791085784738 69.35
      vertex 85.07839634745073 -17.570891421526206 69.35
      vertex 84.92160365254927 -17.570891421526206 69.35
    endloop
  endfacet
  facet normal 0 0 1
    outer loop
      vertex 85.07839634745073 -22.0791085784738 69.35
      vertex 85.23176274578121 -17.538292387221368 69.35
      vertex 85.07839634745073 -17.570891421526206 69.35
    endloop
  endfacet
  facet normal 0 0 -1
    outer loop
      vertex 84.76823725421879 -22.111707612778638 67.85
      vertex 89.26823725421879 -17.538292387221368 67.85
      vertex 84.92160365254927 -22.0791085784738 67.85
    endloop
  endfacet
  facet normal 0 0 -1
    outer loop
      vertex 84.92160365254927 -22.0791085784738 67.85
      vertex 89.26823725421879 -17.538292387221368 67.85
      vertex 85.07839634745073 -22.0791085784738 67.85
    endloop
  endfacet
  facet normal 0 0 -1
    outer loop
      vertex 85.07839634745073 -22.0791085784738 67.85
      vertex 89.26823725421879 -17.538292387221368 67.85
      vertex 85.23176274578121 -22.111707612778638 67.85
    endloop
  endfacet
  facet normal 0 0 -1
    outer loop
      vertex 85.23176274578121 -22.111707612778638 67.85
      vertex 89.26823725421879 -17.538292387221368 67.85
      vertex 85.375 -22.175480947161674 67.85
    endloop
  endfacet
  facet normal 0 0 -1
    outer loop
      vertex 85.375 -22.175480947161674 67.85
      vertex 89.26823725421879 -17.538292387221368 67.85
      vertex 85.50184795476915 -22.26764138089196 67.85
    endloop
  endfacet
  facet normal 0 0 1
    outer loop
      vertex 85.60676274578121 -22.38416106078065 69.35
      vertex 88.89323725421879 -22.38416106078065 69.35
      vertex 85.23176274578121 -17.538292387221368 69.35
    endloop
  endfacet
  facet normal 0 0 1
    outer loop
      vertex 85.23176274578121 -17.538292387221368 69.35
      vertex 88.89323725421879 -22.38416106078065 69.35
      vertex 85.375 -17.474519052838332 69.35
    endloop
  endfacet
  facet normal 0 0 1
    outer loop
      vertex 85.375 -17.474519052838332 69.35
      vertex 88.99815204523085 -22.26764138089196 69.35
      vertex 85.50184795476915 -17.382358619108047 69.35
    endloop
  endfacet
  facet normal 0 0 1
    outer loop
      vertex 85.50184795476915 -17.382358619108047 69.35
      vertex 88.99815204523085 -22.26764138089196 69.35
      vertex 85.60676274578121 -17.265838939219357 69.35
    endloop
  endfacet
  facet normal 0 0 -1
    outer loop
      vertex 79.10676274578121 -17.265838939219357 67.85
      vertex 84.31484090676805 -17.13005248230685 67.85
      vertex 84.39323725421879 -17.265838939219357 67.85
    endloop
  endfacet
  facet normal 0 0 -1
    outer loop
      vertex 79.18515909323195 -17.13005248230685 67.85
      vertex 84.26638929944964 -16.980933768113324 67.85
      vertex 84.31484090676805 -17.13005248230685 67.85
    endloop
  endfacet
  facet normal 0 0 -1
    outer loop
      vertex 79.23361070055036 -16.980933768113324 67.85
      vertex 84.25 -16.825000000000003 67.85
      vertex 84.26638929944964 -16.980933768113324 67.85
    endloop
  endfacet
  facet normal 0 0 -1
    outer loop
      vertex 79.25 -16.825000000000003 67.85
      vertex 84.26638929944964 -16.66906623188668 67.85
      vertex 84.25 -16.825000000000003 67.85
    endloop
  endfacet
  facet normal 0 0 -1
    outer loop
      vertex 79.23361070055036 -16.66906623188668 67.85
      vertex 84.31484090676805 -16.519947517693154 67.85
      vertex 84.26638929944964 -16.66906623188668 67.85
    endloop
  endfacet
  facet normal 0 0 -1
    outer loop
      vertex 79.18515909323195 -16.519947517693154 67.85
      vertex 84.39323725421879 -16.38416106078065 67.85
      vertex 84.31484090676805 -16.519947517693154 67.85
    endloop
  endfacet
  facet normal 0 0 -1
    outer loop
      vertex 79.10676274578121 -16.38416106078065 67.85
      vertex 84.49815204523085 -16.26764138089196 67.85
      vertex 84.39323725421879 -16.38416106078065 67.85
    endloop
  endfacet
  facet normal 0 0 1
    outer loop
      vertex 79.10676274578121 -17.265838939219357 69.35
      vertex 84.49815204523085 -17.382358619108047 69.35
      vertex 84.39323725421879 -17.265838939219357 69.35
    endloop
  endfacet
  facet normal 0 0 1
    outer loop
      vertex 79.18515909323195 -17.13005248230685 69.35
      vertex 84.39323725421879 -17.265838939219357 69.35
      vertex 84.31484090676805 -17.13005248230685 69.35
    endloop
  endfacet
  facet normal 0 0 1
    outer loop
      vertex 79.23361070055036 -16.980933768113324 69.35
      vertex 84.31484090676805 -17.13005248230685 69.35
      vertex 84.26638929944964 -16.980933768113324 69.35
    endloop
  endfacet
  facet normal 0 0 1
    outer loop
      vertex 79.25 -16.825000000000003 69.35
      vertex 84.26638929944964 -16.980933768113324 69.35
      vertex 84.25 -16.825000000000003 69.35
    endloop
  endfacet
  facet normal 0 0 1
    outer loop
      vertex 79.23361070055036 -16.66906623188668 69.35
      vertex 84.25 -16.825000000000003 69.35
      vertex 84.26638929944964 -16.66906623188668 69.35
    endloop
  endfacet
  facet normal 0 0 1
    outer loop
      vertex 79.18515909323195 -16.519947517693154 69.35
      vertex 84.26638929944964 -16.66906623188668 69.35
      vertex 84.31484090676805 -16.519947517693154 69.35
    endloop
  endfacet
  facet normal 0 0 1
    outer loop
      vertex 79.10676274578121 -16.38416106078065 69.35
      vertex 84.31484090676805 -16.519947517693154 69.35
      vertex 84.39323725421879 -16.38416106078065 69.35
    endloop
  endfacet
  facet normal 0 0 1
    outer loop
      vertex 79.00184795476915 -16.26764138089196 69.35
      vertex 84.39323725421879 -16.38416106078065 69.35
      vertex 84.49815204523085 -16.26764138089196 69.35
    endloop
  endfacet
  facet normal 0.40673664307580093 0.9135454576426005 -1.1214800378384944e-18
    outer loop
      vertex 84.625 -17.474519052838332 67.85
      vertex 84.76823725421879 -17.538292387221368 69.35
      vertex 84.76823725421879 -17.538292387221368 67.85
    endloop
  endfacet
  facet normal 0.40673664307580093 0.9135454576426005 0
    outer loop
      vertex 84.625 -17.474519052838332 67.85
      vertex 84.625 -17.474519052838332 69.35
      vertex 84.76823725421879 -17.538292387221368 69.35
    endloop
  endfacet
  facet normal 0.8660254037844555 0.49999999999997097 0
    outer loop
      vertex 84.31484090676805 -17.13005248230685 67.85
      vertex 84.31484090676805 -17.13005248230685 69.35
      vertex 84.39323725421879 -17.265838939219357 67.85
    endloop
  endfacet
  facet normal 0.9510565162951347 0.30901699437500557 -9.265396941434659e-19
    outer loop
      vertex 84.31484090676805 -17.13005248230685 67.85
      vertex 84.26638929944964 -16.980933768113324 67.85
      vertex 84.26638929944964 -16.980933768113324 69.35
    endloop
  endfacet
  facet normal 0.9945218953682758 0.1045284632676295 -4.613128588098978e-19
    outer loop
      vertex 84.26638929944964 -16.980933768113324 67.85
      vertex 84.25 -16.825000000000003 67.85
      vertex 84.25 -16.825000000000003 69.35
    endloop
  endfacet
  facet normal 0.7431448254774006 0.6691306063588511 3.280967868457494e-18
    outer loop
      vertex 84.49815204523085 -17.382358619108047 67.85
      vertex 84.39323725421879 -17.265838939219357 67.85
      vertex 84.39323725421879 -17.265838939219357 69.35
    endloop
  endfacet
  facet normal 0.5877852522924711 0.8090169943749489 -2.0684369516509876e-18
    outer loop
      vertex 84.49815204523085 -17.382358619108047 67.85
      vertex 84.625 -17.474519052838332 69.35
      vertex 84.625 -17.474519052838332 67.85
    endloop
  endfacet
  facet normal 0.9945218953682758 -0.1045284632676295 4.613128588098978e-19
    outer loop
      vertex 84.25 -16.825000000000003 67.85
      vertex 84.26638929944964 -16.66906623188668 67.85
      vertex 84.26638929944964 -16.66906623188668 69.35
    endloop
  endfacet
  facet normal 0.9510565162951347 -0.30901699437500557 9.265396941434659e-19
    outer loop
      vertex 84.26638929944964 -16.66906623188668 67.85
      vertex 84.31484090676805 -16.519947517693154 67.85
      vertex 84.31484090676805 -16.519947517693154 69.35
    endloop
  endfacet
  facet normal 0.8660254037844555 -0.49999999999997097 1.7469664304275266e-18
    outer loop
      vertex 84.31484090676805 -16.519947517693154 67.85
      vertex 84.39323725421879 -16.38416106078065 67.85
      vertex 84.39323725421879 -16.38416106078065 69.35
    endloop
  endfacet
  facet normal 0.7431448254774006 -0.6691306063588511 -3.280967868457494e-18
    outer loop
      vertex 84.39323725421879 -16.38416106078065 67.85
      vertex 84.49815204523085 -16.26764138089196 67.85
      vertex 84.49815204523085 -16.26764138089196 69.35
    endloop
  endfacet
  facet normal 0.8660254037844555 0.49999999999997097 0
    outer loop
      vertex 84.39323725421879 -17.265838939219357 67.85
      vertex 84.31484090676805 -17.13005248230685 69.35
      vertex 84.39323725421879 -17.265838939219357 69.35
    endloop
  endfacet
  facet normal 0.9510565162951347 0.30901699437500557 0
    outer loop
      vertex 84.31484090676805 -17.13005248230685 67.85
      vertex 84.26638929944964 -16.980933768113324 69.35
      vertex 84.31484090676805 -17.13005248230685 69.35
    endloop
  endfacet
  facet normal 0.9945218953682758 0.1045284632676295 0
    outer loop
      vertex 84.26638929944964 -16.980933768113324 67.85
      vertex 84.25 -16.825000000000003 69.35
      vertex 84.26638929944964 -16.980933768113324 69.35
    endloop
  endfacet
  facet normal 0.7431448254774006 0.6691306063588511 0
    outer loop
      vertex 84.49815204523085 -17.382358619108047 67.85
      vertex 84.39323725421879 -17.265838939219357 69.35
      vertex 84.49815204523085 -17.382358619108047 69.35
    endloop
  endfacet
  facet normal 0.5877852522924711 0.8090169943749489 0
    outer loop
      vertex 84.49815204523085 -17.382358619108047 67.85
      vertex 84.49815204523085 -17.382358619108047 69.35
      vertex 84.625 -17.474519052838332 69.35
    endloop
  endfacet
  facet normal 0.9945218953682758 -0.1045284632676295 0
    outer loop
      vertex 84.25 -16.825000000000003 67.85
      vertex 84.26638929944964 -16.66906623188668 69.35
      vertex 84.25 -16.825000000000003 69.35
    endloop
  endfacet
  facet normal 0.9510565162951347 -0.30901699437500557 0
    outer loop
      vertex 84.26638929944964 -16.66906623188668 67.85
      vertex 84.31484090676805 -16.519947517693154 69.35
      vertex 84.26638929944964 -16.66906623188668 69.35
    endloop
  endfacet
  facet normal 0.8660254037844555 -0.49999999999997097 0
    outer loop
      vertex 84.31484090676805 -16.519947517693154 67.85
      vertex 84.39323725421879 -16.38416106078065 69.35
      vertex 84.31484090676805 -16.519947517693154 69.35
    endloop
  endfacet
  facet normal 0.7431448254774006 -0.6691306063588511 0
    outer loop
      vertex 84.39323725421879 -16.38416106078065 67.85
      vertex 84.49815204523085 -16.26764138089196 69.35
      vertex 84.39323725421879 -16.38416106078065 69.35
    endloop
  endfacet
  facet normal 0 0 -1
    outer loop
      vertex 79.00184795476915 -16.26764138089196 67.85
      vertex 84.625 -16.175480947161674 67.85
      vertex 84.49815204523085 -16.26764138089196 67.85
    endloop
  endfacet
  facet normal 0 0 -1
    outer loop
      vertex 78.875 -16.175480947161674 67.85
      vertex 84.76823725421879 -16.111707612778638 67.85
      vertex 84.625 -16.175480947161674 67.85
    endloop
  endfacet
  facet normal 0 0 1
    outer loop
      vertex 78.875 -16.175480947161674 69.35
      vertex 84.49815204523085 -16.26764138089196 69.35
      vertex 84.625 -16.175480947161674 69.35
    endloop
  endfacet
  facet normal 0 0 1
    outer loop
      vertex 78.73176274578121 -16.111707612778638 69.35
      vertex 84.625 -16.175480947161674 69.35
      vertex 84.76823725421879 -16.111707612778638 69.35
    endloop
  endfacet
  facet normal 0 0 -1
    outer loop
      vertex 85.07839634745073 -16.0791085784738 67.85
      vertex 72.75 -13.825000000000003 67.85
      vertex 90.75 -13.825000000000003 67.85
    endloop
  endfacet
  facet normal 0 0 1
    outer loop
      vertex 69.75 -13.825000000000003 69.35
      vertex 85.07839634745073 -16.0791085784738 69.35
      vertex 93.75 -13.825000000000003 69.35
    endloop
  endfacet
  facet normal 0.5877852522924711 -0.8090169943749489 0
    outer loop
      vertex 84.49815204523085 -16.26764138089196 67.85
      vertex 84.625 -16.175480947161674 67.85
      vertex 84.49815204523085 -16.26764138089196 69.35
    endloop
  endfacet
  facet normal 0.40673664307580093 -0.9135454576426005 0
    outer loop
      vertex 84.625 -16.175480947161674 67.85
      vertex 84.76823725421879 -16.111707612778638 67.85
      vertex 84.625 -16.175480947161674 69.35
    endloop
  endfacet
  facet normal 0.5877852522924711 -0.8090169943749489 0
    outer loop
      vertex 84.625 -16.175480947161674 67.85
      vertex 84.625 -16.175480947161674 69.35
      vertex 84.49815204523085 -16.26764138089196 69.35
    endloop
  endfacet
  facet normal 0.40673664307580093 -0.9135454576426005 0
    outer loop
      vertex 84.76823725421879 -16.111707612778638 67.85
      vertex 84.76823725421879 -16.111707612778638 69.35
      vertex 84.625 -16.175480947161674 69.35
    endloop
  endfacet
  facet normal 0.2079116908177374 0.9781476007338104 -1.2045964297311871e-18
    outer loop
      vertex 84.76823725421879 -17.538292387221368 67.85
      vertex 84.92160365254927 -17.570891421526206 69.35
      vertex 84.92160365254927 -17.570891421526206 67.85
    endloop
  endfacet
  facet normal 0 1 0
    outer loop
      vertex 84.92160365254927 -17.570891421526206 67.85
      vertex 85.07839634745073 -17.570891421526206 69.35
      vertex 85.07839634745073 -17.570891421526206 67.85
    endloop
  endfacet
  facet normal -0.2079116908177374 0.9781476007338104 1.2045964297311871e-18
    outer loop
      vertex 85.07839634745073 -17.570891421526206 67.85
      vertex 85.23176274578121 -17.538292387221368 69.35
      vertex 85.23176274578121 -17.538292387221368 67.85
    endloop
  endfacet
  facet normal -0.40673664307580093 0.9135454576426005 1.1214800378384944e-18
    outer loop
      vertex 85.23176274578121 -17.538292387221368 67.85
      vertex 85.375 -17.474519052838332 69.35
      vertex 85.375 -17.474519052838332 67.85
    endloop
  endfacet
  facet normal 0.2079116908177374 0.9781476007338104 0
    outer loop
      vertex 84.76823725421879 -17.538292387221368 67.85
      vertex 84.76823725421879 -17.538292387221368 69.35
      vertex 84.92160365254927 -17.570891421526206 69.35
    endloop
  endfacet
  facet normal 0 1 0
    outer loop
      vertex 84.92160365254927 -17.570891421526206 67.85
      vertex 84.92160365254927 -17.570891421526206 69.35
      vertex 85.07839634745073 -17.570891421526206 69.35
    endloop
  endfacet
  facet normal -0.2079116908177374 0.9781476007338104 0
    outer loop
      vertex 85.07839634745073 -17.570891421526206 67.85
      vertex 85.07839634745073 -17.570891421526206 69.35
      vertex 85.23176274578121 -17.538292387221368 69.35
    endloop
  endfacet
  facet normal -0.40673664307580093 0.9135454576426005 0
    outer loop
      vertex 85.23176274578121 -17.538292387221368 67.85
      vertex 85.23176274578121 -17.538292387221368 69.35
      vertex 85.375 -17.474519052838332 69.35
    endloop
  endfacet
  facet normal -0.5877852522924711 0.8090169943749489 2.0684369516509876e-18
    outer loop
      vertex 85.375 -17.474519052838332 67.85
      vertex 85.50184795476915 -17.382358619108047 69.35
      vertex 85.50184795476915 -17.382358619108047 67.85
    endloop
  endfacet
  facet normal -0.7431448254774006 0.6691306063588511 0
    outer loop
      vertex 85.50184795476915 -17.382358619108047 67.85
      vertex 85.50184795476915 -17.382358619108047 69.35
      vertex 85.60676274578121 -17.265838939219357 67.85
    endloop
  endfacet
  facet normal -0.8660254037844555 0.49999999999997097 0
    outer loop
      vertex 85.60676274578121 -17.265838939219357 67.85
      vertex 85.60676274578121 -17.265838939219357 69.35
      vertex 85.68515909323195 -17.13005248230685 67.85
    endloop
  endfacet
  facet normal -0.9510565162951347 0.30901699437500557 0
    outer loop
      vertex 85.68515909323195 -17.13005248230685 67.85
      vertex 85.68515909323195 -17.13005248230685 69.35
      vertex 85.73361070055036 -16.980933768113324 67.85
    endloop
  endfacet
  facet normal -0.9945218953682758 0.1045284632676295 0
    outer loop
      vertex 85.73361070055036 -16.980933768113324 67.85
      vertex 85.73361070055036 -16.980933768113324 69.35
      vertex 85.75 -16.825000000000003 67.85
    endloop
  endfacet
  facet normal -0.9945218953682758 -0.1045284632676295 0
    outer loop
      vertex 85.75 -16.825000000000003 67.85
      vertex 85.75 -16.825000000000003 69.35
      vertex 85.73361070055036 -16.66906623188668 67.85
    endloop
  endfacet
  facet normal -0.9510565162951347 -0.30901699437500557 0
    outer loop
      vertex 85.73361070055036 -16.66906623188668 67.85
      vertex 85.73361070055036 -16.66906623188668 69.35
      vertex 85.68515909323195 -16.519947517693154 67.85
    endloop
  endfacet
  facet normal -0.8660254037844555 -0.49999999999997097 0
    outer loop
      vertex 85.68515909323195 -16.519947517693154 67.85
      vertex 85.68515909323195 -16.519947517693154 69.35
      vertex 85.60676274578121 -16.38416106078065 67.85
    endloop
  endfacet
  facet normal -0.7431448254774006 -0.6691306063588511 3.280967868457494e-18
    outer loop
      vertex 85.50184795476915 -16.26764138089196 67.85
      vertex 85.60676274578121 -16.38416106078065 67.85
      vertex 85.60676274578121 -16.38416106078065 69.35
    endloop
  endfacet
  facet normal -0.5877852522924711 0.8090169943749489 0
    outer loop
      vertex 85.375 -17.474519052838332 67.85
      vertex 85.375 -17.474519052838332 69.35
      vertex 85.50184795476915 -17.382358619108047 69.35
    endloop
  endfacet
  facet normal -0.7431448254774006 0.6691306063588511 0
    outer loop
      vertex 85.60676274578121 -17.265838939219357 67.85
      vertex 85.50184795476915 -17.382358619108047 69.35
      vertex 85.60676274578121 -17.265838939219357 69.35
    endloop
  endfacet
  facet normal -0.8660254037844555 0.49999999999997097 0
    outer loop
      vertex 85.68515909323195 -17.13005248230685 67.85
      vertex 85.60676274578121 -17.265838939219357 69.35
      vertex 85.68515909323195 -17.13005248230685 69.35
    endloop
  endfacet
  facet normal -0.9510565162951347 0.30901699437500557 0
    outer loop
      vertex 85.73361070055036 -16.980933768113324 67.85
      vertex 85.68515909323195 -17.13005248230685 69.35
      vertex 85.73361070055036 -16.980933768113324 69.35
    endloop
  endfacet
  facet normal -0.9945218953682758 0.1045284632676295 0
    outer loop
      vertex 85.75 -16.825000000000003 67.85
      vertex 85.73361070055036 -16.980933768113324 69.35
      vertex 85.75 -16.825000000000003 69.35
    endloop
  endfacet
  facet normal -0.9945218953682758 -0.1045284632676295 0
    outer loop
      vertex 85.73361070055036 -16.66906623188668 67.85
      vertex 85.75 -16.825000000000003 69.35
      vertex 85.73361070055036 -16.66906623188668 69.35
    endloop
  endfacet
  facet normal -0.9510565162951347 -0.30901699437500557 0
    outer loop
      vertex 85.68515909323195 -16.519947517693154 67.85
      vertex 85.73361070055036 -16.66906623188668 69.35
      vertex 85.68515909323195 -16.519947517693154 69.35
    endloop
  endfacet
  facet normal -0.8660254037844555 -0.49999999999997097 0
    outer loop
      vertex 85.60676274578121 -16.38416106078065 67.85
      vertex 85.68515909323195 -16.519947517693154 69.35
      vertex 85.60676274578121 -16.38416106078065 69.35
    endloop
  endfacet
  facet normal -0.7431448254774006 -0.6691306063588511 0
    outer loop
      vertex 85.50184795476915 -16.26764138089196 67.85
      vertex 85.60676274578121 -16.38416106078065 69.35
      vertex 85.50184795476915 -16.26764138089196 69.35
    endloop
  endfacet
  facet normal 0 0 -1
    outer loop
      vertex 85.23176274578121 -17.538292387221368 67.85
      vertex 85.375 -17.474519052838332 67.85
      vertex 88.89323725421879 -17.265838939219357 67.85
    endloop
  endfacet
  facet normal 0 0 -1
    outer loop
      vertex 85.375 -17.474519052838332 67.85
      vertex 85.50184795476915 -17.382358619108047 67.85
      vertex 88.89323725421879 -17.265838939219357 67.85
    endloop
  endfacet
  facet normal 0 0 -1
    outer loop
      vertex 85.50184795476915 -17.382358619108047 67.85
      vertex 85.60676274578121 -17.265838939219357 67.85
      vertex 88.89323725421879 -17.265838939219357 67.85
    endloop
  endfacet
  facet normal 0 0 -1
    outer loop
      vertex 85.60676274578121 -17.265838939219357 67.85
      vertex 85.68515909323195 -17.13005248230685 67.85
      vertex 88.81484090676804 -17.13005248230685 67.85
    endloop
  endfacet
  facet normal 0 0 -1
    outer loop
      vertex 85.68515909323195 -17.13005248230685 67.85
      vertex 85.73361070055036 -16.980933768113324 67.85
      vertex 88.81484090676804 -17.13005248230685 67.85
    endloop
  endfacet
  facet normal 0 0 -1
    outer loop
      vertex 85.73361070055036 -16.980933768113324 67.85
      vertex 85.75 -16.825000000000003 67.85
      vertex 88.75 -16.825000000000003 67.85
    endloop
  endfacet
  facet normal 0 0 -1
    outer loop
      vertex 85.75 -16.825000000000003 67.85
      vertex 85.73361070055036 -16.66906623188668 67.85
      vertex 88.76638929944964 -16.66906623188668 67.85
    endloop
  endfacet
  facet normal 0 0 -1
    outer loop
      vertex 85.73361070055036 -16.66906623188668 67.85
      vertex 85.68515909323195 -16.519947517693154 67.85
      vertex 88.81484090676804 -16.519947517693154 67.85
    endloop
  endfacet
  facet normal 0 0 -1
    outer loop
      vertex 85.68515909323195 -16.519947517693154 67.85
      vertex 85.60676274578121 -16.38416106078065 67.85
      vertex 88.81484090676804 -16.519947517693154 67.85
    endloop
  endfacet
  facet normal 0 0 -1
    outer loop
      vertex 85.50184795476915 -16.26764138089196 67.85
      vertex 88.99815204523085 -16.26764138089196 67.85
      vertex 85.60676274578121 -16.38416106078065 67.85
    endloop
  endfacet
  facet normal 0 0 1
    outer loop
      vertex 85.60676274578121 -17.265838939219357 69.35
      vertex 88.81484090676804 -17.13005248230685 69.35
      vertex 85.68515909323195 -17.13005248230685 69.35
    endloop
  endfacet
  facet normal 0 0 1
    outer loop
      vertex 85.68515909323195 -17.13005248230685 69.35
      vertex 88.81484090676804 -17.13005248230685 69.35
      vertex 85.73361070055036 -16.980933768113324 69.35
    endloop
  endfacet
  facet normal 0 0 1
    outer loop
      vertex 85.73361070055036 -16.980933768113324 69.35
      vertex 88.76638929944964 -16.980933768113324 69.35
      vertex 85.75 -16.825000000000003 69.35
    endloop
  endfacet
  facet normal 0 0 1
    outer loop
      vertex 85.75 -16.825000000000003 69.35
      vertex 88.75 -16.825000000000003 69.35
      vertex 85.73361070055036 -16.66906623188668 69.35
    endloop
  endfacet
  facet normal 0 0 1
    outer loop
      vertex 85.73361070055036 -16.66906623188668 69.35
      vertex 88.81484090676804 -16.519947517693154 69.35
      vertex 85.68515909323195 -16.519947517693154 69.35
    endloop
  endfacet
  facet normal 0 0 1
    outer loop
      vertex 85.68515909323195 -16.519947517693154 69.35
      vertex 88.81484090676804 -16.519947517693154 69.35
      vertex 85.60676274578121 -16.38416106078065 69.35
    endloop
  endfacet
  facet normal 0 0 1
    outer loop
      vertex 85.50184795476915 -16.26764138089196 69.35
      vertex 85.60676274578121 -16.38416106078065 69.35
      vertex 88.89323725421879 -16.38416106078065 69.35
    endloop
  endfacet
  facet normal 0.2079116908177374 -0.9781476007338104 0
    outer loop
      vertex 84.76823725421879 -16.111707612778638 67.85
      vertex 84.92160365254927 -16.0791085784738 67.85
      vertex 84.76823725421879 -16.111707612778638 69.35
    endloop
  endfacet
  facet normal 0 -1 0
    outer loop
      vertex 84.92160365254927 -16.0791085784738 67.85
      vertex 85.07839634745073 -16.0791085784738 67.85
      vertex 84.92160365254927 -16.0791085784738 69.35
    endloop
  endfacet
  facet normal -0.40673664307580093 -0.9135454576426005 0
    outer loop
      vertex 85.23176274578121 -16.111707612778638 67.85
      vertex 85.375 -16.175480947161674 67.85
      vertex 85.23176274578121 -16.111707612778638 69.35
    endloop
  endfacet
  facet normal -0.2079116908177374 -0.9781476007338104 0
    outer loop
      vertex 85.07839634745073 -16.0791085784738 67.85
      vertex 85.23176274578121 -16.111707612778638 67.85
      vertex 85.07839634745073 -16.0791085784738 69.35
    endloop
  endfacet
  facet normal -0.5877852522924711 -0.8090169943749489 -2.0684369516509876e-18
    outer loop
      vertex 85.50184795476915 -16.26764138089196 67.85
      vertex 85.375 -16.175480947161674 69.35
      vertex 85.375 -16.175480947161674 67.85
    endloop
  endfacet
  facet normal 0.2079116908177374 -0.9781476007338104 0
    outer loop
      vertex 84.92160365254927 -16.0791085784738 67.85
      vertex 84.92160365254927 -16.0791085784738 69.35
      vertex 84.76823725421879 -16.111707612778638 69.35
    endloop
  endfacet
  facet normal 0 -1 0
    outer loop
      vertex 85.07839634745073 -16.0791085784738 67.85
      vertex 85.07839634745073 -16.0791085784738 69.35
      vertex 84.92160365254927 -16.0791085784738 69.35
    endloop
  endfacet
  facet normal -0.2079116908177374 -0.9781476007338104 0
    outer loop
      vertex 85.23176274578121 -16.111707612778638 67.85
      vertex 85.23176274578121 -16.111707612778638 69.35
      vertex 85.07839634745073 -16.0791085784738 69.35
    endloop
  endfacet
  facet normal -0.40673664307580093 -0.9135454576426005 0
    outer loop
      vertex 85.375 -16.175480947161674 67.85
      vertex 85.375 -16.175480947161674 69.35
      vertex 85.23176274578121 -16.111707612778638 69.35
    endloop
  endfacet
  facet normal -0.5877852522924711 -0.8090169943749489 0
    outer loop
      vertex 85.50184795476915 -16.26764138089196 67.85
      vertex 85.50184795476915 -16.26764138089196 69.35
      vertex 85.375 -16.175480947161674 69.35
    endloop
  endfacet
  facet normal 0 1 0
    outer loop
      vertex 69.75 -13.825000000000003 69.35
      vertex 93.75 -13.825000000000003 67.85
      vertex 90.75 -13.825000000000003 67.85
    endloop
  endfacet
  facet normal 0 1 0
    outer loop
      vertex 69.75 -13.825000000000003 69.35
      vertex 93.75 -13.825000000000003 69.35
      vertex 93.75 -13.825000000000003 67.85
    endloop
  endfacet
  facet normal 0 0 -1
    outer loop
      vertex 85.50184795476915 -16.26764138089196 67.85
      vertex 85.375 -16.175480947161674 67.85
      vertex 89.125 -16.175480947161674 67.85
    endloop
  endfacet
  facet normal 0 0 -1
    outer loop
      vertex 85.23176274578121 -16.111707612778638 67.85
      vertex 89.26823725421879 -16.111707612778638 67.85
      vertex 85.375 -16.175480947161674 67.85
    endloop
  endfacet
  facet normal 0 0 -1
    outer loop
      vertex 85.07839634745073 -16.0791085784738 67.85
      vertex 90.75 -13.825000000000003 67.85
      vertex 85.23176274578121 -16.111707612778638 67.85
    endloop
  endfacet
  facet normal 0 0 1
    outer loop
      vertex 85.23176274578121 -16.111707612778638 69.35
      vertex 85.375 -16.175480947161674 69.35
      vertex 89.125 -16.175480947161674 69.35
    endloop
  endfacet
  facet normal 0 0 1
    outer loop
      vertex 85.50184795476915 -16.26764138089196 69.35
      vertex 88.99815204523085 -16.26764138089196 69.35
      vertex 85.375 -16.175480947161674 69.35
    endloop
  endfacet
  facet normal 0 0.5240974256643347 -0.851658316704544
    outer loop
      vertex 93.75 -33.325 55.849999999999994
      vertex 90.75 -13.825000000000003 67.85
      vertex 93.75 -13.825000000000003 67.85
    endloop
  endfacet
  facet normal 0 0 -1
    outer loop
      vertex 85.73361070055036 -22.980933768113324 67.85
      vertex 88.76638929944964 -22.980933768113324 67.85
      vertex 88.81484090676804 -23.13005248230685 67.85
    endloop
  endfacet
  facet normal 0 0 -1
    outer loop
      vertex 85.73361070055036 -22.980933768113324 67.85
      vertex 88.75 -22.825000000000003 67.85
      vertex 88.76638929944964 -22.980933768113324 67.85
    endloop
  endfacet
  facet normal 0 0 -1
    outer loop
      vertex 85.75 -22.825000000000003 67.85
      vertex 88.76638929944964 -22.66906623188668 67.85
      vertex 88.75 -22.825000000000003 67.85
    endloop
  endfacet
  facet normal 0 0 -1
    outer loop
      vertex 85.73361070055036 -22.66906623188668 67.85
      vertex 88.81484090676804 -22.519947517693154 67.85
      vertex 88.76638929944964 -22.66906623188668 67.85
    endloop
  endfacet
  facet normal 0 0 -1
    outer loop
      vertex 85.60676274578121 -22.38416106078065 67.85
      vertex 88.89323725421879 -22.38416106078065 67.85
      vertex 88.81484090676804 -22.519947517693154 67.85
    endloop
  endfacet
  facet normal 0.8660254037844162 0.500000000000039 0
    outer loop
      vertex 88.81484090676804 -23.13005248230685 67.85
      vertex 88.81484090676804 -23.13005248230685 69.35
      vertex 88.89323725421879 -23.265838939219357 67.85
    endloop
  endfacet
  facet normal 0.9510565162951613 0.3090169943749236 -3.327330487425098e-19
    outer loop
      vertex 88.81484090676804 -23.13005248230685 67.85
      vertex 88.76638929944964 -22.980933768113324 67.85
      vertex 88.76638929944964 -22.980933768113324 69.35
    endloop
  endfacet
  facet normal 0.7431448254774006 0.6691306063588511 3.280967868457494e-18
    outer loop
      vertex 88.99815204523085 -23.382358619108047 67.85
      vertex 88.89323725421879 -23.265838939219357 67.85
      vertex 88.89323725421879 -23.265838939219357 69.35
    endloop
  endfacet
  facet normal 0.5877852522924711 0.8090169943749489 -2.0684369516509876e-18
    outer loop
      vertex 88.99815204523085 -23.382358619108047 67.85
      vertex 89.125 -23.474519052838332 69.35
      vertex 89.125 -23.474519052838332 67.85
    endloop
  endfacet
  facet normal 0.40673664307580093 0.9135454576426005 -1.1214800378384944e-18
    outer loop
      vertex 89.125 -23.474519052838332 67.85
      vertex 89.26823725421879 -23.538292387221368 69.35
      vertex 89.26823725421879 -23.538292387221368 67.85
    endloop
  endfacet
  facet normal 0.9945218953682758 0.1045284632676295 -4.613128588098978e-19
    outer loop
      vertex 88.76638929944964 -22.980933768113324 67.85
      vertex 88.75 -22.825000000000003 67.85
      vertex 88.75 -22.825000000000003 69.35
    endloop
  endfacet
  facet normal 0.9945218953682758 -0.1045284632676295 4.613128588098978e-19
    outer loop
      vertex 88.75 -22.825000000000003 67.85
      vertex 88.76638929944964 -22.66906623188668 67.85
      vertex 88.76638929944964 -22.66906623188668 69.35
    endloop
  endfacet
  facet normal 0.9510565162951613 -0.3090169943749236 3.327330487425098e-19
    outer loop
      vertex 88.76638929944964 -22.66906623188668 67.85
      vertex 88.81484090676804 -22.519947517693154 67.85
      vertex 88.81484090676804 -22.519947517693154 69.35
    endloop
  endfacet
  facet normal 0.8660254037844162 -0.500000000000039 -2.954006350766066e-18
    outer loop
      vertex 88.81484090676804 -22.519947517693154 67.85
      vertex 88.89323725421879 -22.38416106078065 67.85
      vertex 88.89323725421879 -22.38416106078065 69.35
    endloop
  endfacet
  facet normal 0 0 1
    outer loop
      vertex 85.60676274578121 -23.265838939219357 69.35
      vertex 88.99815204523085 -23.382358619108047 69.35
      vertex 88.89323725421879 -23.265838939219357 69.35
    endloop
  endfacet
  facet normal 0 0 1
    outer loop
      vertex 85.50184795476915 -23.382358619108047 69.35
      vertex 89.125 -23.474519052838332 69.35
      vertex 88.99815204523085 -23.382358619108047 69.35
    endloop
  endfacet
  facet normal 0 0 1
    outer loop
      vertex 85.60676274578121 -23.265838939219357 69.35
      vertex 88.89323725421879 -23.265838939219357 69.35
      vertex 88.81484090676804 -23.13005248230685 69.35
    endloop
  endfacet
  facet normal 0 0 1
    outer loop
      vertex 85.73361070055036 -22.980933768113324 69.35
      vertex 88.81484090676804 -23.13005248230685 69.35
      vertex 88.76638929944964 -22.980933768113324 69.35
    endloop
  endfacet
  facet normal 0 0 1
    outer loop
      vertex 85.75 -22.825000000000003 69.35
      vertex 88.76638929944964 -22.980933768113324 69.35
      vertex 88.75 -22.825000000000003 69.35
    endloop
  endfacet
  facet normal 0 0 1
    outer loop
      vertex 85.73361070055036 -22.66906623188668 69.35
      vertex 88.75 -22.825000000000003 69.35
      vertex 88.76638929944964 -22.66906623188668 69.35
    endloop
  endfacet
  facet normal 0 0 1
    outer loop
      vertex 85.73361070055036 -22.66906623188668 69.35
      vertex 88.76638929944964 -22.66906623188668 69.35
      vertex 88.81484090676804 -22.519947517693154 69.35
    endloop
  endfacet
  facet normal 0 0 1
    outer loop
      vertex 85.60676274578121 -22.38416106078065 69.35
      vertex 88.81484090676804 -22.519947517693154 69.35
      vertex 88.89323725421879 -22.38416106078065 69.35
    endloop
  endfacet
  facet normal 0.8660254037844162 0.500000000000039 0
    outer loop
      vertex 88.89323725421879 -23.265838939219357 67.85
      vertex 88.81484090676804 -23.13005248230685 69.35
      vertex 88.89323725421879 -23.265838939219357 69.35
    endloop
  endfacet
  facet normal 0.9510565162951613 0.3090169943749236 0
    outer loop
      vertex 88.81484090676804 -23.13005248230685 67.85
      vertex 88.76638929944964 -22.980933768113324 69.35
      vertex 88.81484090676804 -23.13005248230685 69.35
    endloop
  endfacet
  facet normal 0.7431448254774006 0.6691306063588511 0
    outer loop
      vertex 88.99815204523085 -23.382358619108047 67.85
      vertex 88.89323725421879 -23.265838939219357 69.35
      vertex 88.99815204523085 -23.382358619108047 69.35
    endloop
  endfacet
  facet normal 0.5877852522924711 0.8090169943749489 0
    outer loop
      vertex 88.99815204523085 -23.382358619108047 67.85
      vertex 88.99815204523085 -23.382358619108047 69.35
      vertex 89.125 -23.474519052838332 69.35
    endloop
  endfacet
  facet normal 0.40673664307580093 0.9135454576426005 0
    outer loop
      vertex 89.125 -23.474519052838332 67.85
      vertex 89.125 -23.474519052838332 69.35
      vertex 89.26823725421879 -23.538292387221368 69.35
    endloop
  endfacet
  facet normal 0.9945218953682758 0.1045284632676295 0
    outer loop
      vertex 88.76638929944964 -22.980933768113324 67.85
      vertex 88.75 -22.825000000000003 69.35
      vertex 88.76638929944964 -22.980933768113324 69.35
    endloop
  endfacet
  facet normal 0.9945218953682758 -0.1045284632676295 0
    outer loop
      vertex 88.75 -22.825000000000003 67.85
      vertex 88.76638929944964 -22.66906623188668 69.35
      vertex 88.75 -22.825000000000003 69.35
    endloop
  endfacet
  facet normal 0.9510565162951613 -0.3090169943749236 0
    outer loop
      vertex 88.76638929944964 -22.66906623188668 67.85
      vertex 88.81484090676804 -22.519947517693154 69.35
      vertex 88.76638929944964 -22.66906623188668 69.35
    endloop
  endfacet
  facet normal 0.8660254037844162 -0.500000000000039 0
    outer loop
      vertex 88.81484090676804 -22.519947517693154 67.85
      vertex 88.89323725421879 -22.38416106078065 69.35
      vertex 88.81484090676804 -22.519947517693154 69.35
    endloop
  endfacet
  facet normal 0 0 -1
    outer loop
      vertex 85.60676274578121 -22.38416106078065 67.85
      vertex 88.99815204523085 -22.26764138089196 67.85
      vertex 88.89323725421879 -22.38416106078065 67.85
    endloop
  endfacet
  facet normal 0.7431448254774006 -0.6691306063588511 -3.280967868457494e-18
    outer loop
      vertex 88.89323725421879 -22.38416106078065 67.85
      vertex 88.99815204523085 -22.26764138089196 67.85
      vertex 88.99815204523085 -22.26764138089196 69.35
    endloop
  endfacet
  facet normal 0.5877852522924711 -0.8090169943749489 0
    outer loop
      vertex 88.99815204523085 -22.26764138089196 67.85
      vertex 89.125 -22.175480947161674 67.85
      vertex 88.99815204523085 -22.26764138089196 69.35
    endloop
  endfacet
  facet normal 0.40673664307580093 -0.9135454576426005 0
    outer loop
      vertex 89.125 -22.175480947161674 67.85
      vertex 89.26823725421879 -22.111707612778638 67.85
      vertex 89.125 -22.175480947161674 69.35
    endloop
  endfacet
  facet normal 0.7431448254774006 -0.6691306063588511 0
    outer loop
      vertex 88.89323725421879 -22.38416106078065 67.85
      vertex 88.99815204523085 -22.26764138089196 69.35
      vertex 88.89323725421879 -22.38416106078065 69.35
    endloop
  endfacet
  facet normal 0.5877852522924711 -0.8090169943749489 0
    outer loop
      vertex 89.125 -22.175480947161674 67.85
      vertex 89.125 -22.175480947161674 69.35
      vertex 88.99815204523085 -22.26764138089196 69.35
    endloop
  endfacet
  facet normal 0.40673664307580093 -0.9135454576426005 0
    outer loop
      vertex 89.26823725421879 -22.111707612778638 67.85
      vertex 89.26823725421879 -22.111707612778638 69.35
      vertex 89.125 -22.175480947161674 69.35
    endloop
  endfacet
  facet normal 0.2079116908177374 0.9781476007338104 -1.2045964297311871e-18
    outer loop
      vertex 89.26823725421879 -23.538292387221368 67.85
      vertex 89.42160365254927 -23.570891421526206 69.35
      vertex 89.42160365254927 -23.570891421526206 67.85
    endloop
  endfacet
  facet normal 0 1 0
    outer loop
      vertex 89.42160365254927 -23.570891421526206 67.85
      vertex 89.57839634745073 -23.570891421526206 69.35
      vertex 89.57839634745073 -23.570891421526206 67.85
    endloop
  endfacet
  facet normal -0.2079116908177374 0.9781476007338104 1.2045964297311871e-18
    outer loop
      vertex 89.57839634745073 -23.570891421526206 67.85
      vertex 89.73176274578121 -23.538292387221368 69.35
      vertex 89.73176274578121 -23.538292387221368 67.85
    endloop
  endfacet
  facet normal -0.40673664307580093 0.9135454576426005 1.1214800378384944e-18
    outer loop
      vertex 89.73176274578121 -23.538292387221368 67.85
      vertex 89.875 -23.474519052838332 69.35
      vertex 89.875 -23.474519052838332 67.85
    endloop
  endfacet
  facet normal -0.5877852522924711 0.8090169943749489 2.0684369516509876e-18
    outer loop
      vertex 89.875 -23.474519052838332 67.85
      vertex 90.00184795476915 -23.382358619108047 69.35
      vertex 90.00184795476915 -23.382358619108047 67.85
    endloop
  endfacet
  facet normal -0.7431448254774006 0.6691306063588511 0
    outer loop
      vertex 90.00184795476915 -23.382358619108047 67.85
      vertex 90.00184795476915 -23.382358619108047 69.35
      vertex 90.10676274578121 -23.265838939219357 67.85
    endloop
  endfacet
  facet normal -0.8660254037844162 0.500000000000039 0
    outer loop
      vertex 90.10676274578121 -23.265838939219357 67.85
      vertex 90.10676274578121 -23.265838939219357 69.35
      vertex 90.18515909323196 -23.13005248230685 67.85
    endloop
  endfacet
  facet normal -0.9510565162951613 0.3090169943749236 0
    outer loop
      vertex 90.18515909323196 -23.13005248230685 67.85
      vertex 90.18515909323196 -23.13005248230685 69.35
      vertex 90.23361070055036 -22.980933768113324 67.85
    endloop
  endfacet
  facet normal 0 0 -1
    outer loop
      vertex 90.23361070055036 -16.980933768113324 67.85
      vertex 90.25 -16.825000000000003 67.85
      vertex 90.75 -33.325 67.85
    endloop
  endfacet
  facet normal -0.9945218953682758 0.1045284632676295 0
    outer loop
      vertex 90.23361070055036 -22.980933768113324 67.85
      vertex 90.23361070055036 -22.980933768113324 69.35
      vertex 90.25 -22.825000000000003 67.85
    endloop
  endfacet
  facet normal -0.9945218953682758 -0.1045284632676295 0
    outer loop
      vertex 90.25 -22.825000000000003 67.85
      vertex 90.25 -22.825000000000003 69.35
      vertex 90.23361070055036 -22.66906623188668 67.85
    endloop
  endfacet
  facet normal -0.8660254037844162 -0.500000000000039 0
    outer loop
      vertex 90.18515909323196 -22.519947517693154 67.85
      vertex 90.18515909323196 -22.519947517693154 69.35
      vertex 90.10676274578121 -22.38416106078065 67.85
    endloop
  endfacet
  facet normal -0.9510565162951613 -0.3090169943749236 0
    outer loop
      vertex 90.23361070055036 -22.66906623188668 67.85
      vertex 90.23361070055036 -22.66906623188668 69.35
      vertex 90.18515909323196 -22.519947517693154 67.85
    endloop
  endfacet
  facet normal 0.2079116908177374 0.9781476007338104 0
    outer loop
      vertex 89.26823725421879 -23.538292387221368 67.85
      vertex 89.26823725421879 -23.538292387221368 69.35
      vertex 89.42160365254927 -23.570891421526206 69.35
    endloop
  endfacet
  facet normal 0 1 0
    outer loop
      vertex 89.42160365254927 -23.570891421526206 67.85
      vertex 89.42160365254927 -23.570891421526206 69.35
      vertex 89.57839634745073 -23.570891421526206 69.35
    endloop
  endfacet
  facet normal -0.2079116908177374 0.9781476007338104 0
    outer loop
      vertex 89.57839634745073 -23.570891421526206 67.85
      vertex 89.57839634745073 -23.570891421526206 69.35
      vertex 89.73176274578121 -23.538292387221368 69.35
    endloop
  endfacet
  facet normal -0.40673664307580093 0.9135454576426005 0
    outer loop
      vertex 89.73176274578121 -23.538292387221368 67.85
      vertex 89.73176274578121 -23.538292387221368 69.35
      vertex 89.875 -23.474519052838332 69.35
    endloop
  endfacet
  facet normal -0.5877852522924711 0.8090169943749489 0
    outer loop
      vertex 89.875 -23.474519052838332 67.85
      vertex 89.875 -23.474519052838332 69.35
      vertex 90.00184795476915 -23.382358619108047 69.35
    endloop
  endfacet
  facet normal -0.7431448254774006 0.6691306063588511 0
    outer loop
      vertex 90.10676274578121 -23.265838939219357 67.85
      vertex 90.00184795476915 -23.382358619108047 69.35
      vertex 90.10676274578121 -23.265838939219357 69.35
    endloop
  endfacet
  facet normal -0.8660254037844162 0.500000000000039 0
    outer loop
      vertex 90.18515909323196 -23.13005248230685 67.85
      vertex 90.10676274578121 -23.265838939219357 69.35
      vertex 90.18515909323196 -23.13005248230685 69.35
    endloop
  endfacet
  facet normal -0.9510565162951613 0.3090169943749236 0
    outer loop
      vertex 90.23361070055036 -22.980933768113324 67.85
      vertex 90.18515909323196 -23.13005248230685 69.35
      vertex 90.23361070055036 -22.980933768113324 69.35
    endloop
  endfacet
  facet normal -0.9945218953682758 0.1045284632676295 0
    outer loop
      vertex 90.25 -22.825000000000003 67.85
      vertex 90.23361070055036 -22.980933768113324 69.35
      vertex 90.25 -22.825000000000003 69.35
    endloop
  endfacet
  facet normal -0.9945218953682758 -0.1045284632676295 0
    outer loop
      vertex 90.23361070055036 -22.66906623188668 67.85
      vertex 90.25 -22.825000000000003 69.35
      vertex 90.23361070055036 -22.66906623188668 69.35
    endloop
  endfacet
  facet normal -0.8660254037844162 -0.500000000000039 0
    outer loop
      vertex 90.10676274578121 -22.38416106078065 67.85
      vertex 90.18515909323196 -22.519947517693154 69.35
      vertex 90.10676274578121 -22.38416106078065 69.35
    endloop
  endfacet
  facet normal -0.9510565162951613 -0.3090169943749236 0
    outer loop
      vertex 90.18515909323196 -22.519947517693154 67.85
      vertex 90.23361070055036 -22.66906623188668 69.35
      vertex 90.18515909323196 -22.519947517693154 69.35
    endloop
  endfacet
  facet normal 0.2079116908177374 -0.9781476007338104 0
    outer loop
      vertex 89.26823725421879 -22.111707612778638 67.85
      vertex 89.42160365254927 -22.0791085784738 67.85
      vertex 89.26823725421879 -22.111707612778638 69.35
    endloop
  endfacet
  facet normal 0 -1 0
    outer loop
      vertex 89.42160365254927 -22.0791085784738 67.85
      vertex 89.57839634745073 -22.0791085784738 67.85
      vertex 89.42160365254927 -22.0791085784738 69.35
    endloop
  endfacet
  facet normal -0.2079116908177374 -0.9781476007338104 0
    outer loop
      vertex 89.57839634745073 -22.0791085784738 67.85
      vertex 89.73176274578121 -22.111707612778638 67.85
      vertex 89.57839634745073 -22.0791085784738 69.35
    endloop
  endfacet
  facet normal -0.40673664307580093 -0.9135454576426005 0
    outer loop
      vertex 89.73176274578121 -22.111707612778638 67.85
      vertex 89.875 -22.175480947161674 67.85
      vertex 89.73176274578121 -22.111707612778638 69.35
    endloop
  endfacet
  facet normal -0.5877852522924711 -0.8090169943749489 0
    outer loop
      vertex 89.875 -22.175480947161674 67.85
      vertex 90.00184795476915 -22.26764138089196 67.85
      vertex 89.875 -22.175480947161674 69.35
    endloop
  endfacet
  facet normal -0.7431448254774006 -0.6691306063588511 0
    outer loop
      vertex 90.10676274578121 -22.38416106078065 67.85
      vertex 90.10676274578121 -22.38416106078065 69.35
      vertex 90.00184795476915 -22.26764138089196 67.85
    endloop
  endfacet
  facet normal 0 0 -1
    outer loop
      vertex 90.25 -16.825000000000003 67.85
      vertex 90.75 -13.825000000000003 67.85
      vertex 90.75 -33.325 67.85
    endloop
  endfacet
  facet normal 0.2079116908177374 -0.9781476007338104 0
    outer loop
      vertex 89.42160365254927 -22.0791085784738 67.85
      vertex 89.42160365254927 -22.0791085784738 69.35
      vertex 89.26823725421879 -22.111707612778638 69.35
    endloop
  endfacet
  facet normal 0 -1 0
    outer loop
      vertex 89.57839634745073 -22.0791085784738 67.85
      vertex 89.57839634745073 -22.0791085784738 69.35
      vertex 89.42160365254927 -22.0791085784738 69.35
    endloop
  endfacet
  facet normal -0.2079116908177374 -0.9781476007338104 0
    outer loop
      vertex 89.73176274578121 -22.111707612778638 67.85
      vertex 89.73176274578121 -22.111707612778638 69.35
      vertex 89.57839634745073 -22.0791085784738 69.35
    endloop
  endfacet
  facet normal -0.5877852522924711 -0.8090169943749489 0
    outer loop
      vertex 90.00184795476915 -22.26764138089196 67.85
      vertex 90.00184795476915 -22.26764138089196 69.35
      vertex 89.875 -22.175480947161674 69.35
    endloop
  endfacet
  facet normal -0.40673664307580093 -0.9135454576426005 0
    outer loop
      vertex 89.875 -22.175480947161674 67.85
      vertex 89.875 -22.175480947161674 69.35
      vertex 89.73176274578121 -22.111707612778638 69.35
    endloop
  endfacet
  facet normal -0.7431448254774006 -0.6691306063588511 0
    outer loop
      vertex 90.00184795476915 -22.26764138089196 67.85
      vertex 90.10676274578121 -22.38416106078065 69.35
      vertex 90.00184795476915 -22.26764138089196 69.35
    endloop
  endfacet
  facet normal 0 0 -1
    outer loop
      vertex 85.50184795476915 -22.26764138089196 67.85
      vertex 89.26823725421879 -17.538292387221368 67.85
      vertex 88.99815204523085 -22.26764138089196 67.85
    endloop
  endfacet
  facet normal 0 0 -1
    outer loop
      vertex 88.99815204523085 -22.26764138089196 67.85
      vertex 89.26823725421879 -17.538292387221368 67.85
      vertex 89.125 -22.175480947161674 67.85
    endloop
  endfacet
  facet normal 0 0 -1
    outer loop
      vertex 89.125 -22.175480947161674 67.85
      vertex 89.26823725421879 -17.538292387221368 67.85
      vertex 89.26823725421879 -22.111707612778638 67.85
    endloop
  endfacet
  facet normal 0 0 1
    outer loop
      vertex 85.375 -17.474519052838332 69.35
      vertex 88.89323725421879 -22.38416106078065 69.35
      vertex 88.99815204523085 -22.26764138089196 69.35
    endloop
  endfacet
  facet normal 0 0 1
    outer loop
      vertex 88.99815204523085 -22.26764138089196 69.35
      vertex 89.125 -22.175480947161674 69.35
      vertex 89.125 -17.474519052838332 69.35
    endloop
  endfacet
  facet normal 0 0 1
    outer loop
      vertex 89.125 -22.175480947161674 69.35
      vertex 89.26823725421879 -22.111707612778638 69.35
      vertex 89.26823725421879 -17.538292387221368 69.35
    endloop
  endfacet
  facet normal 0 0 1
    outer loop
      vertex 85.60676274578121 -17.265838939219357 69.35
      vertex 88.99815204523085 -22.26764138089196 69.35
      vertex 88.99815204523085 -17.382358619108047 69.35
    endloop
  endfacet
  facet normal 0 0 1
    outer loop
      vertex 88.99815204523085 -22.26764138089196 69.35
      vertex 89.125 -17.474519052838332 69.35
      vertex 88.99815204523085 -17.382358619108047 69.35
    endloop
  endfacet
  facet normal 0 0 1
    outer loop
      vertex 89.125 -22.175480947161674 69.35
      vertex 89.26823725421879 -17.538292387221368 69.35
      vertex 89.125 -17.474519052838332 69.35
    endloop
  endfacet
  facet normal 0 0 -1
    outer loop
      vertex 89.26823725421879 -22.111707612778638 67.85
      vertex 89.26823725421879 -17.538292387221368 67.85
      vertex 89.42160365254927 -22.0791085784738 67.85
    endloop
  endfacet
  facet normal 0 0 -1
    outer loop
      vertex 89.42160365254927 -22.0791085784738 67.85
      vertex 89.42160365254927 -17.570891421526206 67.85
      vertex 89.57839634745073 -22.0791085784738 67.85
    endloop
  endfacet
  facet normal 0 0 -1
    outer loop
      vertex 89.57839634745073 -22.0791085784738 67.85
      vertex 89.57839634745073 -17.570891421526206 67.85
      vertex 89.73176274578121 -22.111707612778638 67.85
    endloop
  endfacet
  facet normal 0 0 -1
    outer loop
      vertex 89.73176274578121 -22.111707612778638 67.85
      vertex 89.73176274578121 -17.538292387221368 67.85
      vertex 89.875 -22.175480947161674 67.85
    endloop
  endfacet
  facet normal 0 0 -1
    outer loop
      vertex 89.875 -22.175480947161674 67.85
      vertex 89.875 -17.474519052838332 67.85
      vertex 90.00184795476915 -22.26764138089196 67.85
    endloop
  endfacet
  facet normal 0 0 -1
    outer loop
      vertex 90.18515909323196 -22.519947517693154 67.85
      vertex 90.10676274578121 -22.38416106078065 67.85
      vertex 90.10676274578121 -17.265838939219357 67.85
    endloop
  endfacet
  facet normal 0 0 -1
    outer loop
      vertex 90.10676274578121 -22.38416106078065 67.85
      vertex 90.00184795476915 -22.26764138089196 67.85
      vertex 90.00184795476915 -17.382358619108047 67.85
    endloop
  endfacet
  facet normal 0 0 -1
    outer loop
      vertex 90.25 -22.825000000000003 67.85
      vertex 90.23361070055036 -22.66906623188668 67.85
      vertex 90.23361070055036 -16.980933768113324 67.85
    endloop
  endfacet
  facet normal 0 0 -1
    outer loop
      vertex 90.23361070055036 -22.66906623188668 67.85
      vertex 90.18515909323196 -22.519947517693154 67.85
      vertex 90.23361070055036 -16.980933768113324 67.85
    endloop
  endfacet
  facet normal 0 0 1
    outer loop
      vertex 89.26823725421879 -22.111707612778638 69.35
      vertex 89.42160365254927 -22.0791085784738 69.35
      vertex 89.42160365254927 -17.570891421526206 69.35
    endloop
  endfacet
  facet normal 0 0 1
    outer loop
      vertex 89.42160365254927 -22.0791085784738 69.35
      vertex 89.57839634745073 -22.0791085784738 69.35
      vertex 89.57839634745073 -17.570891421526206 69.35
    endloop
  endfacet
  facet normal 0 0 1
    outer loop
      vertex 89.57839634745073 -22.0791085784738 69.35
      vertex 89.73176274578121 -22.111707612778638 69.35
      vertex 89.73176274578121 -17.538292387221368 69.35
    endloop
  endfacet
  facet normal 0 0 1
    outer loop
      vertex 89.73176274578121 -22.111707612778638 69.35
      vertex 89.875 -22.175480947161674 69.35
      vertex 89.875 -17.474519052838332 69.35
    endloop
  endfacet
  facet normal 0 0 1
    outer loop
      vertex 89.875 -22.175480947161674 69.35
      vertex 90.00184795476915 -22.26764138089196 69.35
      vertex 90.00184795476915 -17.382358619108047 69.35
    endloop
  endfacet
  facet normal 0 0 1
    outer loop
      vertex 90.18515909323196 -22.519947517693154 69.35
      vertex 90.10676274578121 -17.265838939219357 69.35
      vertex 90.10676274578121 -22.38416106078065 69.35
    endloop
  endfacet
  facet normal 0 0 1
    outer loop
      vertex 90.10676274578121 -22.38416106078065 69.35
      vertex 90.10676274578121 -17.265838939219357 69.35
      vertex 90.00184795476915 -22.26764138089196 69.35
    endloop
  endfacet
  facet normal 0 0 1
    outer loop
      vertex 90.25 -22.825000000000003 69.35
      vertex 90.23361070055036 -16.980933768113324 69.35
      vertex 90.23361070055036 -22.66906623188668 69.35
    endloop
  endfacet
  facet normal 0 0 1
    outer loop
      vertex 90.23361070055036 -22.66906623188668 69.35
      vertex 90.23361070055036 -16.980933768113324 69.35
      vertex 90.18515909323196 -22.519947517693154 69.35
    endloop
  endfacet
  facet normal 0 0 -1
    outer loop
      vertex 89.42160365254927 -22.0791085784738 67.85
      vertex 89.26823725421879 -17.538292387221368 67.85
      vertex 89.42160365254927 -17.570891421526206 67.85
    endloop
  endfacet
  facet normal 0 0 -1
    outer loop
      vertex 89.57839634745073 -22.0791085784738 67.85
      vertex 89.42160365254927 -17.570891421526206 67.85
      vertex 89.57839634745073 -17.570891421526206 67.85
    endloop
  endfacet
  facet normal 0 0 -1
    outer loop
      vertex 89.73176274578121 -22.111707612778638 67.85
      vertex 89.57839634745073 -17.570891421526206 67.85
      vertex 89.73176274578121 -17.538292387221368 67.85
    endloop
  endfacet
  facet normal 0 0 -1
    outer loop
      vertex 89.875 -22.175480947161674 67.85
      vertex 89.73176274578121 -17.538292387221368 67.85
      vertex 89.875 -17.474519052838332 67.85
    endloop
  endfacet
  facet normal 0 0 -1
    outer loop
      vertex 90.00184795476915 -22.26764138089196 67.85
      vertex 89.875 -17.474519052838332 67.85
      vertex 90.00184795476915 -17.382358619108047 67.85
    endloop
  endfacet
  facet normal 0 0 -1
    outer loop
      vertex 90.10676274578121 -22.38416106078065 67.85
      vertex 90.00184795476915 -17.382358619108047 67.85
      vertex 90.10676274578121 -17.265838939219357 67.85
    endloop
  endfacet
  facet normal 0 0 -1
    outer loop
      vertex 90.18515909323196 -22.519947517693154 67.85
      vertex 90.10676274578121 -17.265838939219357 67.85
      vertex 90.18515909323196 -17.13005248230685 67.85
    endloop
  endfacet
  facet normal 0 0 -1
    outer loop
      vertex 90.18515909323196 -22.519947517693154 67.85
      vertex 90.18515909323196 -17.13005248230685 67.85
      vertex 90.23361070055036 -16.980933768113324 67.85
    endloop
  endfacet
  facet normal 0 0 1
    outer loop
      vertex 89.26823725421879 -22.111707612778638 69.35
      vertex 89.42160365254927 -17.570891421526206 69.35
      vertex 89.26823725421879 -17.538292387221368 69.35
    endloop
  endfacet
  facet normal 0 0 1
    outer loop
      vertex 89.42160365254927 -22.0791085784738 69.35
      vertex 89.57839634745073 -17.570891421526206 69.35
      vertex 89.42160365254927 -17.570891421526206 69.35
    endloop
  endfacet
  facet normal 0 0 1
    outer loop
      vertex 89.57839634745073 -22.0791085784738 69.35
      vertex 89.73176274578121 -17.538292387221368 69.35
      vertex 89.57839634745073 -17.570891421526206 69.35
    endloop
  endfacet
  facet normal 0 0 1
    outer loop
      vertex 89.73176274578121 -22.111707612778638 69.35
      vertex 89.875 -17.474519052838332 69.35
      vertex 89.73176274578121 -17.538292387221368 69.35
    endloop
  endfacet
  facet normal 0 0 1
    outer loop
      vertex 89.875 -22.175480947161674 69.35
      vertex 90.00184795476915 -17.382358619108047 69.35
      vertex 89.875 -17.474519052838332 69.35
    endloop
  endfacet
  facet normal 0 0 1
    outer loop
      vertex 90.00184795476915 -22.26764138089196 69.35
      vertex 90.10676274578121 -17.265838939219357 69.35
      vertex 90.00184795476915 -17.382358619108047 69.35
    endloop
  endfacet
  facet normal 0 0 1
    outer loop
      vertex 90.18515909323196 -22.519947517693154 69.35
      vertex 90.18515909323196 -17.13005248230685 69.35
      vertex 90.10676274578121 -17.265838939219357 69.35
    endloop
  endfacet
  facet normal 0 0 1
    outer loop
      vertex 90.18515909323196 -22.519947517693154 69.35
      vertex 90.23361070055036 -16.980933768113324 69.35
      vertex 90.18515909323196 -17.13005248230685 69.35
    endloop
  endfacet
  facet normal 0 0 1
    outer loop
      vertex 90.25 -22.825000000000003 69.35
      vertex 90.25 -16.825000000000003 69.35
      vertex 90.23361070055036 -16.980933768113324 69.35
    endloop
  endfacet
  facet normal 0 0 1
    outer loop
      vertex 93.75 -33.325 69.35
      vertex 93.75 -13.825000000000003 69.35
      vertex 90.25 -22.825000000000003 69.35
    endloop
  endfacet
  facet normal 1 0 0
    outer loop
      vertex 93.75 -33.325 69.35
      vertex 93.75 -13.825000000000003 67.85
      vertex 93.75 -13.825000000000003 69.35
    endloop
  endfacet
  facet normal 0.40673664307580093 0.9135454576426005 -1.1214800378384944e-18
    outer loop
      vertex 89.125 -17.474519052838332 67.85
      vertex 89.26823725421879 -17.538292387221368 69.35
      vertex 89.26823725421879 -17.538292387221368 67.85
    endloop
  endfacet
  facet normal 0.40673664307580093 0.9135454576426005 0
    outer loop
      vertex 89.125 -17.474519052838332 67.85
      vertex 89.125 -17.474519052838332 69.35
      vertex 89.26823725421879 -17.538292387221368 69.35
    endloop
  endfacet
  facet normal 0 0 -1
    outer loop
      vertex 85.60676274578121 -17.265838939219357 67.85
      vertex 88.81484090676804 -17.13005248230685 67.85
      vertex 88.89323725421879 -17.265838939219357 67.85
    endloop
  endfacet
  facet normal 0 0 -1
    outer loop
      vertex 85.73361070055036 -16.980933768113324 67.85
      vertex 88.76638929944964 -16.980933768113324 67.85
      vertex 88.81484090676804 -17.13005248230685 67.85
    endloop
  endfacet
  facet normal 0 0 -1
    outer loop
      vertex 85.73361070055036 -16.980933768113324 67.85
      vertex 88.75 -16.825000000000003 67.85
      vertex 88.76638929944964 -16.980933768113324 67.85
    endloop
  endfacet
  facet normal 0 0 -1
    outer loop
      vertex 85.75 -16.825000000000003 67.85
      vertex 88.76638929944964 -16.66906623188668 67.85
      vertex 88.75 -16.825000000000003 67.85
    endloop
  endfacet
  facet normal 0 0 -1
    outer loop
      vertex 85.73361070055036 -16.66906623188668 67.85
      vertex 88.81484090676804 -16.519947517693154 67.85
      vertex 88.76638929944964 -16.66906623188668 67.85
    endloop
  endfacet
  facet normal 0 0 -1
    outer loop
      vertex 85.60676274578121 -16.38416106078065 67.85
      vertex 88.89323725421879 -16.38416106078065 67.85
      vertex 88.81484090676804 -16.519947517693154 67.85
    endloop
  endfacet
  facet normal 0 0 -1
    outer loop
      vertex 85.60676274578121 -16.38416106078065 67.85
      vertex 88.99815204523085 -16.26764138089196 67.85
      vertex 88.89323725421879 -16.38416106078065 67.85
    endloop
  endfacet
  facet normal 0.8660254037844162 0.500000000000039 0
    outer loop
      vertex 88.81484090676804 -17.13005248230685 67.85
      vertex 88.81484090676804 -17.13005248230685 69.35
      vertex 88.89323725421879 -17.265838939219357 67.85
    endloop
  endfacet
  facet normal 0.9510565162951613 0.3090169943749236 -3.327330487425098e-19
    outer loop
      vertex 88.81484090676804 -17.13005248230685 67.85
      vertex 88.76638929944964 -16.980933768113324 67.85
      vertex 88.76638929944964 -16.980933768113324 69.35
    endloop
  endfacet
  facet normal 0.9945218953682758 0.1045284632676295 -4.613128588098978e-19
    outer loop
      vertex 88.76638929944964 -16.980933768113324 67.85
      vertex 88.75 -16.825000000000003 67.85
      vertex 88.75 -16.825000000000003 69.35
    endloop
  endfacet
  facet normal 0.7431448254774006 0.6691306063588511 3.280967868457494e-18
    outer loop
      vertex 88.99815204523085 -17.382358619108047 67.85
      vertex 88.89323725421879 -17.265838939219357 67.85
      vertex 88.89323725421879 -17.265838939219357 69.35
    endloop
  endfacet
  facet normal 0.5877852522924711 0.8090169943749489 -2.0684369516509876e-18
    outer loop
      vertex 88.99815204523085 -17.382358619108047 67.85
      vertex 89.125 -17.474519052838332 69.35
      vertex 89.125 -17.474519052838332 67.85
    endloop
  endfacet
  facet normal 0.9945218953682758 -0.1045284632676295 4.613128588098978e-19
    outer loop
      vertex 88.75 -16.825000000000003 67.85
      vertex 88.76638929944964 -16.66906623188668 67.85
      vertex 88.76638929944964 -16.66906623188668 69.35
    endloop
  endfacet
  facet normal 0.9510565162951613 -0.3090169943749236 3.327330487425098e-19
    outer loop
      vertex 88.76638929944964 -16.66906623188668 67.85
      vertex 88.81484090676804 -16.519947517693154 67.85
      vertex 88.81484090676804 -16.519947517693154 69.35
    endloop
  endfacet
  facet normal 0.8660254037844162 -0.500000000000039 -2.954006350766066e-18
    outer loop
      vertex 88.81484090676804 -16.519947517693154 67.85
      vertex 88.89323725421879 -16.38416106078065 67.85
      vertex 88.89323725421879 -16.38416106078065 69.35
    endloop
  endfacet
  facet normal 0.7431448254774006 -0.6691306063588511 -3.280967868457494e-18
    outer loop
      vertex 88.89323725421879 -16.38416106078065 67.85
      vertex 88.99815204523085 -16.26764138089196 67.85
      vertex 88.99815204523085 -16.26764138089196 69.35
    endloop
  endfacet
  facet normal 0 0 1
    outer loop
      vertex 85.60676274578121 -17.265838939219357 69.35
      vertex 88.99815204523085 -17.382358619108047 69.35
      vertex 88.89323725421879 -17.265838939219357 69.35
    endloop
  endfacet
  facet normal 0 0 1
    outer loop
      vertex 85.60676274578121 -17.265838939219357 69.35
      vertex 88.89323725421879 -17.265838939219357 69.35
      vertex 88.81484090676804 -17.13005248230685 69.35
    endloop
  endfacet
  facet normal 0 0 1
    outer loop
      vertex 85.73361070055036 -16.980933768113324 69.35
      vertex 88.81484090676804 -17.13005248230685 69.35
      vertex 88.76638929944964 -16.980933768113324 69.35
    endloop
  endfacet
  facet normal 0 0 1
    outer loop
      vertex 85.75 -16.825000000000003 69.35
      vertex 88.76638929944964 -16.980933768113324 69.35
      vertex 88.75 -16.825000000000003 69.35
    endloop
  endfacet
  facet normal 0 0 1
    outer loop
      vertex 85.73361070055036 -16.66906623188668 69.35
      vertex 88.75 -16.825000000000003 69.35
      vertex 88.76638929944964 -16.66906623188668 69.35
    endloop
  endfacet
  facet normal 0 0 1
    outer loop
      vertex 85.73361070055036 -16.66906623188668 69.35
      vertex 88.76638929944964 -16.66906623188668 69.35
      vertex 88.81484090676804 -16.519947517693154 69.35
    endloop
  endfacet
  facet normal 0 0 1
    outer loop
      vertex 85.60676274578121 -16.38416106078065 69.35
      vertex 88.81484090676804 -16.519947517693154 69.35
      vertex 88.89323725421879 -16.38416106078065 69.35
    endloop
  endfacet
  facet normal 0 0 1
    outer loop
      vertex 85.50184795476915 -16.26764138089196 69.35
      vertex 88.89323725421879 -16.38416106078065 69.35
      vertex 88.99815204523085 -16.26764138089196 69.35
    endloop
  endfacet
  facet normal 0.8660254037844162 0.500000000000039 0
    outer loop
      vertex 88.89323725421879 -17.265838939219357 67.85
      vertex 88.81484090676804 -17.13005248230685 69.35
      vertex 88.89323725421879 -17.265838939219357 69.35
    endloop
  endfacet
  facet normal 0.9510565162951613 0.3090169943749236 0
    outer loop
      vertex 88.81484090676804 -17.13005248230685 67.85
      vertex 88.76638929944964 -16.980933768113324 69.35
      vertex 88.81484090676804 -17.13005248230685 69.35
    endloop
  endfacet
  facet normal 0.9945218953682758 0.1045284632676295 0
    outer loop
      vertex 88.76638929944964 -16.980933768113324 67.85
      vertex 88.75 -16.825000000000003 69.35
      vertex 88.76638929944964 -16.980933768113324 69.35
    endloop
  endfacet
  facet normal 0.7431448254774006 0.6691306063588511 0
    outer loop
      vertex 88.99815204523085 -17.382358619108047 67.85
      vertex 88.89323725421879 -17.265838939219357 69.35
      vertex 88.99815204523085 -17.382358619108047 69.35
    endloop
  endfacet
  facet normal 0.5877852522924711 0.8090169943749489 0
    outer loop
      vertex 88.99815204523085 -17.382358619108047 67.85
      vertex 88.99815204523085 -17.382358619108047 69.35
      vertex 89.125 -17.474519052838332 69.35
    endloop
  endfacet
  facet normal 0.9945218953682758 -0.1045284632676295 0
    outer loop
      vertex 88.75 -16.825000000000003 67.85
      vertex 88.76638929944964 -16.66906623188668 69.35
      vertex 88.75 -16.825000000000003 69.35
    endloop
  endfacet
  facet normal 0.9510565162951613 -0.3090169943749236 0
    outer loop
      vertex 88.76638929944964 -16.66906623188668 67.85
      vertex 88.81484090676804 -16.519947517693154 69.35
      vertex 88.76638929944964 -16.66906623188668 69.35
    endloop
  endfacet
  facet normal 0.8660254037844162 -0.500000000000039 0
    outer loop
      vertex 88.81484090676804 -16.519947517693154 67.85
      vertex 88.89323725421879 -16.38416106078065 69.35
      vertex 88.81484090676804 -16.519947517693154 69.35
    endloop
  endfacet
  facet normal 0.7431448254774006 -0.6691306063588511 0
    outer loop
      vertex 88.89323725421879 -16.38416106078065 67.85
      vertex 88.99815204523085 -16.26764138089196 69.35
      vertex 88.89323725421879 -16.38416106078065 69.35
    endloop
  endfacet
  facet normal 0.2079116908177374 0.9781476007338104 -1.2045964297311871e-18
    outer loop
      vertex 89.26823725421879 -17.538292387221368 67.85
      vertex 89.42160365254927 -17.570891421526206 69.35
      vertex 89.42160365254927 -17.570891421526206 67.85
    endloop
  endfacet
  facet normal 0 1 0
    outer loop
      vertex 89.42160365254927 -17.570891421526206 67.85
      vertex 89.57839634745073 -17.570891421526206 69.35
      vertex 89.57839634745073 -17.570891421526206 67.85
    endloop
  endfacet
  facet normal -0.2079116908177374 0.9781476007338104 1.2045964297311871e-18
    outer loop
      vertex 89.57839634745073 -17.570891421526206 67.85
      vertex 89.73176274578121 -17.538292387221368 69.35
      vertex 89.73176274578121 -17.538292387221368 67.85
    endloop
  endfacet
  facet normal -0.40673664307580093 0.9135454576426005 1.1214800378384944e-18
    outer loop
      vertex 89.73176274578121 -17.538292387221368 67.85
      vertex 89.875 -17.474519052838332 69.35
      vertex 89.875 -17.474519052838332 67.85
    endloop
  endfacet
  facet normal 0.2079116908177374 0.9781476007338104 0
    outer loop
      vertex 89.26823725421879 -17.538292387221368 67.85
      vertex 89.26823725421879 -17.538292387221368 69.35
      vertex 89.42160365254927 -17.570891421526206 69.35
    endloop
  endfacet
  facet normal 0 1 0
    outer loop
      vertex 89.42160365254927 -17.570891421526206 67.85
      vertex 89.42160365254927 -17.570891421526206 69.35
      vertex 89.57839634745073 -17.570891421526206 69.35
    endloop
  endfacet
  facet normal -0.2079116908177374 0.9781476007338104 0
    outer loop
      vertex 89.57839634745073 -17.570891421526206 67.85
      vertex 89.57839634745073 -17.570891421526206 69.35
      vertex 89.73176274578121 -17.538292387221368 69.35
    endloop
  endfacet
  facet normal -0.40673664307580093 0.9135454576426005 0
    outer loop
      vertex 89.73176274578121 -17.538292387221368 67.85
      vertex 89.73176274578121 -17.538292387221368 69.35
      vertex 89.875 -17.474519052838332 69.35
    endloop
  endfacet
  facet normal -0.5877852522924711 0.8090169943749489 2.0684369516509876e-18
    outer loop
      vertex 89.875 -17.474519052838332 67.85
      vertex 90.00184795476915 -17.382358619108047 69.35
      vertex 90.00184795476915 -17.382358619108047 67.85
    endloop
  endfacet
  facet normal -0.7431448254774006 0.6691306063588511 0
    outer loop
      vertex 90.00184795476915 -17.382358619108047 67.85
      vertex 90.00184795476915 -17.382358619108047 69.35
      vertex 90.10676274578121 -17.265838939219357 67.85
    endloop
  endfacet
  facet normal -0.8660254037844162 0.500000000000039 0
    outer loop
      vertex 90.10676274578121 -17.265838939219357 67.85
      vertex 90.10676274578121 -17.265838939219357 69.35
      vertex 90.18515909323196 -17.13005248230685 67.85
    endloop
  endfacet
  facet normal -0.9510565162951613 0.3090169943749236 0
    outer loop
      vertex 90.18515909323196 -17.13005248230685 67.85
      vertex 90.18515909323196 -17.13005248230685 69.35
      vertex 90.23361070055036 -16.980933768113324 67.85
    endloop
  endfacet
  facet normal -0.9945218953682758 0.1045284632676295 0
    outer loop
      vertex 90.23361070055036 -16.980933768113324 67.85
      vertex 90.23361070055036 -16.980933768113324 69.35
      vertex 90.25 -16.825000000000003 67.85
    endloop
  endfacet
  facet normal -0.9945218953682758 -0.1045284632676295 0
    outer loop
      vertex 90.25 -16.825000000000003 67.85
      vertex 90.25 -16.825000000000003 69.35
      vertex 90.23361070055036 -16.66906623188668 67.85
    endloop
  endfacet
  facet normal -0.9510565162951613 -0.3090169943749236 0
    outer loop
      vertex 90.23361070055036 -16.66906623188668 67.85
      vertex 90.23361070055036 -16.66906623188668 69.35
      vertex 90.18515909323196 -16.519947517693154 67.85
    endloop
  endfacet
  facet normal -0.8660254037844162 -0.500000000000039 0
    outer loop
      vertex 90.18515909323196 -16.519947517693154 67.85
      vertex 90.18515909323196 -16.519947517693154 69.35
      vertex 90.10676274578121 -16.38416106078065 67.85
    endloop
  endfacet
  facet normal -0.7431448254774006 -0.6691306063588511 3.280967868457494e-18
    outer loop
      vertex 90.00184795476915 -16.26764138089196 67.85
      vertex 90.10676274578121 -16.38416106078065 67.85
      vertex 90.10676274578121 -16.38416106078065 69.35
    endloop
  endfacet
  facet normal -0.5877852522924711 0.8090169943749489 0
    outer loop
      vertex 89.875 -17.474519052838332 67.85
      vertex 89.875 -17.474519052838332 69.35
      vertex 90.00184795476915 -17.382358619108047 69.35
    endloop
  endfacet
  facet normal -0.7431448254774006 0.6691306063588511 0
    outer loop
      vertex 90.10676274578121 -17.265838939219357 67.85
      vertex 90.00184795476915 -17.382358619108047 69.35
      vertex 90.10676274578121 -17.265838939219357 69.35
    endloop
  endfacet
  facet normal -0.8660254037844162 0.500000000000039 0
    outer loop
      vertex 90.18515909323196 -17.13005248230685 67.85
      vertex 90.10676274578121 -17.265838939219357 69.35
      vertex 90.18515909323196 -17.13005248230685 69.35
    endloop
  endfacet
  facet normal -0.9510565162951613 0.3090169943749236 0
    outer loop
      vertex 90.23361070055036 -16.980933768113324 67.85
      vertex 90.18515909323196 -17.13005248230685 69.35
      vertex 90.23361070055036 -16.980933768113324 69.35
    endloop
  endfacet
  facet normal -0.9945218953682758 0.1045284632676295 0
    outer loop
      vertex 90.25 -16.825000000000003 67.85
      vertex 90.23361070055036 -16.980933768113324 69.35
      vertex 90.25 -16.825000000000003 69.35
    endloop
  endfacet
  facet normal -0.9945218953682758 -0.1045284632676295 0
    outer loop
      vertex 90.23361070055036 -16.66906623188668 67.85
      vertex 90.25 -16.825000000000003 69.35
      vertex 90.23361070055036 -16.66906623188668 69.35
    endloop
  endfacet
  facet normal -0.9510565162951613 -0.3090169943749236 0
    outer loop
      vertex 90.18515909323196 -16.519947517693154 67.85
      vertex 90.23361070055036 -16.66906623188668 69.35
      vertex 90.18515909323196 -16.519947517693154 69.35
    endloop
  endfacet
  facet normal -0.8660254037844162 -0.500000000000039 0
    outer loop
      vertex 90.10676274578121 -16.38416106078065 67.85
      vertex 90.18515909323196 -16.519947517693154 69.35
      vertex 90.10676274578121 -16.38416106078065 69.35
    endloop
  endfacet
  facet normal -0.7431448254774006 -0.6691306063588511 0
    outer loop
      vertex 90.00184795476915 -16.26764138089196 67.85
      vertex 90.10676274578121 -16.38416106078065 69.35
      vertex 90.00184795476915 -16.26764138089196 69.35
    endloop
  endfacet
  facet normal 0 0 -1
    outer loop
      vertex 85.50184795476915 -16.26764138089196 67.85
      vertex 89.125 -16.175480947161674 67.85
      vertex 88.99815204523085 -16.26764138089196 67.85
    endloop
  endfacet
  facet normal 0 0 -1
    outer loop
      vertex 85.375 -16.175480947161674 67.85
      vertex 89.26823725421879 -16.111707612778638 67.85
      vertex 89.125 -16.175480947161674 67.85
    endloop
  endfacet
  facet normal 0 0 -1
    outer loop
      vertex 85.23176274578121 -16.111707612778638 67.85
      vertex 90.75 -13.825000000000003 67.85
      vertex 89.26823725421879 -16.111707612778638 67.85
    endloop
  endfacet
  facet normal 0.5877852522924711 -0.8090169943749489 0
    outer loop
      vertex 88.99815204523085 -16.26764138089196 67.85
      vertex 89.125 -16.175480947161674 67.85
      vertex 88.99815204523085 -16.26764138089196 69.35
    endloop
  endfacet
  facet normal 0.40673664307580093 -0.9135454576426005 0
    outer loop
      vertex 89.125 -16.175480947161674 67.85
      vertex 89.26823725421879 -16.111707612778638 67.85
      vertex 89.125 -16.175480947161674 69.35
    endloop
  endfacet
  facet normal 0 0 1
    outer loop
      vertex 85.375 -16.175480947161674 69.35
      vertex 88.99815204523085 -16.26764138089196 69.35
      vertex 89.125 -16.175480947161674 69.35
    endloop
  endfacet
  facet normal 0 0 1
    outer loop
      vertex 85.23176274578121 -16.111707612778638 69.35
      vertex 89.125 -16.175480947161674 69.35
      vertex 89.26823725421879 -16.111707612778638 69.35
    endloop
  endfacet
  facet normal 0 0 1
    outer loop
      vertex 85.07839634745073 -16.0791085784738 69.35
      vertex 85.23176274578121 -16.111707612778638 69.35
      vertex 93.75 -13.825000000000003 69.35
    endloop
  endfacet
  facet normal 0.5877852522924711 -0.8090169943749489 0
    outer loop
      vertex 89.125 -16.175480947161674 67.85
      vertex 89.125 -16.175480947161674 69.35
      vertex 88.99815204523085 -16.26764138089196 69.35
    endloop
  endfacet
  facet normal 0.40673664307580093 -0.9135454576426005 0
    outer loop
      vertex 89.26823725421879 -16.111707612778638 67.85
      vertex 89.26823725421879 -16.111707612778638 69.35
      vertex 89.125 -16.175480947161674 69.35
    endloop
  endfacet
  facet normal 0.2079116908177374 -0.9781476007338104 0
    outer loop
      vertex 89.26823725421879 -16.111707612778638 67.85
      vertex 89.42160365254927 -16.0791085784738 67.85
      vertex 89.26823725421879 -16.111707612778638 69.35
    endloop
  endfacet
  facet normal 0 -1 0
    outer loop
      vertex 89.42160365254927 -16.0791085784738 67.85
      vertex 89.57839634745073 -16.0791085784738 67.85
      vertex 89.42160365254927 -16.0791085784738 69.35
    endloop
  endfacet
  facet normal -0.40673664307580093 -0.9135454576426005 0
    outer loop
      vertex 89.73176274578121 -16.111707612778638 67.85
      vertex 89.875 -16.175480947161674 67.85
      vertex 89.73176274578121 -16.111707612778638 69.35
    endloop
  endfacet
  facet normal -0.2079116908177374 -0.9781476007338104 0
    outer loop
      vertex 89.57839634745073 -16.0791085784738 67.85
      vertex 89.73176274578121 -16.111707612778638 67.85
      vertex 89.57839634745073 -16.0791085784738 69.35
    endloop
  endfacet
  facet normal -0.5877852522924711 -0.8090169943749489 -2.0684369516509876e-18
    outer loop
      vertex 90.00184795476915 -16.26764138089196 67.85
      vertex 89.875 -16.175480947161674 69.35
      vertex 89.875 -16.175480947161674 67.85
    endloop
  endfacet
  facet normal 0 0 -1
    outer loop
      vertex 89.26823725421879 -16.111707612778638 67.85
      vertex 90.75 -13.825000000000003 67.85
      vertex 89.42160365254927 -16.0791085784738 67.85
    endloop
  endfacet
  facet normal 0 0 -1
    outer loop
      vertex 89.42160365254927 -16.0791085784738 67.85
      vertex 90.75 -13.825000000000003 67.85
      vertex 89.57839634745073 -16.0791085784738 67.85
    endloop
  endfacet
  facet normal 0 0 -1
    outer loop
      vertex 90.25 -16.825000000000003 67.85
      vertex 90.23361070055036 -16.66906623188668 67.85
      vertex 90.75 -13.825000000000003 67.85
    endloop
  endfacet
  facet normal 0 0 -1
    outer loop
      vertex 90.23361070055036 -16.66906623188668 67.85
      vertex 90.18515909323196 -16.519947517693154 67.85
      vertex 90.75 -13.825000000000003 67.85
    endloop
  endfacet
  facet normal 0 0 -1
    outer loop
      vertex 89.73176274578121 -16.111707612778638 67.85
      vertex 90.75 -13.825000000000003 67.85
      vertex 89.875 -16.175480947161674 67.85
    endloop
  endfacet
  facet normal 0 0 -1
    outer loop
      vertex 90.18515909323196 -16.519947517693154 67.85
      vertex 90.10676274578121 -16.38416106078065 67.85
      vertex 90.75 -13.825000000000003 67.85
    endloop
  endfacet
  facet normal 0 0 -1
    outer loop
      vertex 90.00184795476915 -16.26764138089196 67.85
      vertex 89.875 -16.175480947161674 67.85
      vertex 90.75 -13.825000000000003 67.85
    endloop
  endfacet
  facet normal 0 0 -1
    outer loop
      vertex 90.00184795476915 -16.26764138089196 67.85
      vertex 90.75 -13.825000000000003 67.85
      vertex 90.10676274578121 -16.38416106078065 67.85
    endloop
  endfacet
  facet normal 0 0 -1
    outer loop
      vertex 89.57839634745073 -16.0791085784738 67.85
      vertex 90.75 -13.825000000000003 67.85
      vertex 89.73176274578121 -16.111707612778638 67.85
    endloop
  endfacet
  facet normal 0.2079116908177374 -0.9781476007338104 0
    outer loop
      vertex 89.42160365254927 -16.0791085784738 67.85
      vertex 89.42160365254927 -16.0791085784738 69.35
      vertex 89.26823725421879 -16.111707612778638 69.35
    endloop
  endfacet
  facet normal 0 -1 0
    outer loop
      vertex 89.57839634745073 -16.0791085784738 67.85
      vertex 89.57839634745073 -16.0791085784738 69.35
      vertex 89.42160365254927 -16.0791085784738 69.35
    endloop
  endfacet
  facet normal -0.2079116908177374 -0.9781476007338104 0
    outer loop
      vertex 89.73176274578121 -16.111707612778638 67.85
      vertex 89.73176274578121 -16.111707612778638 69.35
      vertex 89.57839634745073 -16.0791085784738 69.35
    endloop
  endfacet
  facet normal -0.40673664307580093 -0.9135454576426005 0
    outer loop
      vertex 89.875 -16.175480947161674 67.85
      vertex 89.875 -16.175480947161674 69.35
      vertex 89.73176274578121 -16.111707612778638 69.35
    endloop
  endfacet
  facet normal -0.5877852522924711 -0.8090169943749489 0
    outer loop
      vertex 90.00184795476915 -16.26764138089196 67.85
      vertex 90.00184795476915 -16.26764138089196 69.35
      vertex 89.875 -16.175480947161674 69.35
    endloop
  endfacet
  facet normal 0 0 1
    outer loop
      vertex 85.23176274578121 -16.111707612778638 69.35
      vertex 89.26823725421879 -16.111707612778638 69.35
      vertex 93.75 -13.825000000000003 69.35
    endloop
  endfacet
  facet normal 0 0 1
    outer loop
      vertex 90.25 -22.825000000000003 69.35
      vertex 93.75 -13.825000000000003 69.35
      vertex 90.25 -16.825000000000003 69.35
    endloop
  endfacet
  facet normal 0 0 1
    outer loop
      vertex 90.23361070055036 -16.66906623188668 69.35
      vertex 93.75 -13.825000000000003 69.35
      vertex 90.18515909323196 -16.519947517693154 69.35
    endloop
  endfacet
  facet normal 0 0 1
    outer loop
      vertex 90.25 -16.825000000000003 69.35
      vertex 93.75 -13.825000000000003 69.35
      vertex 90.23361070055036 -16.66906623188668 69.35
    endloop
  endfacet
  facet normal 0 0 1
    outer loop
      vertex 89.73176274578121 -16.111707612778638 69.35
      vertex 89.875 -16.175480947161674 69.35
      vertex 93.75 -13.825000000000003 69.35
    endloop
  endfacet
  facet normal 0 0 1
    outer loop
      vertex 89.26823725421879 -16.111707612778638 69.35
      vertex 89.42160365254927 -16.0791085784738 69.35
      vertex 93.75 -13.825000000000003 69.35
    endloop
  endfacet
  facet normal 0 0 1
    outer loop
      vertex 89.42160365254927 -16.0791085784738 69.35
      vertex 89.57839634745073 -16.0791085784738 69.35
      vertex 93.75 -13.825000000000003 69.35
    endloop
  endfacet
  facet normal 0 0 1
    outer loop
      vertex 89.57839634745073 -16.0791085784738 69.35
      vertex 89.73176274578121 -16.111707612778638 69.35
      vertex 93.75 -13.825000000000003 69.35
    endloop
  endfacet
  facet normal 0 0 1
    outer loop
      vertex 90.00184795476915 -16.26764138089196 69.35
      vertex 93.75 -13.825000000000003 69.35
      vertex 89.875 -16.175480947161674 69.35
    endloop
  endfacet
  facet normal 0 0 1
    outer loop
      vertex 90.00184795476915 -16.26764138089196 69.35
      vertex 90.10676274578121 -16.38416106078065 69.35
      vertex 93.75 -13.825000000000003 69.35
    endloop
  endfacet
  facet normal 0 0 1
    outer loop
      vertex 90.18515909323196 -16.519947517693154 69.35
      vertex 93.75 -13.825000000000003 69.35
      vertex 90.10676274578121 -16.38416106078065 69.35
    endloop
  endfacet
endsolid OpenSCAD_Model
